solid Mesh
  facet normal 1 7.45808e-15 1.33986e-14
    outer loop
      vertex -0.0285831 -0.0388471 0.155787
      vertex -0.0285831 -0.0404839 0.156439
      vertex -0.0285831 -0.0389205 0.155568
    endloop
  endfacet
  facet normal 1 0 0
    outer loop
      vertex -0.0285831 -0.0404839 0.156439
      vertex -0.0285831 -0.0406183 0.15604
      vertex -0.0285831 -0.0389205 0.155568
    endloop
  endfacet
  facet normal 1 0 0
    outer loop
      vertex -0.0285831 -0.0389205 0.155568
      vertex -0.0285831 -0.0406183 0.15604
      vertex -0.0285831 -0.03897 0.155344
    endloop
  endfacet
  facet normal 1 0 0
    outer loop
      vertex -0.0285831 -0.0406183 0.15604
      vertex -0.0285831 -0.0407088 0.155629
      vertex -0.0285831 -0.03897 0.155344
    endloop
  endfacet
  facet normal 1 0 0
    outer loop
      vertex -0.0285831 -0.03897 0.155344
      vertex -0.0285831 -0.0407088 0.155629
      vertex -0.0285831 -0.0389949 0.155115
    endloop
  endfacet
  facet normal 1 2.40731e-15 8.03018e-15
    outer loop
      vertex -0.0285831 -0.0407088 0.155629
      vertex -0.0285831 -0.0407543 0.15521
      vertex -0.0285831 -0.0389949 0.155115
    endloop
  endfacet
  facet normal 1 1.97193e-15 0
    outer loop
      vertex -0.0285831 -0.0389949 0.155115
      vertex -0.0285831 -0.0407543 0.15521
      vertex -0.0285831 -0.0389949 0.154885
    endloop
  endfacet
  facet normal 1 1.97193e-15 0
    outer loop
      vertex -0.0285831 -0.0407543 0.15521
      vertex -0.0285831 -0.0407543 0.15479
      vertex -0.0285831 -0.0389949 0.154885
    endloop
  endfacet
  facet normal 1 1.96037e-15 2.13174e-16
    outer loop
      vertex -0.0285831 -0.0389949 0.154885
      vertex -0.0285831 -0.0407543 0.15479
      vertex -0.0285831 -0.03897 0.154656
    endloop
  endfacet
  facet normal 1 1.33559e-15 -8.14677e-15
    outer loop
      vertex -0.0285831 -0.0407543 0.15479
      vertex -0.0285831 -0.0407088 0.154371
      vertex -0.0285831 -0.03897 0.154656
    endloop
  endfacet
  facet normal 1 0 0
    outer loop
      vertex -0.0285831 -0.03897 0.154656
      vertex -0.0285831 -0.0407088 0.154371
      vertex -0.0285831 -0.0389205 0.154432
    endloop
  endfacet
  facet normal 1 0 0
    outer loop
      vertex -0.0285831 -0.0407088 0.154371
      vertex -0.0285831 -0.0406183 0.15396
      vertex -0.0285831 -0.0389205 0.154432
    endloop
  endfacet
  facet normal 1 4.03991e-15 -1.45504e-14
    outer loop
      vertex -0.0285831 -0.0389205 0.154432
      vertex -0.0285831 -0.0406183 0.15396
      vertex -0.0285831 -0.0388471 0.154213
    endloop
  endfacet
  facet normal 1 1.86871e-15 6.29643e-16
    outer loop
      vertex -0.0285831 -0.0406183 0.15396
      vertex -0.0285831 -0.0404839 0.153561
      vertex -0.0285831 -0.0388471 0.154213
    endloop
  endfacet
  facet normal 1 1.78967e-15 8.28013e-16
    outer loop
      vertex -0.0285831 -0.0388471 0.154213
      vertex -0.0285831 -0.0404839 0.153561
      vertex -0.0285831 -0.0387505 0.154005
    endloop
  endfacet
  facet normal 1 1.78968e-15 8.27985e-16
    outer loop
      vertex -0.0285831 -0.0404839 0.153561
      vertex -0.0285831 -0.0403072 0.153179
      vertex -0.0285831 -0.0387505 0.154005
    endloop
  endfacet
  facet normal 1 1.68966e-15 1.01664e-15
    outer loop
      vertex -0.0285831 -0.0387505 0.154005
      vertex -0.0285831 -0.0403072 0.153179
      vertex -0.0285831 -0.0386318 0.153807
    endloop
  endfacet
  facet normal 1 1.68966e-15 1.01663e-15
    outer loop
      vertex -0.0285831 -0.0403072 0.153179
      vertex -0.0285831 -0.0400902 0.152819
      vertex -0.0285831 -0.0386318 0.153807
    endloop
  endfacet
  facet normal 1 1.56984e-15 1.19335e-15
    outer loop
      vertex -0.0285831 -0.0386318 0.153807
      vertex -0.0285831 -0.0400902 0.152819
      vertex -0.0285831 -0.0384926 0.153624
    endloop
  endfacet
  facet normal 1 1.56983e-15 1.19337e-15
    outer loop
      vertex -0.0285831 -0.0400902 0.152819
      vertex -0.0285831 -0.0398355 0.152484
      vertex -0.0285831 -0.0384926 0.153624
    endloop
  endfacet
  facet normal 1 1.43162e-15 1.35609e-15
    outer loop
      vertex -0.0285831 -0.0384926 0.153624
      vertex -0.0285831 -0.0398355 0.152484
      vertex -0.0285831 -0.0383344 0.153457
    endloop
  endfacet
  facet normal 1 1.43161e-15 1.3561e-15
    outer loop
      vertex -0.0285831 -0.0398355 0.152484
      vertex -0.0285831 -0.0395461 0.152178
      vertex -0.0285831 -0.0383344 0.153457
    endloop
  endfacet
  facet normal 1 1.27659e-15 1.50294e-15
    outer loop
      vertex -0.0285831 -0.0383344 0.153457
      vertex -0.0285831 -0.0395461 0.152178
      vertex -0.0285831 -0.038159 0.153308
    endloop
  endfacet
  facet normal 1 1.2766e-15 1.50293e-15
    outer loop
      vertex -0.0285831 -0.0395461 0.152178
      vertex -0.0285831 -0.0392253 0.151906
      vertex -0.0285831 -0.038159 0.153308
    endloop
  endfacet
  facet normal 1 1.10663e-15 1.63214e-15
    outer loop
      vertex -0.0285831 -0.038159 0.153308
      vertex -0.0285831 -0.0392253 0.151906
      vertex -0.0285831 -0.0379686 0.153179
    endloop
  endfacet
  facet normal 1 1.10662e-15 1.63215e-15
    outer loop
      vertex -0.0285831 -0.0392253 0.151906
      vertex -0.0285831 -0.038877 0.151669
      vertex -0.0285831 -0.0379686 0.153179
    endloop
  endfacet
  facet normal 1 9.23665e-16 1.74223e-15
    outer loop
      vertex -0.0285831 -0.0379686 0.153179
      vertex -0.0285831 -0.038877 0.151669
      vertex -0.0285831 -0.0377653 0.153071
    endloop
  endfacet
  facet normal 1 7.49251e-15 -3.46641e-15
    outer loop
      vertex -0.0285831 -0.038877 0.151669
      vertex -0.0285831 -0.0385051 0.151472
      vertex -0.0285831 -0.0377653 0.153071
    endloop
  endfacet
  facet normal 1 0 0
    outer loop
      vertex -0.0285831 -0.0377653 0.153071
      vertex -0.0285831 -0.0385051 0.151472
      vertex -0.0285831 -0.0375515 0.152986
    endloop
  endfacet
  facet normal 1 0 0
    outer loop
      vertex -0.0285831 -0.0385051 0.151472
      vertex -0.0285831 -0.0381141 0.151316
      vertex -0.0285831 -0.0375515 0.152986
    endloop
  endfacet
  facet normal 1 0 0
    outer loop
      vertex -0.0285831 -0.0375515 0.152986
      vertex -0.0285831 -0.0381141 0.151316
      vertex -0.0285831 -0.0373298 0.152925
    endloop
  endfacet
  facet normal 1 0 0
    outer loop
      vertex -0.0285831 -0.0381141 0.151316
      vertex -0.0285831 -0.0377086 0.151204
      vertex -0.0285831 -0.0373298 0.152925
    endloop
  endfacet
  facet normal 1 0 0
    outer loop
      vertex -0.0285831 -0.0373298 0.152925
      vertex -0.0285831 -0.0377086 0.151204
      vertex -0.0285831 -0.0371028 0.152887
    endloop
  endfacet
  facet normal 1 0 0
    outer loop
      vertex -0.0285831 -0.0377086 0.151204
      vertex -0.0285831 -0.0372933 0.151136
      vertex -0.0285831 -0.0371028 0.152887
    endloop
  endfacet
  facet normal 1 1.50122e-14 -1.63266e-15
    outer loop
      vertex -0.0285831 -0.0371028 0.152887
      vertex -0.0285831 -0.0372933 0.151136
      vertex -0.0285831 -0.036873 0.152875
    endloop
  endfacet
  facet normal 1 8.25553e-15 0
    outer loop
      vertex -0.0285831 -0.0372933 0.151136
      vertex -0.0285831 -0.036873 0.151113
      vertex -0.0285831 -0.036873 0.152875
    endloop
  endfacet
  facet normal 1 0 0
    outer loop
      vertex -0.0285831 -0.036873 0.152875
      vertex -0.0285831 -0.036873 0.151113
      vertex -0.0285831 -0.0366432 0.152887
    endloop
  endfacet
  facet normal 1 0 0
    outer loop
      vertex -0.0285831 -0.036873 0.151113
      vertex -0.0285831 -0.0364527 0.151136
      vertex -0.0285831 -0.0366432 0.152887
    endloop
  endfacet
  facet normal 1 0 0
    outer loop
      vertex -0.0285831 -0.0366432 0.152887
      vertex -0.0285831 -0.0364527 0.151136
      vertex -0.0285831 -0.0364162 0.152925
    endloop
  endfacet
  facet normal 1 0 0
    outer loop
      vertex -0.0285831 -0.0364527 0.151136
      vertex -0.0285831 -0.0360374 0.151204
      vertex -0.0285831 -0.0364162 0.152925
    endloop
  endfacet
  facet normal 1 0 0
    outer loop
      vertex -0.0285831 -0.0364162 0.152925
      vertex -0.0285831 -0.0360374 0.151204
      vertex -0.0285831 -0.0361945 0.152986
    endloop
  endfacet
  facet normal 1 0 0
    outer loop
      vertex -0.0285831 -0.0360374 0.151204
      vertex -0.0285831 -0.0356319 0.151316
      vertex -0.0285831 -0.0361945 0.152986
    endloop
  endfacet
  facet normal 1 0 0
    outer loop
      vertex -0.0285831 -0.0361945 0.152986
      vertex -0.0285831 -0.0356319 0.151316
      vertex -0.0285831 -0.0359807 0.153071
    endloop
  endfacet
  facet normal 1 0 0
    outer loop
      vertex -0.0285831 -0.0356319 0.151316
      vertex -0.0285831 -0.0352409 0.151472
      vertex -0.0285831 -0.0359807 0.153071
    endloop
  endfacet
  facet normal 1 0 0
    outer loop
      vertex -0.0285831 -0.0359807 0.153071
      vertex -0.0285831 -0.0352409 0.151472
      vertex -0.0285831 -0.0357774 0.153179
    endloop
  endfacet
  facet normal 1 7.99741e-15 2.51392e-15
    outer loop
      vertex -0.0285831 -0.0352409 0.151472
      vertex -0.0285831 -0.034869 0.151669
      vertex -0.0285831 -0.0357774 0.153179
    endloop
  endfacet
  facet normal 1 1.10662e-15 -1.63215e-15
    outer loop
      vertex -0.0285831 -0.0357774 0.153179
      vertex -0.0285831 -0.034869 0.151669
      vertex -0.0285831 -0.035587 0.153308
    endloop
  endfacet
  facet normal 1 1.10663e-15 -1.63214e-15
    outer loop
      vertex -0.0285831 -0.034869 0.151669
      vertex -0.0285831 -0.0345207 0.151906
      vertex -0.0285831 -0.035587 0.153308
    endloop
  endfacet
  facet normal 1 1.27661e-15 -1.50293e-15
    outer loop
      vertex -0.0285831 -0.035587 0.153308
      vertex -0.0285831 -0.0345207 0.151906
      vertex -0.0285831 -0.0354116 0.153457
    endloop
  endfacet
  facet normal 1 1.27659e-15 -1.50294e-15
    outer loop
      vertex -0.0285831 -0.0345207 0.151906
      vertex -0.0285831 -0.0341999 0.152178
      vertex -0.0285831 -0.0354116 0.153457
    endloop
  endfacet
  facet normal 1 1.4316e-15 -1.35611e-15
    outer loop
      vertex -0.0285831 -0.0354116 0.153457
      vertex -0.0285831 -0.0341999 0.152178
      vertex -0.0285831 -0.0352534 0.153624
    endloop
  endfacet
  facet normal 1 1.43161e-15 -1.3561e-15
    outer loop
      vertex -0.0285831 -0.0341999 0.152178
      vertex -0.0285831 -0.0339105 0.152484
      vertex -0.0285831 -0.0352534 0.153624
    endloop
  endfacet
  facet normal 1 1.56985e-15 -1.19335e-15
    outer loop
      vertex -0.0285831 -0.0352534 0.153624
      vertex -0.0285831 -0.0339105 0.152484
      vertex -0.0285831 -0.0351142 0.153807
    endloop
  endfacet
  facet normal 1 1.56984e-15 -1.19336e-15
    outer loop
      vertex -0.0285831 -0.0339105 0.152484
      vertex -0.0285831 -0.0336558 0.152819
      vertex -0.0285831 -0.0351142 0.153807
    endloop
  endfacet
  facet normal 1 1.01641e-14 1.14821e-14
    outer loop
      vertex -0.0285831 -0.0351142 0.153807
      vertex -0.0285831 -0.0336558 0.152819
      vertex -0.0285831 -0.0349955 0.154005
    endloop
  endfacet
  facet normal 1 0 0
    outer loop
      vertex -0.0285831 -0.0336558 0.152819
      vertex -0.0285831 -0.0334388 0.153179
      vertex -0.0285831 -0.0349955 0.154005
    endloop
  endfacet
  facet normal 1 0 0
    outer loop
      vertex -0.0285831 -0.0349955 0.154005
      vertex -0.0285831 -0.0334388 0.153179
      vertex -0.0285831 -0.0348989 0.154213
    endloop
  endfacet
  facet normal 1 0 0
    outer loop
      vertex -0.0285831 -0.0334388 0.153179
      vertex -0.0285831 -0.0332621 0.153561
      vertex -0.0285831 -0.0348989 0.154213
    endloop
  endfacet
  facet normal 1 0 0
    outer loop
      vertex -0.0285831 -0.0348989 0.154213
      vertex -0.0285831 -0.0332621 0.153561
      vertex -0.0285831 -0.0348255 0.154432
    endloop
  endfacet
  facet normal 1 4.0773e-15 7.32498e-15
    outer loop
      vertex -0.0285831 -0.0332621 0.153561
      vertex -0.0285831 -0.0331277 0.15396
      vertex -0.0285831 -0.0348255 0.154432
    endloop
  endfacet
  facet normal 1 1.92583e-15 -4.2389e-16
    outer loop
      vertex -0.0285831 -0.0348255 0.154432
      vertex -0.0285831 -0.0331277 0.15396
      vertex -0.0285831 -0.034776 0.154656
    endloop
  endfacet
  facet normal 1 1.92583e-15 -4.23906e-16
    outer loop
      vertex -0.0285831 -0.0331277 0.15396
      vertex -0.0285831 -0.0330372 0.154371
      vertex -0.0285831 -0.034776 0.154656
    endloop
  endfacet
  facet normal 1 1.96037e-15 -2.13205e-16
    outer loop
      vertex -0.0285831 -0.034776 0.154656
      vertex -0.0285831 -0.0330372 0.154371
      vertex -0.0285831 -0.0347511 0.154885
    endloop
  endfacet
  facet normal 1 1.96037e-15 -2.13202e-16
    outer loop
      vertex -0.0285831 -0.0330372 0.154371
      vertex -0.0285831 -0.0329917 0.15479
      vertex -0.0285831 -0.0347511 0.154885
    endloop
  endfacet
  facet normal 1 1.97193e-15 0
    outer loop
      vertex -0.0285831 -0.0347511 0.154885
      vertex -0.0285831 -0.0329917 0.15479
      vertex -0.0285831 -0.0347511 0.155115
    endloop
  endfacet
  facet normal 1 1.97193e-15 0
    outer loop
      vertex -0.0285831 -0.0329917 0.15479
      vertex -0.0285831 -0.0329917 0.15521
      vertex -0.0285831 -0.0347511 0.155115
    endloop
  endfacet
  facet normal 1 1.96037e-15 2.13207e-16
    outer loop
      vertex -0.0285831 -0.0347511 0.155115
      vertex -0.0285831 -0.0329917 0.15521
      vertex -0.0285831 -0.034776 0.155344
    endloop
  endfacet
  facet normal 1 1.96037e-15 2.13201e-16
    outer loop
      vertex -0.0285831 -0.0329917 0.15521
      vertex -0.0285831 -0.0330372 0.155629
      vertex -0.0285831 -0.034776 0.155344
    endloop
  endfacet
  facet normal 1 1.92583e-15 4.2389e-16
    outer loop
      vertex -0.0285831 -0.034776 0.155344
      vertex -0.0285831 -0.0330372 0.155629
      vertex -0.0285831 -0.0348255 0.155568
    endloop
  endfacet
  facet normal 1 1.92583e-15 4.23909e-16
    outer loop
      vertex -0.0285831 -0.0330372 0.155629
      vertex -0.0285831 -0.0331277 0.15604
      vertex -0.0285831 -0.0348255 0.155568
    endloop
  endfacet
  facet normal 1 1.8687e-15 6.29654e-16
    outer loop
      vertex -0.0285831 -0.0348255 0.155568
      vertex -0.0285831 -0.0331277 0.15604
      vertex -0.0285831 -0.0348989 0.155787
    endloop
  endfacet
  facet normal 1 3.05567e-15 -7.66917e-15
    outer loop
      vertex -0.0285831 -0.0331277 0.15604
      vertex -0.0285831 -0.0332621 0.156439
      vertex -0.0285831 -0.0348989 0.155787
    endloop
  endfacet
  facet normal 1 0 0
    outer loop
      vertex -0.0285831 -0.0348989 0.155787
      vertex -0.0285831 -0.0332621 0.156439
      vertex -0.0285831 -0.0349955 0.155995
    endloop
  endfacet
  facet normal 1 0 0
    outer loop
      vertex -0.0285831 -0.0332621 0.156439
      vertex -0.0285831 -0.0334388 0.156821
      vertex -0.0285831 -0.0349955 0.155995
    endloop
  endfacet
  facet normal 1 7.07331e-15 -1.33417e-14
    outer loop
      vertex -0.0285831 -0.0349955 0.155995
      vertex -0.0285831 -0.0334388 0.156821
      vertex -0.0285831 -0.0351142 0.156193
    endloop
  endfacet
  facet normal 1 1.68967e-15 1.01663e-15
    outer loop
      vertex -0.0285831 -0.0334388 0.156821
      vertex -0.0285831 -0.0336558 0.157181
      vertex -0.0285831 -0.0351142 0.156193
    endloop
  endfacet
  facet normal 1 1.56984e-15 1.19336e-15
    outer loop
      vertex -0.0285831 -0.0351142 0.156193
      vertex -0.0285831 -0.0336558 0.157181
      vertex -0.0285831 -0.0352534 0.156376
    endloop
  endfacet
  facet normal 1 1.56984e-15 1.19336e-15
    outer loop
      vertex -0.0285831 -0.0336558 0.157181
      vertex -0.0285831 -0.0339105 0.157516
      vertex -0.0285831 -0.0352534 0.156376
    endloop
  endfacet
  facet normal 1 1.43161e-15 1.3561e-15
    outer loop
      vertex -0.0285831 -0.0352534 0.156376
      vertex -0.0285831 -0.0339105 0.157516
      vertex -0.0285831 -0.0354116 0.156543
    endloop
  endfacet
  facet normal 1 1.43161e-15 1.3561e-15
    outer loop
      vertex -0.0285831 -0.0339105 0.157516
      vertex -0.0285831 -0.0341999 0.157822
      vertex -0.0285831 -0.0354116 0.156543
    endloop
  endfacet
  facet normal 1 1.27661e-15 1.50292e-15
    outer loop
      vertex -0.0285831 -0.0354116 0.156543
      vertex -0.0285831 -0.0341999 0.157822
      vertex -0.0285831 -0.035587 0.156692
    endloop
  endfacet
  facet normal 1 1.2766e-15 1.50293e-15
    outer loop
      vertex -0.0285831 -0.0341999 0.157822
      vertex -0.0285831 -0.0345207 0.158094
      vertex -0.0285831 -0.035587 0.156692
    endloop
  endfacet
  facet normal 1 1.10661e-15 1.63216e-15
    outer loop
      vertex -0.0285831 -0.035587 0.156692
      vertex -0.0285831 -0.0345207 0.158094
      vertex -0.0285831 -0.0357774 0.156821
    endloop
  endfacet
  facet normal 1 1.10663e-15 1.63214e-15
    outer loop
      vertex -0.0285831 -0.0345207 0.158094
      vertex -0.0285831 -0.034869 0.158331
      vertex -0.0285831 -0.0357774 0.156821
    endloop
  endfacet
  facet normal 1 9.23676e-16 1.74222e-15
    outer loop
      vertex -0.0285831 -0.0357774 0.156821
      vertex -0.0285831 -0.034869 0.158331
      vertex -0.0285831 -0.0359807 0.156929
    endloop
  endfacet
  facet normal 1 7.49247e-15 -3.46638e-15
    outer loop
      vertex -0.0285831 -0.034869 0.158331
      vertex -0.0285831 -0.0352409 0.158528
      vertex -0.0285831 -0.0359807 0.156929
    endloop
  endfacet
  facet normal 1 0 0
    outer loop
      vertex -0.0285831 -0.0359807 0.156929
      vertex -0.0285831 -0.0352409 0.158528
      vertex -0.0285831 -0.0361945 0.157014
    endloop
  endfacet
  facet normal 1 0 0
    outer loop
      vertex -0.0285831 -0.0352409 0.158528
      vertex -0.0285831 -0.0356319 0.158684
      vertex -0.0285831 -0.0361945 0.157014
    endloop
  endfacet
  facet normal 1 0 0
    outer loop
      vertex -0.0285831 -0.0361945 0.157014
      vertex -0.0285831 -0.0356319 0.158684
      vertex -0.0285831 -0.0364162 0.157075
    endloop
  endfacet
  facet normal 1 0 0
    outer loop
      vertex -0.0285831 -0.0356319 0.158684
      vertex -0.0285831 -0.0360374 0.158796
      vertex -0.0285831 -0.0364162 0.157075
    endloop
  endfacet
  facet normal 1 0 0
    outer loop
      vertex -0.0285831 -0.0364162 0.157075
      vertex -0.0285831 -0.0360374 0.158796
      vertex -0.0285831 -0.0366432 0.157113
    endloop
  endfacet
  facet normal 1 0 0
    outer loop
      vertex -0.0285831 -0.0360374 0.158796
      vertex -0.0285831 -0.0364527 0.158864
      vertex -0.0285831 -0.0366432 0.157113
    endloop
  endfacet
  facet normal 1 0 0
    outer loop
      vertex -0.0285831 -0.0366432 0.157113
      vertex -0.0285831 -0.0364527 0.158864
      vertex -0.0285831 -0.036873 0.157125
    endloop
  endfacet
  facet normal 1 0 0
    outer loop
      vertex -0.0285831 -0.0364527 0.158864
      vertex -0.0285831 -0.036873 0.158887
      vertex -0.0285831 -0.036873 0.157125
    endloop
  endfacet
  facet normal 1 1.51007e-14 -5.94679e-29
    outer loop
      vertex -0.0285831 -0.036873 0.157125
      vertex -0.0285831 -0.036873 0.158887
      vertex -0.0285831 -0.0371028 0.157113
    endloop
  endfacet
  facet normal 1 8.20713e-15 8.92571e-16
    outer loop
      vertex -0.0285831 -0.036873 0.158887
      vertex -0.0285831 -0.0372933 0.158864
      vertex -0.0285831 -0.0371028 0.157113
    endloop
  endfacet
  facet normal 1 0 0
    outer loop
      vertex -0.0285831 -0.0371028 0.157113
      vertex -0.0285831 -0.0372933 0.158864
      vertex -0.0285831 -0.0373298 0.157075
    endloop
  endfacet
  facet normal 1 0 0
    outer loop
      vertex -0.0285831 -0.0372933 0.158864
      vertex -0.0285831 -0.0377086 0.158796
      vertex -0.0285831 -0.0373298 0.157075
    endloop
  endfacet
  facet normal 1 0 0
    outer loop
      vertex -0.0285831 -0.0373298 0.157075
      vertex -0.0285831 -0.0377086 0.158796
      vertex -0.0285831 -0.0375515 0.157014
    endloop
  endfacet
  facet normal 1 0 0
    outer loop
      vertex -0.0285831 -0.0377086 0.158796
      vertex -0.0285831 -0.0381141 0.158684
      vertex -0.0285831 -0.0375515 0.157014
    endloop
  endfacet
  facet normal 1 0 0
    outer loop
      vertex -0.0285831 -0.0375515 0.157014
      vertex -0.0285831 -0.0381141 0.158684
      vertex -0.0285831 -0.0377653 0.156929
    endloop
  endfacet
  facet normal 1 0 0
    outer loop
      vertex -0.0285831 -0.0381141 0.158684
      vertex -0.0285831 -0.0385051 0.158528
      vertex -0.0285831 -0.0377653 0.156929
    endloop
  endfacet
  facet normal 1 0 0
    outer loop
      vertex -0.0285831 -0.0377653 0.156929
      vertex -0.0285831 -0.0385051 0.158528
      vertex -0.0285831 -0.0379686 0.156821
    endloop
  endfacet
  facet normal 1 7.99749e-15 2.51394e-15
    outer loop
      vertex -0.0285831 -0.0385051 0.158528
      vertex -0.0285831 -0.038877 0.158331
      vertex -0.0285831 -0.0379686 0.156821
    endloop
  endfacet
  facet normal 1 1.10662e-15 -1.63214e-15
    outer loop
      vertex -0.0285831 -0.0379686 0.156821
      vertex -0.0285831 -0.038877 0.158331
      vertex -0.0285831 -0.038159 0.156692
    endloop
  endfacet
  facet normal 1 1.10662e-15 -1.63215e-15
    outer loop
      vertex -0.0285831 -0.038877 0.158331
      vertex -0.0285831 -0.0392253 0.158094
      vertex -0.0285831 -0.038159 0.156692
    endloop
  endfacet
  facet normal 1 1.27659e-15 -1.50294e-15
    outer loop
      vertex -0.0285831 -0.038159 0.156692
      vertex -0.0285831 -0.0392253 0.158094
      vertex -0.0285831 -0.0383344 0.156543
    endloop
  endfacet
  facet normal 1 1.27661e-15 -1.50293e-15
    outer loop
      vertex -0.0285831 -0.0392253 0.158094
      vertex -0.0285831 -0.0395461 0.157822
      vertex -0.0285831 -0.0383344 0.156543
    endloop
  endfacet
  facet normal 1 1.43163e-15 -1.35609e-15
    outer loop
      vertex -0.0285831 -0.0383344 0.156543
      vertex -0.0285831 -0.0395461 0.157822
      vertex -0.0285831 -0.0384926 0.156376
    endloop
  endfacet
  facet normal 1 1.43161e-15 -1.3561e-15
    outer loop
      vertex -0.0285831 -0.0395461 0.157822
      vertex -0.0285831 -0.0398355 0.157516
      vertex -0.0285831 -0.0384926 0.156376
    endloop
  endfacet
  facet normal 1 1.56984e-15 -1.19336e-15
    outer loop
      vertex -0.0285831 -0.0384926 0.156376
      vertex -0.0285831 -0.0398355 0.157516
      vertex -0.0285831 -0.0386318 0.156193
    endloop
  endfacet
  facet normal 1 1.56983e-15 -1.19337e-15
    outer loop
      vertex -0.0285831 -0.0398355 0.157516
      vertex -0.0285831 -0.0400902 0.157181
      vertex -0.0285831 -0.0386318 0.156193
    endloop
  endfacet
  facet normal 1 1.68966e-15 -1.01663e-15
    outer loop
      vertex -0.0285831 -0.0386318 0.156193
      vertex -0.0285831 -0.0400902 0.157181
      vertex -0.0285831 -0.0387505 0.155995
    endloop
  endfacet
  facet normal 1 1.68966e-15 -1.01663e-15
    outer loop
      vertex -0.0285831 -0.0400902 0.157181
      vertex -0.0285831 -0.0403072 0.156821
      vertex -0.0285831 -0.0387505 0.155995
    endloop
  endfacet
  facet normal 1 1.78966e-15 -8.28016e-16
    outer loop
      vertex -0.0285831 -0.0387505 0.155995
      vertex -0.0285831 -0.0403072 0.156821
      vertex -0.0285831 -0.0388471 0.155787
    endloop
  endfacet
  facet normal 1 1.78968e-15 -8.2799e-16
    outer loop
      vertex -0.0285831 -0.0403072 0.156821
      vertex -0.0285831 -0.0404839 0.156439
      vertex -0.0285831 -0.0388471 0.155787
    endloop
  endfacet
  facet normal 0 0.188475 0.982078
    outer loop
      vertex -0.0285831 -0.0377086 0.151204
      vertex -0.0252475 -0.0377086 0.151204
      vertex -0.0252729 -0.0375021 0.151164
    endloop
  endfacet
  facet normal 0.00172188 0.161783 0.986825
    outer loop
      vertex -0.0285831 -0.0377086 0.151204
      vertex -0.0252729 -0.0375021 0.151164
      vertex -0.0285831 -0.0372933 0.151136
    endloop
  endfacet
  facet normal 0 0.241336 0.970442
    outer loop
      vertex -0.0252475 -0.0377086 0.151204
      vertex -0.0285831 -0.0377086 0.151204
      vertex -0.0252148 -0.0379129 0.151255
    endloop
  endfacet
  facet normal 0.0016923 0.267525 0.963549
    outer loop
      vertex -0.0285831 -0.0377086 0.151204
      vertex -0.0285831 -0.0381141 0.151316
      vertex -0.0252148 -0.0379129 0.151255
    endloop
  endfacet
  facet normal 0 0.293518 0.955954
    outer loop
      vertex -0.0252148 -0.0379129 0.151255
      vertex -0.0285831 -0.0381141 0.151316
      vertex -0.0251748 -0.0381141 0.151316
    endloop
  endfacet
  facet normal 0 0.345003 0.938602
    outer loop
      vertex -0.0251748 -0.0381141 0.151316
      vertex -0.0285831 -0.0381141 0.151316
      vertex -0.0251273 -0.0383129 0.15139
    endloop
  endfacet
  facet normal 0.00164922 0.370138 0.928975
    outer loop
      vertex -0.0285831 -0.0381141 0.151316
      vertex -0.0285831 -0.0385051 0.151472
      vertex -0.0251273 -0.0383129 0.15139
    endloop
  endfacet
  facet normal 0 0.395303 0.918551
    outer loop
      vertex -0.0251273 -0.0383129 0.15139
      vertex -0.0285831 -0.0385051 0.151472
      vertex -0.0250732 -0.0385051 0.151472
    endloop
  endfacet
  facet normal 0 0.444396 0.89583
    outer loop
      vertex -0.0250732 -0.0385051 0.151472
      vertex -0.0285831 -0.0385051 0.151472
      vertex -0.0250113 -0.0386943 0.151566
    endloop
  endfacet
  facet normal 0.00159561 0.46841 0.88351
    outer loop
      vertex -0.0285831 -0.0385051 0.151472
      vertex -0.0285831 -0.038877 0.151669
      vertex -0.0250113 -0.0386943 0.151566
    endloop
  endfacet
  facet normal 0 0.492233 0.870463
    outer loop
      vertex -0.0250113 -0.0386943 0.151566
      vertex -0.0285831 -0.038877 0.151669
      vertex -0.0249426 -0.038877 0.151669
    endloop
  endfacet
  facet normal 0 0.538735 0.842475
    outer loop
      vertex -0.0249426 -0.038877 0.151669
      vertex -0.0285831 -0.038877 0.151669
      vertex -0.0248658 -0.0390556 0.151784
    endloop
  endfacet
  facet normal 0.00153356 0.561186 0.827688
    outer loop
      vertex -0.0285831 -0.038877 0.151669
      vertex -0.0285831 -0.0392253 0.151906
      vertex -0.0248658 -0.0390556 0.151784
    endloop
  endfacet
  facet normal 0 0.583559 0.812071
    outer loop
      vertex -0.0248658 -0.0390556 0.151784
      vertex -0.0285831 -0.0392253 0.151906
      vertex -0.0247831 -0.0392253 0.151906
    endloop
  endfacet
  facet normal 0 0.626654 0.779297
    outer loop
      vertex -0.0247831 -0.0392253 0.151906
      vertex -0.0285831 -0.0392253 0.151906
      vertex -0.024692 -0.0393905 0.152038
    endloop
  endfacet
  facet normal 0.00146483 0.647386 0.762161
    outer loop
      vertex -0.0285831 -0.0392253 0.151906
      vertex -0.0285831 -0.0395461 0.152178
      vertex -0.024692 -0.0393905 0.152038
    endloop
  endfacet
  facet normal 0 0.667923 0.744231
    outer loop
      vertex -0.024692 -0.0393905 0.152038
      vertex -0.0285831 -0.0395461 0.152178
      vertex -0.024595 -0.0395461 0.152178
    endloop
  endfacet
  facet normal 0 0.707594 0.706619
    outer loop
      vertex -0.024595 -0.0395461 0.152178
      vertex -0.0285831 -0.0395461 0.152178
      vertex -0.0244876 -0.0396987 0.152331
    endloop
  endfacet
  facet normal 0.00139121 0.725994 0.687699
    outer loop
      vertex -0.0285831 -0.0395461 0.152178
      vertex -0.0285831 -0.0398355 0.152484
      vertex -0.0244876 -0.0396987 0.152331
    endloop
  endfacet
  facet normal 0 0.744817 0.667268
    outer loop
      vertex -0.0244876 -0.0396987 0.152331
      vertex -0.0285831 -0.0398355 0.152484
      vertex -0.0243787 -0.0398355 0.152484
    endloop
  endfacet
  facet normal 0 0.79609 0.605178
    outer loop
      vertex -0.0285831 -0.0398355 0.152484
      vertex -0.0285831 -0.0400902 0.152819
      vertex -0.0243787 -0.0398355 0.152484
    endloop
  endfacet
  facet normal 0 0.79609 0.605178
    outer loop
      vertex -0.0243787 -0.0398355 0.152484
      vertex -0.0285831 -0.0400902 0.152819
      vertex -0.0241349 -0.0400902 0.152819
    endloop
  endfacet
  facet normal 0 0.856858 0.515552
    outer loop
      vertex -0.0285831 -0.0400902 0.152819
      vertex -0.0285831 -0.0403072 0.153179
      vertex -0.0241349 -0.0400902 0.152819
    endloop
  endfacet
  facet normal 0 0.856858 0.515552
    outer loop
      vertex -0.0241349 -0.0400902 0.152819
      vertex -0.0285831 -0.0403072 0.153179
      vertex -0.0238645 -0.0403072 0.153179
    endloop
  endfacet
  facet normal 0 0.907577 0.419886
    outer loop
      vertex -0.0285831 -0.0403072 0.153179
      vertex -0.0285831 -0.0404839 0.153561
      vertex -0.0238645 -0.0403072 0.153179
    endloop
  endfacet
  facet normal 0 0.907577 0.419886
    outer loop
      vertex -0.0238645 -0.0403072 0.153179
      vertex -0.0285831 -0.0404839 0.153561
      vertex -0.0235686 -0.0404839 0.153561
    endloop
  endfacet
  facet normal 0 0.947653 0.319302
    outer loop
      vertex -0.0285831 -0.0404839 0.153561
      vertex -0.0285831 -0.0406183 0.15396
      vertex -0.0235686 -0.0404839 0.153561
    endloop
  endfacet
  facet normal 0 0.947653 0.319302
    outer loop
      vertex -0.0235686 -0.0404839 0.153561
      vertex -0.0285831 -0.0406183 0.15396
      vertex -0.023249 -0.0406183 0.15396
    endloop
  endfacet
  facet normal 0 0.976621 0.21497
    outer loop
      vertex -0.0285831 -0.0406183 0.15396
      vertex -0.0285831 -0.0407088 0.154371
      vertex -0.023249 -0.0406183 0.15396
    endloop
  endfacet
  facet normal 0 0.976621 0.21497
    outer loop
      vertex -0.023249 -0.0406183 0.15396
      vertex -0.0285831 -0.0407088 0.154371
      vertex -0.0229076 -0.0407088 0.154371
    endloop
  endfacet
  facet normal 0 0.994138 0.108119
    outer loop
      vertex -0.0285831 -0.0407088 0.154371
      vertex -0.0285831 -0.0407543 0.15479
      vertex -0.0229076 -0.0407088 0.154371
    endloop
  endfacet
  facet normal 0 0.994138 0.108119
    outer loop
      vertex -0.0229076 -0.0407088 0.154371
      vertex -0.0285831 -0.0407543 0.15479
      vertex -0.0225471 -0.0407543 0.15479
    endloop
  endfacet
  facet normal 0 1 0
    outer loop
      vertex -0.0285831 -0.0407543 0.15479
      vertex -0.0285831 -0.0407543 0.15521
      vertex -0.0225471 -0.0407543 0.15479
    endloop
  endfacet
  facet normal 0 1 0
    outer loop
      vertex -0.0225471 -0.0407543 0.15479
      vertex -0.0285831 -0.0407543 0.15521
      vertex -0.0221707 -0.0407543 0.15521
    endloop
  endfacet
  facet normal 0 0.994138 -0.108118
    outer loop
      vertex -0.0285831 -0.0407543 0.15521
      vertex -0.0285831 -0.0407088 0.155629
      vertex -0.0221707 -0.0407543 0.15521
    endloop
  endfacet
  facet normal 0 0.994138 -0.108118
    outer loop
      vertex -0.0221707 -0.0407543 0.15521
      vertex -0.0285831 -0.0407088 0.155629
      vertex -0.0217819 -0.0407088 0.155629
    endloop
  endfacet
  facet normal 0 0.97662 -0.214971
    outer loop
      vertex -0.0285831 -0.0407088 0.155629
      vertex -0.0285831 -0.0406183 0.15604
      vertex -0.0217819 -0.0407088 0.155629
    endloop
  endfacet
  facet normal 0 0.97662 -0.214971
    outer loop
      vertex -0.0217819 -0.0407088 0.155629
      vertex -0.0285831 -0.0406183 0.15604
      vertex -0.0213851 -0.0406183 0.15604
    endloop
  endfacet
  facet normal 0 0.947653 -0.319301
    outer loop
      vertex -0.0285831 -0.0406183 0.15604
      vertex -0.0285831 -0.0404839 0.156439
      vertex -0.0213851 -0.0406183 0.15604
    endloop
  endfacet
  facet normal 2.09733e-7 0.947654 -0.319298
    outer loop
      vertex -0.0213851 -0.0406183 0.15604
      vertex -0.0285831 -0.0404839 0.156439
      vertex -0.0209853 -0.040484 0.156439
    endloop
  endfacet
  facet normal -2.63309e-7 0.92414 -0.382054
    outer loop
      vertex -0.0209853 -0.040484 0.156439
      vertex -0.0285831 -0.0404839 0.156439
      vertex -0.0208903 -0.0404457 0.156531
    endloop
  endfacet
  facet normal 0.00053717 0.907576 -0.419888
    outer loop
      vertex -0.0285831 -0.0404839 0.156439
      vertex -0.0285831 -0.0403072 0.156821
      vertex -0.0208903 -0.0404457 0.156531
    endloop
  endfacet
  facet normal 0 0.902093 -0.431541
    outer loop
      vertex -0.0208903 -0.0404457 0.156531
      vertex -0.0285831 -0.0403072 0.156821
      vertex -0.0205878 -0.0403072 0.156821
    endloop
  endfacet
  facet normal 0 0.856858 -0.515552
    outer loop
      vertex -0.0285831 -0.0403072 0.156821
      vertex -0.0285831 -0.0400902 0.157181
      vertex -0.0205878 -0.0403072 0.156821
    endloop
  endfacet
  facet normal 0 0.856858 -0.515552
    outer loop
      vertex -0.0205878 -0.0403072 0.156821
      vertex -0.0285831 -0.0400902 0.157181
      vertex -0.0201987 -0.0400902 0.157181
    endloop
  endfacet
  facet normal 0 0.79609 -0.605178
    outer loop
      vertex -0.0285831 -0.0400902 0.157181
      vertex -0.0285831 -0.0398355 0.157516
      vertex -0.0201987 -0.0400902 0.157181
    endloop
  endfacet
  facet normal 0 0.79609 -0.605178
    outer loop
      vertex -0.0201987 -0.0400902 0.157181
      vertex -0.0285831 -0.0398355 0.157516
      vertex -0.0198245 -0.0398355 0.157516
    endloop
  endfacet
  facet normal 0 0.725995 -0.6877
    outer loop
      vertex -0.0285831 -0.0398355 0.157516
      vertex -0.0285831 -0.0395461 0.157822
      vertex -0.0198245 -0.0398355 0.157516
    endloop
  endfacet
  facet normal 0 0.725995 -0.6877
    outer loop
      vertex -0.0198245 -0.0398355 0.157516
      vertex -0.0285831 -0.0395461 0.157822
      vertex -0.019472 -0.0395461 0.157822
    endloop
  endfacet
  facet normal 0 0.647389 -0.76216
    outer loop
      vertex -0.0285831 -0.0395461 0.157822
      vertex -0.0285831 -0.0392253 0.158094
      vertex -0.019472 -0.0395461 0.157822
    endloop
  endfacet
  facet normal 0 0.647389 -0.76216
    outer loop
      vertex -0.019472 -0.0395461 0.157822
      vertex -0.0285831 -0.0392253 0.158094
      vertex -0.0191481 -0.0392253 0.158094
    endloop
  endfacet
  facet normal 0 0.583626 -0.812022
    outer loop
      vertex -0.0191481 -0.0392253 0.158094
      vertex -0.0285831 -0.0392253 0.158094
      vertex -0.0190005 -0.0390562 0.158216
    endloop
  endfacet
  facet normal 0.000594758 0.561187 -0.827689
    outer loop
      vertex -0.0285831 -0.0392253 0.158094
      vertex -0.0285831 -0.038877 0.158331
      vertex -0.0190005 -0.0390562 0.158216
    endloop
  endfacet
  facet normal 2.26368e-6 0.5389 -0.84237
    outer loop
      vertex -0.0190005 -0.0390562 0.158216
      vertex -0.0285831 -0.038877 0.158331
      vertex -0.0188601 -0.0388776 0.15833
    endloop
  endfacet
  facet normal -6.25773e-7 0.508126 -0.861283
    outer loop
      vertex -0.0188601 -0.0388776 0.15833
      vertex -0.0285831 -0.038877 0.158331
      vertex -0.0188168 -0.0388185 0.158365
    endloop
  endfacet
  facet normal 0.000315639 0.468408 -0.883512
    outer loop
      vertex -0.0285831 -0.038877 0.158331
      vertex -0.0285831 -0.0385051 0.158528
      vertex -0.0188168 -0.0388185 0.158365
    endloop
  endfacet
  facet normal 0 0.460676 -0.887568
    outer loop
      vertex -0.0188168 -0.0388185 0.158365
      vertex -0.0285831 -0.0385051 0.158528
      vertex -0.018613 -0.0385051 0.158528
    endloop
  endfacet
  facet normal 0 0.395402 -0.918508
    outer loop
      vertex -0.018613 -0.0385051 0.158528
      vertex -0.0285831 -0.0385051 0.158528
      vertex -0.0185084 -0.0383136 0.15861
    endloop
  endfacet
  facet normal 0.000565877 0.370138 -0.928977
    outer loop
      vertex -0.0285831 -0.0385051 0.158528
      vertex -0.0285831 -0.0381141 0.158684
      vertex -0.0185084 -0.0383136 0.15861
    endloop
  endfacet
  facet normal 0 0.345087 -0.938571
    outer loop
      vertex -0.0185084 -0.0383136 0.15861
      vertex -0.0285831 -0.0381141 0.158684
      vertex -0.0184144 -0.0381141 0.158684
    endloop
  endfacet
  facet normal 0 0.293872 -0.955845
    outer loop
      vertex -0.0184144 -0.0381141 0.158684
      vertex -0.0285831 -0.0381141 0.158684
      vertex -0.0183357 -0.0379156 0.158745
    endloop
  endfacet
  facet normal 0.000556099 0.26753 -0.963549
    outer loop
      vertex -0.0285831 -0.0381141 0.158684
      vertex -0.0285831 -0.0377086 0.158796
      vertex -0.0183357 -0.0379156 0.158745
    endloop
  endfacet
  facet normal 0 0.241702 -0.970351
    outer loop
      vertex -0.0183357 -0.0379156 0.158745
      vertex -0.0285831 -0.0377086 0.158796
      vertex -0.0182687 -0.0377086 0.158796
    endloop
  endfacet
  facet normal 0 0.188538 -0.982066
    outer loop
      vertex -0.0182687 -0.0377086 0.158796
      vertex -0.0285831 -0.0377086 0.158796
      vertex -0.018217 -0.0375026 0.158836
    endloop
  endfacet
  facet normal 0.000549937 0.161779 -0.986827
    outer loop
      vertex -0.0285831 -0.0377086 0.158796
      vertex -0.0285831 -0.0372933 0.158864
      vertex -0.018217 -0.0375026 0.158836
    endloop
  endfacet
  facet normal 0 0.135093 -0.990833
    outer loop
      vertex -0.018217 -0.0375026 0.158836
      vertex -0.0285831 -0.0372933 0.158864
      vertex -0.0181796 -0.0372933 0.158864
    endloop
  endfacet
  facet normal 0 0.0813427 -0.996686
    outer loop
      vertex -0.0181796 -0.0372933 0.158864
      vertex -0.0285831 -0.0372933 0.158864
      vertex -0.0181573 -0.0370848 0.158881
    endloop
  endfacet
  facet normal 0.000546891 0.054139 -0.998533
    outer loop
      vertex -0.0285831 -0.0372933 0.158864
      vertex -0.0285831 -0.036873 0.158887
      vertex -0.0181573 -0.0370848 0.158881
    endloop
  endfacet
  facet normal 0 0.0272503 -0.999629
    outer loop
      vertex -0.0181573 -0.0370848 0.158881
      vertex -0.0285831 -0.036873 0.158887
      vertex -0.0181497 -0.036873 0.158887
    endloop
  endfacet
  facet normal 0 -0.0272313 -0.999629
    outer loop
      vertex -0.0181497 -0.036873 0.158887
      vertex -0.0285831 -0.036873 0.158887
      vertex -0.0181573 -0.0366614 0.158881
    endloop
  endfacet
  facet normal 0.000546766 -0.0541385 -0.998533
    outer loop
      vertex -0.0285831 -0.036873 0.158887
      vertex -0.0285831 -0.0364527 0.158864
      vertex -0.0181573 -0.0366614 0.158881
    endloop
  endfacet
  facet normal 0 -0.0813104 -0.996689
    outer loop
      vertex -0.0181573 -0.0366614 0.158881
      vertex -0.0285831 -0.0364527 0.158864
      vertex -0.0181796 -0.0364527 0.158864
    endloop
  endfacet
  facet normal 0 -0.135077 -0.990835
    outer loop
      vertex -0.0181796 -0.0364527 0.158864
      vertex -0.0285831 -0.0364527 0.158864
      vertex -0.018217 -0.0362435 0.158836
    endloop
  endfacet
  facet normal 0.000549994 -0.16178 -0.986827
    outer loop
      vertex -0.0285831 -0.0364527 0.158864
      vertex -0.0285831 -0.0360374 0.158796
      vertex -0.018217 -0.0362435 0.158836
    endloop
  endfacet
  facet normal 0 -0.188529 -0.982068
    outer loop
      vertex -0.018217 -0.0362435 0.158836
      vertex -0.0285831 -0.0360374 0.158796
      vertex -0.0182687 -0.0360374 0.158796
    endloop
  endfacet
  facet normal 0 -0.241676 -0.970357
    outer loop
      vertex -0.0182687 -0.0360374 0.158796
      vertex -0.0285831 -0.0360374 0.158796
      vertex -0.0183356 -0.0358305 0.158745
    endloop
  endfacet
  facet normal 0.000556234 -0.26753 -0.963549
    outer loop
      vertex -0.0285831 -0.0360374 0.158796
      vertex -0.0285831 -0.0356319 0.158684
      vertex -0.0183356 -0.0358305 0.158745
    endloop
  endfacet
  facet normal 0 -0.293859 -0.955849
    outer loop
      vertex -0.0183356 -0.0358305 0.158745
      vertex -0.0285831 -0.0356319 0.158684
      vertex -0.0184144 -0.0356319 0.158684
    endloop
  endfacet
  facet normal 0 -0.345069 -0.938577
    outer loop
      vertex -0.0184144 -0.0356319 0.158684
      vertex -0.0285831 -0.0356319 0.158684
      vertex -0.0185083 -0.0354325 0.15861
    endloop
  endfacet
  facet normal 0.000565892 -0.370138 -0.928977
    outer loop
      vertex -0.0285831 -0.0356319 0.158684
      vertex -0.0285831 -0.0352409 0.158528
      vertex -0.0185083 -0.0354325 0.15861
    endloop
  endfacet
  facet normal 0 -0.395386 -0.918515
    outer loop
      vertex -0.0185083 -0.0354325 0.15861
      vertex -0.0285831 -0.0352409 0.158528
      vertex -0.018613 -0.0352409 0.158528
    endloop
  endfacet
  facet normal 0.00118342 -0.582951 -0.812506
    outer loop
      vertex -0.0191481 -0.0345207 0.158094
      vertex -0.0190005 -0.0346898 0.158216
      vertex -0.0285831 -0.034869 0.158331
    endloop
  endfacet
  facet normal 0 -0.538822 -0.84242
    outer loop
      vertex -0.0190005 -0.0346898 0.158216
      vertex -0.0188596 -0.034869 0.158331
      vertex -0.0285831 -0.034869 0.158331
    endloop
  endfacet
  facet normal 0 -0.468404 -0.883514
    outer loop
      vertex -0.0285831 -0.034869 0.158331
      vertex -0.0188596 -0.034869 0.158331
      vertex -0.0285831 -0.0352409 0.158528
    endloop
  endfacet
  facet normal 0.00191381 -0.507009 -0.861938
    outer loop
      vertex -0.0188596 -0.034869 0.158331
      vertex -0.0188168 -0.0349275 0.158365
      vertex -0.0285831 -0.0352409 0.158528
    endloop
  endfacet
  facet normal 0 -0.460672 -0.887571
    outer loop
      vertex -0.0285831 -0.0352409 0.158528
      vertex -0.0188168 -0.0349275 0.158365
      vertex -0.018613 -0.0352409 0.158528
    endloop
  endfacet
  facet normal 0 -0.561191 -0.827686
    outer loop
      vertex -0.0285831 -0.034869 0.158331
      vertex -0.0285831 -0.0345207 0.158094
      vertex -0.0191481 -0.0345207 0.158094
    endloop
  endfacet
  facet normal 0 -0.647385 -0.762163
    outer loop
      vertex -0.0285831 -0.0345207 0.158094
      vertex -0.0285831 -0.0341999 0.157822
      vertex -0.0191481 -0.0345207 0.158094
    endloop
  endfacet
  facet normal 0 -0.647385 -0.762163
    outer loop
      vertex -0.0191481 -0.0345207 0.158094
      vertex -0.0285831 -0.0341999 0.157822
      vertex -0.019472 -0.0341999 0.157822
    endloop
  endfacet
  facet normal 0 -0.725995 -0.6877
    outer loop
      vertex -0.0285831 -0.0341999 0.157822
      vertex -0.0285831 -0.0339105 0.157516
      vertex -0.019472 -0.0341999 0.157822
    endloop
  endfacet
  facet normal 0 -0.725995 -0.6877
    outer loop
      vertex -0.019472 -0.0341999 0.157822
      vertex -0.0285831 -0.0339105 0.157516
      vertex -0.0198245 -0.0339105 0.157516
    endloop
  endfacet
  facet normal 0 -0.796095 -0.605172
    outer loop
      vertex -0.0285831 -0.0339105 0.157516
      vertex -0.0285831 -0.0336558 0.157181
      vertex -0.0198245 -0.0339105 0.157516
    endloop
  endfacet
  facet normal 0 -0.796095 -0.605172
    outer loop
      vertex -0.0198245 -0.0339105 0.157516
      vertex -0.0285831 -0.0336558 0.157181
      vertex -0.0201987 -0.0336558 0.157181
    endloop
  endfacet
  facet normal 0 -0.856858 -0.515552
    outer loop
      vertex -0.0285831 -0.0336558 0.157181
      vertex -0.0285831 -0.0334388 0.156821
      vertex -0.0201987 -0.0336558 0.157181
    endloop
  endfacet
  facet normal 0 -0.856858 -0.515552
    outer loop
      vertex -0.0201987 -0.0336558 0.157181
      vertex -0.0285831 -0.0334388 0.156821
      vertex -0.0205878 -0.0334388 0.156821
    endloop
  endfacet
  facet normal 0 -0.907573 -0.419895
    outer loop
      vertex -0.0285831 -0.0334388 0.156821
      vertex -0.0285831 -0.0332621 0.156439
      vertex -0.0205878 -0.0334388 0.156821
    endloop
  endfacet
  facet normal 0 -0.907573 -0.419895
    outer loop
      vertex -0.0205878 -0.0334388 0.156821
      vertex -0.0285831 -0.0332621 0.156439
      vertex -0.0209853 -0.0332621 0.156439
    endloop
  endfacet
  facet normal 0 -0.947653 -0.319301
    outer loop
      vertex -0.0285831 -0.0332621 0.156439
      vertex -0.0285831 -0.0331277 0.15604
      vertex -0.0209853 -0.0332621 0.156439
    endloop
  endfacet
  facet normal 0 -0.947653 -0.319301
    outer loop
      vertex -0.0209853 -0.0332621 0.156439
      vertex -0.0285831 -0.0331277 0.15604
      vertex -0.0213851 -0.0331277 0.15604
    endloop
  endfacet
  facet normal 0 -0.97662 -0.214971
    outer loop
      vertex -0.0285831 -0.0331277 0.15604
      vertex -0.0285831 -0.0330372 0.155629
      vertex -0.0213851 -0.0331277 0.15604
    endloop
  endfacet
  facet normal 0 -0.97662 -0.214971
    outer loop
      vertex -0.0213851 -0.0331277 0.15604
      vertex -0.0285831 -0.0330372 0.155629
      vertex -0.0217819 -0.0330372 0.155629
    endloop
  endfacet
  facet normal 0 -0.994138 -0.108118
    outer loop
      vertex -0.0285831 -0.0330372 0.155629
      vertex -0.0285831 -0.0329917 0.15521
      vertex -0.0217819 -0.0330372 0.155629
    endloop
  endfacet
  facet normal 0 -0.994138 -0.108118
    outer loop
      vertex -0.0217819 -0.0330372 0.155629
      vertex -0.0285831 -0.0329917 0.15521
      vertex -0.0221707 -0.0329917 0.15521
    endloop
  endfacet
  facet normal 0 -1 0
    outer loop
      vertex -0.0285831 -0.0329917 0.15521
      vertex -0.0285831 -0.0329917 0.15479
      vertex -0.0221707 -0.0329917 0.15521
    endloop
  endfacet
  facet normal 0 -1 0
    outer loop
      vertex -0.0221707 -0.0329917 0.15521
      vertex -0.0285831 -0.0329917 0.15479
      vertex -0.0225471 -0.0329917 0.15479
    endloop
  endfacet
  facet normal 0 -0.994138 0.108119
    outer loop
      vertex -0.0285831 -0.0329917 0.15479
      vertex -0.0285831 -0.0330372 0.154371
      vertex -0.0225471 -0.0329917 0.15479
    endloop
  endfacet
  facet normal 0 -0.994138 0.108119
    outer loop
      vertex -0.0225471 -0.0329917 0.15479
      vertex -0.0285831 -0.0330372 0.154371
      vertex -0.0229076 -0.0330372 0.154371
    endloop
  endfacet
  facet normal 0 -0.976621 0.21497
    outer loop
      vertex -0.0285831 -0.0330372 0.154371
      vertex -0.0285831 -0.0331277 0.15396
      vertex -0.0229076 -0.0330372 0.154371
    endloop
  endfacet
  facet normal 0 -0.976621 0.21497
    outer loop
      vertex -0.0229076 -0.0330372 0.154371
      vertex -0.0285831 -0.0331277 0.15396
      vertex -0.023249 -0.0331277 0.15396
    endloop
  endfacet
  facet normal 0 -0.947653 0.319302
    outer loop
      vertex -0.0285831 -0.0331277 0.15396
      vertex -0.0285831 -0.0332621 0.153561
      vertex -0.023249 -0.0331277 0.15396
    endloop
  endfacet
  facet normal 0 -0.947653 0.319302
    outer loop
      vertex -0.023249 -0.0331277 0.15396
      vertex -0.0285831 -0.0332621 0.153561
      vertex -0.0235686 -0.0332621 0.153561
    endloop
  endfacet
  facet normal 0 -0.907574 0.419893
    outer loop
      vertex -0.0285831 -0.0332621 0.153561
      vertex -0.0285831 -0.0334388 0.153179
      vertex -0.0235686 -0.0332621 0.153561
    endloop
  endfacet
  facet normal 0 -0.907574 0.419893
    outer loop
      vertex -0.0235686 -0.0332621 0.153561
      vertex -0.0285831 -0.0334388 0.153179
      vertex -0.0238645 -0.0334388 0.153179
    endloop
  endfacet
  facet normal 0 -0.856858 0.515552
    outer loop
      vertex -0.0285831 -0.0334388 0.153179
      vertex -0.0285831 -0.0336558 0.152819
      vertex -0.0238645 -0.0334388 0.153179
    endloop
  endfacet
  facet normal 0 -0.856858 0.515552
    outer loop
      vertex -0.0238645 -0.0334388 0.153179
      vertex -0.0285831 -0.0336558 0.152819
      vertex -0.0241349 -0.0336558 0.152819
    endloop
  endfacet
  facet normal 0 -0.796095 0.605172
    outer loop
      vertex -0.0285831 -0.0336558 0.152819
      vertex -0.0285831 -0.0339105 0.152484
      vertex -0.0241349 -0.0336558 0.152819
    endloop
  endfacet
  facet normal 0 -0.796095 0.605172
    outer loop
      vertex -0.0241349 -0.0336558 0.152819
      vertex -0.0285831 -0.0339105 0.152484
      vertex -0.0243787 -0.0339105 0.152484
    endloop
  endfacet
  facet normal 0 -0.725995 0.6877
    outer loop
      vertex -0.0285831 -0.0341999 0.152178
      vertex -0.024595 -0.0341999 0.152178
      vertex -0.0285831 -0.0339105 0.152484
    endloop
  endfacet
  facet normal 0.00264485 -0.708529 0.705676
    outer loop
      vertex -0.024595 -0.0341999 0.152178
      vertex -0.0244876 -0.0340473 0.152331
      vertex -0.0285831 -0.0339105 0.152484
    endloop
  endfacet
  facet normal 0 -0.744808 0.667278
    outer loop
      vertex -0.0285831 -0.0339105 0.152484
      vertex -0.0244876 -0.0340473 0.152331
      vertex -0.0243787 -0.0339105 0.152484
    endloop
  endfacet
  facet normal 0 -0.561191 0.827686
    outer loop
      vertex -0.0285831 -0.0345207 0.151906
      vertex -0.0285831 -0.034869 0.151669
      vertex -0.0249426 -0.034869 0.151669
    endloop
  endfacet
  facet normal 0.00298296 -0.539645 0.841887
    outer loop
      vertex -0.0249426 -0.034869 0.151669
      vertex -0.0248658 -0.0346904 0.151784
      vertex -0.0285831 -0.0345207 0.151906
    endloop
  endfacet
  facet normal 0 -0.583556 0.812073
    outer loop
      vertex -0.0248658 -0.0346904 0.151784
      vertex -0.0247831 -0.0345207 0.151906
      vertex -0.0285831 -0.0345207 0.151906
    endloop
  endfacet
  facet normal 0 -0.647382 0.762166
    outer loop
      vertex -0.0285831 -0.0345207 0.151906
      vertex -0.0247831 -0.0345207 0.151906
      vertex -0.0285831 -0.0341999 0.152178
    endloop
  endfacet
  facet normal 0.00284973 -0.627555 0.778567
    outer loop
      vertex -0.0247831 -0.0345207 0.151906
      vertex -0.0246922 -0.0343559 0.152038
      vertex -0.0285831 -0.0341999 0.152178
    endloop
  endfacet
  facet normal 0 -0.667873 0.744275
    outer loop
      vertex -0.0285831 -0.0341999 0.152178
      vertex -0.0246922 -0.0343559 0.152038
      vertex -0.024595 -0.0341999 0.152178
    endloop
  endfacet
  facet normal 0 -0.370138 0.928977
    outer loop
      vertex -0.0285831 -0.0352409 0.151472
      vertex -0.0285831 -0.0356319 0.151316
      vertex -0.0251748 -0.0356319 0.151316
    endloop
  endfacet
  facet normal 0.00324709 -0.345581 0.938383
    outer loop
      vertex -0.0251748 -0.0356319 0.151316
      vertex -0.0251275 -0.0354339 0.151389
      vertex -0.0285831 -0.0352409 0.151472
    endloop
  endfacet
  facet normal 0 -0.395206 0.918592
    outer loop
      vertex -0.0251275 -0.0354339 0.151389
      vertex -0.0250732 -0.0352409 0.151472
      vertex -0.0285831 -0.0352409 0.151472
    endloop
  endfacet
  facet normal 0 -0.468407 0.883513
    outer loop
      vertex -0.0285831 -0.0352409 0.151472
      vertex -0.0250732 -0.0352409 0.151472
      vertex -0.0285831 -0.034869 0.151669
    endloop
  endfacet
  facet normal 0.00312361 -0.445231 0.89541
    outer loop
      vertex -0.0250732 -0.0352409 0.151472
      vertex -0.0250112 -0.0350515 0.151566
      vertex -0.0285831 -0.034869 0.151669
    endloop
  endfacet
  facet normal 0 -0.49226 0.870448
    outer loop
      vertex -0.0285831 -0.034869 0.151669
      vertex -0.0250112 -0.0350515 0.151566
      vertex -0.0249426 -0.034869 0.151669
    endloop
  endfacet
  facet normal 0 -0.161785 0.986826
    outer loop
      vertex -0.0285831 -0.0360374 0.151204
      vertex -0.0285831 -0.0364527 0.151136
      vertex -0.025291 -0.0364527 0.151136
    endloop
  endfacet
  facet normal 0.00341074 -0.135399 0.990785
    outer loop
      vertex -0.025291 -0.0364527 0.151136
      vertex -0.0252728 -0.0362434 0.151164
      vertex -0.0285831 -0.0360374 0.151204
    endloop
  endfacet
  facet normal 0 -0.188547 0.982064
    outer loop
      vertex -0.0252728 -0.0362434 0.151164
      vertex -0.0252475 -0.0360374 0.151204
      vertex -0.0285831 -0.0360374 0.151204
    endloop
  endfacet
  facet normal 0 -0.267526 0.963551
    outer loop
      vertex -0.0285831 -0.0360374 0.151204
      vertex -0.0252475 -0.0360374 0.151204
      vertex -0.0285831 -0.0356319 0.151316
    endloop
  endfacet
  facet normal 0.00333433 -0.241968 0.970279
    outer loop
      vertex -0.0252475 -0.0360374 0.151204
      vertex -0.0252146 -0.0358321 0.151255
      vertex -0.0285831 -0.0356319 0.151316
    endloop
  endfacet
  facet normal 0 -0.293642 0.955915
    outer loop
      vertex -0.0285831 -0.0356319 0.151316
      vertex -0.0252146 -0.0358321 0.151255
      vertex -0.0251748 -0.0356319 0.151316
    endloop
  endfacet
  facet normal 0 0.135037 0.990841
    outer loop
      vertex -0.0252729 -0.0375021 0.151164
      vertex -0.025291 -0.0372933 0.151136
      vertex -0.0285831 -0.0372933 0.151136
    endloop
  endfacet
  facet normal 0 0.0812703 0.996692
    outer loop
      vertex -0.025291 -0.0372933 0.151136
      vertex -0.0253019 -0.0370843 0.151119
      vertex -0.0285831 -0.0372933 0.151136
    endloop
  endfacet
  facet normal 0.00173727 0.0541389 0.998532
    outer loop
      vertex -0.0285831 -0.0372933 0.151136
      vertex -0.0253019 -0.0370843 0.151119
      vertex -0.0285831 -0.036873 0.151113
    endloop
  endfacet
  facet normal 0 0.0271923 0.99963
    outer loop
      vertex -0.0253019 -0.0370843 0.151119
      vertex -0.0253056 -0.036873 0.151113
      vertex -0.0285831 -0.036873 0.151113
    endloop
  endfacet
  facet normal 0 -0.0541385 0.998533
    outer loop
      vertex -0.0285831 -0.036873 0.151113
      vertex -0.0253056 -0.036873 0.151113
      vertex -0.0285831 -0.0364527 0.151136
    endloop
  endfacet
  facet normal 0.00346419 -0.0271809 0.999625
    outer loop
      vertex -0.0253056 -0.036873 0.151113
      vertex -0.0253019 -0.0366622 0.151119
      vertex -0.0285831 -0.0364527 0.151136
    endloop
  endfacet
  facet normal 0 -0.0812001 0.996698
    outer loop
      vertex -0.0285831 -0.0364527 0.151136
      vertex -0.0253019 -0.0366622 0.151119
      vertex -0.025291 -0.0364527 0.151136
    endloop
  endfacet
  facet normal 0 0.188547 0.982064
    outer loop
      vertex -0.0285831 0.0362914 0.151204
      vertex -0.0252475 0.0362914 0.151204
      vertex -0.0252728 0.0364974 0.151164
    endloop
  endfacet
  facet normal 0.00172191 0.161784 0.986825
    outer loop
      vertex -0.0285831 0.0362914 0.151204
      vertex -0.0252728 0.0364974 0.151164
      vertex -0.0285831 0.0367067 0.151136
    endloop
  endfacet
  facet normal 0 0.241466 0.970409
    outer loop
      vertex -0.0252475 0.0362914 0.151204
      vertex -0.0285831 0.0362914 0.151204
      vertex -0.0252146 0.0360861 0.151255
    endloop
  endfacet
  facet normal 0.00169205 0.267525 0.963549
    outer loop
      vertex -0.0285831 0.0362914 0.151204
      vertex -0.0285831 0.0358859 0.151316
      vertex -0.0252146 0.0360861 0.151255
    endloop
  endfacet
  facet normal 0 0.293642 0.955915
    outer loop
      vertex -0.0252146 0.0360861 0.151255
      vertex -0.0285831 0.0358859 0.151316
      vertex -0.0251748 0.0358859 0.151316
    endloop
  endfacet
  facet normal 0 0.344899 0.93864
    outer loop
      vertex -0.0251748 0.0358859 0.151316
      vertex -0.0285831 0.0358859 0.151316
      vertex -0.0251275 0.0356879 0.151389
    endloop
  endfacet
  facet normal 0.00164954 0.370138 0.928975
    outer loop
      vertex -0.0285831 0.0358859 0.151316
      vertex -0.0285831 0.0354949 0.151472
      vertex -0.0251275 0.0356879 0.151389
    endloop
  endfacet
  facet normal 0 0.395206 0.918592
    outer loop
      vertex -0.0251275 0.0356879 0.151389
      vertex -0.0285831 0.0354949 0.151472
      vertex -0.0250732 0.0354949 0.151472
    endloop
  endfacet
  facet normal 0 0.444413 0.895822
    outer loop
      vertex -0.0250732 0.0354949 0.151472
      vertex -0.0285831 0.0354949 0.151472
      vertex -0.0250112 0.0353055 0.151566
    endloop
  endfacet
  facet normal 0.00159607 0.468409 0.883511
    outer loop
      vertex -0.0285831 0.0354949 0.151472
      vertex -0.0285831 0.035123 0.151669
      vertex -0.0250112 0.0353055 0.151566
    endloop
  endfacet
  facet normal 0 0.492264 0.870446
    outer loop
      vertex -0.0250112 0.0353055 0.151566
      vertex -0.0285831 0.035123 0.151669
      vertex -0.0249426 0.035123 0.151669
    endloop
  endfacet
  facet normal 0 0.538739 0.842473
    outer loop
      vertex -0.0249426 0.035123 0.151669
      vertex -0.0285831 0.035123 0.151669
      vertex -0.0248658 0.0349444 0.151784
    endloop
  endfacet
  facet normal 0.00153321 0.561188 0.827687
    outer loop
      vertex -0.0285831 0.035123 0.151669
      vertex -0.0285831 0.0347747 0.151906
      vertex -0.0248658 0.0349444 0.151784
    endloop
  endfacet
  facet normal 0 0.583552 0.812076
    outer loop
      vertex -0.0248658 0.0349444 0.151784
      vertex -0.0285831 0.0347747 0.151906
      vertex -0.0247831 0.0347747 0.151906
    endloop
  endfacet
  facet normal 0 0.626603 0.779339
    outer loop
      vertex -0.0247831 0.0347747 0.151906
      vertex -0.0285831 0.0347747 0.151906
      vertex -0.0246922 0.0346099 0.152038
    endloop
  endfacet
  facet normal 0.00146508 0.647384 0.762163
    outer loop
      vertex -0.0285831 0.0347747 0.151906
      vertex -0.0285831 0.0344539 0.152178
      vertex -0.0246922 0.0346099 0.152038
    endloop
  endfacet
  facet normal 0 0.667877 0.744271
    outer loop
      vertex -0.0246922 0.0346099 0.152038
      vertex -0.0285831 0.0344539 0.152178
      vertex -0.024595 0.0344539 0.152178
    endloop
  endfacet
  facet normal 0 0.707598 0.706615
    outer loop
      vertex -0.024595 0.0344539 0.152178
      vertex -0.0285831 0.0344539 0.152178
      vertex -0.0244876 0.0343013 0.152331
    endloop
  endfacet
  facet normal 0.00139088 0.725994 0.687699
    outer loop
      vertex -0.0285831 0.0344539 0.152178
      vertex -0.0285831 0.0341645 0.152484
      vertex -0.0244876 0.0343013 0.152331
    endloop
  endfacet
  facet normal 0 0.744813 0.667273
    outer loop
      vertex -0.0244876 0.0343013 0.152331
      vertex -0.0285831 0.0341645 0.152484
      vertex -0.0243787 0.0341645 0.152484
    endloop
  endfacet
  facet normal 0 0.796093 0.605175
    outer loop
      vertex -0.0285831 0.0341645 0.152484
      vertex -0.0285831 0.0339098 0.152819
      vertex -0.0243787 0.0341645 0.152484
    endloop
  endfacet
  facet normal 0 0.796093 0.605175
    outer loop
      vertex -0.0243787 0.0341645 0.152484
      vertex -0.0285831 0.0339098 0.152819
      vertex -0.0241349 0.0339098 0.152819
    endloop
  endfacet
  facet normal 0 0.856858 0.515552
    outer loop
      vertex -0.0285831 0.0339098 0.152819
      vertex -0.0285831 0.0336928 0.153179
      vertex -0.0241349 0.0339098 0.152819
    endloop
  endfacet
  facet normal 0 0.856858 0.515552
    outer loop
      vertex -0.0241349 0.0339098 0.152819
      vertex -0.0285831 0.0336928 0.153179
      vertex -0.0238645 0.0336928 0.153179
    endloop
  endfacet
  facet normal 0 0.907575 0.41989
    outer loop
      vertex -0.0285831 0.0336928 0.153179
      vertex -0.0285831 0.0335161 0.153561
      vertex -0.0238645 0.0336928 0.153179
    endloop
  endfacet
  facet normal 0 0.907575 0.41989
    outer loop
      vertex -0.0238645 0.0336928 0.153179
      vertex -0.0285831 0.0335161 0.153561
      vertex -0.0235686 0.0335161 0.153561
    endloop
  endfacet
  facet normal 0 0.947653 0.319302
    outer loop
      vertex -0.0285831 0.0335161 0.153561
      vertex -0.0285831 0.0333817 0.15396
      vertex -0.0235686 0.0335161 0.153561
    endloop
  endfacet
  facet normal 0 0.947653 0.319302
    outer loop
      vertex -0.0235686 0.0335161 0.153561
      vertex -0.0285831 0.0333817 0.15396
      vertex -0.023249 0.0333817 0.15396
    endloop
  endfacet
  facet normal 0 0.976621 0.21497
    outer loop
      vertex -0.0285831 0.0333817 0.15396
      vertex -0.0285831 0.0332912 0.154371
      vertex -0.023249 0.0333817 0.15396
    endloop
  endfacet
  facet normal 0 0.976621 0.21497
    outer loop
      vertex -0.023249 0.0333817 0.15396
      vertex -0.0285831 0.0332912 0.154371
      vertex -0.0229076 0.0332912 0.154371
    endloop
  endfacet
  facet normal 0 0.994138 0.108119
    outer loop
      vertex -0.0285831 0.0332912 0.154371
      vertex -0.0285831 0.0332457 0.15479
      vertex -0.0229076 0.0332912 0.154371
    endloop
  endfacet
  facet normal 0 0.994138 0.108119
    outer loop
      vertex -0.0229076 0.0332912 0.154371
      vertex -0.0285831 0.0332457 0.15479
      vertex -0.0225471 0.0332457 0.15479
    endloop
  endfacet
  facet normal 0 1 0
    outer loop
      vertex -0.0285831 0.0332457 0.15479
      vertex -0.0285831 0.0332457 0.15521
      vertex -0.0225471 0.0332457 0.15479
    endloop
  endfacet
  facet normal 0 1 0
    outer loop
      vertex -0.0225471 0.0332457 0.15479
      vertex -0.0285831 0.0332457 0.15521
      vertex -0.0221707 0.0332457 0.15521
    endloop
  endfacet
  facet normal 0 0.994138 -0.108118
    outer loop
      vertex -0.0285831 0.0332457 0.15521
      vertex -0.0285831 0.0332912 0.155629
      vertex -0.0221707 0.0332457 0.15521
    endloop
  endfacet
  facet normal 0 0.994138 -0.108118
    outer loop
      vertex -0.0221707 0.0332457 0.15521
      vertex -0.0285831 0.0332912 0.155629
      vertex -0.0217819 0.0332912 0.155629
    endloop
  endfacet
  facet normal 0 0.97662 -0.214971
    outer loop
      vertex -0.0285831 0.0332912 0.155629
      vertex -0.0285831 0.0333817 0.15604
      vertex -0.0217819 0.0332912 0.155629
    endloop
  endfacet
  facet normal 0 0.97662 -0.214971
    outer loop
      vertex -0.0217819 0.0332912 0.155629
      vertex -0.0285831 0.0333817 0.15604
      vertex -0.0213851 0.0333817 0.15604
    endloop
  endfacet
  facet normal 0 0.947653 -0.319301
    outer loop
      vertex -0.0285831 0.0333817 0.15604
      vertex -0.0285831 0.0335161 0.156439
      vertex -0.0213851 0.0333817 0.15604
    endloop
  endfacet
  facet normal 0 0.947653 -0.319301
    outer loop
      vertex -0.0213851 0.0333817 0.15604
      vertex -0.0285831 0.0335161 0.156439
      vertex -0.0209853 0.0335161 0.156439
    endloop
  endfacet
  facet normal 0 0.907574 -0.419891
    outer loop
      vertex -0.0285831 0.0335161 0.156439
      vertex -0.0285831 0.0336928 0.156821
      vertex -0.0209853 0.0335161 0.156439
    endloop
  endfacet
  facet normal 0 0.907574 -0.419891
    outer loop
      vertex -0.0209853 0.0335161 0.156439
      vertex -0.0285831 0.0336928 0.156821
      vertex -0.0205878 0.0336928 0.156821
    endloop
  endfacet
  facet normal 0 0.856858 -0.515552
    outer loop
      vertex -0.0285831 0.0336928 0.156821
      vertex -0.0285831 0.0339098 0.157181
      vertex -0.0205878 0.0336928 0.156821
    endloop
  endfacet
  facet normal 0 0.856858 -0.515552
    outer loop
      vertex -0.0205878 0.0336928 0.156821
      vertex -0.0285831 0.0339098 0.157181
      vertex -0.0201987 0.0339098 0.157181
    endloop
  endfacet
  facet normal 0 0.796093 -0.605175
    outer loop
      vertex -0.0285831 0.0339098 0.157181
      vertex -0.0285831 0.0341645 0.157516
      vertex -0.0201987 0.0339098 0.157181
    endloop
  endfacet
  facet normal 0 0.796093 -0.605175
    outer loop
      vertex -0.0201987 0.0339098 0.157181
      vertex -0.0285831 0.0341645 0.157516
      vertex -0.0198245 0.0341645 0.157516
    endloop
  endfacet
  facet normal 0 0.725995 -0.6877
    outer loop
      vertex -0.0285831 0.0341645 0.157516
      vertex -0.0285831 0.0344539 0.157822
      vertex -0.0198245 0.0341645 0.157516
    endloop
  endfacet
  facet normal 0 0.725995 -0.6877
    outer loop
      vertex -0.0198245 0.0341645 0.157516
      vertex -0.0285831 0.0344539 0.157822
      vertex -0.019472 0.0344539 0.157822
    endloop
  endfacet
  facet normal 0 0.647387 -0.762161
    outer loop
      vertex -0.0285831 0.0344539 0.157822
      vertex -0.0285831 0.0347747 0.158094
      vertex -0.019472 0.0344539 0.157822
    endloop
  endfacet
  facet normal 0 0.647387 -0.762161
    outer loop
      vertex -0.019472 0.0344539 0.157822
      vertex -0.0285831 0.0347747 0.158094
      vertex -0.0191481 0.0347747 0.158094
    endloop
  endfacet
  facet normal 0 0.583628 -0.812021
    outer loop
      vertex -0.0191481 0.0347747 0.158094
      vertex -0.0285831 0.0347747 0.158094
      vertex -0.0190005 0.0349438 0.158216
    endloop
  endfacet
  facet normal 0.000594676 0.561189 -0.827688
    outer loop
      vertex -0.0285831 0.0347747 0.158094
      vertex -0.0285831 0.035123 0.158331
      vertex -0.0190005 0.0349438 0.158216
    endloop
  endfacet
  facet normal 0 0.538822 -0.84242
    outer loop
      vertex -0.0190005 0.0349438 0.158216
      vertex -0.0285831 0.035123 0.158331
      vertex -0.0188596 0.035123 0.158331
    endloop
  endfacet
  facet normal 0 0.508049 -0.861328
    outer loop
      vertex -0.0188596 0.035123 0.158331
      vertex -0.0285831 0.035123 0.158331
      vertex -0.0188168 0.0351815 0.158365
    endloop
  endfacet
  facet normal 0.000315653 0.468406 -0.883513
    outer loop
      vertex -0.0285831 0.035123 0.158331
      vertex -0.0285831 0.0354949 0.158528
      vertex -0.0188168 0.0351815 0.158365
    endloop
  endfacet
  facet normal 0 0.460674 -0.887569
    outer loop
      vertex -0.0188168 0.0351815 0.158365
      vertex -0.0285831 0.0354949 0.158528
      vertex -0.018613 0.0354949 0.158528
    endloop
  endfacet
  facet normal 0 0.395386 -0.918515
    outer loop
      vertex -0.018613 0.0354949 0.158528
      vertex -0.0285831 0.0354949 0.158528
      vertex -0.0185083 0.0356865 0.15861
    endloop
  endfacet
  facet normal 0.000565892 0.370138 -0.928977
    outer loop
      vertex -0.0285831 0.0354949 0.158528
      vertex -0.0285831 0.0358859 0.158684
      vertex -0.0185083 0.0356865 0.15861
    endloop
  endfacet
  facet normal 0 0.345069 -0.938577
    outer loop
      vertex -0.0185083 0.0356865 0.15861
      vertex -0.0285831 0.0358859 0.158684
      vertex -0.0184144 0.0358859 0.158684
    endloop
  endfacet
  facet normal 0 0.293857 -0.95585
    outer loop
      vertex -0.0184144 0.0358859 0.158684
      vertex -0.0285831 0.0358859 0.158684
      vertex -0.0183356 0.0360845 0.158745
    endloop
  endfacet
  facet normal 0.000556185 0.26753 -0.963549
    outer loop
      vertex -0.0285831 0.0358859 0.158684
      vertex -0.0285831 0.0362914 0.158796
      vertex -0.0183356 0.0360845 0.158745
    endloop
  endfacet
  facet normal 0 0.241678 -0.970356
    outer loop
      vertex -0.0183356 0.0360845 0.158745
      vertex -0.0285831 0.0362914 0.158796
      vertex -0.0182687 0.0362914 0.158796
    endloop
  endfacet
  facet normal 0 0.188527 -0.982068
    outer loop
      vertex -0.0182687 0.0362914 0.158796
      vertex -0.0285831 0.0362914 0.158796
      vertex -0.018217 0.0364975 0.158836
    endloop
  endfacet
  facet normal 0.000549979 0.16178 -0.986827
    outer loop
      vertex -0.0285831 0.0362914 0.158796
      vertex -0.0285831 0.0367067 0.158864
      vertex -0.018217 0.0364975 0.158836
    endloop
  endfacet
  facet normal 0 0.135077 -0.990835
    outer loop
      vertex -0.018217 0.0364975 0.158836
      vertex -0.0285831 0.0367067 0.158864
      vertex -0.0181796 0.0367067 0.158864
    endloop
  endfacet
  facet normal 0 0.0813111 -0.996689
    outer loop
      vertex -0.0181796 0.0367067 0.158864
      vertex -0.0285831 0.0367067 0.158864
      vertex -0.0181573 0.0369154 0.158881
    endloop
  endfacet
  facet normal 0.000546771 0.0541388 -0.998533
    outer loop
      vertex -0.0285831 0.0367067 0.158864
      vertex -0.0285831 0.037127 0.158887
      vertex -0.0181573 0.0369154 0.158881
    endloop
  endfacet
  facet normal 0 0.0272313 -0.999629
    outer loop
      vertex -0.0181573 0.0369154 0.158881
      vertex -0.0285831 0.037127 0.158887
      vertex -0.0181497 0.037127 0.158887
    endloop
  endfacet
  facet normal 0 -0.0272501 -0.999629
    outer loop
      vertex -0.0181497 0.037127 0.158887
      vertex -0.0285831 0.037127 0.158887
      vertex -0.0181573 0.0373388 0.158881
    endloop
  endfacet
  facet normal 0.000546895 -0.0541388 -0.998533
    outer loop
      vertex -0.0285831 0.037127 0.158887
      vertex -0.0285831 0.0375473 0.158864
      vertex -0.0181573 0.0373388 0.158881
    endloop
  endfacet
  facet normal 0 -0.0813427 -0.996686
    outer loop
      vertex -0.0181573 0.0373388 0.158881
      vertex -0.0285831 0.0375473 0.158864
      vertex -0.0181796 0.0375473 0.158864
    endloop
  endfacet
  facet normal 0 -0.135093 -0.990833
    outer loop
      vertex -0.0181796 0.0375473 0.158864
      vertex -0.0285831 0.0375473 0.158864
      vertex -0.018217 0.0377566 0.158836
    endloop
  endfacet
  facet normal 0.000549951 -0.16178 -0.986827
    outer loop
      vertex -0.0285831 0.0375473 0.158864
      vertex -0.0285831 0.0379626 0.158796
      vertex -0.018217 0.0377566 0.158836
    endloop
  endfacet
  facet normal 0 -0.18854 -0.982065
    outer loop
      vertex -0.018217 0.0377566 0.158836
      vertex -0.0285831 0.0379626 0.158796
      vertex -0.0182687 0.0379626 0.158796
    endloop
  endfacet
  facet normal 0 -0.2417 -0.970351
    outer loop
      vertex -0.0182687 0.0379626 0.158796
      vertex -0.0285831 0.0379626 0.158796
      vertex -0.0183357 0.0381696 0.158745
    endloop
  endfacet
  facet normal 0.000556147 -0.26753 -0.963549
    outer loop
      vertex -0.0285831 0.0379626 0.158796
      vertex -0.0285831 0.0383681 0.158684
      vertex -0.0183357 0.0381696 0.158745
    endloop
  endfacet
  facet normal 0 -0.293875 -0.955844
    outer loop
      vertex -0.0183357 0.0381696 0.158745
      vertex -0.0285831 0.0383681 0.158684
      vertex -0.0184144 0.0383681 0.158684
    endloop
  endfacet
  facet normal 0 -0.345087 -0.938571
    outer loop
      vertex -0.0184144 0.0383681 0.158684
      vertex -0.0285831 0.0383681 0.158684
      vertex -0.0185084 0.0385676 0.15861
    endloop
  endfacet
  facet normal 0.000565877 -0.370138 -0.928977
    outer loop
      vertex -0.0285831 0.0383681 0.158684
      vertex -0.0285831 0.0387591 0.158528
      vertex -0.0185084 0.0385676 0.15861
    endloop
  endfacet
  facet normal 0 -0.395402 -0.918508
    outer loop
      vertex -0.0185084 0.0385676 0.15861
      vertex -0.0285831 0.0387591 0.158528
      vertex -0.018613 0.0387591 0.158528
    endloop
  endfacet
  facet normal 0.0011832 -0.582945 -0.812511
    outer loop
      vertex -0.0191481 0.0394793 0.158094
      vertex -0.0190005 0.0393102 0.158216
      vertex -0.0285831 0.039131 0.158331
    endloop
  endfacet
  facet normal 2.16045e-6 -0.5389 -0.84237
    outer loop
      vertex -0.0190005 0.0393102 0.158216
      vertex -0.0188601 0.0391316 0.15833
      vertex -0.0285831 0.039131 0.158331
    endloop
  endfacet
  facet normal -4.35525e-6 -0.468406 -0.883513
    outer loop
      vertex -0.0285831 0.039131 0.158331
      vertex -0.0188601 0.0391316 0.15833
      vertex -0.0285831 0.0387591 0.158528
    endloop
  endfacet
  facet normal 0.00191736 -0.507097 -0.861887
    outer loop
      vertex -0.0188601 0.0391316 0.15833
      vertex -0.0188168 0.0390725 0.158365
      vertex -0.0285831 0.0387591 0.158528
    endloop
  endfacet
  facet normal 0 -0.460674 -0.887569
    outer loop
      vertex -0.0285831 0.0387591 0.158528
      vertex -0.0188168 0.0390725 0.158365
      vertex -0.018613 0.0387591 0.158528
    endloop
  endfacet
  facet normal 0 -0.856858 -0.515552
    outer loop
      vertex -0.0285831 0.0405612 0.156821
      vertex -0.0201987 0.0403442 0.157181
      vertex -0.0285831 0.0403442 0.157181
    endloop
  endfacet
  facet normal 0 -0.796093 -0.605175
    outer loop
      vertex -0.0201987 0.0403442 0.157181
      vertex -0.0198245 0.0400895 0.157516
      vertex -0.0285831 0.0403442 0.157181
    endloop
  endfacet
  facet normal 0 -0.796093 -0.605175
    outer loop
      vertex -0.0285831 0.0403442 0.157181
      vertex -0.0198245 0.0400895 0.157516
      vertex -0.0285831 0.0400895 0.157516
    endloop
  endfacet
  facet normal 0 -0.725995 -0.6877
    outer loop
      vertex -0.0198245 0.0400895 0.157516
      vertex -0.019472 0.0398001 0.157822
      vertex -0.0285831 0.0400895 0.157516
    endloop
  endfacet
  facet normal 0 -0.725995 -0.6877
    outer loop
      vertex -0.0285831 0.0400895 0.157516
      vertex -0.019472 0.0398001 0.157822
      vertex -0.0285831 0.0398001 0.157822
    endloop
  endfacet
  facet normal 0 -0.647387 -0.762161
    outer loop
      vertex -0.019472 0.0398001 0.157822
      vertex -0.0191481 0.0394793 0.158094
      vertex -0.0285831 0.0398001 0.157822
    endloop
  endfacet
  facet normal 0 -0.647387 -0.762161
    outer loop
      vertex -0.0285831 0.0398001 0.157822
      vertex -0.0191481 0.0394793 0.158094
      vertex -0.0285831 0.0394793 0.158094
    endloop
  endfacet
  facet normal 0 -0.561189 -0.827688
    outer loop
      vertex -0.0191481 0.0394793 0.158094
      vertex -0.0285831 0.039131 0.158331
      vertex -0.0285831 0.0394793 0.158094
    endloop
  endfacet
  facet normal 0.00217252 -0.923342 -0.383972
    outer loop
      vertex -0.0209853 0.040738 0.156439
      vertex -0.0208903 0.0406997 0.156531
      vertex -0.0285831 0.0405612 0.156821
    endloop
  endfacet
  facet normal 0 -0.902091 -0.431546
    outer loop
      vertex -0.0208903 0.0406997 0.156531
      vertex -0.0205878 0.0405612 0.156821
      vertex -0.0285831 0.0405612 0.156821
    endloop
  endfacet
  facet normal 0 -0.856858 -0.515552
    outer loop
      vertex -0.0285831 0.0405612 0.156821
      vertex -0.0205878 0.0405612 0.156821
      vertex -0.0201987 0.0403442 0.157181
    endloop
  endfacet
  facet normal -3.31878e-7 -0.907574 -0.419891
    outer loop
      vertex -0.0285831 0.0405612 0.156821
      vertex -0.0285831 0.0407379 0.156439
      vertex -0.0209853 0.040738 0.156439
    endloop
  endfacet
  facet normal 4.42029e-7 -0.947653 -0.319301
    outer loop
      vertex -0.0285831 0.0407379 0.156439
      vertex -0.0285831 0.0408723 0.15604
      vertex -0.0209853 0.040738 0.156439
    endloop
  endfacet
  facet normal 0 -0.947656 -0.319293
    outer loop
      vertex -0.0209853 0.040738 0.156439
      vertex -0.0285831 0.0408723 0.15604
      vertex -0.0213851 0.0408723 0.15604
    endloop
  endfacet
  facet normal 0 -0.97662 -0.214971
    outer loop
      vertex -0.0285831 0.0408723 0.15604
      vertex -0.0285831 0.0409628 0.155629
      vertex -0.0213851 0.0408723 0.15604
    endloop
  endfacet
  facet normal 0 -0.97662 -0.214971
    outer loop
      vertex -0.0213851 0.0408723 0.15604
      vertex -0.0285831 0.0409628 0.155629
      vertex -0.0217819 0.0409628 0.155629
    endloop
  endfacet
  facet normal 0 -0.994138 -0.108118
    outer loop
      vertex -0.0285831 0.0409628 0.155629
      vertex -0.0285831 0.0410083 0.15521
      vertex -0.0217819 0.0409628 0.155629
    endloop
  endfacet
  facet normal 0 -0.994138 -0.108118
    outer loop
      vertex -0.0217819 0.0409628 0.155629
      vertex -0.0285831 0.0410083 0.15521
      vertex -0.0221707 0.0410083 0.15521
    endloop
  endfacet
  facet normal 0 -1 0
    outer loop
      vertex -0.0285831 0.0410083 0.15521
      vertex -0.0285831 0.0410083 0.15479
      vertex -0.0221707 0.0410083 0.15521
    endloop
  endfacet
  facet normal 0 -1 0
    outer loop
      vertex -0.0221707 0.0410083 0.15521
      vertex -0.0285831 0.0410083 0.15479
      vertex -0.0225471 0.0410083 0.15479
    endloop
  endfacet
  facet normal 0 -0.994138 0.108119
    outer loop
      vertex -0.0285831 0.0410083 0.15479
      vertex -0.0285831 0.0409628 0.154371
      vertex -0.0225471 0.0410083 0.15479
    endloop
  endfacet
  facet normal 0 -0.994138 0.108119
    outer loop
      vertex -0.0225471 0.0410083 0.15479
      vertex -0.0285831 0.0409628 0.154371
      vertex -0.0229076 0.0409628 0.154371
    endloop
  endfacet
  facet normal 0 -0.976621 0.21497
    outer loop
      vertex -0.0285831 0.0409628 0.154371
      vertex -0.0285831 0.0408723 0.15396
      vertex -0.0229076 0.0409628 0.154371
    endloop
  endfacet
  facet normal 0 -0.976621 0.21497
    outer loop
      vertex -0.0229076 0.0409628 0.154371
      vertex -0.0285831 0.0408723 0.15396
      vertex -0.023249 0.0408723 0.15396
    endloop
  endfacet
  facet normal 0 -0.947653 0.319302
    outer loop
      vertex -0.0285831 0.0408723 0.15396
      vertex -0.0285831 0.0407379 0.153561
      vertex -0.023249 0.0408723 0.15396
    endloop
  endfacet
  facet normal 0 -0.947653 0.319302
    outer loop
      vertex -0.023249 0.0408723 0.15396
      vertex -0.0285831 0.0407379 0.153561
      vertex -0.0235686 0.0407379 0.153561
    endloop
  endfacet
  facet normal 0 -0.907575 0.41989
    outer loop
      vertex -0.0285831 0.0407379 0.153561
      vertex -0.0285831 0.0405612 0.153179
      vertex -0.0235686 0.0407379 0.153561
    endloop
  endfacet
  facet normal 0 -0.907575 0.41989
    outer loop
      vertex -0.0235686 0.0407379 0.153561
      vertex -0.0285831 0.0405612 0.153179
      vertex -0.0238645 0.0405612 0.153179
    endloop
  endfacet
  facet normal 0 -0.856858 0.515552
    outer loop
      vertex -0.0285831 0.0405612 0.153179
      vertex -0.0285831 0.0403442 0.152819
      vertex -0.0238645 0.0405612 0.153179
    endloop
  endfacet
  facet normal 0 -0.856858 0.515552
    outer loop
      vertex -0.0238645 0.0405612 0.153179
      vertex -0.0285831 0.0403442 0.152819
      vertex -0.0241349 0.0403442 0.152819
    endloop
  endfacet
  facet normal 0 -0.796093 0.605175
    outer loop
      vertex -0.0285831 0.0403442 0.152819
      vertex -0.0285831 0.0400895 0.152484
      vertex -0.0241349 0.0403442 0.152819
    endloop
  endfacet
  facet normal 0 -0.796093 0.605175
    outer loop
      vertex -0.0241349 0.0403442 0.152819
      vertex -0.0285831 0.0400895 0.152484
      vertex -0.0243787 0.0400895 0.152484
    endloop
  endfacet
  facet normal 0 -0.725995 0.6877
    outer loop
      vertex -0.0285831 0.0398001 0.152178
      vertex -0.024595 0.0398001 0.152178
      vertex -0.0285831 0.0400895 0.152484
    endloop
  endfacet
  facet normal 0.00264546 -0.708525 0.705681
    outer loop
      vertex -0.024595 0.0398001 0.152178
      vertex -0.0244876 0.0399527 0.152331
      vertex -0.0285831 0.0400895 0.152484
    endloop
  endfacet
  facet normal 0 -0.744813 0.667273
    outer loop
      vertex -0.0285831 0.0400895 0.152484
      vertex -0.0244876 0.0399527 0.152331
      vertex -0.0243787 0.0400895 0.152484
    endloop
  endfacet
  facet normal 0 -0.561189 0.827688
    outer loop
      vertex -0.0285831 0.0394793 0.151906
      vertex -0.0285831 0.039131 0.151669
      vertex -0.0249426 0.039131 0.151669
    endloop
  endfacet
  facet normal 0.00298259 -0.539646 0.841887
    outer loop
      vertex -0.0249426 0.039131 0.151669
      vertex -0.0248658 0.0393096 0.151784
      vertex -0.0285831 0.0394793 0.151906
    endloop
  endfacet
  facet normal 0 -0.583559 0.812071
    outer loop
      vertex -0.0248658 0.0393096 0.151784
      vertex -0.0247831 0.0394793 0.151906
      vertex -0.0285831 0.0394793 0.151906
    endloop
  endfacet
  facet normal 0 -0.647384 0.762164
    outer loop
      vertex -0.0285831 0.0394793 0.151906
      vertex -0.0247831 0.0394793 0.151906
      vertex -0.0285831 0.0398001 0.152178
    endloop
  endfacet
  facet normal 0.00284362 -0.6276 0.778531
    outer loop
      vertex -0.0247831 0.0394793 0.151906
      vertex -0.024692 0.0396445 0.152038
      vertex -0.0285831 0.0398001 0.152178
    endloop
  endfacet
  facet normal 0 -0.667923 0.744231
    outer loop
      vertex -0.0285831 0.0398001 0.152178
      vertex -0.024692 0.0396445 0.152038
      vertex -0.024595 0.0398001 0.152178
    endloop
  endfacet
  facet normal 0 -0.370138 0.928977
    outer loop
      vertex -0.0285831 0.0387591 0.151472
      vertex -0.0285831 0.0383681 0.151316
      vertex -0.0251748 0.0383681 0.151316
    endloop
  endfacet
  facet normal 0.00323377 -0.345682 0.938346
    outer loop
      vertex -0.0251748 0.0383681 0.151316
      vertex -0.0251273 0.0385669 0.15139
      vertex -0.0285831 0.0387591 0.151472
    endloop
  endfacet
  facet normal 0 -0.395303 0.918551
    outer loop
      vertex -0.0251273 0.0385669 0.15139
      vertex -0.0250732 0.0387591 0.151472
      vertex -0.0285831 0.0387591 0.151472
    endloop
  endfacet
  facet normal 0 -0.468409 0.883512
    outer loop
      vertex -0.0285831 0.0387591 0.151472
      vertex -0.0250732 0.0387591 0.151472
      vertex -0.0285831 0.039131 0.151669
    endloop
  endfacet
  facet normal 0.00312652 -0.445211 0.89542
    outer loop
      vertex -0.0250732 0.0387591 0.151472
      vertex -0.0250113 0.0389483 0.151566
      vertex -0.0285831 0.039131 0.151669
    endloop
  endfacet
  facet normal 0 -0.492233 0.870463
    outer loop
      vertex -0.0285831 0.039131 0.151669
      vertex -0.0250113 0.0389483 0.151566
      vertex -0.0249426 0.039131 0.151669
    endloop
  endfacet
  facet normal 0 -0.161784 0.986826
    outer loop
      vertex -0.0285831 0.0379626 0.151204
      vertex -0.0285831 0.0375473 0.151136
      vertex -0.025291 0.0375473 0.151136
    endloop
  endfacet
  facet normal 0.00341975 -0.135328 0.990795
    outer loop
      vertex -0.025291 0.0375473 0.151136
      vertex -0.0252729 0.0377561 0.151164
      vertex -0.0285831 0.0379626 0.151204
    endloop
  endfacet
  facet normal 0 -0.188476 0.982078
    outer loop
      vertex -0.0252729 0.0377561 0.151164
      vertex -0.0252475 0.0379626 0.151204
      vertex -0.0285831 0.0379626 0.151204
    endloop
  endfacet
  facet normal 0 -0.267526 0.963551
    outer loop
      vertex -0.0285831 0.0379626 0.151204
      vertex -0.0252475 0.0379626 0.151204
      vertex -0.0285831 0.0383681 0.151316
    endloop
  endfacet
  facet normal 0.00335096 -0.24184 0.97031
    outer loop
      vertex -0.0252475 0.0379626 0.151204
      vertex -0.0252148 0.0381669 0.151255
      vertex -0.0285831 0.0383681 0.151316
    endloop
  endfacet
  facet normal 0 -0.293518 0.955954
    outer loop
      vertex -0.0285831 0.0383681 0.151316
      vertex -0.0252148 0.0381669 0.151255
      vertex -0.0251748 0.0383681 0.151316
    endloop
  endfacet
  facet normal 0 0.135107 0.990831
    outer loop
      vertex -0.0252728 0.0364974 0.151164
      vertex -0.025291 0.0367067 0.151136
      vertex -0.0285831 0.0367067 0.151136
    endloop
  endfacet
  facet normal 0 0.0812009 0.996698
    outer loop
      vertex -0.025291 0.0367067 0.151136
      vertex -0.0253019 0.0369162 0.151119
      vertex -0.0285831 0.0367067 0.151136
    endloop
  endfacet
  facet normal 0.00173736 0.0541387 0.998532
    outer loop
      vertex -0.0285831 0.0367067 0.151136
      vertex -0.0253019 0.0369162 0.151119
      vertex -0.0285831 0.037127 0.151113
    endloop
  endfacet
  facet normal 0 0.0271212 0.999632
    outer loop
      vertex -0.0253019 0.0369162 0.151119
      vertex -0.0253056 0.037127 0.151113
      vertex -0.0285831 0.037127 0.151113
    endloop
  endfacet
  facet normal 0 -0.0541388 0.998533
    outer loop
      vertex -0.0285831 0.037127 0.151113
      vertex -0.0253056 0.037127 0.151113
      vertex -0.0285831 0.0375473 0.151136
    endloop
  endfacet
  facet normal 0.00345508 -0.027252 0.999623
    outer loop
      vertex -0.0253056 0.037127 0.151113
      vertex -0.0253019 0.0373383 0.151119
      vertex -0.0285831 0.0375473 0.151136
    endloop
  endfacet
  facet normal 0 -0.0812696 0.996692
    outer loop
      vertex -0.0285831 0.0375473 0.151136
      vertex -0.0253019 0.0373383 0.151119
      vertex -0.025291 0.0375473 0.151136
    endloop
  endfacet
  facet normal 0 -0.0541411 -0.998533
    outer loop
      vertex -0.0285831 -0.036873 0.157125
      vertex -0.04 -0.036873 0.157125
      vertex -0.0285831 -0.0366432 0.157113
    endloop
  endfacet
  facet normal 0 -0.0541411 -0.998533
    outer loop
      vertex -0.04 -0.036873 0.157125
      vertex -0.04 -0.0366432 0.157113
      vertex -0.0285831 -0.0366432 0.157113
    endloop
  endfacet
  facet normal 0 -0.161783 -0.986826
    outer loop
      vertex -0.0285831 -0.0366432 0.157113
      vertex -0.04 -0.0366432 0.157113
      vertex -0.0285831 -0.0364162 0.157075
    endloop
  endfacet
  facet normal 0 -0.161783 -0.986826
    outer loop
      vertex -0.04 -0.0366432 0.157113
      vertex -0.04 -0.0364162 0.157075
      vertex -0.0285831 -0.0364162 0.157075
    endloop
  endfacet
  facet normal 0 -0.267525 -0.963551
    outer loop
      vertex -0.0285831 -0.0364162 0.157075
      vertex -0.04 -0.0364162 0.157075
      vertex -0.0285831 -0.0361945 0.157014
    endloop
  endfacet
  facet normal 0 -0.267525 -0.963551
    outer loop
      vertex -0.04 -0.0364162 0.157075
      vertex -0.04 -0.0361945 0.157014
      vertex -0.0285831 -0.0361945 0.157014
    endloop
  endfacet
  facet normal 0 -0.370138 -0.928977
    outer loop
      vertex -0.0285831 -0.0361945 0.157014
      vertex -0.04 -0.0361945 0.157014
      vertex -0.0285831 -0.0359807 0.156929
    endloop
  endfacet
  facet normal 0 -0.370138 -0.928977
    outer loop
      vertex -0.04 -0.0361945 0.157014
      vertex -0.04 -0.0359807 0.156929
      vertex -0.0285831 -0.0359807 0.156929
    endloop
  endfacet
  facet normal 0 -0.468413 -0.88351
    outer loop
      vertex -0.0285831 -0.0359807 0.156929
      vertex -0.04 -0.0359807 0.156929
      vertex -0.0285831 -0.0357774 0.156821
    endloop
  endfacet
  facet normal 0 -0.468413 -0.88351
    outer loop
      vertex -0.04 -0.0359807 0.156929
      vertex -0.04 -0.0357774 0.156821
      vertex -0.0285831 -0.0357774 0.156821
    endloop
  endfacet
  facet normal 0 -0.561181 -0.827693
    outer loop
      vertex -0.0285831 -0.0357774 0.156821
      vertex -0.04 -0.0357774 0.156821
      vertex -0.0285831 -0.035587 0.156692
    endloop
  endfacet
  facet normal 0 -0.561181 -0.827693
    outer loop
      vertex -0.04 -0.0357774 0.156821
      vertex -0.04 -0.035587 0.156692
      vertex -0.0285831 -0.035587 0.156692
    endloop
  endfacet
  facet normal 0 -0.647391 -0.762158
    outer loop
      vertex -0.0285831 -0.035587 0.156692
      vertex -0.04 -0.035587 0.156692
      vertex -0.0285831 -0.0354116 0.156543
    endloop
  endfacet
  facet normal 0 -0.647391 -0.762158
    outer loop
      vertex -0.04 -0.035587 0.156692
      vertex -0.04 -0.0354116 0.156543
      vertex -0.0285831 -0.0354116 0.156543
    endloop
  endfacet
  facet normal 0 -0.725993 -0.687702
    outer loop
      vertex -0.0285831 -0.0354116 0.156543
      vertex -0.04 -0.0354116 0.156543
      vertex -0.0285831 -0.0352534 0.156376
    endloop
  endfacet
  facet normal 0 -0.725993 -0.687702
    outer loop
      vertex -0.04 -0.0354116 0.156543
      vertex -0.04 -0.0352534 0.156376
      vertex -0.0285831 -0.0352534 0.156376
    endloop
  endfacet
  facet normal 0 -0.796094 -0.605174
    outer loop
      vertex -0.0285831 -0.0352534 0.156376
      vertex -0.04 -0.0352534 0.156376
      vertex -0.0285831 -0.0351142 0.156193
    endloop
  endfacet
  facet normal 0 -0.796094 -0.605174
    outer loop
      vertex -0.04 -0.0352534 0.156376
      vertex -0.04 -0.0351142 0.156193
      vertex -0.0285831 -0.0351142 0.156193
    endloop
  endfacet
  facet normal 0 -0.856857 -0.515554
    outer loop
      vertex -0.0285831 -0.0351142 0.156193
      vertex -0.04 -0.0351142 0.156193
      vertex -0.0285831 -0.0349955 0.155995
    endloop
  endfacet
  facet normal 0 -0.856857 -0.515554
    outer loop
      vertex -0.04 -0.0351142 0.156193
      vertex -0.04 -0.0349955 0.155995
      vertex -0.0285831 -0.0349955 0.155995
    endloop
  endfacet
  facet normal 0 -0.907576 -0.419889
    outer loop
      vertex -0.0285831 -0.0349955 0.155995
      vertex -0.04 -0.0349955 0.155995
      vertex -0.0285831 -0.0348989 0.155787
    endloop
  endfacet
  facet normal 0 -0.907576 -0.419889
    outer loop
      vertex -0.04 -0.0349955 0.155995
      vertex -0.04 -0.0348989 0.155787
      vertex -0.0285831 -0.0348989 0.155787
    endloop
  endfacet
  facet normal 0 -0.947651 -0.319308
    outer loop
      vertex -0.0285831 -0.0348989 0.155787
      vertex -0.04 -0.0348989 0.155787
      vertex -0.0285831 -0.0348255 0.155568
    endloop
  endfacet
  facet normal 0 -0.947651 -0.319308
    outer loop
      vertex -0.04 -0.0348989 0.155787
      vertex -0.04 -0.0348255 0.155568
      vertex -0.0285831 -0.0348255 0.155568
    endloop
  endfacet
  facet normal 0 -0.976622 -0.214962
    outer loop
      vertex -0.0285831 -0.0348255 0.155568
      vertex -0.04 -0.0348255 0.155568
      vertex -0.0285831 -0.034776 0.155344
    endloop
  endfacet
  facet normal 0 -0.976622 -0.214962
    outer loop
      vertex -0.04 -0.0348255 0.155568
      vertex -0.04 -0.034776 0.155344
      vertex -0.0285831 -0.034776 0.155344
    endloop
  endfacet
  facet normal 0 -0.994138 -0.108121
    outer loop
      vertex -0.0285831 -0.034776 0.155344
      vertex -0.04 -0.034776 0.155344
      vertex -0.0285831 -0.0347511 0.155115
    endloop
  endfacet
  facet normal 0 -0.994138 -0.108121
    outer loop
      vertex -0.04 -0.034776 0.155344
      vertex -0.04 -0.0347511 0.155115
      vertex -0.0285831 -0.0347511 0.155115
    endloop
  endfacet
  facet normal 0 -1 0
    outer loop
      vertex -0.0285831 -0.0347511 0.155115
      vertex -0.04 -0.0347511 0.155115
      vertex -0.0285831 -0.0347511 0.154885
    endloop
  endfacet
  facet normal 0 -1 0
    outer loop
      vertex -0.04 -0.0347511 0.155115
      vertex -0.04 -0.0347511 0.154885
      vertex -0.0285831 -0.0347511 0.154885
    endloop
  endfacet
  facet normal 0 -0.994138 0.10812
    outer loop
      vertex -0.0285831 -0.0347511 0.154885
      vertex -0.04 -0.0347511 0.154885
      vertex -0.0285831 -0.034776 0.154656
    endloop
  endfacet
  facet normal 0 -0.994138 0.10812
    outer loop
      vertex -0.04 -0.0347511 0.154885
      vertex -0.04 -0.034776 0.154656
      vertex -0.0285831 -0.034776 0.154656
    endloop
  endfacet
  facet normal 0 -0.976622 0.214962
    outer loop
      vertex -0.0285831 -0.034776 0.154656
      vertex -0.04 -0.034776 0.154656
      vertex -0.0285831 -0.0348255 0.154432
    endloop
  endfacet
  facet normal 0 -0.976622 0.214962
    outer loop
      vertex -0.04 -0.034776 0.154656
      vertex -0.04 -0.0348255 0.154432
      vertex -0.0285831 -0.0348255 0.154432
    endloop
  endfacet
  facet normal 0 -0.94765 0.31931
    outer loop
      vertex -0.0285831 -0.0348255 0.154432
      vertex -0.04 -0.0348255 0.154432
      vertex -0.0285831 -0.0348989 0.154213
    endloop
  endfacet
  facet normal 0 -0.94765 0.31931
    outer loop
      vertex -0.04 -0.0348255 0.154432
      vertex -0.04 -0.0348989 0.154213
      vertex -0.0285831 -0.0348989 0.154213
    endloop
  endfacet
  facet normal 0 -0.907577 0.419886
    outer loop
      vertex -0.0285831 -0.0348989 0.154213
      vertex -0.04 -0.0348989 0.154213
      vertex -0.0285831 -0.0349955 0.154005
    endloop
  endfacet
  facet normal 0 -0.907577 0.419886
    outer loop
      vertex -0.04 -0.0348989 0.154213
      vertex -0.04 -0.0349955 0.154005
      vertex -0.0285831 -0.0349955 0.154005
    endloop
  endfacet
  facet normal 0 -0.856855 0.515557
    outer loop
      vertex -0.0285831 -0.0349955 0.154005
      vertex -0.04 -0.0349955 0.154005
      vertex -0.0285831 -0.0351142 0.153807
    endloop
  endfacet
  facet normal 0 -0.856855 0.515557
    outer loop
      vertex -0.04 -0.0349955 0.154005
      vertex -0.04 -0.0351142 0.153807
      vertex -0.0285831 -0.0351142 0.153807
    endloop
  endfacet
  facet normal 0 -0.796097 0.60517
    outer loop
      vertex -0.0285831 -0.0351142 0.153807
      vertex -0.04 -0.0351142 0.153807
      vertex -0.0285831 -0.0352534 0.153624
    endloop
  endfacet
  facet normal 0 -0.796097 0.60517
    outer loop
      vertex -0.04 -0.0351142 0.153807
      vertex -0.04 -0.0352534 0.153624
      vertex -0.0285831 -0.0352534 0.153624
    endloop
  endfacet
  facet normal 0 -0.725989 0.687706
    outer loop
      vertex -0.0285831 -0.0352534 0.153624
      vertex -0.04 -0.0352534 0.153624
      vertex -0.0285831 -0.0354116 0.153457
    endloop
  endfacet
  facet normal 0 -0.725989 0.687706
    outer loop
      vertex -0.04 -0.0352534 0.153624
      vertex -0.04 -0.0354116 0.153457
      vertex -0.0285831 -0.0354116 0.153457
    endloop
  endfacet
  facet normal 0 -0.647391 0.762158
    outer loop
      vertex -0.0285831 -0.0354116 0.153457
      vertex -0.04 -0.0354116 0.153457
      vertex -0.0285831 -0.035587 0.153308
    endloop
  endfacet
  facet normal 0 -0.647391 0.762158
    outer loop
      vertex -0.04 -0.0354116 0.153457
      vertex -0.04 -0.035587 0.153308
      vertex -0.0285831 -0.035587 0.153308
    endloop
  endfacet
  facet normal 0 -0.561186 0.82769
    outer loop
      vertex -0.0285831 -0.035587 0.153308
      vertex -0.04 -0.035587 0.153308
      vertex -0.0285831 -0.0357774 0.153179
    endloop
  endfacet
  facet normal 0 -0.561186 0.82769
    outer loop
      vertex -0.04 -0.035587 0.153308
      vertex -0.04 -0.0357774 0.153179
      vertex -0.0285831 -0.0357774 0.153179
    endloop
  endfacet
  facet normal 0 -0.468413 0.88351
    outer loop
      vertex -0.0285831 -0.0357774 0.153179
      vertex -0.04 -0.0357774 0.153179
      vertex -0.0285831 -0.0359807 0.153071
    endloop
  endfacet
  facet normal 0 -0.468413 0.88351
    outer loop
      vertex -0.04 -0.0357774 0.153179
      vertex -0.04 -0.0359807 0.153071
      vertex -0.0285831 -0.0359807 0.153071
    endloop
  endfacet
  facet normal 0 -0.370138 0.928977
    outer loop
      vertex -0.0285831 -0.0359807 0.153071
      vertex -0.04 -0.0359807 0.153071
      vertex -0.0285831 -0.0361945 0.152986
    endloop
  endfacet
  facet normal 0 -0.370138 0.928977
    outer loop
      vertex -0.04 -0.0359807 0.153071
      vertex -0.04 -0.0361945 0.152986
      vertex -0.0285831 -0.0361945 0.152986
    endloop
  endfacet
  facet normal 0 -0.267525 0.963551
    outer loop
      vertex -0.0285831 -0.0361945 0.152986
      vertex -0.04 -0.0361945 0.152986
      vertex -0.0285831 -0.0364162 0.152925
    endloop
  endfacet
  facet normal 0 -0.267525 0.963551
    outer loop
      vertex -0.04 -0.0361945 0.152986
      vertex -0.04 -0.0364162 0.152925
      vertex -0.0285831 -0.0364162 0.152925
    endloop
  endfacet
  facet normal 0 -0.161783 0.986826
    outer loop
      vertex -0.0285831 -0.0364162 0.152925
      vertex -0.04 -0.0364162 0.152925
      vertex -0.0285831 -0.0366432 0.152887
    endloop
  endfacet
  facet normal 0 -0.161783 0.986826
    outer loop
      vertex -0.04 -0.0364162 0.152925
      vertex -0.04 -0.0366432 0.152887
      vertex -0.0285831 -0.0366432 0.152887
    endloop
  endfacet
  facet normal 0 -0.054133 0.998534
    outer loop
      vertex -0.0285831 -0.0366432 0.152887
      vertex -0.04 -0.0366432 0.152887
      vertex -0.0285831 -0.036873 0.152875
    endloop
  endfacet
  facet normal 0 -0.054133 0.998534
    outer loop
      vertex -0.04 -0.0366432 0.152887
      vertex -0.04 -0.036873 0.152875
      vertex -0.0285831 -0.036873 0.152875
    endloop
  endfacet
  facet normal 0 0.054133 0.998534
    outer loop
      vertex -0.0285831 -0.036873 0.152875
      vertex -0.04 -0.036873 0.152875
      vertex -0.0285831 -0.0371028 0.152887
    endloop
  endfacet
  facet normal 0 0.054133 0.998534
    outer loop
      vertex -0.04 -0.036873 0.152875
      vertex -0.04 -0.0371028 0.152887
      vertex -0.0285831 -0.0371028 0.152887
    endloop
  endfacet
  facet normal 0 0.161786 0.986826
    outer loop
      vertex -0.0285831 -0.0371028 0.152887
      vertex -0.04 -0.0371028 0.152887
      vertex -0.0285831 -0.0373298 0.152925
    endloop
  endfacet
  facet normal 0 0.161786 0.986826
    outer loop
      vertex -0.04 -0.0371028 0.152887
      vertex -0.04 -0.0373298 0.152925
      vertex -0.0285831 -0.0373298 0.152925
    endloop
  endfacet
  facet normal 0 0.267525 0.963551
    outer loop
      vertex -0.0285831 -0.0373298 0.152925
      vertex -0.04 -0.0373298 0.152925
      vertex -0.0285831 -0.0375515 0.152986
    endloop
  endfacet
  facet normal 0 0.267525 0.963551
    outer loop
      vertex -0.04 -0.0373298 0.152925
      vertex -0.04 -0.0375515 0.152986
      vertex -0.0285831 -0.0375515 0.152986
    endloop
  endfacet
  facet normal 0 0.370138 0.928977
    outer loop
      vertex -0.0285831 -0.0375515 0.152986
      vertex -0.04 -0.0375515 0.152986
      vertex -0.0285831 -0.0377653 0.153071
    endloop
  endfacet
  facet normal 0 0.370138 0.928977
    outer loop
      vertex -0.04 -0.0375515 0.152986
      vertex -0.04 -0.0377653 0.153071
      vertex -0.0285831 -0.0377653 0.153071
    endloop
  endfacet
  facet normal 0 0.468406 0.883513
    outer loop
      vertex -0.0285831 -0.0377653 0.153071
      vertex -0.04 -0.0377653 0.153071
      vertex -0.0285831 -0.0379686 0.153179
    endloop
  endfacet
  facet normal 0 0.468406 0.883513
    outer loop
      vertex -0.04 -0.0377653 0.153071
      vertex -0.04 -0.0379686 0.153179
      vertex -0.0285831 -0.0379686 0.153179
    endloop
  endfacet
  facet normal 0 0.561194 0.827684
    outer loop
      vertex -0.0285831 -0.0379686 0.153179
      vertex -0.04 -0.0379686 0.153179
      vertex -0.0285831 -0.038159 0.153308
    endloop
  endfacet
  facet normal 0 0.561194 0.827684
    outer loop
      vertex -0.04 -0.0379686 0.153179
      vertex -0.04 -0.038159 0.153308
      vertex -0.0285831 -0.038159 0.153308
    endloop
  endfacet
  facet normal 0 0.647383 0.762165
    outer loop
      vertex -0.0285831 -0.038159 0.153308
      vertex -0.04 -0.038159 0.153308
      vertex -0.0285831 -0.0383344 0.153457
    endloop
  endfacet
  facet normal 0 0.647383 0.762165
    outer loop
      vertex -0.04 -0.038159 0.153308
      vertex -0.04 -0.0383344 0.153457
      vertex -0.0285831 -0.0383344 0.153457
    endloop
  endfacet
  facet normal 0 0.725997 0.687698
    outer loop
      vertex -0.0285831 -0.0383344 0.153457
      vertex -0.04 -0.0383344 0.153457
      vertex -0.0285831 -0.0384926 0.153624
    endloop
  endfacet
  facet normal 0 0.725997 0.687698
    outer loop
      vertex -0.04 -0.0383344 0.153457
      vertex -0.04 -0.0384926 0.153624
      vertex -0.0285831 -0.0384926 0.153624
    endloop
  endfacet
  facet normal 0 0.796097 0.60517
    outer loop
      vertex -0.0285831 -0.0384926 0.153624
      vertex -0.04 -0.0384926 0.153624
      vertex -0.0285831 -0.0386318 0.153807
    endloop
  endfacet
  facet normal 0 0.796097 0.60517
    outer loop
      vertex -0.04 -0.0384926 0.153624
      vertex -0.04 -0.0386318 0.153807
      vertex -0.0285831 -0.0386318 0.153807
    endloop
  endfacet
  facet normal 0 0.856855 0.515557
    outer loop
      vertex -0.0285831 -0.0386318 0.153807
      vertex -0.04 -0.0386318 0.153807
      vertex -0.0285831 -0.0387505 0.154005
    endloop
  endfacet
  facet normal 0 0.856855 0.515557
    outer loop
      vertex -0.04 -0.0386318 0.153807
      vertex -0.04 -0.0387505 0.154005
      vertex -0.0285831 -0.0387505 0.154005
    endloop
  endfacet
  facet normal 0 0.907571 0.419899
    outer loop
      vertex -0.0285831 -0.0387505 0.154005
      vertex -0.04 -0.0387505 0.154005
      vertex -0.0285831 -0.0388471 0.154213
    endloop
  endfacet
  facet normal 0 0.907571 0.419899
    outer loop
      vertex -0.04 -0.0387505 0.154005
      vertex -0.04 -0.0388471 0.154213
      vertex -0.0285831 -0.0388471 0.154213
    endloop
  endfacet
  facet normal 0 0.947655 0.319296
    outer loop
      vertex -0.0285831 -0.0388471 0.154213
      vertex -0.04 -0.0388471 0.154213
      vertex -0.0285831 -0.0389205 0.154432
    endloop
  endfacet
  facet normal 0 0.947655 0.319296
    outer loop
      vertex -0.04 -0.0388471 0.154213
      vertex -0.04 -0.0389205 0.154432
      vertex -0.0285831 -0.0389205 0.154432
    endloop
  endfacet
  facet normal 0 0.976619 0.214977
    outer loop
      vertex -0.0285831 -0.0389205 0.154432
      vertex -0.04 -0.0389205 0.154432
      vertex -0.0285831 -0.03897 0.154656
    endloop
  endfacet
  facet normal 0 0.976619 0.214977
    outer loop
      vertex -0.04 -0.0389205 0.154432
      vertex -0.04 -0.03897 0.154656
      vertex -0.0285831 -0.03897 0.154656
    endloop
  endfacet
  facet normal 0 0.99414 0.108104
    outer loop
      vertex -0.0285831 -0.03897 0.154656
      vertex -0.04 -0.03897 0.154656
      vertex -0.0285831 -0.0389949 0.154885
    endloop
  endfacet
  facet normal 0 0.99414 0.108104
    outer loop
      vertex -0.04 -0.03897 0.154656
      vertex -0.04 -0.0389949 0.154885
      vertex -0.0285831 -0.0389949 0.154885
    endloop
  endfacet
  facet normal 0 1 0
    outer loop
      vertex -0.0285831 -0.0389949 0.154885
      vertex -0.04 -0.0389949 0.154885
      vertex -0.0285831 -0.0389949 0.155115
    endloop
  endfacet
  facet normal 0 1 0
    outer loop
      vertex -0.04 -0.0389949 0.154885
      vertex -0.04 -0.0389949 0.155115
      vertex -0.0285831 -0.0389949 0.155115
    endloop
  endfacet
  facet normal 0 0.994139 -0.108105
    outer loop
      vertex -0.0285831 -0.0389949 0.155115
      vertex -0.04 -0.0389949 0.155115
      vertex -0.0285831 -0.03897 0.155344
    endloop
  endfacet
  facet normal 0 0.994139 -0.108105
    outer loop
      vertex -0.04 -0.0389949 0.155115
      vertex -0.04 -0.03897 0.155344
      vertex -0.0285831 -0.03897 0.155344
    endloop
  endfacet
  facet normal 0 0.976619 -0.214977
    outer loop
      vertex -0.0285831 -0.03897 0.155344
      vertex -0.04 -0.03897 0.155344
      vertex -0.0285831 -0.0389205 0.155568
    endloop
  endfacet
  facet normal 0 0.976619 -0.214977
    outer loop
      vertex -0.04 -0.03897 0.155344
      vertex -0.04 -0.0389205 0.155568
      vertex -0.0285831 -0.0389205 0.155568
    endloop
  endfacet
  facet normal 0 0.947656 -0.319293
    outer loop
      vertex -0.0285831 -0.0389205 0.155568
      vertex -0.04 -0.0389205 0.155568
      vertex -0.0285831 -0.0388471 0.155787
    endloop
  endfacet
  facet normal 0 0.947656 -0.319293
    outer loop
      vertex -0.04 -0.0389205 0.155568
      vertex -0.04 -0.0388471 0.155787
      vertex -0.0285831 -0.0388471 0.155787
    endloop
  endfacet
  facet normal 0 0.907569 -0.419902
    outer loop
      vertex -0.0285831 -0.0388471 0.155787
      vertex -0.04 -0.0388471 0.155787
      vertex -0.0285831 -0.0387505 0.155995
    endloop
  endfacet
  facet normal 0 0.907569 -0.419902
    outer loop
      vertex -0.04 -0.0388471 0.155787
      vertex -0.04 -0.0387505 0.155995
      vertex -0.0285831 -0.0387505 0.155995
    endloop
  endfacet
  facet normal 0 0.856857 -0.515554
    outer loop
      vertex -0.0285831 -0.0387505 0.155995
      vertex -0.04 -0.0387505 0.155995
      vertex -0.0285831 -0.0386318 0.156193
    endloop
  endfacet
  facet normal 0 0.856857 -0.515554
    outer loop
      vertex -0.04 -0.0387505 0.155995
      vertex -0.04 -0.0386318 0.156193
      vertex -0.0285831 -0.0386318 0.156193
    endloop
  endfacet
  facet normal 0 0.796094 -0.605174
    outer loop
      vertex -0.0285831 -0.0386318 0.156193
      vertex -0.04 -0.0386318 0.156193
      vertex -0.0285831 -0.0384926 0.156376
    endloop
  endfacet
  facet normal 0 0.796094 -0.605174
    outer loop
      vertex -0.04 -0.0386318 0.156193
      vertex -0.04 -0.0384926 0.156376
      vertex -0.0285831 -0.0384926 0.156376
    endloop
  endfacet
  facet normal 0 0.726001 -0.687694
    outer loop
      vertex -0.0285831 -0.0384926 0.156376
      vertex -0.04 -0.0384926 0.156376
      vertex -0.0285831 -0.0383344 0.156543
    endloop
  endfacet
  facet normal 0 0.726001 -0.687694
    outer loop
      vertex -0.04 -0.0384926 0.156376
      vertex -0.04 -0.0383344 0.156543
      vertex -0.0285831 -0.0383344 0.156543
    endloop
  endfacet
  facet normal 0 0.647383 -0.762165
    outer loop
      vertex -0.0285831 -0.0383344 0.156543
      vertex -0.04 -0.0383344 0.156543
      vertex -0.0285831 -0.038159 0.156692
    endloop
  endfacet
  facet normal 0 0.647383 -0.762165
    outer loop
      vertex -0.04 -0.0383344 0.156543
      vertex -0.04 -0.038159 0.156692
      vertex -0.0285831 -0.038159 0.156692
    endloop
  endfacet
  facet normal 0 0.561188 -0.827688
    outer loop
      vertex -0.0285831 -0.038159 0.156692
      vertex -0.04 -0.038159 0.156692
      vertex -0.0285831 -0.0379686 0.156821
    endloop
  endfacet
  facet normal 0 0.561188 -0.827688
    outer loop
      vertex -0.04 -0.038159 0.156692
      vertex -0.04 -0.0379686 0.156821
      vertex -0.0285831 -0.0379686 0.156821
    endloop
  endfacet
  facet normal 0 0.468406 -0.883513
    outer loop
      vertex -0.0285831 -0.0379686 0.156821
      vertex -0.04 -0.0379686 0.156821
      vertex -0.0285831 -0.0377653 0.156929
    endloop
  endfacet
  facet normal 0 0.468406 -0.883513
    outer loop
      vertex -0.04 -0.0379686 0.156821
      vertex -0.04 -0.0377653 0.156929
      vertex -0.0285831 -0.0377653 0.156929
    endloop
  endfacet
  facet normal 0 0.370138 -0.928977
    outer loop
      vertex -0.0285831 -0.0377653 0.156929
      vertex -0.04 -0.0377653 0.156929
      vertex -0.0285831 -0.0375515 0.157014
    endloop
  endfacet
  facet normal 0 0.370138 -0.928977
    outer loop
      vertex -0.04 -0.0377653 0.156929
      vertex -0.04 -0.0375515 0.157014
      vertex -0.0285831 -0.0375515 0.157014
    endloop
  endfacet
  facet normal 0 0.267525 -0.963551
    outer loop
      vertex -0.0285831 -0.0375515 0.157014
      vertex -0.04 -0.0375515 0.157014
      vertex -0.0285831 -0.0373298 0.157075
    endloop
  endfacet
  facet normal 0 0.267525 -0.963551
    outer loop
      vertex -0.04 -0.0375515 0.157014
      vertex -0.04 -0.0373298 0.157075
      vertex -0.0285831 -0.0373298 0.157075
    endloop
  endfacet
  facet normal 0 0.161786 -0.986826
    outer loop
      vertex -0.0285831 -0.0373298 0.157075
      vertex -0.04 -0.0373298 0.157075
      vertex -0.0285831 -0.0371028 0.157113
    endloop
  endfacet
  facet normal 0 0.161786 -0.986826
    outer loop
      vertex -0.04 -0.0373298 0.157075
      vertex -0.04 -0.0371028 0.157113
      vertex -0.0285831 -0.0371028 0.157113
    endloop
  endfacet
  facet normal 0 0.0541411 -0.998533
    outer loop
      vertex -0.0285831 -0.0371028 0.157113
      vertex -0.04 -0.0371028 0.157113
      vertex -0.0285831 -0.036873 0.157125
    endloop
  endfacet
  facet normal 0 0.0541411 -0.998533
    outer loop
      vertex -0.04 -0.0371028 0.157113
      vertex -0.04 -0.036873 0.157125
      vertex -0.0285831 -0.036873 0.157125
    endloop
  endfacet
  facet normal 1 1.2766e-15 1.50293e-15
    outer loop
      vertex -0.0285831 0.0385884 0.156543
      vertex -0.0285831 0.0398001 0.157822
      vertex -0.0285831 0.038413 0.156692
    endloop
  endfacet
  facet normal 1 1.2766e-15 1.50293e-15
    outer loop
      vertex -0.0285831 0.0398001 0.157822
      vertex -0.0285831 0.0394793 0.158094
      vertex -0.0285831 0.038413 0.156692
    endloop
  endfacet
  facet normal 1 1.10662e-15 1.63215e-15
    outer loop
      vertex -0.0285831 0.038413 0.156692
      vertex -0.0285831 0.0394793 0.158094
      vertex -0.0285831 0.0382226 0.156821
    endloop
  endfacet
  facet normal 1 1.10663e-15 1.63214e-15
    outer loop
      vertex -0.0285831 0.0394793 0.158094
      vertex -0.0285831 0.039131 0.158331
      vertex -0.0285831 0.0382226 0.156821
    endloop
  endfacet
  facet normal 1 9.2367e-16 1.74222e-15
    outer loop
      vertex -0.0285831 0.0382226 0.156821
      vertex -0.0285831 0.039131 0.158331
      vertex -0.0285831 0.0380193 0.156929
    endloop
  endfacet
  facet normal 1 7.4925e-15 -3.4664e-15
    outer loop
      vertex -0.0285831 0.039131 0.158331
      vertex -0.0285831 0.0387591 0.158528
      vertex -0.0285831 0.0380193 0.156929
    endloop
  endfacet
  facet normal 1 0 0
    outer loop
      vertex -0.0285831 0.0380193 0.156929
      vertex -0.0285831 0.0387591 0.158528
      vertex -0.0285831 0.0378055 0.157014
    endloop
  endfacet
  facet normal 1 0 0
    outer loop
      vertex -0.0285831 0.0387591 0.158528
      vertex -0.0285831 0.0383681 0.158684
      vertex -0.0285831 0.0378055 0.157014
    endloop
  endfacet
  facet normal 1 0 0
    outer loop
      vertex -0.0285831 0.0378055 0.157014
      vertex -0.0285831 0.0383681 0.158684
      vertex -0.0285831 0.0375838 0.157075
    endloop
  endfacet
  facet normal 1 0 0
    outer loop
      vertex -0.0285831 0.0383681 0.158684
      vertex -0.0285831 0.0379626 0.158796
      vertex -0.0285831 0.0375838 0.157075
    endloop
  endfacet
  facet normal 1 0 0
    outer loop
      vertex -0.0285831 0.0375838 0.157075
      vertex -0.0285831 0.0379626 0.158796
      vertex -0.0285831 0.0373568 0.157113
    endloop
  endfacet
  facet normal 1 0 0
    outer loop
      vertex -0.0285831 0.0379626 0.158796
      vertex -0.0285831 0.0375473 0.158864
      vertex -0.0285831 0.0373568 0.157113
    endloop
  endfacet
  facet normal 1 0 0
    outer loop
      vertex -0.0285831 0.0373568 0.157113
      vertex -0.0285831 0.0375473 0.158864
      vertex -0.0285831 0.037127 0.157125
    endloop
  endfacet
  facet normal 1 0 0
    outer loop
      vertex -0.0285831 0.0375473 0.158864
      vertex -0.0285831 0.037127 0.158887
      vertex -0.0285831 0.037127 0.157125
    endloop
  endfacet
  facet normal 1 1.51007e-14 0
    outer loop
      vertex -0.0285831 0.037127 0.157125
      vertex -0.0285831 0.037127 0.158887
      vertex -0.0285831 0.0368972 0.157113
    endloop
  endfacet
  facet normal 1 8.2071e-15 8.92576e-16
    outer loop
      vertex -0.0285831 0.037127 0.158887
      vertex -0.0285831 0.0367067 0.158864
      vertex -0.0285831 0.0368972 0.157113
    endloop
  endfacet
  facet normal 1 0 0
    outer loop
      vertex -0.0285831 0.0368972 0.157113
      vertex -0.0285831 0.0367067 0.158864
      vertex -0.0285831 0.0366702 0.157075
    endloop
  endfacet
  facet normal 1 0 0
    outer loop
      vertex -0.0285831 0.0367067 0.158864
      vertex -0.0285831 0.0362914 0.158796
      vertex -0.0285831 0.0366702 0.157075
    endloop
  endfacet
  facet normal 1 0 0
    outer loop
      vertex -0.0285831 0.0366702 0.157075
      vertex -0.0285831 0.0362914 0.158796
      vertex -0.0285831 0.0364485 0.157014
    endloop
  endfacet
  facet normal 1 0 0
    outer loop
      vertex -0.0285831 0.0362914 0.158796
      vertex -0.0285831 0.0358859 0.158684
      vertex -0.0285831 0.0364485 0.157014
    endloop
  endfacet
  facet normal 1 0 0
    outer loop
      vertex -0.0285831 0.0364485 0.157014
      vertex -0.0285831 0.0358859 0.158684
      vertex -0.0285831 0.0362347 0.156929
    endloop
  endfacet
  facet normal 1 0 0
    outer loop
      vertex -0.0285831 0.0358859 0.158684
      vertex -0.0285831 0.0354949 0.158528
      vertex -0.0285831 0.0362347 0.156929
    endloop
  endfacet
  facet normal 1 0 0
    outer loop
      vertex -0.0285831 0.0362347 0.156929
      vertex -0.0285831 0.0354949 0.158528
      vertex -0.0285831 0.0360314 0.156821
    endloop
  endfacet
  facet normal 1 0 0
    outer loop
      vertex -0.0285831 0.0354949 0.158528
      vertex -0.0285831 0.035123 0.158331
      vertex -0.0285831 0.0360314 0.156821
    endloop
  endfacet
  facet normal 1 0 0
    outer loop
      vertex -0.0285831 0.0360314 0.156821
      vertex -0.0285831 0.035123 0.158331
      vertex -0.0285831 0.035841 0.156692
    endloop
  endfacet
  facet normal 1 7.67877e-15 3.36388e-15
    outer loop
      vertex -0.0285831 0.035123 0.158331
      vertex -0.0285831 0.0347747 0.158094
      vertex -0.0285831 0.035841 0.156692
    endloop
  endfacet
  facet normal 1 1.2766e-15 -1.50293e-15
    outer loop
      vertex -0.0285831 0.035841 0.156692
      vertex -0.0285831 0.0347747 0.158094
      vertex -0.0285831 0.0356656 0.156543
    endloop
  endfacet
  facet normal 1 1.2766e-15 -1.50293e-15
    outer loop
      vertex -0.0285831 0.0347747 0.158094
      vertex -0.0285831 0.0344539 0.157822
      vertex -0.0285831 0.0356656 0.156543
    endloop
  endfacet
  facet normal 1 1.43162e-15 -1.35609e-15
    outer loop
      vertex -0.0285831 0.0356656 0.156543
      vertex -0.0285831 0.0344539 0.157822
      vertex -0.0285831 0.0355074 0.156376
    endloop
  endfacet
  facet normal 1 1.43161e-15 -1.3561e-15
    outer loop
      vertex -0.0285831 0.0344539 0.157822
      vertex -0.0285831 0.0341645 0.157516
      vertex -0.0285831 0.0355074 0.156376
    endloop
  endfacet
  facet normal 1 1.56984e-15 -1.19336e-15
    outer loop
      vertex -0.0285831 0.0355074 0.156376
      vertex -0.0285831 0.0341645 0.157516
      vertex -0.0285831 0.0353682 0.156193
    endloop
  endfacet
  facet normal 1 1.56984e-15 -1.19336e-15
    outer loop
      vertex -0.0285831 0.0341645 0.157516
      vertex -0.0285831 0.0339098 0.157181
      vertex -0.0285831 0.0353682 0.156193
    endloop
  endfacet
  facet normal 1 1.68966e-15 -1.01664e-15
    outer loop
      vertex -0.0285831 0.0353682 0.156193
      vertex -0.0285831 0.0339098 0.157181
      vertex -0.0285831 0.0352495 0.155995
    endloop
  endfacet
  facet normal 1 1.68966e-15 -1.01663e-15
    outer loop
      vertex -0.0285831 0.0339098 0.157181
      vertex -0.0285831 0.0336928 0.156821
      vertex -0.0285831 0.0352495 0.155995
    endloop
  endfacet
  facet normal 1 1.78967e-15 -8.28004e-16
    outer loop
      vertex -0.0285831 0.0352495 0.155995
      vertex -0.0285831 0.0336928 0.156821
      vertex -0.0285831 0.0351529 0.155787
    endloop
  endfacet
  facet normal 1 1.78967e-15 -8.27997e-16
    outer loop
      vertex -0.0285831 0.0336928 0.156821
      vertex -0.0285831 0.0335161 0.156439
      vertex -0.0285831 0.0351529 0.155787
    endloop
  endfacet
  facet normal 1 1.86871e-15 -6.29639e-16
    outer loop
      vertex -0.0285831 0.0351529 0.155787
      vertex -0.0285831 0.0335161 0.156439
      vertex -0.0285831 0.0350795 0.155568
    endloop
  endfacet
  facet normal 1 1.86871e-15 -6.2964e-16
    outer loop
      vertex -0.0285831 0.0335161 0.156439
      vertex -0.0285831 0.0333817 0.15604
      vertex -0.0285831 0.0350795 0.155568
    endloop
  endfacet
  facet normal 1 1.92583e-15 -4.23906e-16
    outer loop
      vertex -0.0285831 0.0350795 0.155568
      vertex -0.0285831 0.0333817 0.15604
      vertex -0.0285831 0.03503 0.155344
    endloop
  endfacet
  facet normal 1 1.92583e-15 -4.23908e-16
    outer loop
      vertex -0.0285831 0.0333817 0.15604
      vertex -0.0285831 0.0332912 0.155629
      vertex -0.0285831 0.03503 0.155344
    endloop
  endfacet
  facet normal 1 4.40343e-15 1.46888e-14
    outer loop
      vertex -0.0285831 0.03503 0.155344
      vertex -0.0285831 0.0332912 0.155629
      vertex -0.0285831 0.0350051 0.155115
    endloop
  endfacet
  facet normal 1 0 0
    outer loop
      vertex -0.0285831 0.0332912 0.155629
      vertex -0.0285831 0.0332457 0.15521
      vertex -0.0285831 0.0350051 0.155115
    endloop
  endfacet
  facet normal 1 0 0
    outer loop
      vertex -0.0285831 0.0350051 0.155115
      vertex -0.0285831 0.0332457 0.15521
      vertex -0.0285831 0.0350051 0.154885
    endloop
  endfacet
  facet normal 1 0 0
    outer loop
      vertex -0.0285831 0.0332457 0.15521
      vertex -0.0285831 0.0332457 0.15479
      vertex -0.0285831 0.0350051 0.154885
    endloop
  endfacet
  facet normal 1 8.17543e-16 -1.50786e-14
    outer loop
      vertex -0.0285831 0.0350051 0.154885
      vertex -0.0285831 0.0332457 0.15479
      vertex -0.0285831 0.03503 0.154656
    endloop
  endfacet
  facet normal 1 1.96037e-15 2.13202e-16
    outer loop
      vertex -0.0285831 0.0332457 0.15479
      vertex -0.0285831 0.0332912 0.154371
      vertex -0.0285831 0.03503 0.154656
    endloop
  endfacet
  facet normal 1 1.92583e-15 4.23905e-16
    outer loop
      vertex -0.0285831 0.03503 0.154656
      vertex -0.0285831 0.0332912 0.154371
      vertex -0.0285831 0.0350795 0.154432
    endloop
  endfacet
  facet normal 1 1.92583e-15 4.23907e-16
    outer loop
      vertex -0.0285831 0.0332912 0.154371
      vertex -0.0285831 0.0333817 0.15396
      vertex -0.0285831 0.0350795 0.154432
    endloop
  endfacet
  facet normal 1 1.86871e-15 6.29644e-16
    outer loop
      vertex -0.0285831 0.0350795 0.154432
      vertex -0.0285831 0.0333817 0.15396
      vertex -0.0285831 0.0351529 0.154213
    endloop
  endfacet
  facet normal 1 1.86871e-15 6.29642e-16
    outer loop
      vertex -0.0285831 0.0333817 0.15396
      vertex -0.0285831 0.0335161 0.153561
      vertex -0.0285831 0.0351529 0.154213
    endloop
  endfacet
  facet normal 1 1.78967e-15 8.27999e-16
    outer loop
      vertex -0.0285831 0.0351529 0.154213
      vertex -0.0285831 0.0335161 0.153561
      vertex -0.0285831 0.0352495 0.154005
    endloop
  endfacet
  facet normal 1 1.78968e-15 8.27993e-16
    outer loop
      vertex -0.0285831 0.0335161 0.153561
      vertex -0.0285831 0.0336928 0.153179
      vertex -0.0285831 0.0352495 0.154005
    endloop
  endfacet
  facet normal 1 1.68966e-15 1.01664e-15
    outer loop
      vertex -0.0285831 0.0352495 0.154005
      vertex -0.0285831 0.0336928 0.153179
      vertex -0.0285831 0.0353682 0.153807
    endloop
  endfacet
  facet normal 1 1.68966e-15 1.01663e-15
    outer loop
      vertex -0.0285831 0.0336928 0.153179
      vertex -0.0285831 0.0339098 0.152819
      vertex -0.0285831 0.0353682 0.153807
    endloop
  endfacet
  facet normal 1 1.56985e-15 1.19335e-15
    outer loop
      vertex -0.0285831 0.0353682 0.153807
      vertex -0.0285831 0.0339098 0.152819
      vertex -0.0285831 0.0355074 0.153624
    endloop
  endfacet
  facet normal 1 1.56984e-15 1.19336e-15
    outer loop
      vertex -0.0285831 0.0339098 0.152819
      vertex -0.0285831 0.0341645 0.152484
      vertex -0.0285831 0.0355074 0.153624
    endloop
  endfacet
  facet normal 1 1.43161e-15 1.3561e-15
    outer loop
      vertex -0.0285831 0.0355074 0.153624
      vertex -0.0285831 0.0341645 0.152484
      vertex -0.0285831 0.0356656 0.153457
    endloop
  endfacet
  facet normal 1 1.43161e-15 1.3561e-15
    outer loop
      vertex -0.0285831 0.0341645 0.152484
      vertex -0.0285831 0.0344539 0.152178
      vertex -0.0285831 0.0356656 0.153457
    endloop
  endfacet
  facet normal 1 1.2766e-15 1.50293e-15
    outer loop
      vertex -0.0285831 0.0356656 0.153457
      vertex -0.0285831 0.0344539 0.152178
      vertex -0.0285831 0.035841 0.153308
    endloop
  endfacet
  facet normal 1 1.2766e-15 1.50293e-15
    outer loop
      vertex -0.0285831 0.0344539 0.152178
      vertex -0.0285831 0.0347747 0.151906
      vertex -0.0285831 0.035841 0.153308
    endloop
  endfacet
  facet normal 1 1.10663e-15 1.63214e-15
    outer loop
      vertex -0.0285831 0.035841 0.153308
      vertex -0.0285831 0.0347747 0.151906
      vertex -0.0285831 0.0360314 0.153179
    endloop
  endfacet
  facet normal 1 7.07379e-15 -4.25616e-15
    outer loop
      vertex -0.0285831 0.0347747 0.151906
      vertex -0.0285831 0.035123 0.151669
      vertex -0.0285831 0.0360314 0.153179
    endloop
  endfacet
  facet normal 1 0 0
    outer loop
      vertex -0.0285831 0.0360314 0.153179
      vertex -0.0285831 0.035123 0.151669
      vertex -0.0285831 0.0362347 0.153071
    endloop
  endfacet
  facet normal 1 0 0
    outer loop
      vertex -0.0285831 0.035123 0.151669
      vertex -0.0285831 0.0354949 0.151472
      vertex -0.0285831 0.0362347 0.153071
    endloop
  endfacet
  facet normal 1 0 0
    outer loop
      vertex -0.0285831 0.0362347 0.153071
      vertex -0.0285831 0.0354949 0.151472
      vertex -0.0285831 0.0364485 0.152986
    endloop
  endfacet
  facet normal 1 0 0
    outer loop
      vertex -0.0285831 0.0354949 0.151472
      vertex -0.0285831 0.0358859 0.151316
      vertex -0.0285831 0.0364485 0.152986
    endloop
  endfacet
  facet normal 1 0 0
    outer loop
      vertex -0.0285831 0.0364485 0.152986
      vertex -0.0285831 0.0358859 0.151316
      vertex -0.0285831 0.0366702 0.152925
    endloop
  endfacet
  facet normal 1 0 0
    outer loop
      vertex -0.0285831 0.0358859 0.151316
      vertex -0.0285831 0.0362914 0.151204
      vertex -0.0285831 0.0366702 0.152925
    endloop
  endfacet
  facet normal 1 0 0
    outer loop
      vertex -0.0285831 0.0366702 0.152925
      vertex -0.0285831 0.0362914 0.151204
      vertex -0.0285831 0.0368972 0.152887
    endloop
  endfacet
  facet normal 1 0 0
    outer loop
      vertex -0.0285831 0.0362914 0.151204
      vertex -0.0285831 0.0367067 0.151136
      vertex -0.0285831 0.0368972 0.152887
    endloop
  endfacet
  facet normal 1 1.50122e-14 -1.63268e-15
    outer loop
      vertex -0.0285831 0.0368972 0.152887
      vertex -0.0285831 0.0367067 0.151136
      vertex -0.0285831 0.037127 0.152875
    endloop
  endfacet
  facet normal 1 8.25549e-15 0
    outer loop
      vertex -0.0285831 0.0367067 0.151136
      vertex -0.0285831 0.037127 0.151113
      vertex -0.0285831 0.037127 0.152875
    endloop
  endfacet
  facet normal 1 0 0
    outer loop
      vertex -0.0285831 0.037127 0.152875
      vertex -0.0285831 0.037127 0.151113
      vertex -0.0285831 0.0373568 0.152887
    endloop
  endfacet
  facet normal 1 0 0
    outer loop
      vertex -0.0285831 0.037127 0.151113
      vertex -0.0285831 0.0375473 0.151136
      vertex -0.0285831 0.0373568 0.152887
    endloop
  endfacet
  facet normal 1 0 0
    outer loop
      vertex -0.0285831 0.0373568 0.152887
      vertex -0.0285831 0.0375473 0.151136
      vertex -0.0285831 0.0375838 0.152925
    endloop
  endfacet
  facet normal 1 0 0
    outer loop
      vertex -0.0285831 0.0375473 0.151136
      vertex -0.0285831 0.0379626 0.151204
      vertex -0.0285831 0.0375838 0.152925
    endloop
  endfacet
  facet normal 1 0 0
    outer loop
      vertex -0.0285831 0.0375838 0.152925
      vertex -0.0285831 0.0379626 0.151204
      vertex -0.0285831 0.0378055 0.152986
    endloop
  endfacet
  facet normal 1 0 0
    outer loop
      vertex -0.0285831 0.0379626 0.151204
      vertex -0.0285831 0.0383681 0.151316
      vertex -0.0285831 0.0378055 0.152986
    endloop
  endfacet
  facet normal 1 0 0
    outer loop
      vertex -0.0285831 0.0378055 0.152986
      vertex -0.0285831 0.0383681 0.151316
      vertex -0.0285831 0.0380193 0.153071
    endloop
  endfacet
  facet normal 1 0 0
    outer loop
      vertex -0.0285831 0.0383681 0.151316
      vertex -0.0285831 0.0387591 0.151472
      vertex -0.0285831 0.0380193 0.153071
    endloop
  endfacet
  facet normal 1 0 0
    outer loop
      vertex -0.0285831 0.0380193 0.153071
      vertex -0.0285831 0.0387591 0.151472
      vertex -0.0285831 0.0382226 0.153179
    endloop
  endfacet
  facet normal 1 7.99745e-15 2.51393e-15
    outer loop
      vertex -0.0285831 0.0387591 0.151472
      vertex -0.0285831 0.039131 0.151669
      vertex -0.0285831 0.0382226 0.153179
    endloop
  endfacet
  facet normal 1 1.10663e-15 -1.63214e-15
    outer loop
      vertex -0.0285831 0.0382226 0.153179
      vertex -0.0285831 0.039131 0.151669
      vertex -0.0285831 0.038413 0.153308
    endloop
  endfacet
  facet normal 1 1.10663e-15 -1.63214e-15
    outer loop
      vertex -0.0285831 0.039131 0.151669
      vertex -0.0285831 0.0394793 0.151906
      vertex -0.0285831 0.038413 0.153308
    endloop
  endfacet
  facet normal 1 1.2766e-15 -1.50293e-15
    outer loop
      vertex -0.0285831 0.038413 0.153308
      vertex -0.0285831 0.0394793 0.151906
      vertex -0.0285831 0.0385884 0.153457
    endloop
  endfacet
  facet normal 1 1.2766e-15 -1.50293e-15
    outer loop
      vertex -0.0285831 0.0394793 0.151906
      vertex -0.0285831 0.0398001 0.152178
      vertex -0.0285831 0.0385884 0.153457
    endloop
  endfacet
  facet normal 1 1.43161e-15 -1.3561e-15
    outer loop
      vertex -0.0285831 0.0385884 0.153457
      vertex -0.0285831 0.0398001 0.152178
      vertex -0.0285831 0.0387466 0.153624
    endloop
  endfacet
  facet normal 1 1.43161e-15 -1.3561e-15
    outer loop
      vertex -0.0285831 0.0398001 0.152178
      vertex -0.0285831 0.0400895 0.152484
      vertex -0.0285831 0.0387466 0.153624
    endloop
  endfacet
  facet normal 1 1.13458e-14 1.03158e-14
    outer loop
      vertex -0.0285831 0.0387466 0.153624
      vertex -0.0285831 0.0400895 0.152484
      vertex -0.0285831 0.0388858 0.153807
    endloop
  endfacet
  facet normal 1 0 0
    outer loop
      vertex -0.0285831 0.0400895 0.152484
      vertex -0.0285831 0.0403442 0.152819
      vertex -0.0285831 0.0388858 0.153807
    endloop
  endfacet
  facet normal 1 0 0
    outer loop
      vertex -0.0285831 0.0388858 0.153807
      vertex -0.0285831 0.0403442 0.152819
      vertex -0.0285831 0.0390045 0.154005
    endloop
  endfacet
  facet normal 1 0 0
    outer loop
      vertex -0.0285831 0.0403442 0.152819
      vertex -0.0285831 0.0405612 0.153179
      vertex -0.0285831 0.0390045 0.154005
    endloop
  endfacet
  facet normal 1 0 0
    outer loop
      vertex -0.0285831 0.0390045 0.154005
      vertex -0.0285831 0.0405612 0.153179
      vertex -0.0285831 0.0391011 0.154213
    endloop
  endfacet
  facet normal 1 4.84534e-15 6.84114e-15
    outer loop
      vertex -0.0285831 0.0405612 0.153179
      vertex -0.0285831 0.0407379 0.153561
      vertex -0.0285831 0.0391011 0.154213
    endloop
  endfacet
  facet normal 1 1.86871e-15 -6.29644e-16
    outer loop
      vertex -0.0285831 0.0391011 0.154213
      vertex -0.0285831 0.0407379 0.153561
      vertex -0.0285831 0.0391745 0.154432
    endloop
  endfacet
  facet normal 1 1.86871e-15 -6.29642e-16
    outer loop
      vertex -0.0285831 0.0407379 0.153561
      vertex -0.0285831 0.0408723 0.15396
      vertex -0.0285831 0.0391745 0.154432
    endloop
  endfacet
  facet normal 1 1.92583e-15 -4.23906e-16
    outer loop
      vertex -0.0285831 0.0391745 0.154432
      vertex -0.0285831 0.0408723 0.15396
      vertex -0.0285831 0.039224 0.154656
    endloop
  endfacet
  facet normal 1 1.92583e-15 -4.23907e-16
    outer loop
      vertex -0.0285831 0.0408723 0.15396
      vertex -0.0285831 0.0409628 0.154371
      vertex -0.0285831 0.039224 0.154656
    endloop
  endfacet
  facet normal 1 1.96037e-15 -2.13206e-16
    outer loop
      vertex -0.0285831 0.039224 0.154656
      vertex -0.0285831 0.0409628 0.154371
      vertex -0.0285831 0.0392489 0.154885
    endloop
  endfacet
  facet normal 1 1.96037e-15 -2.13202e-16
    outer loop
      vertex -0.0285831 0.0409628 0.154371
      vertex -0.0285831 0.0410083 0.15479
      vertex -0.0285831 0.0392489 0.154885
    endloop
  endfacet
  facet normal 1 1.97193e-15 0
    outer loop
      vertex -0.0285831 0.0392489 0.154885
      vertex -0.0285831 0.0410083 0.15479
      vertex -0.0285831 0.0392489 0.155115
    endloop
  endfacet
  facet normal 1 1.97193e-15 0
    outer loop
      vertex -0.0285831 0.0410083 0.15479
      vertex -0.0285831 0.0410083 0.15521
      vertex -0.0285831 0.0392489 0.155115
    endloop
  endfacet
  facet normal 1 1.96037e-15 2.13207e-16
    outer loop
      vertex -0.0285831 0.0392489 0.155115
      vertex -0.0285831 0.0410083 0.15521
      vertex -0.0285831 0.039224 0.155344
    endloop
  endfacet
  facet normal 1 1.96037e-15 2.13201e-16
    outer loop
      vertex -0.0285831 0.0410083 0.15521
      vertex -0.0285831 0.0409628 0.155629
      vertex -0.0285831 0.039224 0.155344
    endloop
  endfacet
  facet normal 1 1.92583e-15 4.23905e-16
    outer loop
      vertex -0.0285831 0.039224 0.155344
      vertex -0.0285831 0.0409628 0.155629
      vertex -0.0285831 0.0391745 0.155568
    endloop
  endfacet
  facet normal 1 1.92583e-15 4.23909e-16
    outer loop
      vertex -0.0285831 0.0409628 0.155629
      vertex -0.0285831 0.0408723 0.15604
      vertex -0.0285831 0.0391745 0.155568
    endloop
  endfacet
  facet normal 1 1.86871e-15 6.29639e-16
    outer loop
      vertex -0.0285831 0.0391745 0.155568
      vertex -0.0285831 0.0408723 0.15604
      vertex -0.0285831 0.0391011 0.155787
    endloop
  endfacet
  facet normal 1 1.86871e-15 6.2964e-16
    outer loop
      vertex -0.0285831 0.0408723 0.15604
      vertex -0.0285831 0.0407379 0.156439
      vertex -0.0285831 0.0391011 0.155787
    endloop
  endfacet
  facet normal 1 1.78967e-15 8.28005e-16
    outer loop
      vertex -0.0285831 0.0391011 0.155787
      vertex -0.0285831 0.0407379 0.156439
      vertex -0.0285831 0.0390045 0.155995
    endloop
  endfacet
  facet normal 1 3.86695e-15 -7.29383e-15
    outer loop
      vertex -0.0285831 0.0407379 0.156439
      vertex -0.0285831 0.0405612 0.156821
      vertex -0.0285831 0.0390045 0.155995
    endloop
  endfacet
  facet normal 1 0 0
    outer loop
      vertex -0.0285831 0.0390045 0.155995
      vertex -0.0285831 0.0405612 0.156821
      vertex -0.0285831 0.0388858 0.156193
    endloop
  endfacet
  facet normal 1 0 0
    outer loop
      vertex -0.0285831 0.0405612 0.156821
      vertex -0.0285831 0.0403442 0.157181
      vertex -0.0285831 0.0388858 0.156193
    endloop
  endfacet
  facet normal 1 8.47436e-15 -1.24988e-14
    outer loop
      vertex -0.0285831 0.0388858 0.156193
      vertex -0.0285831 0.0403442 0.157181
      vertex -0.0285831 0.0387466 0.156376
    endloop
  endfacet
  facet normal 1 1.56984e-15 1.19336e-15
    outer loop
      vertex -0.0285831 0.0403442 0.157181
      vertex -0.0285831 0.0400895 0.157516
      vertex -0.0285831 0.0387466 0.156376
    endloop
  endfacet
  facet normal 1 1.43161e-15 1.35609e-15
    outer loop
      vertex -0.0285831 0.0387466 0.156376
      vertex -0.0285831 0.0400895 0.157516
      vertex -0.0285831 0.0385884 0.156543
    endloop
  endfacet
  facet normal 1 1.43161e-15 1.3561e-15
    outer loop
      vertex -0.0285831 0.0400895 0.157516
      vertex -0.0285831 0.0398001 0.157822
      vertex -0.0285831 0.0385884 0.156543
    endloop
  endfacet
  facet normal 0 -1 6.93889e-16
    outer loop
      vertex -0.04 -0.044873 0.15
      vertex -0.0259808 -0.044873 0.15
      vertex -0.04 -0.044873 0.16
    endloop
  endfacet
  facet normal -3.39719e-16 -1 2.17629e-16
    outer loop
      vertex -0.0259808 -0.044873 0.15
      vertex -0.0244876 -0.044873 0.152331
      vertex -0.04 -0.044873 0.16
    endloop
  endfacet
  facet normal -3.22893e-16 -1 2.51663e-16
    outer loop
      vertex -0.04 -0.044873 0.16
      vertex -0.0244876 -0.044873 0.152331
      vertex -0.0227859 -0.044873 0.154514
    endloop
  endfacet
  facet normal -3.10195e-16 -1 2.9151e-16
    outer loop
      vertex -0.0227859 -0.044873 0.154514
      vertex -0.0208903 -0.044873 0.156531
      vertex -0.04 -0.044873 0.16
    endloop
  endfacet
  facet normal 2.68595e-16 -1 3.48012e-15
    outer loop
      vertex -0.0208903 -0.044873 0.156531
      vertex -0.0188168 -0.044873 0.158365
      vertex -0.04 -0.044873 0.16
    endloop
  endfacet
  facet normal 0 -1 0
    outer loop
      vertex -0.04 -0.044873 0.16
      vertex -0.0188168 -0.044873 0.158365
      vertex -0.0165831 -0.044873 0.16
    endloop
  endfacet
  facet normal 0 9.25186e-16 1
    outer loop
      vertex -0.04 -0.044873 0.16
      vertex -0.0165831 -0.044873 0.16
      vertex -0.0165831 -0.014873 0.16
    endloop
  endfacet
  facet normal 7.90187e-16 3.08395e-16 1
    outer loop
      vertex -0.04 -0.044873 0.16
      vertex -0.0165831 -0.014873 0.16
      vertex -0.04 0.045127 0.16
    endloop
  endfacet
  facet normal 0 0 1
    outer loop
      vertex -0.0165831 -0.014873 0.16
      vertex -0.0165831 0.015127 0.16
      vertex -0.04 0.045127 0.16
    endloop
  endfacet
  facet normal 0 0 1
    outer loop
      vertex -0.04 0.045127 0.16
      vertex -0.0165831 0.015127 0.16
      vertex -0.0165831 0.045127 0.16
    endloop
  endfacet
  facet normal 0 0 -1
    outer loop
      vertex -0.04 0.045127 0.15
      vertex -0.0259808 0.045127 0.15
      vertex -0.0259808 0.015127 0.15
    endloop
  endfacet
  facet normal 0 0 -1
    outer loop
      vertex 0.01 0.005254 0.15
      vertex 0.01 -0.005 0.15
      vertex -0.0259808 0.005254 0.15
    endloop
  endfacet
  facet normal 0 0 -1
    outer loop
      vertex 0.01 -0.005 0.15
      vertex -0.0259808 -0.005 0.15
      vertex -0.0259808 0.005254 0.15
    endloop
  endfacet
  facet normal 0 0 -1
    outer loop
      vertex -0.0259808 0.015127 0.15
      vertex -0.0259808 0.005254 0.15
      vertex -0.04 0.045127 0.15
    endloop
  endfacet
  facet normal 0 0 -1
    outer loop
      vertex -0.0259808 0.005254 0.15
      vertex -0.0259808 -0.005 0.15
      vertex -0.04 0.045127 0.15
    endloop
  endfacet
  facet normal -1.10269e-15 -3.08395e-16 -1
    outer loop
      vertex -0.04 0.045127 0.15
      vertex -0.0259808 -0.005 0.15
      vertex -0.04 -0.044873 0.15
    endloop
  endfacet
  facet normal -1.97982e-15 -3.47862e-30 -1
    outer loop
      vertex -0.0259808 -0.005 0.15
      vertex -0.0259808 -0.014873 0.15
      vertex -0.04 -0.044873 0.15
    endloop
  endfacet
  facet normal 0 -9.25186e-16 -1
    outer loop
      vertex -0.04 -0.044873 0.15
      vertex -0.0259808 -0.014873 0.15
      vertex -0.0259808 -0.044873 0.15
    endloop
  endfacet
  facet normal 0 1 0
    outer loop
      vertex -0.0262737 -0.005 0.135968
      vertex -0.026371 -0.005 0.135825
      vertex -0.0298357 -0.005 0.138136
    endloop
  endfacet
  facet normal 0 1 0
    outer loop
      vertex -0.026371 -0.005 0.135825
      vertex -0.0264521 -0.005 0.135672
      vertex -0.0298357 -0.005 0.138136
    endloop
  endfacet
  facet normal 0 1 0
    outer loop
      vertex -0.0264521 -0.005 0.135672
      vertex -0.0265162 -0.005 0.135511
      vertex -0.0298357 -0.005 0.138136
    endloop
  endfacet
  facet normal 0 1 0
    outer loop
      vertex -0.0298357 -0.005 0.138136
      vertex -0.0265162 -0.005 0.135511
      vertex -0.03 -0.005 0.135
    endloop
  endfacet
  facet normal 0 1 0
    outer loop
      vertex -0.0265162 -0.005 0.135511
      vertex -0.0265626 -0.005 0.135344
      vertex -0.03 -0.005 0.135
    endloop
  endfacet
  facet normal 0 1 0
    outer loop
      vertex 0.00525498 -0.005 0.109066
      vertex 0.00539163 -0.005 0.109173
      vertex 0.01 -0.005 0.105
    endloop
  endfacet
  facet normal 0 1 0
    outer loop
      vertex 0.01 -0.005 0.105
      vertex 0.00572201 -0.005 0.109571
      vertex 0.00580131 -0.005 0.109726
    endloop
  endfacet
  facet normal 0 1 0
    outer loop
      vertex 0.00580131 -0.005 0.109726
      vertex 0.00586349 -0.005 0.109887
      vertex 0.01 -0.005 0.105
    endloop
  endfacet
  facet normal 0 1 0
    outer loop
      vertex 0.00586349 -0.005 0.109887
      vertex 0.00590782 -0.005 0.110055
      vertex 0.01 -0.005 0.105
    endloop
  endfacet
  facet normal 0 1 0
    outer loop
      vertex 0.01 -0.005 0.105
      vertex 0.00590782 -0.005 0.110055
      vertex 0.00593379 -0.005 0.110226
    endloop
  endfacet
  facet normal 0 1 0
    outer loop
      vertex 0.00539163 -0.005 0.109173
      vertex 0.00551596 -0.005 0.109294
      vertex 0.01 -0.005 0.105
    endloop
  endfacet
  facet normal 0 1 0
    outer loop
      vertex 0.00551596 -0.005 0.109294
      vertex 0.00562652 -0.005 0.109427
      vertex 0.01 -0.005 0.105
    endloop
  endfacet
  facet normal 0 1 0
    outer loop
      vertex 0.01 -0.005 0.105
      vertex 0.00562652 -0.005 0.109427
      vertex 0.00572201 -0.005 0.109571
    endloop
  endfacet
  facet normal 4.49237e-16 1 -2.28898e-16
    outer loop
      vertex -0.0274064 -0.005 0.147202
      vertex -0.0259808 -0.005 0.15
      vertex -0.0250866 -0.005 0.136598
    endloop
  endfacet
  facet normal 0 1 0
    outer loop
      vertex -0.0293444 -0.005 0.141237
      vertex -0.0285317 -0.005 0.144271
      vertex -0.0257495 -0.005 0.136414
    endloop
  endfacet
  facet normal 0 1 0
    outer loop
      vertex 0.00478778 -0.005 0.108843
      vertex 0.00495127 -0.005 0.108901
      vertex 0.01 -0.005 0.105
    endloop
  endfacet
  facet normal 0 1 0
    outer loop
      vertex 0.00495127 -0.005 0.108901
      vertex 0.00510762 -0.005 0.108975
      vertex 0.01 -0.005 0.105
    endloop
  endfacet
  facet normal 0 1 0
    outer loop
      vertex 0.01 -0.005 0.105
      vertex 0.00510762 -0.005 0.108975
      vertex 0.00525498 -0.005 0.109066
    endloop
  endfacet
  facet normal -2.30404e-16 1 -2.0053e-16
    outer loop
      vertex 0.00560321 -0.005 0.111363
      vertex 0.00548947 -0.005 0.111494
      vertex 0.00110032 -0.005 0.133838
    endloop
  endfacet
  facet normal -2.5953e-16 1 -8.74459e-17
    outer loop
      vertex 0.00154168 -0.005 0.135428
      vertex 0.00148636 -0.005 0.135592
      vertex 0.01 -0.005 0.15
    endloop
  endfacet
  facet normal 3.47554e-17 1 -3.19566e-16
    outer loop
      vertex -0.0250866 -0.005 0.136598
      vertex -0.0252589 -0.005 0.136579
      vertex -0.0274064 -0.005 0.147202
    endloop
  endfacet
  facet normal 6.88254e-17 1 -3.12679e-16
    outer loop
      vertex -0.0252589 -0.005 0.136579
      vertex -0.025428 -0.005 0.136542
      vertex -0.0274064 -0.005 0.147202
    endloop
  endfacet
  facet normal -1.50678e-15 1 -6.05073e-16
    outer loop
      vertex -0.0274064 -0.005 0.147202
      vertex -0.025428 -0.005 0.136542
      vertex -0.0285317 -0.005 0.144271
    endloop
  endfacet
  facet normal 0 1 0
    outer loop
      vertex -0.025428 -0.005 0.136542
      vertex -0.0255922 -0.005 0.136486
      vertex -0.0285317 -0.005 0.144271
    endloop
  endfacet
  facet normal 0 1 0
    outer loop
      vertex -0.0285317 -0.005 0.144271
      vertex -0.0255922 -0.005 0.136486
      vertex -0.0257495 -0.005 0.136414
    endloop
  endfacet
  facet normal -7.6755e-17 1 -1.71284e-16
    outer loop
      vertex 0.00507359 -0.005 0.111802
      vertex 0.00491549 -0.005 0.111873
      vertex 0.00110032 -0.005 0.133838
    endloop
  endfacet
  facet normal -3.78675e-17 1 -2.30982e-16
    outer loop
      vertex 0.000343953 -0.005 0.136563
      vertex 0.00017299 -0.005 0.136591
      vertex 0.01 -0.005 0.15
    endloop
  endfacet
  facet normal -1.3492e-17 1 -2.48845e-16
    outer loop
      vertex 0.00017299 -0.005 0.136591
      vertex 9.15884e-18 -0.005 0.1366
      vertex 0.01 -0.005 0.15
    endloop
  endfacet
  facet normal 1.46298e-17 1 -2.69832e-16
    outer loop
      vertex 0.01 -0.005 0.15
      vertex 9.15884e-18 -0.005 0.1366
      vertex -0.00017299 -0.005 0.136591
    endloop
  endfacet
  facet normal -1.66397e-16 1 -2.76553e-16
    outer loop
      vertex -0.0241021 -0.005 0.136324
      vertex -0.0242505 -0.005 0.136414
      vertex -0.0259808 -0.005 0.15
    endloop
  endfacet
  facet normal -1.25539e-16 1 -2.71349e-16
    outer loop
      vertex -0.0242505 -0.005 0.136414
      vertex -0.0244078 -0.005 0.136486
      vertex -0.0259808 -0.005 0.15
    endloop
  endfacet
  facet normal -9.00359e-17 1 -2.67217e-16
    outer loop
      vertex -0.0259808 -0.005 0.15
      vertex -0.0244078 -0.005 0.136486
      vertex -0.024572 -0.005 0.136542
    endloop
  endfacet
  facet normal -5.80829e-17 1 -2.63872e-16
    outer loop
      vertex -0.024572 -0.005 0.136542
      vertex -0.0247411 -0.005 0.136579
      vertex -0.0259808 -0.005 0.15
    endloop
  endfacet
  facet normal -2.83997e-17 1 -2.6113e-16
    outer loop
      vertex -0.0247411 -0.005 0.136579
      vertex -0.0249134 -0.005 0.136598
      vertex -0.0259808 -0.005 0.15
    endloop
  endfacet
  facet normal 0 1 -2.58869e-16
    outer loop
      vertex -0.0259808 -0.005 0.15
      vertex -0.0249134 -0.005 0.136598
      vertex -0.0250866 -0.005 0.136598
    endloop
  endfacet
  facet normal 0 1 0
    outer loop
      vertex -0.0257495 -0.005 0.136414
      vertex -0.0258979 -0.005 0.136324
      vertex -0.0293444 -0.005 0.141237
    endloop
  endfacet
  facet normal 0 1 0
    outer loop
      vertex -0.0258979 -0.005 0.136324
      vertex -0.0260358 -0.005 0.136219
      vertex -0.0293444 -0.005 0.141237
    endloop
  endfacet
  facet normal 0 1 0
    outer loop
      vertex -0.0293444 -0.005 0.141237
      vertex -0.0260358 -0.005 0.136219
      vertex -0.0298357 -0.005 0.138136
    endloop
  endfacet
  facet normal 0 1 0
    outer loop
      vertex -0.0260358 -0.005 0.136219
      vertex -0.0261616 -0.005 0.1361
      vertex -0.0298357 -0.005 0.138136
    endloop
  endfacet
  facet normal 0 1 0
    outer loop
      vertex -0.0298357 -0.005 0.138136
      vertex -0.0261616 -0.005 0.1361
      vertex -0.0262737 -0.005 0.135968
    endloop
  endfacet
  facet normal -1.72834e-16 1 -2.03476e-16
    outer loop
      vertex -0.00110032 -0.005 0.133838
      vertex -0.000968279 -0.005 0.133726
      vertex 0.00458103 -0.005 0.111962
    endloop
  endfacet
  facet normal -1.30671e-16 1 -1.92726e-16
    outer loop
      vertex -0.000968279 -0.005 0.133726
      vertex -0.000824886 -0.005 0.133629
      vertex 0.00458103 -0.005 0.111962
    endloop
  endfacet
  facet normal -9.78331e-17 1 -1.84533e-16
    outer loop
      vertex 0.00458103 -0.005 0.111962
      vertex -0.000824886 -0.005 0.133629
      vertex -0.000671823 -0.005 0.133548
    endloop
  endfacet
  facet normal 0 1 0
    outer loop
      vertex 0.00593379 -0.005 0.110226
      vertex 0.00594109 -0.005 0.110399
      vertex 0.01 -0.005 0.105
    endloop
  endfacet
  facet normal 0 1 0
    outer loop
      vertex 0.00594109 -0.005 0.110399
      vertex 0.00592963 -0.005 0.110572
      vertex 0.01 -0.005 0.105
    endloop
  endfacet
  facet normal 0 1 0
    outer loop
      vertex 0.01 -0.005 0.105
      vertex 0.00592963 -0.005 0.110572
      vertex 0.00589954 -0.005 0.110743
    endloop
  endfacet
  facet normal 0 1 0
    outer loop
      vertex -0.0234094 -0.005 0.135173
      vertex -0.0234374 -0.005 0.135344
      vertex -0.00017299 -0.005 0.136591
    endloop
  endfacet
  facet normal 0 1 0
    outer loop
      vertex -0.0234374 -0.005 0.135344
      vertex -0.0234838 -0.005 0.135511
      vertex -0.00017299 -0.005 0.136591
    endloop
  endfacet
  facet normal 1.24208e-17 1 -2.68156e-16
    outer loop
      vertex -0.00017299 -0.005 0.136591
      vertex -0.0234838 -0.005 0.135511
      vertex 0.01 -0.005 0.15
    endloop
  endfacet
  facet normal -8.83786e-17 1 -3.52127e-17
    outer loop
      vertex -0.0234838 -0.005 0.135511
      vertex -0.0235479 -0.005 0.135672
      vertex 0.01 -0.005 0.15
    endloop
  endfacet
  facet normal -8.4324e-17 1 -4.47061e-17
    outer loop
      vertex 0.01 -0.005 0.15
      vertex -0.0235479 -0.005 0.135672
      vertex -0.023629 -0.005 0.135825
    endloop
  endfacet
  facet normal -8.0237e-17 1 -5.44021e-17
    outer loop
      vertex -0.023629 -0.005 0.135825
      vertex -0.0237263 -0.005 0.135968
      vertex 0.01 -0.005 0.15
    endloop
  endfacet
  facet normal -7.60096e-17 1 -6.45628e-17
    outer loop
      vertex -0.0237263 -0.005 0.135968
      vertex -0.0238384 -0.005 0.1361
      vertex 0.01 -0.005 0.15
    endloop
  endfacet
  facet normal 0 1 -2.49606e-16
    outer loop
      vertex 0.01 -0.005 0.15
      vertex -0.0238384 -0.005 0.1361
      vertex -0.0259808 -0.005 0.15
    endloop
  endfacet
  facet normal -2.7686e-16 1 -2.92279e-16
    outer loop
      vertex -0.0238384 -0.005 0.1361
      vertex -0.0239642 -0.005 0.136219
      vertex -0.0259808 -0.005 0.15
    endloop
  endfacet
  facet normal -2.15339e-16 1 -2.83276e-16
    outer loop
      vertex -0.0259808 -0.005 0.15
      vertex -0.0239642 -0.005 0.136219
      vertex -0.0241021 -0.005 0.136324
    endloop
  endfacet
  facet normal -8.03623e-16 1 -3.71796e-16
    outer loop
      vertex 0.00458103 -0.005 0.111962
      vertex -0.00148636 -0.005 0.134408
      vertex -0.00141362 -0.005 0.134251
    endloop
  endfacet
  facet normal 9.57964e-17 1 -9.07432e-17
    outer loop
      vertex 0.00110032 -0.005 0.133838
      vertex 0.00121946 -0.005 0.133964
      vertex 0.01 -0.005 0.105
    endloop
  endfacet
  facet normal 1.1265e-16 1 -8.56341e-17
    outer loop
      vertex 0.00121946 -0.005 0.133964
      vertex 0.0013243 -0.005 0.134102
      vertex 0.01 -0.005 0.105
    endloop
  endfacet
  facet normal 1.32493e-16 1 -7.97185e-17
    outer loop
      vertex 0.01 -0.005 0.105
      vertex 0.0013243 -0.005 0.134102
      vertex 0.00141362 -0.005 0.134251
    endloop
  endfacet
  facet normal -2.28563e-16 1 -1.05745e-16
    outer loop
      vertex 0.00148636 -0.005 0.135592
      vertex 0.00141362 -0.005 0.135749
      vertex 0.01 -0.005 0.15
    endloop
  endfacet
  facet normal -2.02175e-16 1 -1.21644e-16
    outer loop
      vertex 0.00141362 -0.005 0.135749
      vertex 0.0013243 -0.005 0.135898
      vertex 0.01 -0.005 0.15
    endloop
  endfacet
  facet normal -1.78876e-16 1 -1.35978e-16
    outer loop
      vertex 0.01 -0.005 0.15
      vertex 0.0013243 -0.005 0.135898
      vertex 0.00121946 -0.005 0.136036
    endloop
  endfacet
  facet normal -1.57644e-16 1 -1.49328e-16
    outer loop
      vertex 0.00121946 -0.005 0.136036
      vertex 0.00110032 -0.005 0.136162
      vertex 0.01 -0.005 0.15
    endloop
  endfacet
  facet normal -1.37723e-16 1 -1.6214e-16
    outer loop
      vertex 0.00110032 -0.005 0.136162
      vertex 0.000968279 -0.005 0.136274
      vertex 0.01 -0.005 0.15
    endloop
  endfacet
  facet normal -1.18506e-16 1 -1.74784e-16
    outer loop
      vertex 0.01 -0.005 0.15
      vertex 0.000968279 -0.005 0.136274
      vertex 0.000824886 -0.005 0.136371
    endloop
  endfacet
  facet normal -4.67828e-16 1 -2.81482e-16
    outer loop
      vertex -0.00141362 -0.005 0.134251
      vertex -0.0013243 -0.005 0.134102
      vertex 0.00458103 -0.005 0.111962
    endloop
  endfacet
  facet normal -3.1756e-16 1 -2.41403e-16
    outer loop
      vertex -0.0013243 -0.005 0.134102
      vertex -0.00121946 -0.005 0.133964
      vertex 0.00458103 -0.005 0.111962
    endloop
  endfacet
  facet normal -2.30661e-16 1 -2.18493e-16
    outer loop
      vertex 0.00458103 -0.005 0.111962
      vertex -0.00121946 -0.005 0.133964
      vertex -0.00110032 -0.005 0.133838
    endloop
  endfacet
  facet normal 0 1 0
    outer loop
      vertex 0.00589954 -0.005 0.110743
      vertex 0.00585119 -0.005 0.110909
      vertex 0.01 -0.005 0.105
    endloop
  endfacet
  facet normal 0 1 0
    outer loop
      vertex 0.00585119 -0.005 0.110909
      vertex 0.00578513 -0.005 0.111069
      vertex 0.01 -0.005 0.105
    endloop
  endfacet
  facet normal -3.11772e-16 1 -2.16521e-16
    outer loop
      vertex 0.01 -0.005 0.105
      vertex 0.00578513 -0.005 0.111069
      vertex 0.00110032 -0.005 0.133838
    endloop
  endfacet
  facet normal -4.4824e-16 1 -2.44599e-16
    outer loop
      vertex 0.00578513 -0.005 0.111069
      vertex 0.00570215 -0.005 0.111221
      vertex 0.00110032 -0.005 0.133838
    endloop
  endfacet
  facet normal -3.11613e-16 1 -2.16801e-16
    outer loop
      vertex 0.00110032 -0.005 0.133838
      vertex 0.00570215 -0.005 0.111221
      vertex 0.00560321 -0.005 0.111363
    endloop
  endfacet
  facet normal -1.7544e-16 1 -1.89733e-16
    outer loop
      vertex 0.00548947 -0.005 0.111494
      vertex 0.00536227 -0.005 0.111612
      vertex 0.00110032 -0.005 0.133838
    endloop
  endfacet
  facet normal -1.34898e-16 1 -1.8196e-16
    outer loop
      vertex 0.00536227 -0.005 0.111612
      vertex 0.0052231 -0.005 0.111715
      vertex 0.00110032 -0.005 0.133838
    endloop
  endfacet
  facet normal -1.03045e-16 1 -1.76024e-16
    outer loop
      vertex 0.00110032 -0.005 0.133838
      vertex 0.0052231 -0.005 0.111715
      vertex 0.00507359 -0.005 0.111802
    endloop
  endfacet
  facet normal 7.68828e-17 1 -1.45016e-16
    outer loop
      vertex 0.000671823 -0.005 0.133548
      vertex 0.000824886 -0.005 0.133629
      vertex 0.00491549 -0.005 0.111873
    endloop
  endfacet
  facet normal 9.58991e-17 1 -1.41441e-16
    outer loop
      vertex 0.000824886 -0.005 0.133629
      vertex 0.000968279 -0.005 0.133726
      vertex 0.00491549 -0.005 0.111873
    endloop
  endfacet
  facet normal 1.16916e-16 1 -1.37644e-16
    outer loop
      vertex 0.00491549 -0.005 0.111873
      vertex 0.000968279 -0.005 0.133726
      vertex 0.00110032 -0.005 0.133838
    endloop
  endfacet
  facet normal -9.94619e-17 1 -1.87605e-16
    outer loop
      vertex 0.000824886 -0.005 0.136371
      vertex 0.000671823 -0.005 0.136452
      vertex 0.01 -0.005 0.15
    endloop
  endfacet
  facet normal -8.00688e-17 1 -2.00958e-16
    outer loop
      vertex 0.000671823 -0.005 0.136452
      vertex 0.000510882 -0.005 0.136516
      vertex 0.01 -0.005 0.15
    endloop
  endfacet
  facet normal -5.97633e-17 1 -2.15248e-16
    outer loop
      vertex 0.01 -0.005 0.15
      vertex 0.000510882 -0.005 0.136516
      vertex 0.000343953 -0.005 0.136563
    endloop
  endfacet
  facet normal 0 1 0
    outer loop
      vertex -0.00017299 -0.005 0.136591
      vertex -0.000343953 -0.005 0.136563
      vertex -0.0234094 -0.005 0.135173
    endloop
  endfacet
  facet normal 0 1 0
    outer loop
      vertex -0.000343953 -0.005 0.136563
      vertex -0.000510882 -0.005 0.136516
      vertex -0.0234094 -0.005 0.135173
    endloop
  endfacet
  facet normal 0 1 0
    outer loop
      vertex -0.0234094 -0.005 0.135173
      vertex -0.000510882 -0.005 0.136516
      vertex -0.000671823 -0.005 0.136452
    endloop
  endfacet
  facet normal 0 1 0
    outer loop
      vertex -0.000671823 -0.005 0.136452
      vertex -0.000824886 -0.005 0.136371
      vertex -0.0234094 -0.005 0.135173
    endloop
  endfacet
  facet normal 0 1 0
    outer loop
      vertex -0.000824886 -0.005 0.136371
      vertex -0.000968279 -0.005 0.136274
      vertex -0.0234094 -0.005 0.135173
    endloop
  endfacet
  facet normal 0 1 0
    outer loop
      vertex -0.0234094 -0.005 0.135173
      vertex -0.000968279 -0.005 0.136274
      vertex -0.0234 -0.005 0.135
    endloop
  endfacet
  facet normal 0 1 0
    outer loop
      vertex -0.000968279 -0.005 0.136274
      vertex -0.00110032 -0.005 0.136162
      vertex -0.0234 -0.005 0.135
    endloop
  endfacet
  facet normal 0 1 0
    outer loop
      vertex -0.0234 -0.005 0.135
      vertex -0.00110032 -0.005 0.136162
      vertex -0.0232609 -0.005 0.132453
    endloop
  endfacet
  facet normal -4.268e-16 1 2.56797e-16
    outer loop
      vertex -0.0013243 -0.005 0.135898
      vertex -0.00141362 -0.005 0.135749
      vertex -0.0185645 -0.005 0.120755
    endloop
  endfacet
  facet normal -3.39687e-16 1 1.57156e-16
    outer loop
      vertex -0.00141362 -0.005 0.135749
      vertex -0.00148636 -0.005 0.135592
      vertex -0.0185645 -0.005 0.120755
    endloop
  endfacet
  facet normal -2.87233e-16 1 9.678e-17
    outer loop
      vertex -0.0185645 -0.005 0.120755
      vertex -0.00148636 -0.005 0.135592
      vertex -0.00154168 -0.005 0.135428
    endloop
  endfacet
  facet normal -7.09145e-17 1 -1.77982e-16
    outer loop
      vertex -0.000671823 -0.005 0.133548
      vertex -0.000510882 -0.005 0.133484
      vertex 0.00458103 -0.005 0.111962
    endloop
  endfacet
  facet normal -4.79051e-17 1 -1.72538e-16
    outer loop
      vertex -0.000510882 -0.005 0.133484
      vertex -0.000343953 -0.005 0.133437
      vertex 0.00458103 -0.005 0.111962
    endloop
  endfacet
  facet normal -2.75198e-17 1 -1.67863e-16
    outer loop
      vertex 0.00458103 -0.005 0.111962
      vertex -0.000343953 -0.005 0.133437
      vertex -0.00017299 -0.005 0.133409
    endloop
  endfacet
  facet normal 1.56853e-16 1 -7.25679e-17
    outer loop
      vertex 0.00141362 -0.005 0.134251
      vertex 0.00148636 -0.005 0.134408
      vertex 0.01 -0.005 0.105
    endloop
  endfacet
  facet normal 1.88329e-16 1 -6.34554e-17
    outer loop
      vertex 0.00148636 -0.005 0.134408
      vertex 0.00154168 -0.005 0.134572
      vertex 0.01 -0.005 0.105
    endloop
  endfacet
  facet normal -1.28924e-16 1 -1.54198e-16
    outer loop
      vertex 0.01 -0.005 0.105
      vertex 0.00154168 -0.005 0.134572
      vertex 0.01 -0.005 0.15
    endloop
  endfacet
  facet normal -6.85343e-16 1 1.50855e-16
    outer loop
      vertex 0.00154168 -0.005 0.134572
      vertex 0.00157892 -0.005 0.134741
      vertex 0.01 -0.005 0.15
    endloop
  endfacet
  facet normal -5.13113e-16 1 5.58046e-17
    outer loop
      vertex 0.01 -0.005 0.15
      vertex 0.00157892 -0.005 0.134741
      vertex 0.00159765 -0.005 0.134913
    endloop
  endfacet
  facet normal -4.12914e-16 1 0
    outer loop
      vertex 0.00159765 -0.005 0.134913
      vertex 0.00159765 -0.005 0.135087
      vertex 0.01 -0.005 0.15
    endloop
  endfacet
  facet normal -3.46104e-16 1 -3.76413e-17
    outer loop
      vertex 0.00159765 -0.005 0.135087
      vertex 0.00157892 -0.005 0.135259
      vertex 0.01 -0.005 0.15
    endloop
  endfacet
  facet normal -2.97402e-16 1 -6.54631e-17
    outer loop
      vertex 0.01 -0.005 0.15
      vertex 0.00157892 -0.005 0.135259
      vertex 0.00154168 -0.005 0.135428
    endloop
  endfacet
  facet normal 6.55028e-16 1 -1.19184e-15
    outer loop
      vertex -0.00110032 -0.005 0.136162
      vertex -0.0200049 -0.005 0.122861
      vertex -0.0212076 -0.005 0.125111
    endloop
  endfacet
  facet normal -2.51537e-16 1 5.53674e-17
    outer loop
      vertex -0.00154168 -0.005 0.135428
      vertex -0.00157892 -0.005 0.135259
      vertex -0.0185645 -0.005 0.120755
    endloop
  endfacet
  facet normal -2.2517e-16 1 2.44888e-17
    outer loop
      vertex -0.00157892 -0.005 0.135259
      vertex -0.00159765 -0.005 0.135087
      vertex -0.0185645 -0.005 0.120755
    endloop
  endfacet
  facet normal -2.04484e-16 1 0
    outer loop
      vertex -0.0185645 -0.005 0.120755
      vertex -0.00159765 -0.005 0.135087
      vertex -0.00159765 -0.005 0.134913
    endloop
  endfacet
  facet normal -2.31984e-15 1 -7.81645e-16
    outer loop
      vertex -0.00148636 -0.005 0.134408
      vertex 0.00458103 -0.005 0.111962
      vertex -0.00154168 -0.005 0.134572
    endloop
  endfacet
  facet normal -1.52191e-17 1 -1.57567e-16
    outer loop
      vertex 0.00458103 -0.005 0.111962
      vertex 0.00440859 -0.005 0.111978
      vertex -0.00154168 -0.005 0.134572
    endloop
  endfacet
  facet normal 1.84176e-18 1 -1.53074e-16
    outer loop
      vertex -0.00154168 -0.005 0.134572
      vertex 0.00440859 -0.005 0.111978
      vertex 0.00423536 -0.005 0.111976
    endloop
  endfacet
  facet normal -8.87721e-18 1 -1.63731e-16
    outer loop
      vertex -0.00017299 -0.005 0.133409
      vertex 9.65785e-18 -0.005 0.1334
      vertex 0.00458103 -0.005 0.111962
    endloop
  endfacet
  facet normal 8.67387e-18 1 -1.59981e-16
    outer loop
      vertex 9.65785e-18 -0.005 0.1334
      vertex 0.00017299 -0.005 0.133409
      vertex 0.00458103 -0.005 0.111962
    endloop
  endfacet
  facet normal -3.50671e-17 1 -1.68971e-16
    outer loop
      vertex 0.00458103 -0.005 0.111962
      vertex 0.00017299 -0.005 0.133409
      vertex 0.00475066 -0.005 0.111927
    endloop
  endfacet
  facet normal 2.55826e-17 1 -1.56047e-16
    outer loop
      vertex 0.00017299 -0.005 0.133409
      vertex 0.000343953 -0.005 0.133437
      vertex 0.00475066 -0.005 0.111927
    endloop
  endfacet
  facet normal -5.58962e-17 1 -1.72739e-16
    outer loop
      vertex 0.00475066 -0.005 0.111927
      vertex 0.000343953 -0.005 0.133437
      vertex 0.00491549 -0.005 0.111873
    endloop
  endfacet
  facet normal 4.21875e-17 1 -1.51945e-16
    outer loop
      vertex 0.000343953 -0.005 0.133437
      vertex 0.000510882 -0.005 0.133484
      vertex 0.00491549 -0.005 0.111873
    endloop
  endfacet
  facet normal 5.91621e-17 1 -1.48486e-16
    outer loop
      vertex 0.00491549 -0.005 0.111873
      vertex 0.000510882 -0.005 0.133484
      vertex 0.000671823 -0.005 0.133548
    endloop
  endfacet
  facet normal 0 1 0
    outer loop
      vertex -0.0212076 -0.005 0.125111
      vertex -0.0221582 -0.005 0.127478
      vertex -0.00110032 -0.005 0.136162
    endloop
  endfacet
  facet normal 0 1 0
    outer loop
      vertex -0.0221582 -0.005 0.127478
      vertex -0.0228453 -0.005 0.129935
      vertex -0.00110032 -0.005 0.136162
    endloop
  endfacet
  facet normal 0 1 0
    outer loop
      vertex -0.00110032 -0.005 0.136162
      vertex -0.0228453 -0.005 0.129935
      vertex -0.0232609 -0.005 0.132453
    endloop
  endfacet
  facet normal -1.23894e-16 1 -8.47524e-17
    outer loop
      vertex -0.0200049 -0.005 0.122861
      vertex -0.00110032 -0.005 0.136162
      vertex -0.0185645 -0.005 0.120755
    endloop
  endfacet
  facet normal -1.20877e-15 1 1.14501e-15
    outer loop
      vertex -0.00110032 -0.005 0.136162
      vertex -0.00121946 -0.005 0.136036
      vertex -0.0185645 -0.005 0.120755
    endloop
  endfacet
  facet normal -6.05613e-16 1 4.60375e-16
    outer loop
      vertex -0.0185645 -0.005 0.120755
      vertex -0.00121946 -0.005 0.136036
      vertex -0.0013243 -0.005 0.135898
    endloop
  endfacet
  facet normal 0 1 0
    outer loop
      vertex -0.0265626 -0.005 0.135344
      vertex -0.0265906 -0.005 0.135173
      vertex -0.03 -0.005 0.135
    endloop
  endfacet
  facet normal 0 1 0
    outer loop
      vertex -0.0265906 -0.005 0.135173
      vertex -0.0266 -0.005 0.135
      vertex -0.03 -0.005 0.135
    endloop
  endfacet
  facet normal 0 1 0
    outer loop
      vertex -0.03 -0.005 0.135
      vertex -0.0266 -0.005 0.135
      vertex -0.0298357 -0.005 0.131864
    endloop
  endfacet
  facet normal 0 1 0
    outer loop
      vertex -0.0266 -0.005 0.135
      vertex -0.0264599 -0.005 0.132274
      vertex -0.0298357 -0.005 0.131864
    endloop
  endfacet
  facet normal 0 1 0
    outer loop
      vertex -0.0298357 -0.005 0.131864
      vertex -0.0264599 -0.005 0.132274
      vertex -0.0293444 -0.005 0.128763
    endloop
  endfacet
  facet normal 0 1 0
    outer loop
      vertex -0.0264599 -0.005 0.132274
      vertex -0.0260412 -0.005 0.129576
      vertex -0.0293444 -0.005 0.128763
    endloop
  endfacet
  facet normal 0 1 0
    outer loop
      vertex -0.0293444 -0.005 0.128763
      vertex -0.0260412 -0.005 0.129576
      vertex -0.0285317 -0.005 0.125729
    endloop
  endfacet
  facet normal 0 1 0
    outer loop
      vertex -0.0260412 -0.005 0.129576
      vertex -0.0253483 -0.005 0.126936
      vertex -0.0285317 -0.005 0.125729
    endloop
  endfacet
  facet normal 3.91604e-16 1 -1.03315e-15
    outer loop
      vertex -0.0285317 -0.005 0.125729
      vertex -0.0253483 -0.005 0.126936
      vertex -0.0274064 -0.005 0.122798
    endloop
  endfacet
  facet normal -9.60375e-16 1 -3.60756e-16
    outer loop
      vertex -0.0253483 -0.005 0.126936
      vertex -0.0243884 -0.005 0.124381
      vertex -0.0274064 -0.005 0.122798
    endloop
  endfacet
  facet normal -9.0716e-16 1 -4.62221e-16
    outer loop
      vertex -0.0274064 -0.005 0.122798
      vertex -0.0243884 -0.005 0.124381
      vertex -0.0259808 -0.005 0.12
    endloop
  endfacet
  facet normal 7.2885e-16 1 -1.05691e-15
    outer loop
      vertex -0.0243884 -0.005 0.124381
      vertex -0.0231716 -0.005 0.121937
      vertex -0.0259808 -0.005 0.12
    endloop
  endfacet
  facet normal 0 1 0
    outer loop
      vertex -0.0259808 -0.005 0.12
      vertex -0.0231716 -0.005 0.121937
      vertex -0.0242705 -0.005 0.117366
    endloop
  endfacet
  facet normal 0 1 0
    outer loop
      vertex -0.0231716 -0.005 0.121937
      vertex -0.0217108 -0.005 0.119631
      vertex -0.0242705 -0.005 0.117366
    endloop
  endfacet
  facet normal 0 1 0
    outer loop
      vertex -0.0242705 -0.005 0.117366
      vertex -0.0217108 -0.005 0.119631
      vertex -0.0222943 -0.005 0.114926
    endloop
  endfacet
  facet normal 0 1 0
    outer loop
      vertex -0.0217108 -0.005 0.119631
      vertex -0.0200214 -0.005 0.117487
      vertex -0.0222943 -0.005 0.114926
    endloop
  endfacet
  facet normal 0 1 0
    outer loop
      vertex -0.0222943 -0.005 0.114926
      vertex -0.0200214 -0.005 0.117487
      vertex -0.0200739 -0.005 0.112706
    endloop
  endfacet
  facet normal 0 1 0
    outer loop
      vertex -0.0200214 -0.005 0.117487
      vertex -0.0181212 -0.005 0.115527
      vertex -0.0200739 -0.005 0.112706
    endloop
  endfacet
  facet normal 0 1 0
    outer loop
      vertex -0.0200739 -0.005 0.112706
      vertex -0.0181212 -0.005 0.115527
      vertex -0.0176336 -0.005 0.110729
    endloop
  endfacet
  facet normal 0 1 0
    outer loop
      vertex -0.0181212 -0.005 0.115527
      vertex -0.0160301 -0.005 0.113773
      vertex -0.0176336 -0.005 0.110729
    endloop
  endfacet
  facet normal 0 1 0
    outer loop
      vertex -0.0176336 -0.005 0.110729
      vertex -0.0160301 -0.005 0.113773
      vertex -0.015 -0.005 0.109019
    endloop
  endfacet
  facet normal 0 1 0
    outer loop
      vertex -0.0160301 -0.005 0.113773
      vertex -0.0137702 -0.005 0.112242
      vertex -0.015 -0.005 0.109019
    endloop
  endfacet
  facet normal 0 1 0
    outer loop
      vertex -0.015 -0.005 0.109019
      vertex -0.0137702 -0.005 0.112242
      vertex -0.0122021 -0.005 0.107594
    endloop
  endfacet
  facet normal 0 1 0
    outer loop
      vertex -0.0137702 -0.005 0.112242
      vertex -0.0113652 -0.005 0.11095
      vertex -0.0122021 -0.005 0.107594
    endloop
  endfacet
  facet normal 0 1 0
    outer loop
      vertex -0.0122021 -0.005 0.107594
      vertex -0.0113652 -0.005 0.11095
      vertex -0.00927051 -0.005 0.106468
    endloop
  endfacet
  facet normal 0 1 0
    outer loop
      vertex -0.0113652 -0.005 0.11095
      vertex -0.00884064 -0.005 0.109912
      vertex -0.00927051 -0.005 0.106468
    endloop
  endfacet
  facet normal 0 1 0
    outer loop
      vertex -0.00927051 -0.005 0.106468
      vertex -0.00884064 -0.005 0.109912
      vertex -0.00623735 -0.005 0.105656
    endloop
  endfacet
  facet normal 0 1 0
    outer loop
      vertex -0.00884064 -0.005 0.109912
      vertex -0.00622292 -0.005 0.109138
      vertex -0.00623735 -0.005 0.105656
    endloop
  endfacet
  facet normal 0 1 0
    outer loop
      vertex -0.00623735 -0.005 0.105656
      vertex -0.00622292 -0.005 0.109138
      vertex -0.00313585 -0.005 0.105164
    endloop
  endfacet
  facet normal 0 1 0
    outer loop
      vertex -0.00622292 -0.005 0.109138
      vertex -0.00353967 -0.005 0.108637
      vertex -0.00313585 -0.005 0.105164
    endloop
  endfacet
  facet normal 0 1 0
    outer loop
      vertex -0.00313585 -0.005 0.105164
      vertex -0.00353967 -0.005 0.108637
      vertex 8.17952e-18 -0.005 0.105
    endloop
  endfacet
  facet normal 0 1 0
    outer loop
      vertex -0.00353967 -0.005 0.108637
      vertex -0.000819149 -0.005 0.108413
      vertex 8.17952e-18 -0.005 0.105
    endloop
  endfacet
  facet normal 0 1 0
    outer loop
      vertex -0.000819149 -0.005 0.108413
      vertex 0.00191 -0.005 0.108469
      vertex 8.17952e-18 -0.005 0.105
    endloop
  endfacet
  facet normal 0 1 0
    outer loop
      vertex 8.17952e-18 -0.005 0.105
      vertex 0.00191 -0.005 0.108469
      vertex 0.01 -0.005 0.105
    endloop
  endfacet
  facet normal 0 1 0
    outer loop
      vertex 0.00191 -0.005 0.108469
      vertex 0.00461904 -0.005 0.108804
      vertex 0.01 -0.005 0.105
    endloop
  endfacet
  facet normal 0 1 0
    outer loop
      vertex 0.01 -0.005 0.105
      vertex 0.00461904 -0.005 0.108804
      vertex 0.00478778 -0.005 0.108843
    endloop
  endfacet
  facet normal 1.80139e-17 1 -1.48939e-16
    outer loop
      vertex 0.00423536 -0.005 0.111976
      vertex 0.00406337 -0.005 0.111955
      vertex -0.00154168 -0.005 0.134572
    endloop
  endfacet
  facet normal 1.79593e-17 1 -1.48953e-16
    outer loop
      vertex 0.00406337 -0.005 0.111955
      vertex 0.00153043 -0.005 0.11165
      vertex -0.00154168 -0.005 0.134572
    endloop
  endfacet
  facet normal 1.64875e-18 1 -1.51139e-16
    outer loop
      vertex -0.00154168 -0.005 0.134572
      vertex 0.00153043 -0.005 0.11165
      vertex -0.00102069 -0.005 0.111622
    endloop
  endfacet
  facet normal -1.49228e-17 1 -1.51515e-16
    outer loop
      vertex -0.00102069 -0.005 0.111622
      vertex -0.00355969 -0.005 0.111872
      vertex -0.00154168 -0.005 0.134572
    endloop
  endfacet
  facet normal -3.15494e-17 1 -1.50037e-16
    outer loop
      vertex -0.00355969 -0.005 0.111872
      vertex -0.00605637 -0.005 0.112397
      vertex -0.00154168 -0.005 0.134572
    endloop
  endfacet
  facet normal -4.80148e-17 1 -1.46685e-16
    outer loop
      vertex -0.00154168 -0.005 0.134572
      vertex -0.00605637 -0.005 0.112397
      vertex -0.00848105 -0.005 0.113191
    endloop
  endfacet
  facet normal -6.4097e-17 1 -1.41465e-16
    outer loop
      vertex -0.00848105 -0.005 0.113191
      vertex -0.0108049 -0.005 0.114244
      vertex -0.00154168 -0.005 0.134572
    endloop
  endfacet
  facet normal -7.95712e-17 1 -1.34414e-16
    outer loop
      vertex -0.0108049 -0.005 0.114244
      vertex -0.0130003 -0.005 0.115544
      vertex -0.00154168 -0.005 0.134572
    endloop
  endfacet
  facet normal -9.42142e-17 1 -1.25596e-16
    outer loop
      vertex -0.00154168 -0.005 0.134572
      vertex -0.0130003 -0.005 0.115544
      vertex -0.0150412 -0.005 0.117075
    endloop
  endfacet
  facet normal -1.8747e-16 1 -2.03887e-17
    outer loop
      vertex -0.00159765 -0.005 0.134913
      vertex -0.00157892 -0.005 0.134741
      vertex -0.0185645 -0.005 0.120755
    endloop
  endfacet
  facet normal -1.72918e-16 1 -3.80621e-17
    outer loop
      vertex -0.00157892 -0.005 0.134741
      vertex -0.00154168 -0.005 0.134572
      vertex -0.0185645 -0.005 0.120755
    endloop
  endfacet
  facet normal -1.20151e-16 1 -1.03072e-16
    outer loop
      vertex -0.0185645 -0.005 0.120755
      vertex -0.00154168 -0.005 0.134572
      vertex -0.0169033 -0.005 0.118819
    endloop
  endfacet
  facet normal -1.07809e-16 1 -1.15107e-16
    outer loop
      vertex -0.00154168 -0.005 0.134572
      vertex -0.0150412 -0.005 0.117075
      vertex -0.0169033 -0.005 0.118819
    endloop
  endfacet
  facet normal -2.61585e-16 -1 1.34675e-16
    outer loop
      vertex 0.00580131 0.005254 0.109726
      vertex 0.00572201 0.005254 0.109571
      vertex 0.01 0.005254 0.105
    endloop
  endfacet
  facet normal -4.68721e-16 -1 -3.10744e-17
    outer loop
      vertex 0.00592963 0.005254 0.110572
      vertex 0.00594109 0.005254 0.110399
      vertex 0.01 0.005254 0.105
    endloop
  endfacet
  facet normal -4.04696e-16 -1 1.70585e-17
    outer loop
      vertex 0.00594109 0.005254 0.110399
      vertex 0.00593379 0.005254 0.110226
      vertex 0.01 0.005254 0.105
    endloop
  endfacet
  facet normal -3.5705e-16 -1 5.41307e-17
    outer loop
      vertex 0.00593379 0.005254 0.110226
      vertex 0.00590782 0.005254 0.110055
      vertex 0.01 0.005254 0.105
    endloop
  endfacet
  facet normal -3.19454e-16 -1 8.45675e-17
    outer loop
      vertex 0.00590782 0.005254 0.110055
      vertex 0.00586349 0.005254 0.109887
      vertex 0.01 0.005254 0.105
    endloop
  endfacet
  facet normal -2.88355e-16 -1 1.10889e-16
    outer loop
      vertex 0.01 0.005254 0.105
      vertex 0.00586349 0.005254 0.109887
      vertex 0.00580131 0.005254 0.109726
    endloop
  endfacet
  facet normal -2.37703e-16 -1 1.57024e-16
    outer loop
      vertex 0.00572201 0.005254 0.109571
      vertex 0.00562652 0.005254 0.109427
      vertex 0.01 0.005254 0.105
    endloop
  endfacet
  facet normal -2.15682e-16 -1 1.78779e-16
    outer loop
      vertex 0.00562652 0.005254 0.109427
      vertex 0.00551596 0.005254 0.109294
      vertex 0.01 0.005254 0.105
    endloop
  endfacet
  facet normal -1.9472e-16 -1 2.00671e-16
    outer loop
      vertex 0.01 0.005254 0.105
      vertex 0.00551596 0.005254 0.109294
      vertex 0.00539163 0.005254 0.109173
    endloop
  endfacet
  facet normal 4.23414e-17 -1 1.3085e-16
    outer loop
      vertex 0.00491549 0.005254 0.111873
      vertex 0.01 0.005254 0.15
      vertex 0.00475066 0.005254 0.111927
    endloop
  endfacet
  facet normal 2.75782e-17 -1 1.32885e-16
    outer loop
      vertex 0.01 0.005254 0.15
      vertex 0.00458103 0.005254 0.111962
      vertex 0.00475066 0.005254 0.111927
    endloop
  endfacet
  facet normal -1.74123e-16 -1 2.23418e-16
    outer loop
      vertex 0.00539163 0.005254 0.109173
      vertex 0.00525498 0.005254 0.109066
      vertex 0.01 0.005254 0.105
    endloop
  endfacet
  facet normal -1.53204e-16 -1 2.47828e-16
    outer loop
      vertex 0.00525498 0.005254 0.109066
      vertex 0.00510762 0.005254 0.108975
      vertex 0.01 0.005254 0.105
    endloop
  endfacet
  facet normal -1.31216e-16 -1 2.74888e-16
    outer loop
      vertex 0.01 0.005254 0.105
      vertex 0.00510762 0.005254 0.108975
      vertex 0.00495127 0.005254 0.108901
    endloop
  endfacet
  facet normal 5.77171e-17 -1 1.28799e-16
    outer loop
      vertex 0.00491549 0.005254 0.111873
      vertex 0.00507359 0.005254 0.111802
      vertex 0.01 0.005254 0.15
    endloop
  endfacet
  facet normal 7.41584e-17 -1 1.26679e-16
    outer loop
      vertex 0.00507359 0.005254 0.111802
      vertex 0.0052231 0.005254 0.111715
      vertex 0.01 0.005254 0.15
    endloop
  endfacet
  facet normal 9.22419e-17 -1 1.24423e-16
    outer loop
      vertex 0.01 0.005254 0.15
      vertex 0.0052231 0.005254 0.111715
      vertex 0.00536227 0.005254 0.111612
    endloop
  endfacet
  facet normal -1.07208e-16 -1 3.05962e-16
    outer loop
      vertex 0.00495127 0.005254 0.108901
      vertex 0.00478778 0.005254 0.108843
      vertex 0.01 0.005254 0.105
    endloop
  endfacet
  facet normal -7.98531e-17 -1 3.43059e-16
    outer loop
      vertex 0.00478778 0.005254 0.108843
      vertex 0.00461904 0.005254 0.108804
      vertex 0.01 0.005254 0.105
    endloop
  endfacet
  facet normal 0 -1 4.56013e-16
    outer loop
      vertex 0.01 0.005254 0.105
      vertex 0.00461904 0.005254 0.108804
      vertex -1.06045e-17 0.005254 0.105
    endloop
  endfacet
  facet normal 4.9731e-17 -1 9.38025e-17
    outer loop
      vertex 0.000671823 0.005254 0.136452
      vertex 0.000824886 0.005254 0.136371
      vertex 0.01 0.005254 0.15
    endloop
  endfacet
  facet normal -9.71479e-17 -1 1.43283e-16
    outer loop
      vertex 0.000968279 0.005254 0.133726
      vertex 0.000824886 0.005254 0.133629
      vertex 0.00458103 0.005254 0.111962
    endloop
  endfacet
  facet normal -7.77468e-17 -1 1.46646e-16
    outer loop
      vertex 0.000824886 0.005254 0.133629
      vertex 0.000671823 0.005254 0.133548
      vertex 0.00458103 0.005254 0.111962
    endloop
  endfacet
  facet normal 1.12757e-16 -1 1.21944e-16
    outer loop
      vertex 0.00536227 0.005254 0.111612
      vertex 0.00548947 0.005254 0.111494
      vertex 0.01 0.005254 0.15
    endloop
  endfacet
  facet normal 1.36866e-16 -1 1.1912e-16
    outer loop
      vertex 0.00548947 0.005254 0.111494
      vertex 0.00560321 0.005254 0.111363
      vertex 0.01 0.005254 0.15
    endloop
  endfacet
  facet normal 1.66386e-16 -1 1.15761e-16
    outer loop
      vertex 0.01 0.005254 0.15
      vertex 0.00560321 0.005254 0.111363
      vertex 0.00570215 0.005254 0.111221
    endloop
  endfacet
  facet normal 2.04413e-16 -1 1.11546e-16
    outer loop
      vertex 0.00570215 0.005254 0.111221
      vertex 0.00578513 0.005254 0.111069
      vertex 0.01 0.005254 0.15
    endloop
  endfacet
  facet normal 2.56719e-16 -1 1.05883e-16
    outer loop
      vertex 0.00578513 0.005254 0.111069
      vertex 0.00585119 0.005254 0.110909
      vertex 0.01 0.005254 0.15
    endloop
  endfacet
  facet normal -1.98511e-16 -1 1.54198e-16
    outer loop
      vertex 0.01 0.005254 0.15
      vertex 0.00585119 0.005254 0.110909
      vertex 0.01 0.005254 0.105
    endloop
  endfacet
  facet normal -7.13483e-16 -1 -2.07379e-16
    outer loop
      vertex 0.00585119 0.005254 0.110909
      vertex 0.00589954 0.005254 0.110743
      vertex 0.01 0.005254 0.105
    endloop
  endfacet
  facet normal -5.61784e-16 -1 -9.90587e-17
    outer loop
      vertex 0.01 0.005254 0.105
      vertex 0.00589954 0.005254 0.110743
      vertex 0.00592963 0.005254 0.110572
    endloop
  endfacet
  facet normal 0 -1 0
    outer loop
      vertex -0.03 0.005254 0.135
      vertex -0.0265906 0.005254 0.135173
      vertex -0.0265626 0.005254 0.135344
    endloop
  endfacet
  facet normal -2.09278e-16 -1 1.25919e-16
    outer loop
      vertex 0.0013243 0.005254 0.134102
      vertex 0.00458103 0.005254 0.111962
      vertex 0.00141362 0.005254 0.134251
    endloop
  endfacet
  facet normal -2.5739e-16 -1 1.19081e-16
    outer loop
      vertex 0.00458103 0.005254 0.111962
      vertex 0.00148636 0.005254 0.134408
      vertex 0.00141362 0.005254 0.134251
    endloop
  endfacet
  facet normal -1.72718e-16 -1 1.31296e-16
    outer loop
      vertex 0.0013243 0.005254 0.134102
      vertex 0.00121946 0.005254 0.133964
      vertex 0.00458103 0.005254 0.111962
    endloop
  endfacet
  facet normal -1.43345e-16 -1 1.35784e-16
    outer loop
      vertex 0.00121946 0.005254 0.133964
      vertex 0.00110032 0.005254 0.133838
      vertex 0.00458103 0.005254 0.111962
    endloop
  endfacet
  facet normal -1.18671e-16 -1 1.3971e-16
    outer loop
      vertex 0.00458103 0.005254 0.111962
      vertex 0.00110032 0.005254 0.133838
      vertex 0.000968279 0.005254 0.133726
    endloop
  endfacet
  facet normal -1.94086e-18 -1 1.6131e-16
    outer loop
      vertex 0.00423536 0.005254 0.111976
      vertex 0.00440859 0.005254 0.111978
      vertex 0.000343953 0.005254 0.133437
    endloop
  endfacet
  facet normal 1.59071e-17 -1 1.64691e-16
    outer loop
      vertex 0.00440859 0.005254 0.111978
      vertex 0.00458103 0.005254 0.111962
      vertex 0.000343953 0.005254 0.133437
    endloop
  endfacet
  facet normal -4.25253e-17 -1 1.53162e-16
    outer loop
      vertex 0.000343953 0.005254 0.133437
      vertex 0.00458103 0.005254 0.111962
      vertex 0.000510882 0.005254 0.133484
    endloop
  endfacet
  facet normal -5.97291e-17 -1 1.49909e-16
    outer loop
      vertex 0.00458103 0.005254 0.111962
      vertex 0.000671823 0.005254 0.133548
      vertex 0.000510882 0.005254 0.133484
    endloop
  endfacet
  facet normal 0 -1 0
    outer loop
      vertex -0.0264521 0.005254 0.135672
      vertex -0.026371 0.005254 0.135825
      vertex -0.0298357 0.005254 0.138136
    endloop
  endfacet
  facet normal -1.91331e-17 -1 1.58193e-16
    outer loop
      vertex 0.00423536 0.005254 0.111976
      vertex 0.000343953 0.005254 0.133437
      vertex 0.00406337 0.005254 0.111955
    endloop
  endfacet
  facet normal -2.57466e-17 -1 1.57048e-16
    outer loop
      vertex 0.000343953 0.005254 0.133437
      vertex 0.00017299 0.005254 0.133409
      vertex 0.00406337 0.005254 0.111955
    endloop
  endfacet
  facet normal -1.90811e-17 -1 1.58256e-16
    outer loop
      vertex 0.00406337 0.005254 0.111955
      vertex 0.00017299 0.005254 0.133409
      vertex 0.00153043 0.005254 0.11165
    endloop
  endfacet
  facet normal -8.61578e-18 -1 1.58909e-16
    outer loop
      vertex 0.00017299 0.005254 0.133409
      vertex -9.51801e-18 0.005254 0.1334
      vertex 0.00153043 0.005254 0.11165
    endloop
  endfacet
  facet normal -1.73879e-18 -1 1.59393e-16
    outer loop
      vertex 0.00153043 0.005254 0.11165
      vertex -9.51801e-18 0.005254 0.1334
      vertex -0.00102069 0.005254 0.111622
    endloop
  endfacet
  facet normal 8.6157e-18 -1 1.58908e-16
    outer loop
      vertex -9.51801e-18 0.005254 0.1334
      vertex -0.00017299 0.005254 0.133409
      vertex -0.00102069 0.005254 0.111622
    endloop
  endfacet
  facet normal 1.56241e-17 -1 1.58635e-16
    outer loop
      vertex -0.00102069 0.005254 0.111622
      vertex -0.00017299 0.005254 0.133409
      vertex -0.00355969 0.005254 0.111872
    endloop
  endfacet
  facet normal 6.74598e-18 -1 1.24423e-16
    outer loop
      vertex 0.01 0.005254 0.15
      vertex -9.62513e-18 0.005254 0.1366
      vertex 0.00017299 0.005254 0.136591
    endloop
  endfacet
  facet normal 5.92532e-17 -1 8.7392e-17
    outer loop
      vertex 0.000824886 0.005254 0.136371
      vertex 0.000968279 0.005254 0.136274
      vertex 0.01 0.005254 0.15
    endloop
  endfacet
  facet normal 6.88615e-17 -1 8.10699e-17
    outer loop
      vertex 0.000968279 0.005254 0.136274
      vertex 0.00110032 0.005254 0.136162
      vertex 0.01 0.005254 0.15
    endloop
  endfacet
  facet normal 7.8822e-17 -1 7.46642e-17
    outer loop
      vertex 0.01 0.005254 0.15
      vertex 0.00110032 0.005254 0.136162
      vertex 0.00121946 0.005254 0.136036
    endloop
  endfacet
  facet normal 8.94379e-17 -1 6.7989e-17
    outer loop
      vertex 0.00121946 0.005254 0.136036
      vertex 0.0013243 0.005254 0.135898
      vertex 0.01 0.005254 0.15
    endloop
  endfacet
  facet normal 1.01087e-16 -1 6.08222e-17
    outer loop
      vertex 0.0013243 0.005254 0.135898
      vertex 0.00141362 0.005254 0.135749
      vertex 0.01 0.005254 0.15
    endloop
  endfacet
  facet normal 1.14282e-16 -1 5.28723e-17
    outer loop
      vertex 0.01 0.005254 0.15
      vertex 0.00141362 0.005254 0.135749
      vertex 0.00148636 0.005254 0.135592
    endloop
  endfacet
  facet normal 0 -1 0
    outer loop
      vertex -0.03 0.005254 0.135
      vertex -0.0265626 0.005254 0.135344
      vertex -0.0298357 0.005254 0.138136
    endloop
  endfacet
  facet normal 0 -1 0
    outer loop
      vertex -0.0265626 0.005254 0.135344
      vertex -0.0265162 0.005254 0.135511
      vertex -0.0298357 0.005254 0.138136
    endloop
  endfacet
  facet normal 0 -1 0
    outer loop
      vertex -0.0298357 0.005254 0.138136
      vertex -0.0265162 0.005254 0.135511
      vertex -0.0264521 0.005254 0.135672
    endloop
  endfacet
  facet normal 1.89337e-17 -1 1.15491e-16
    outer loop
      vertex 0.00017299 0.005254 0.136591
      vertex 0.000343953 0.005254 0.136563
      vertex 0.01 0.005254 0.15
    endloop
  endfacet
  facet normal 2.98816e-17 -1 1.07624e-16
    outer loop
      vertex 0.000343953 0.005254 0.136563
      vertex 0.000510882 0.005254 0.136516
      vertex 0.01 0.005254 0.15
    endloop
  endfacet
  facet normal 4.00344e-17 -1 1.00479e-16
    outer loop
      vertex 0.01 0.005254 0.15
      vertex 0.000510882 0.005254 0.136516
      vertex 0.000671823 0.005254 0.136452
    endloop
  endfacet
  facet normal 0 -1 0
    outer loop
      vertex -0.000968279 0.005254 0.136274
      vertex -0.000824886 0.005254 0.136371
      vertex -0.0234094 0.005254 0.135173
    endloop
  endfacet
  facet normal 1.29765e-16 -1 4.37229e-17
    outer loop
      vertex 0.00148636 0.005254 0.135592
      vertex 0.00154168 0.005254 0.135428
      vertex 0.01 0.005254 0.15
    endloop
  endfacet
  facet normal 1.48701e-16 -1 3.27315e-17
    outer loop
      vertex 0.00154168 0.005254 0.135428
      vertex 0.00157892 0.005254 0.135259
      vertex 0.01 0.005254 0.15
    endloop
  endfacet
  facet normal 1.73052e-16 -1 1.88206e-17
    outer loop
      vertex 0.01 0.005254 0.15
      vertex 0.00157892 0.005254 0.135259
      vertex 0.00159765 0.005254 0.135087
    endloop
  endfacet
  facet normal 3.57585e-17 -1 3.77499e-17
    outer loop
      vertex -0.0239642 0.005254 0.136219
      vertex -0.0238384 0.005254 0.1361
      vertex 0.01 0.005254 0.15
    endloop
  endfacet
  facet normal 3.80048e-17 -1 3.22814e-17
    outer loop
      vertex -0.0238384 0.005254 0.1361
      vertex -0.0237263 0.005254 0.135968
      vertex 0.01 0.005254 0.15
    endloop
  endfacet
  facet normal 4.01185e-17 -1 2.7201e-17
    outer loop
      vertex 0.01 0.005254 0.15
      vertex -0.0237263 0.005254 0.135968
      vertex -0.023629 0.005254 0.135825
    endloop
  endfacet
  facet normal 4.2162e-17 -1 2.23531e-17
    outer loop
      vertex -0.023629 0.005254 0.135825
      vertex -0.0235479 0.005254 0.135672
      vertex 0.01 0.005254 0.15
    endloop
  endfacet
  facet normal 4.41893e-17 -1 1.76063e-17
    outer loop
      vertex -0.0235479 0.005254 0.135672
      vertex -0.0234838 0.005254 0.135511
      vertex 0.01 0.005254 0.15
    endloop
  endfacet
  facet normal -6.21913e-18 -1 1.34098e-16
    outer loop
      vertex 0.01 0.005254 0.15
      vertex -0.0234838 0.005254 0.135511
      vertex -9.62513e-18 0.005254 0.1366
    endloop
  endfacet
  facet normal 0 -1 0
    outer loop
      vertex -0.0234838 0.005254 0.135511
      vertex -0.0234374 0.005254 0.135344
      vertex -9.62513e-18 0.005254 0.1366
    endloop
  endfacet
  facet normal 0 -1 0
    outer loop
      vertex -9.62513e-18 0.005254 0.1366
      vertex -0.0234374 0.005254 0.135344
      vertex -0.00017299 0.005254 0.136591
    endloop
  endfacet
  facet normal 0 -1 0
    outer loop
      vertex -0.0234374 0.005254 0.135344
      vertex -0.0234094 0.005254 0.135173
      vertex -0.00017299 0.005254 0.136591
    endloop
  endfacet
  facet normal 0 -1 0
    outer loop
      vertex -0.00017299 0.005254 0.136591
      vertex -0.0234094 0.005254 0.135173
      vertex -0.000343953 0.005254 0.136563
    endloop
  endfacet
  facet normal 0 -1 0
    outer loop
      vertex -0.00157892 0.005254 0.135259
      vertex -0.00154168 0.005254 0.135428
      vertex -0.0234094 0.005254 0.135173
    endloop
  endfacet
  facet normal 2.06457e-16 -1 0
    outer loop
      vertex 0.00159765 0.005254 0.135087
      vertex 0.00159765 0.005254 0.134913
      vertex 0.01 0.005254 0.15
    endloop
  endfacet
  facet normal 2.56556e-16 -1 -2.79023e-17
    outer loop
      vertex 0.00159765 0.005254 0.134913
      vertex 0.00157892 0.005254 0.134741
      vertex 0.01 0.005254 0.15
    endloop
  endfacet
  facet normal -5.64888e-17 -1 1.44862e-16
    outer loop
      vertex 0.01 0.005254 0.15
      vertex 0.00157892 0.005254 0.134741
      vertex 0.00458103 0.005254 0.111962
    endloop
  endfacet
  facet normal -4.32803e-16 -1 9.5267e-17
    outer loop
      vertex 0.00157892 0.005254 0.134741
      vertex 0.00154168 0.005254 0.134572
      vertex 0.00458103 0.005254 0.111962
    endloop
  endfacet
  facet normal -3.25537e-16 -1 1.09686e-16
    outer loop
      vertex 0.00458103 0.005254 0.111962
      vertex 0.00154168 0.005254 0.134572
      vertex 0.00148636 0.005254 0.134408
    endloop
  endfacet
  facet normal -3.6421e-16 -1 9.75899e-17
    outer loop
      vertex -0.0285317 0.005254 0.144271
      vertex -0.0293444 0.005254 0.141237
      vertex -0.0258979 0.005254 0.136324
    endloop
  endfacet
  facet normal 2.90414e-17 -1 1.31936e-16
    outer loop
      vertex -0.0247411 0.005254 0.136579
      vertex -0.024572 0.005254 0.136542
      vertex -0.0259808 0.005254 0.15
    endloop
  endfacet
  facet normal -6.64593e-17 -1 5.36709e-16
    outer loop
      vertex 0.00461904 0.005254 0.108804
      vertex 0.00191 0.005254 0.108469
      vertex -1.06045e-17 0.005254 0.105
    endloop
  endfacet
  facet normal -1.03877e-17 -1 5.05833e-16
    outer loop
      vertex 0.00191 0.005254 0.108469
      vertex -0.000819149 0.005254 0.108413
      vertex -1.06045e-17 0.005254 0.105
    endloop
  endfacet
  facet normal 2.69797e-17 -1 5.14803e-16
    outer loop
      vertex -1.06045e-17 0.005254 0.105
      vertex -0.000819149 0.005254 0.108413
      vertex -0.00313585 0.005254 0.105164
    endloop
  endfacet
  facet normal 4.15239e-17 -1 5.0443e-16
    outer loop
      vertex -0.000819149 0.005254 0.108413
      vertex -0.00353967 0.005254 0.108637
      vertex -0.00313585 0.005254 0.105164
    endloop
  endfacet
  facet normal 8.06137e-17 -1 5.08976e-16
    outer loop
      vertex -0.00313585 0.005254 0.105164
      vertex -0.00353967 0.005254 0.108637
      vertex -0.00623735 0.005254 0.105656
    endloop
  endfacet
  facet normal 9.30417e-17 -1 4.97729e-16
    outer loop
      vertex -0.00353967 0.005254 0.108637
      vertex -0.00622292 0.005254 0.109138
      vertex -0.00623735 0.005254 0.105656
    endloop
  endfacet
  facet normal 1.33322e-16 -1 4.97562e-16
    outer loop
      vertex -0.00623735 0.005254 0.105656
      vertex -0.00622292 0.005254 0.109138
      vertex -0.00927051 0.005254 0.106468
    endloop
  endfacet
  facet normal 1.43628e-16 -1 4.85797e-16
    outer loop
      vertex -0.00622292 0.005254 0.109138
      vertex -0.00884064 0.005254 0.109912
      vertex -0.00927051 0.005254 0.106468
    endloop
  endfacet
  facet normal -3.80157e-16 -1 5.51179e-16
    outer loop
      vertex -0.00927051 0.005254 0.106468
      vertex -0.00884064 0.005254 0.109912
      vertex -0.0122021 0.005254 0.107594
    endloop
  endfacet
  facet normal 0 -1 0
    outer loop
      vertex -0.00884064 0.005254 0.109912
      vertex -0.0113652 0.005254 0.11095
      vertex -0.0122021 0.005254 0.107594
    endloop
  endfacet
  facet normal 0 -1 0
    outer loop
      vertex -0.0122021 0.005254 0.107594
      vertex -0.0113652 0.005254 0.11095
      vertex -0.015 0.005254 0.109019
    endloop
  endfacet
  facet normal 0 -1 0
    outer loop
      vertex -0.0113652 0.005254 0.11095
      vertex -0.0137702 0.005254 0.112242
      vertex -0.015 0.005254 0.109019
    endloop
  endfacet
  facet normal 0 -1 0
    outer loop
      vertex -0.015 0.005254 0.109019
      vertex -0.0137702 0.005254 0.112242
      vertex -0.0176336 0.005254 0.110729
    endloop
  endfacet
  facet normal 0 -1 0
    outer loop
      vertex -0.0137702 0.005254 0.112242
      vertex -0.0160301 0.005254 0.113773
      vertex -0.0176336 0.005254 0.110729
    endloop
  endfacet
  facet normal 0 -1 0
    outer loop
      vertex -0.0176336 0.005254 0.110729
      vertex -0.0160301 0.005254 0.113773
      vertex -0.0200739 0.005254 0.112706
    endloop
  endfacet
  facet normal 0 -1 0
    outer loop
      vertex -0.0160301 0.005254 0.113773
      vertex -0.0181212 0.005254 0.115527
      vertex -0.0200739 0.005254 0.112706
    endloop
  endfacet
  facet normal 0 -1 0
    outer loop
      vertex -0.0200739 0.005254 0.112706
      vertex -0.0181212 0.005254 0.115527
      vertex -0.0222943 0.005254 0.114926
    endloop
  endfacet
  facet normal 0 -1 0
    outer loop
      vertex -0.0181212 0.005254 0.115527
      vertex -0.0200214 0.005254 0.117487
      vertex -0.0222943 0.005254 0.114926
    endloop
  endfacet
  facet normal 0 -1 0
    outer loop
      vertex -0.0222943 0.005254 0.114926
      vertex -0.0200214 0.005254 0.117487
      vertex -0.0242705 0.005254 0.117366
    endloop
  endfacet
  facet normal -2.24677e-17 -1 7.91352e-16
    outer loop
      vertex -0.0200214 0.005254 0.117487
      vertex -0.0217108 0.005254 0.119631
      vertex -0.0242705 0.005254 0.117366
    endloop
  endfacet
  facet normal 6.02709e-17 -1 6.9784e-16
    outer loop
      vertex -0.0242705 0.005254 0.117366
      vertex -0.0217108 0.005254 0.119631
      vertex -0.0259808 0.005254 0.12
    endloop
  endfacet
  facet normal 0 -1 0
    outer loop
      vertex -0.0217108 0.005254 0.119631
      vertex -0.0231716 0.005254 0.121937
      vertex -0.0259808 0.005254 0.12
    endloop
  endfacet
  facet normal 0 -1 0
    outer loop
      vertex -0.0259808 0.005254 0.12
      vertex -0.0231716 0.005254 0.121937
      vertex -0.0274064 0.005254 0.122798
    endloop
  endfacet
  facet normal 0 -1 0
    outer loop
      vertex -0.0231716 0.005254 0.121937
      vertex -0.0243884 0.005254 0.124381
      vertex -0.0274064 0.005254 0.122798
    endloop
  endfacet
  facet normal 0 -1 0
    outer loop
      vertex -0.0274064 0.005254 0.122798
      vertex -0.0243884 0.005254 0.124381
      vertex -0.0285317 0.005254 0.125729
    endloop
  endfacet
  facet normal 0 -1 0
    outer loop
      vertex -0.0243884 0.005254 0.124381
      vertex -0.0253483 0.005254 0.126936
      vertex -0.0285317 0.005254 0.125729
    endloop
  endfacet
  facet normal 0 -1 0
    outer loop
      vertex -0.0285317 0.005254 0.125729
      vertex -0.0253483 0.005254 0.126936
      vertex -0.0293444 0.005254 0.128763
    endloop
  endfacet
  facet normal 3.41233e-16 -1 7.46574e-16
    outer loop
      vertex -0.0253483 0.005254 0.126936
      vertex -0.0260412 0.005254 0.129576
      vertex -0.0293444 0.005254 0.128763
    endloop
  endfacet
  facet normal 3.72819e-16 -1 6.18367e-16
    outer loop
      vertex -0.0293444 0.005254 0.128763
      vertex -0.0260412 0.005254 0.129576
      vertex -0.0298357 0.005254 0.131864
    endloop
  endfacet
  facet normal 0 -1 0
    outer loop
      vertex -0.0260412 0.005254 0.129576
      vertex -0.0264599 0.005254 0.132274
      vertex -0.0298357 0.005254 0.131864
    endloop
  endfacet
  facet normal 0 -1 0
    outer loop
      vertex -0.0298357 0.005254 0.131864
      vertex -0.0264599 0.005254 0.132274
      vertex -0.03 0.005254 0.135
    endloop
  endfacet
  facet normal 0 -1 0
    outer loop
      vertex -0.0264599 0.005254 0.132274
      vertex -0.0266 0.005254 0.135
      vertex -0.03 0.005254 0.135
    endloop
  endfacet
  facet normal 0 -1 0
    outer loop
      vertex -0.03 0.005254 0.135
      vertex -0.0266 0.005254 0.135
      vertex -0.0265906 0.005254 0.135173
    endloop
  endfacet
  facet normal 1.41998e-17 -1 1.30565e-16
    outer loop
      vertex -0.0247411 0.005254 0.136579
      vertex -0.0259808 0.005254 0.15
      vertex -0.0249134 0.005254 0.136598
    endloop
  endfacet
  facet normal 4.5018e-17 -1 1.33608e-16
    outer loop
      vertex -0.024572 0.005254 0.136542
      vertex -0.0244078 0.005254 0.136486
      vertex -0.0259808 0.005254 0.15
    endloop
  endfacet
  facet normal 6.27695e-17 -1 1.35675e-16
    outer loop
      vertex -0.0244078 0.005254 0.136486
      vertex -0.0242505 0.005254 0.136414
      vertex -0.0259808 0.005254 0.15
    endloop
  endfacet
  facet normal 0 -1 1.27681e-16
    outer loop
      vertex -0.0259808 0.005254 0.15
      vertex -0.0242505 0.005254 0.136414
      vertex 0.01 0.005254 0.15
    endloop
  endfacet
  facet normal 3.05241e-17 -1 5.07314e-17
    outer loop
      vertex -0.0242505 0.005254 0.136414
      vertex -0.0241021 0.005254 0.136324
      vertex 0.01 0.005254 0.15
    endloop
  endfacet
  facet normal 3.3301e-17 -1 4.38069e-17
    outer loop
      vertex 0.01 0.005254 0.15
      vertex -0.0241021 0.005254 0.136324
      vertex -0.0239642 0.005254 0.136219
    endloop
  endfacet
  facet normal 0 -1 0
    outer loop
      vertex -0.000824886 0.005254 0.136371
      vertex -0.000671823 0.005254 0.136452
      vertex -0.0234094 0.005254 0.135173
    endloop
  endfacet
  facet normal 0 -1 0
    outer loop
      vertex -0.000671823 0.005254 0.136452
      vertex -0.000510882 0.005254 0.136516
      vertex -0.0234094 0.005254 0.135173
    endloop
  endfacet
  facet normal 0 -1 0
    outer loop
      vertex -0.0234094 0.005254 0.135173
      vertex -0.000510882 0.005254 0.136516
      vertex -0.000343953 0.005254 0.136563
    endloop
  endfacet
  facet normal -1.09512e-16 -1 1.8201e-16
    outer loop
      vertex -0.0258979 0.005254 0.136324
      vertex -0.0257495 0.005254 0.136414
      vertex -0.0285317 0.005254 0.144271
    endloop
  endfacet
  facet normal -8.77687e-17 -1 1.8971e-16
    outer loop
      vertex -0.0257495 0.005254 0.136414
      vertex -0.0255922 0.005254 0.136486
      vertex -0.0285317 0.005254 0.144271
    endloop
  endfacet
  facet normal -2.92655e-16 -1 1.1234e-16
    outer loop
      vertex -0.0285317 0.005254 0.144271
      vertex -0.0255922 0.005254 0.136486
      vertex -0.0274064 0.005254 0.147202
    endloop
  endfacet
  facet normal 0 -1 0
    outer loop
      vertex -0.00154168 0.005254 0.135428
      vertex -0.00148636 0.005254 0.135592
      vertex -0.0234094 0.005254 0.135173
    endloop
  endfacet
  facet normal 0 -1 0
    outer loop
      vertex -0.00148636 0.005254 0.135592
      vertex -0.00141362 0.005254 0.135749
      vertex -0.0234094 0.005254 0.135173
    endloop
  endfacet
  facet normal 0 -1 0
    outer loop
      vertex -0.0234094 0.005254 0.135173
      vertex -0.00141362 0.005254 0.135749
      vertex -0.0013243 0.005254 0.135898
    endloop
  endfacet
  facet normal 0 -1 0
    outer loop
      vertex -0.026371 0.005254 0.135825
      vertex -0.0262737 0.005254 0.135968
      vertex -0.0298357 0.005254 0.138136
    endloop
  endfacet
  facet normal 0 -1 0
    outer loop
      vertex -0.0262737 0.005254 0.135968
      vertex -0.0261616 0.005254 0.1361
      vertex -0.0298357 0.005254 0.138136
    endloop
  endfacet
  facet normal 2.8488e-16 -1 5.14198e-16
    outer loop
      vertex -0.0298357 0.005254 0.138136
      vertex -0.0261616 0.005254 0.1361
      vertex -0.0293444 0.005254 0.141237
    endloop
  endfacet
  facet normal -2.01573e-16 -1 2.12798e-16
    outer loop
      vertex -0.0261616 0.005254 0.1361
      vertex -0.0260358 0.005254 0.136219
      vertex -0.0293444 0.005254 0.141237
    endloop
  endfacet
  facet normal -1.75057e-16 -1 2.30282e-16
    outer loop
      vertex -0.0293444 0.005254 0.141237
      vertex -0.0260358 0.005254 0.136219
      vertex -0.0258979 0.005254 0.136324
    endloop
  endfacet
  facet normal 0 -1 0
    outer loop
      vertex -0.0013243 0.005254 0.135898
      vertex -0.00121946 0.005254 0.136036
      vertex -0.0234094 0.005254 0.135173
    endloop
  endfacet
  facet normal 0 -1 0
    outer loop
      vertex -0.00121946 0.005254 0.136036
      vertex -0.00110032 0.005254 0.136162
      vertex -0.0234094 0.005254 0.135173
    endloop
  endfacet
  facet normal 0 -1 0
    outer loop
      vertex -0.0234094 0.005254 0.135173
      vertex -0.00110032 0.005254 0.136162
      vertex -0.000968279 0.005254 0.136274
    endloop
  endfacet
  facet normal -5.16021e-17 -1 1.5315e-16
    outer loop
      vertex -0.0255922 0.005254 0.136486
      vertex -0.025428 0.005254 0.136542
      vertex -0.0274064 0.005254 0.147202
    endloop
  endfacet
  facet normal -3.44127e-17 -1 1.56339e-16
    outer loop
      vertex -0.025428 0.005254 0.136542
      vertex -0.0252589 0.005254 0.136579
      vertex -0.0274064 0.005254 0.147202
    endloop
  endfacet
  facet normal -2.29452e-16 -1 1.16912e-16
    outer loop
      vertex -0.0274064 0.005254 0.147202
      vertex -0.0252589 0.005254 0.136579
      vertex -0.0259808 0.005254 0.15
    endloop
  endfacet
  facet normal -1.39756e-17 -1 1.28502e-16
    outer loop
      vertex -0.0252589 0.005254 0.136579
      vertex -0.0250866 0.005254 0.136598
      vertex -0.0259808 0.005254 0.15
    endloop
  endfacet
  facet normal 0 -1 1.29434e-16
    outer loop
      vertex -0.0259808 0.005254 0.15
      vertex -0.0250866 0.005254 0.136598
      vertex -0.0249134 0.005254 0.136598
    endloop
  endfacet
  facet normal 3.27898e-17 -1 1.55936e-16
    outer loop
      vertex -0.00355969 0.005254 0.111872
      vertex -0.00017299 0.005254 0.133409
      vertex -0.00605637 0.005254 0.112397
    endloop
  endfacet
  facet normal 2.58815e-17 -1 1.5787e-16
    outer loop
      vertex -0.00017299 0.005254 0.133409
      vertex -0.000343953 0.005254 0.133437
      vertex -0.00605637 0.005254 0.112397
    endloop
  endfacet
  facet normal 4.95709e-17 -1 1.51439e-16
    outer loop
      vertex -0.00605637 0.005254 0.112397
      vertex -0.000343953 0.005254 0.133437
      vertex -0.00848105 0.005254 0.113191
    endloop
  endfacet
  facet normal 4.28021e-17 -1 1.54159e-16
    outer loop
      vertex -0.000343953 0.005254 0.133437
      vertex -0.000510882 0.005254 0.133484
      vertex -0.00848105 0.005254 0.113191
    endloop
  endfacet
  facet normal 6.57625e-17 -1 1.45141e-16
    outer loop
      vertex -0.00848105 0.005254 0.113191
      vertex -0.000510882 0.005254 0.133484
      vertex -0.0108049 0.005254 0.114244
    endloop
  endfacet
  facet normal 5.92234e-17 -1 1.4864e-16
    outer loop
      vertex -0.000510882 0.005254 0.133484
      vertex -0.000671823 0.005254 0.133548
      vertex -0.0108049 0.005254 0.114244
    endloop
  endfacet
  facet normal 8.11723e-17 -1 1.37118e-16
    outer loop
      vertex -0.0108049 0.005254 0.114244
      vertex -0.000671823 0.005254 0.133548
      vertex -0.0130003 0.005254 0.115544
    endloop
  endfacet
  facet normal 7.49533e-17 -1 1.41377e-16
    outer loop
      vertex -0.000671823 0.005254 0.133548
      vertex -0.000824886 0.005254 0.133629
      vertex -0.0130003 0.005254 0.115544
    endloop
  endfacet
  facet normal 9.56169e-17 -1 1.27466e-16
    outer loop
      vertex -0.0130003 0.005254 0.115544
      vertex -0.000824886 0.005254 0.133629
      vertex -0.0150412 0.005254 0.117075
    endloop
  endfacet
  facet normal 8.98067e-17 -1 1.32455e-16
    outer loop
      vertex -0.000824886 0.005254 0.133629
      vertex -0.000968279 0.005254 0.133726
      vertex -0.0150412 0.005254 0.117075
    endloop
  endfacet
  facet normal -4.11071e-16 -1 5.55765e-16
    outer loop
      vertex -0.0150412 0.005254 0.117075
      vertex -0.000968279 0.005254 0.133726
      vertex -0.0169033 0.005254 0.118819
    endloop
  endfacet
  facet normal 5.18049e-17 -1 6.09895e-17
    outer loop
      vertex -0.000968279 0.005254 0.133726
      vertex -0.00110032 0.005254 0.133838
      vertex -0.0169033 0.005254 0.118819
    endloop
  endfacet
  facet normal 6.04688e-17 -1 5.18738e-17
    outer loop
      vertex -0.0169033 0.005254 0.118819
      vertex -0.00110032 0.005254 0.133838
      vertex -0.0185645 0.005254 0.120755
    endloop
  endfacet
  facet normal 5.81002e-17 -1 5.50355e-17
    outer loop
      vertex -0.00110032 0.005254 0.133838
      vertex -0.00121946 0.005254 0.133964
      vertex -0.0185645 0.005254 0.120755
    endloop
  endfacet
  facet normal 6.57564e-17 -1 4.49822e-17
    outer loop
      vertex -0.0185645 0.005254 0.120755
      vertex -0.00121946 0.005254 0.133964
      vertex -0.0200049 0.005254 0.122861
    endloop
  endfacet
  facet normal 6.37154e-17 -1 4.84352e-17
    outer loop
      vertex -0.00121946 0.005254 0.133964
      vertex -0.0013243 0.005254 0.134102
      vertex -0.0200049 0.005254 0.122861
    endloop
  endfacet
  facet normal 7.02622e-17 -1 3.75559e-17
    outer loop
      vertex -0.0200049 0.005254 0.122861
      vertex -0.0013243 0.005254 0.134102
      vertex -0.0212076 0.005254 0.125111
    endloop
  endfacet
  facet normal 6.85845e-17 -1 4.12659e-17
    outer loop
      vertex -0.0013243 0.005254 0.134102
      vertex -0.00141362 0.005254 0.134251
      vertex -0.0212076 0.005254 0.125111
    endloop
  endfacet
  facet normal 7.39328e-17 -1 2.96833e-17
    outer loop
      vertex -0.0212076 0.005254 0.125111
      vertex -0.00141362 0.005254 0.134251
      vertex -0.0221582 0.005254 0.127478
    endloop
  endfacet
  facet normal 7.26503e-17 -1 3.36116e-17
    outer loop
      vertex -0.00141362 0.005254 0.134251
      vertex -0.00148636 0.005254 0.134408
      vertex -0.0221582 0.005254 0.127478
    endloop
  endfacet
  facet normal -1.39661e-16 -1 6.66974e-16
    outer loop
      vertex -0.0221582 0.005254 0.127478
      vertex -0.00148636 0.005254 0.134408
      vertex -0.0228453 0.005254 0.129935
    endloop
  endfacet
  facet normal 0 -1 0
    outer loop
      vertex -0.00148636 0.005254 0.134408
      vertex -0.00154168 0.005254 0.134572
      vertex -0.0228453 0.005254 0.129935
    endloop
  endfacet
  facet normal 0 -1 0
    outer loop
      vertex -0.0228453 0.005254 0.129935
      vertex -0.00154168 0.005254 0.134572
      vertex -0.0232609 0.005254 0.132453
    endloop
  endfacet
  facet normal 0 -1 0
    outer loop
      vertex -0.00154168 0.005254 0.134572
      vertex -0.00157892 0.005254 0.134741
      vertex -0.0232609 0.005254 0.132453
    endloop
  endfacet
  facet normal 0 -1 0
    outer loop
      vertex -0.0232609 0.005254 0.132453
      vertex -0.00157892 0.005254 0.134741
      vertex -0.0234 0.005254 0.135
    endloop
  endfacet
  facet normal 0 -1 0
    outer loop
      vertex -0.00157892 0.005254 0.134741
      vertex -0.00159765 0.005254 0.134913
      vertex -0.0234 0.005254 0.135
    endloop
  endfacet
  facet normal 0 -1 0
    outer loop
      vertex -0.0234 0.005254 0.135
      vertex -0.00159765 0.005254 0.134913
      vertex -0.0234094 0.005254 0.135173
    endloop
  endfacet
  facet normal 0 -1 0
    outer loop
      vertex -0.00159765 0.005254 0.134913
      vertex -0.00159765 0.005254 0.135087
      vertex -0.0234094 0.005254 0.135173
    endloop
  endfacet
  facet normal 0 -1 0
    outer loop
      vertex -0.0234094 0.005254 0.135173
      vertex -0.00159765 0.005254 0.135087
      vertex -0.00157892 0.005254 0.135259
    endloop
  endfacet
  facet normal -0.0541387 -9.9175e-17 -0.998533
    outer loop
      vertex 2.72449e-17 -0.014873 0.1366
      vertex 9.15884e-18 -0.005 0.1366
      vertex 0.00017299 -0.014873 0.136591
    endloop
  endfacet
  facet normal -0.0541387 -9.93811e-17 -0.998533
    outer loop
      vertex 9.15884e-18 -0.005 0.1366
      vertex 0.00017299 -0.005 0.136591
      vertex 0.00017299 -0.014873 0.136591
    endloop
  endfacet
  facet normal -0.161782 -2.96693e-16 -0.986827
    outer loop
      vertex 0.00017299 -0.014873 0.136591
      vertex 0.00017299 -0.005 0.136591
      vertex 0.000343953 -0.014873 0.136563
    endloop
  endfacet
  facet normal -0.161782 -2.96934e-16 -0.986827
    outer loop
      vertex 0.00017299 -0.005 0.136591
      vertex 0.000343953 -0.005 0.136563
      vertex 0.000343953 -0.014873 0.136563
    endloop
  endfacet
  facet normal -0.267528 -4.90623e-16 -0.96355
    outer loop
      vertex 0.000343953 -0.014873 0.136563
      vertex 0.000343953 -0.005 0.136563
      vertex 0.000510882 -0.014873 0.136516
    endloop
  endfacet
  facet normal -0.267528 -4.90377e-16 -0.96355
    outer loop
      vertex 0.000343953 -0.005 0.136563
      vertex 0.000510882 -0.005 0.136516
      vertex 0.000510882 -0.014873 0.136516
    endloop
  endfacet
  facet normal -0.370138 -6.78799e-16 -0.928977
    outer loop
      vertex 0.000510882 -0.014873 0.136516
      vertex 0.000510882 -0.005 0.136516
      vertex 0.000671823 -0.014873 0.136452
    endloop
  endfacet
  facet normal -0.370138 -6.78983e-16 -0.928977
    outer loop
      vertex 0.000510882 -0.005 0.136516
      vertex 0.000671823 -0.005 0.136452
      vertex 0.000671823 -0.014873 0.136452
    endloop
  endfacet
  facet normal -0.468409 -8.59019e-16 -0.883512
    outer loop
      vertex 0.000671823 -0.014873 0.136452
      vertex 0.000671823 -0.005 0.136452
      vertex 0.000824886 -0.014873 0.136371
    endloop
  endfacet
  facet normal -0.468409 -8.58884e-16 -0.883512
    outer loop
      vertex 0.000671823 -0.005 0.136452
      vertex 0.000824886 -0.005 0.136371
      vertex 0.000824886 -0.014873 0.136371
    endloop
  endfacet
  facet normal -0.561187 -1.02917e-15 -0.827689
    outer loop
      vertex 0.000824886 -0.014873 0.136371
      vertex 0.000824886 -0.005 0.136371
      vertex 0.000968279 -0.014873 0.136274
    endloop
  endfacet
  facet normal -0.561187 -1.02911e-15 -0.827689
    outer loop
      vertex 0.000824886 -0.005 0.136371
      vertex 0.000968279 -0.005 0.136274
      vertex 0.000968279 -0.014873 0.136274
    endloop
  endfacet
  facet normal -0.647386 -1.18725e-15 -0.762162
    outer loop
      vertex 0.000968279 -0.014873 0.136274
      vertex 0.000968279 -0.005 0.136274
      vertex 0.00110032 -0.014873 0.136162
    endloop
  endfacet
  facet normal -0.647386 -1.18e-15 -0.762162
    outer loop
      vertex 0.000968279 -0.005 0.136274
      vertex 0.00110032 -0.005 0.136162
      vertex 0.00110032 -0.014873 0.136162
    endloop
  endfacet
  facet normal -0.725995 -1.32344e-15 -0.6877
    outer loop
      vertex 0.00110032 -0.014873 0.136162
      vertex 0.00110032 -0.005 0.136162
      vertex 0.00121946 -0.014873 0.136036
    endloop
  endfacet
  facet normal -0.725995 -1.32315e-15 -0.6877
    outer loop
      vertex 0.00110032 -0.005 0.136162
      vertex 0.00121946 -0.005 0.136036
      vertex 0.00121946 -0.014873 0.136036
    endloop
  endfacet
  facet normal -0.796093 -1.45122e-15 -0.605174
    outer loop
      vertex 0.00121946 -0.014873 0.136036
      vertex 0.00121946 -0.005 0.136036
      vertex 0.0013243 -0.014873 0.135898
    endloop
  endfacet
  facet normal -0.796093 -1.45082e-15 -0.605174
    outer loop
      vertex 0.00121946 -0.005 0.136036
      vertex 0.0013243 -0.005 0.135898
      vertex 0.0013243 -0.014873 0.135898
    endloop
  endfacet
  facet normal -0.856857 -1.56199e-15 -0.515554
    outer loop
      vertex 0.0013243 -0.014873 0.135898
      vertex 0.0013243 -0.005 0.135898
      vertex 0.00141362 -0.014873 0.135749
    endloop
  endfacet
  facet normal -0.856857 -1.56205e-15 -0.515554
    outer loop
      vertex 0.0013243 -0.005 0.135898
      vertex 0.00141362 -0.005 0.135749
      vertex 0.00141362 -0.014873 0.135749
    endloop
  endfacet
  facet normal -0.907575 -1.65444e-15 -0.419889
    outer loop
      vertex 0.00141362 -0.014873 0.135749
      vertex 0.00141362 -0.005 0.135749
      vertex 0.00148636 -0.014873 0.135592
    endloop
  endfacet
  facet normal -0.907575 -1.65393e-15 -0.419889
    outer loop
      vertex 0.00141362 -0.005 0.135749
      vertex 0.00148636 -0.005 0.135592
      vertex 0.00148636 -0.014873 0.135592
    endloop
  endfacet
  facet normal -0.947653 -1.7275e-15 -0.319301
    outer loop
      vertex 0.00148636 -0.014873 0.135592
      vertex 0.00148636 -0.005 0.135592
      vertex 0.00154168 -0.014873 0.135428
    endloop
  endfacet
  facet normal -0.947653 -1.72841e-15 -0.319301
    outer loop
      vertex 0.00148636 -0.005 0.135592
      vertex 0.00154168 -0.005 0.135428
      vertex 0.00154168 -0.014873 0.135428
    endloop
  endfacet
  facet normal -0.976621 -1.78031e-15 -0.21497
    outer loop
      vertex 0.00154168 -0.014873 0.135428
      vertex 0.00154168 -0.005 0.135428
      vertex 0.00157892 -0.014873 0.135259
    endloop
  endfacet
  facet normal -0.976621 -1.78064e-15 -0.21497
    outer loop
      vertex 0.00154168 -0.005 0.135428
      vertex 0.00157892 -0.005 0.135259
      vertex 0.00157892 -0.014873 0.135259
    endloop
  endfacet
  facet normal -0.994138 -1.81224e-15 -0.108119
    outer loop
      vertex 0.00157892 -0.014873 0.135259
      vertex 0.00157892 -0.005 0.135259
      vertex 0.00159765 -0.014873 0.135087
    endloop
  endfacet
  facet normal -0.994138 -1.81207e-15 -0.108119
    outer loop
      vertex 0.00157892 -0.005 0.135259
      vertex 0.00159765 -0.005 0.135087
      vertex 0.00159765 -0.014873 0.135087
    endloop
  endfacet
  facet normal -1 -1.82293e-15 0
    outer loop
      vertex 0.00159765 -0.014873 0.135087
      vertex 0.00159765 -0.005 0.135087
      vertex 0.00159765 -0.014873 0.134913
    endloop
  endfacet
  facet normal -1 -1.82293e-15 0
    outer loop
      vertex 0.00159765 -0.005 0.135087
      vertex 0.00159765 -0.005 0.134913
      vertex 0.00159765 -0.014873 0.134913
    endloop
  endfacet
  facet normal -0.994138 -1.81224e-15 0.108119
    outer loop
      vertex 0.00159765 -0.014873 0.134913
      vertex 0.00159765 -0.005 0.134913
      vertex 0.00157892 -0.014873 0.134741
    endloop
  endfacet
  facet normal -0.994138 -1.81231e-15 0.108119
    outer loop
      vertex 0.00159765 -0.005 0.134913
      vertex 0.00157892 -0.005 0.134741
      vertex 0.00157892 -0.014873 0.134741
    endloop
  endfacet
  facet normal -0.976621 -1.78031e-15 0.21497
    outer loop
      vertex 0.00157892 -0.014873 0.134741
      vertex 0.00157892 -0.005 0.134741
      vertex 0.00154168 -0.014873 0.134572
    endloop
  endfacet
  facet normal -0.976621 -1.78015e-15 0.21497
    outer loop
      vertex 0.00157892 -0.005 0.134741
      vertex 0.00154168 -0.005 0.134572
      vertex 0.00154168 -0.014873 0.134572
    endloop
  endfacet
  facet normal -0.947653 -1.7275e-15 0.319301
    outer loop
      vertex 0.00154168 -0.014873 0.134572
      vertex 0.00154168 -0.005 0.134572
      vertex 0.00148636 -0.014873 0.134408
    endloop
  endfacet
  facet normal -0.947653 -1.72744e-15 0.319301
    outer loop
      vertex 0.00154168 -0.005 0.134572
      vertex 0.00148636 -0.005 0.134408
      vertex 0.00148636 -0.014873 0.134408
    endloop
  endfacet
  facet normal -0.907575 -1.65444e-15 0.419889
    outer loop
      vertex 0.00148636 -0.014873 0.134408
      vertex 0.00148636 -0.005 0.134408
      vertex 0.00141362 -0.014873 0.134251
    endloop
  endfacet
  facet normal -0.907575 -1.6549e-15 0.419889
    outer loop
      vertex 0.00148636 -0.005 0.134408
      vertex 0.00141362 -0.005 0.134251
      vertex 0.00141362 -0.014873 0.134251
    endloop
  endfacet
  facet normal -0.856857 -1.56199e-15 0.515554
    outer loop
      vertex 0.00141362 -0.014873 0.134251
      vertex 0.00141362 -0.005 0.134251
      vertex 0.0013243 -0.014873 0.134102
    endloop
  endfacet
  facet normal -0.856857 -1.56205e-15 0.515554
    outer loop
      vertex 0.00141362 -0.005 0.134251
      vertex 0.0013243 -0.005 0.134102
      vertex 0.0013243 -0.014873 0.134102
    endloop
  endfacet
  facet normal -0.796093 -1.45122e-15 0.605174
    outer loop
      vertex 0.0013243 -0.014873 0.134102
      vertex 0.0013243 -0.005 0.134102
      vertex 0.00121946 -0.014873 0.133964
    endloop
  endfacet
  facet normal -0.796093 -1.45179e-15 0.605174
    outer loop
      vertex 0.0013243 -0.005 0.134102
      vertex 0.00121946 -0.005 0.133964
      vertex 0.00121946 -0.014873 0.133964
    endloop
  endfacet
  facet normal -0.725995 -1.32344e-15 0.6877
    outer loop
      vertex 0.00121946 -0.014873 0.133964
      vertex 0.00121946 -0.005 0.133964
      vertex 0.00110032 -0.014873 0.133838
    endloop
  endfacet
  facet normal -0.725995 -1.32508e-15 0.6877
    outer loop
      vertex 0.00121946 -0.005 0.133964
      vertex 0.00110032 -0.005 0.133838
      vertex 0.00110032 -0.014873 0.133838
    endloop
  endfacet
  facet normal -0.647386 -1.18014e-15 0.762162
    outer loop
      vertex 0.00110032 -0.014873 0.133838
      vertex 0.00110032 -0.005 0.133838
      vertex 0.000968279 -0.014873 0.133726
    endloop
  endfacet
  facet normal -0.647386 -1.18774e-15 0.762162
    outer loop
      vertex 0.00110032 -0.005 0.133838
      vertex 0.000968279 -0.005 0.133726
      vertex 0.000968279 -0.014873 0.133726
    endloop
  endfacet
  facet normal -0.561187 -1.02917e-15 0.827689
    outer loop
      vertex 0.000968279 -0.014873 0.133726
      vertex 0.000968279 -0.005 0.133726
      vertex 0.000824886 -0.014873 0.133629
    endloop
  endfacet
  facet normal -0.561187 -1.02911e-15 0.827689
    outer loop
      vertex 0.000968279 -0.005 0.133726
      vertex 0.000824886 -0.005 0.133629
      vertex 0.000824886 -0.014873 0.133629
    endloop
  endfacet
  facet normal -0.468409 -8.59019e-16 0.883512
    outer loop
      vertex 0.000824886 -0.014873 0.133629
      vertex 0.000824886 -0.005 0.133629
      vertex 0.000671823 -0.014873 0.133548
    endloop
  endfacet
  facet normal -0.468409 -8.59851e-16 0.883512
    outer loop
      vertex 0.000824886 -0.005 0.133629
      vertex 0.000671823 -0.005 0.133548
      vertex 0.000671823 -0.014873 0.133548
    endloop
  endfacet
  facet normal -0.370138 -6.78799e-16 0.928977
    outer loop
      vertex 0.000671823 -0.014873 0.133548
      vertex 0.000671823 -0.005 0.133548
      vertex 0.000510882 -0.014873 0.133484
    endloop
  endfacet
  facet normal -0.370138 -6.78016e-16 0.928977
    outer loop
      vertex 0.000671823 -0.005 0.133548
      vertex 0.000510882 -0.005 0.133484
      vertex 0.000510882 -0.014873 0.133484
    endloop
  endfacet
  facet normal -0.267528 -4.90623e-16 0.96355
    outer loop
      vertex 0.000510882 -0.014873 0.133484
      vertex 0.000510882 -0.005 0.133484
      vertex 0.000343953 -0.014873 0.133437
    endloop
  endfacet
  facet normal -0.267528 -4.90377e-16 0.96355
    outer loop
      vertex 0.000510882 -0.005 0.133484
      vertex 0.000343953 -0.005 0.133437
      vertex 0.000343953 -0.014873 0.133437
    endloop
  endfacet
  facet normal -0.161782 -2.96693e-16 0.986827
    outer loop
      vertex 0.000343953 -0.014873 0.133437
      vertex 0.000343953 -0.005 0.133437
      vertex 0.00017299 -0.014873 0.133409
    endloop
  endfacet
  facet normal -0.161782 -2.96451e-16 0.986827
    outer loop
      vertex 0.000343953 -0.005 0.133437
      vertex 0.00017299 -0.005 0.133409
      vertex 0.00017299 -0.014873 0.133409
    endloop
  endfacet
  facet normal -0.0541387 -9.92854e-17 0.998533
    outer loop
      vertex 0.00017299 -0.014873 0.133409
      vertex 0.00017299 -0.005 0.133409
      vertex 2.7352e-17 -0.014873 0.1334
    endloop
  endfacet
  facet normal -0.0541387 -9.6963e-17 0.998533
    outer loop
      vertex 0.00017299 -0.005 0.133409
      vertex 9.65785e-18 -0.005 0.1334
      vertex 2.7352e-17 -0.014873 0.1334
    endloop
  endfacet
  facet normal 0.0541387 9.7026e-17 0.998533
    outer loop
      vertex 2.7352e-17 -0.014873 0.1334
      vertex 9.65785e-18 -0.005 0.1334
      vertex -0.00017299 -0.014873 0.133409
    endloop
  endfacet
  facet normal 0.0541387 9.92602e-17 0.998533
    outer loop
      vertex 9.65785e-18 -0.005 0.1334
      vertex -0.00017299 -0.005 0.133409
      vertex -0.00017299 -0.014873 0.133409
    endloop
  endfacet
  facet normal 0.161782 2.96693e-16 0.986827
    outer loop
      vertex -0.00017299 -0.014873 0.133409
      vertex -0.00017299 -0.005 0.133409
      vertex -0.000343953 -0.014873 0.133437
    endloop
  endfacet
  facet normal 0.161782 2.96451e-16 0.986827
    outer loop
      vertex -0.00017299 -0.005 0.133409
      vertex -0.000343953 -0.005 0.133437
      vertex -0.000343953 -0.014873 0.133437
    endloop
  endfacet
  facet normal 0.267528 4.90623e-16 0.96355
    outer loop
      vertex -0.000343953 -0.014873 0.133437
      vertex -0.000343953 -0.005 0.133437
      vertex -0.000510882 -0.014873 0.133484
    endloop
  endfacet
  facet normal 0.267528 4.90377e-16 0.96355
    outer loop
      vertex -0.000343953 -0.005 0.133437
      vertex -0.000510882 -0.005 0.133484
      vertex -0.000510882 -0.014873 0.133484
    endloop
  endfacet
  facet normal 0.370138 6.78799e-16 0.928977
    outer loop
      vertex -0.000510882 -0.014873 0.133484
      vertex -0.000510882 -0.005 0.133484
      vertex -0.000671823 -0.014873 0.133548
    endloop
  endfacet
  facet normal 0.370138 6.78016e-16 0.928977
    outer loop
      vertex -0.000510882 -0.005 0.133484
      vertex -0.000671823 -0.005 0.133548
      vertex -0.000671823 -0.014873 0.133548
    endloop
  endfacet
  facet normal 0.468409 8.59019e-16 0.883512
    outer loop
      vertex -0.000671823 -0.014873 0.133548
      vertex -0.000671823 -0.005 0.133548
      vertex -0.000824886 -0.014873 0.133629
    endloop
  endfacet
  facet normal 0.468409 8.59851e-16 0.883512
    outer loop
      vertex -0.000671823 -0.005 0.133548
      vertex -0.000824886 -0.005 0.133629
      vertex -0.000824886 -0.014873 0.133629
    endloop
  endfacet
  facet normal 0.561187 1.02917e-15 0.827689
    outer loop
      vertex -0.000824886 -0.014873 0.133629
      vertex -0.000824886 -0.005 0.133629
      vertex -0.000968279 -0.014873 0.133726
    endloop
  endfacet
  facet normal 0.561187 1.02911e-15 0.827689
    outer loop
      vertex -0.000824886 -0.005 0.133629
      vertex -0.000968279 -0.005 0.133726
      vertex -0.000968279 -0.014873 0.133726
    endloop
  endfacet
  facet normal 0.647386 1.18725e-15 0.762162
    outer loop
      vertex -0.000968279 -0.014873 0.133726
      vertex -0.000968279 -0.005 0.133726
      vertex -0.00110032 -0.014873 0.133838
    endloop
  endfacet
  facet normal 0.647386 1.18e-15 0.762162
    outer loop
      vertex -0.000968279 -0.005 0.133726
      vertex -0.00110032 -0.005 0.133838
      vertex -0.00110032 -0.014873 0.133838
    endloop
  endfacet
  facet normal 0.725995 1.32344e-15 0.6877
    outer loop
      vertex -0.00110032 -0.014873 0.133838
      vertex -0.00110032 -0.005 0.133838
      vertex -0.00121946 -0.014873 0.133964
    endloop
  endfacet
  facet normal 0.725995 1.32508e-15 0.6877
    outer loop
      vertex -0.00110032 -0.005 0.133838
      vertex -0.00121946 -0.005 0.133964
      vertex -0.00121946 -0.014873 0.133964
    endloop
  endfacet
  facet normal 0.796093 1.45122e-15 0.605174
    outer loop
      vertex -0.00121946 -0.014873 0.133964
      vertex -0.00121946 -0.005 0.133964
      vertex -0.0013243 -0.014873 0.134102
    endloop
  endfacet
  facet normal 0.796093 1.45179e-15 0.605174
    outer loop
      vertex -0.00121946 -0.005 0.133964
      vertex -0.0013243 -0.005 0.134102
      vertex -0.0013243 -0.014873 0.134102
    endloop
  endfacet
  facet normal 0.856857 1.56199e-15 0.515554
    outer loop
      vertex -0.0013243 -0.014873 0.134102
      vertex -0.0013243 -0.005 0.134102
      vertex -0.00141362 -0.014873 0.134251
    endloop
  endfacet
  facet normal 0.856857 1.56205e-15 0.515554
    outer loop
      vertex -0.0013243 -0.005 0.134102
      vertex -0.00141362 -0.005 0.134251
      vertex -0.00141362 -0.014873 0.134251
    endloop
  endfacet
  facet normal 0.907575 1.65444e-15 0.419889
    outer loop
      vertex -0.00141362 -0.014873 0.134251
      vertex -0.00141362 -0.005 0.134251
      vertex -0.00148636 -0.014873 0.134408
    endloop
  endfacet
  facet normal 0.907575 1.6549e-15 0.419889
    outer loop
      vertex -0.00141362 -0.005 0.134251
      vertex -0.00148636 -0.005 0.134408
      vertex -0.00148636 -0.014873 0.134408
    endloop
  endfacet
  facet normal 0.947653 1.7275e-15 0.319301
    outer loop
      vertex -0.00148636 -0.014873 0.134408
      vertex -0.00148636 -0.005 0.134408
      vertex -0.00154168 -0.014873 0.134572
    endloop
  endfacet
  facet normal 0.947653 1.72744e-15 0.319301
    outer loop
      vertex -0.00148636 -0.005 0.134408
      vertex -0.00154168 -0.005 0.134572
      vertex -0.00154168 -0.014873 0.134572
    endloop
  endfacet
  facet normal 0.976621 1.78031e-15 0.21497
    outer loop
      vertex -0.00154168 -0.014873 0.134572
      vertex -0.00154168 -0.005 0.134572
      vertex -0.00157892 -0.014873 0.134741
    endloop
  endfacet
  facet normal 0.976621 1.78015e-15 0.21497
    outer loop
      vertex -0.00154168 -0.005 0.134572
      vertex -0.00157892 -0.005 0.134741
      vertex -0.00157892 -0.014873 0.134741
    endloop
  endfacet
  facet normal 0.994138 1.81224e-15 0.108119
    outer loop
      vertex -0.00157892 -0.014873 0.134741
      vertex -0.00157892 -0.005 0.134741
      vertex -0.00159765 -0.014873 0.134913
    endloop
  endfacet
  facet normal 0.994138 1.81231e-15 0.108119
    outer loop
      vertex -0.00157892 -0.005 0.134741
      vertex -0.00159765 -0.005 0.134913
      vertex -0.00159765 -0.014873 0.134913
    endloop
  endfacet
  facet normal 1 1.82293e-15 0
    outer loop
      vertex -0.00159765 -0.014873 0.134913
      vertex -0.00159765 -0.005 0.134913
      vertex -0.00159765 -0.014873 0.135087
    endloop
  endfacet
  facet normal 1 1.82293e-15 0
    outer loop
      vertex -0.00159765 -0.005 0.134913
      vertex -0.00159765 -0.005 0.135087
      vertex -0.00159765 -0.014873 0.135087
    endloop
  endfacet
  facet normal 0.994138 1.81224e-15 -0.108119
    outer loop
      vertex -0.00159765 -0.014873 0.135087
      vertex -0.00159765 -0.005 0.135087
      vertex -0.00157892 -0.014873 0.135259
    endloop
  endfacet
  facet normal 0.994138 1.81207e-15 -0.108119
    outer loop
      vertex -0.00159765 -0.005 0.135087
      vertex -0.00157892 -0.005 0.135259
      vertex -0.00157892 -0.014873 0.135259
    endloop
  endfacet
  facet normal 0.976621 1.78031e-15 -0.21497
    outer loop
      vertex -0.00157892 -0.014873 0.135259
      vertex -0.00157892 -0.005 0.135259
      vertex -0.00154168 -0.014873 0.135428
    endloop
  endfacet
  facet normal 0.976621 1.78064e-15 -0.21497
    outer loop
      vertex -0.00157892 -0.005 0.135259
      vertex -0.00154168 -0.005 0.135428
      vertex -0.00154168 -0.014873 0.135428
    endloop
  endfacet
  facet normal 0.947653 1.7275e-15 -0.319301
    outer loop
      vertex -0.00154168 -0.014873 0.135428
      vertex -0.00154168 -0.005 0.135428
      vertex -0.00148636 -0.014873 0.135592
    endloop
  endfacet
  facet normal 0.947653 1.72841e-15 -0.319301
    outer loop
      vertex -0.00154168 -0.005 0.135428
      vertex -0.00148636 -0.005 0.135592
      vertex -0.00148636 -0.014873 0.135592
    endloop
  endfacet
  facet normal 0.907575 1.65444e-15 -0.419889
    outer loop
      vertex -0.00148636 -0.014873 0.135592
      vertex -0.00148636 -0.005 0.135592
      vertex -0.00141362 -0.014873 0.135749
    endloop
  endfacet
  facet normal 0.907575 1.65393e-15 -0.419889
    outer loop
      vertex -0.00148636 -0.005 0.135592
      vertex -0.00141362 -0.005 0.135749
      vertex -0.00141362 -0.014873 0.135749
    endloop
  endfacet
  facet normal 0.856857 1.56199e-15 -0.515554
    outer loop
      vertex -0.00141362 -0.014873 0.135749
      vertex -0.00141362 -0.005 0.135749
      vertex -0.0013243 -0.014873 0.135898
    endloop
  endfacet
  facet normal 0.856857 1.56205e-15 -0.515554
    outer loop
      vertex -0.00141362 -0.005 0.135749
      vertex -0.0013243 -0.005 0.135898
      vertex -0.0013243 -0.014873 0.135898
    endloop
  endfacet
  facet normal 0.796093 1.45122e-15 -0.605174
    outer loop
      vertex -0.0013243 -0.014873 0.135898
      vertex -0.0013243 -0.005 0.135898
      vertex -0.00121946 -0.014873 0.136036
    endloop
  endfacet
  facet normal 0.796093 1.45082e-15 -0.605174
    outer loop
      vertex -0.0013243 -0.005 0.135898
      vertex -0.00121946 -0.005 0.136036
      vertex -0.00121946 -0.014873 0.136036
    endloop
  endfacet
  facet normal 0.725995 1.32344e-15 -0.6877
    outer loop
      vertex -0.00121946 -0.014873 0.136036
      vertex -0.00121946 -0.005 0.136036
      vertex -0.00110032 -0.014873 0.136162
    endloop
  endfacet
  facet normal 0.725995 1.32315e-15 -0.6877
    outer loop
      vertex -0.00121946 -0.005 0.136036
      vertex -0.00110032 -0.005 0.136162
      vertex -0.00110032 -0.014873 0.136162
    endloop
  endfacet
  facet normal 0.647386 1.18014e-15 -0.762162
    outer loop
      vertex -0.00110032 -0.014873 0.136162
      vertex -0.00110032 -0.005 0.136162
      vertex -0.000968279 -0.014873 0.136274
    endloop
  endfacet
  facet normal 0.647386 1.18677e-15 -0.762162
    outer loop
      vertex -0.00110032 -0.005 0.136162
      vertex -0.000968279 -0.005 0.136274
      vertex -0.000968279 -0.014873 0.136274
    endloop
  endfacet
  facet normal 0.561187 1.02917e-15 -0.827689
    outer loop
      vertex -0.000968279 -0.014873 0.136274
      vertex -0.000968279 -0.005 0.136274
      vertex -0.000824886 -0.014873 0.136371
    endloop
  endfacet
  facet normal 0.561187 1.02911e-15 -0.827689
    outer loop
      vertex -0.000968279 -0.005 0.136274
      vertex -0.000824886 -0.005 0.136371
      vertex -0.000824886 -0.014873 0.136371
    endloop
  endfacet
  facet normal 0.468409 8.59019e-16 -0.883512
    outer loop
      vertex -0.000824886 -0.014873 0.136371
      vertex -0.000824886 -0.005 0.136371
      vertex -0.000671823 -0.014873 0.136452
    endloop
  endfacet
  facet normal 0.468409 8.58884e-16 -0.883512
    outer loop
      vertex -0.000824886 -0.005 0.136371
      vertex -0.000671823 -0.005 0.136452
      vertex -0.000671823 -0.014873 0.136452
    endloop
  endfacet
  facet normal 0.370138 6.78799e-16 -0.928977
    outer loop
      vertex -0.000671823 -0.014873 0.136452
      vertex -0.000671823 -0.005 0.136452
      vertex -0.000510882 -0.014873 0.136516
    endloop
  endfacet
  facet normal 0.370138 6.78983e-16 -0.928977
    outer loop
      vertex -0.000671823 -0.005 0.136452
      vertex -0.000510882 -0.005 0.136516
      vertex -0.000510882 -0.014873 0.136516
    endloop
  endfacet
  facet normal 0.267528 4.90623e-16 -0.96355
    outer loop
      vertex -0.000510882 -0.014873 0.136516
      vertex -0.000510882 -0.005 0.136516
      vertex -0.000343953 -0.014873 0.136563
    endloop
  endfacet
  facet normal 0.267528 4.90377e-16 -0.96355
    outer loop
      vertex -0.000510882 -0.005 0.136516
      vertex -0.000343953 -0.005 0.136563
      vertex -0.000343953 -0.014873 0.136563
    endloop
  endfacet
  facet normal 0.161782 2.96693e-16 -0.986827
    outer loop
      vertex -0.000343953 -0.014873 0.136563
      vertex -0.000343953 -0.005 0.136563
      vertex -0.00017299 -0.014873 0.136591
    endloop
  endfacet
  facet normal 0.161782 2.96934e-16 -0.986827
    outer loop
      vertex -0.000343953 -0.005 0.136563
      vertex -0.00017299 -0.005 0.136591
      vertex -0.00017299 -0.014873 0.136591
    endloop
  endfacet
  facet normal 0.0541387 9.92854e-17 -0.998533
    outer loop
      vertex -0.00017299 -0.014873 0.136591
      vertex -0.00017299 -0.005 0.136591
      vertex 2.72449e-17 -0.014873 0.1366
    endloop
  endfacet
  facet normal 0.0541387 9.91393e-17 -0.998533
    outer loop
      vertex -0.00017299 -0.005 0.136591
      vertex 9.15884e-18 -0.005 0.1366
      vertex 2.72449e-17 -0.014873 0.1366
    endloop
  endfacet
  facet normal -0.122889 1.17906e-15 0.99242
    outer loop
      vertex 0.00461904 -0.014873 0.108804
      vertex 0.00461904 -0.005 0.108804
      vertex 0.00191 -0.014873 0.108469
    endloop
  endfacet
  facet normal -0.122889 1.17073e-15 0.99242
    outer loop
      vertex 0.00461904 -0.005 0.108804
      vertex 0.00191 -0.005 0.108469
      vertex 0.00191 -0.014873 0.108469
    endloop
  endfacet
  facet normal -0.0205314 1.36791e-15 0.999789
    outer loop
      vertex 0.00191 -0.014873 0.108469
      vertex 0.00191 -0.005 0.108469
      vertex -0.000819149 -0.014873 0.108413
    endloop
  endfacet
  facet normal -0.0205314 1.36913e-15 0.999789
    outer loop
      vertex 0.00191 -0.005 0.108469
      vertex -0.000819149 -0.005 0.108413
      vertex -0.000819149 -0.014873 0.108413
    endloop
  endfacet
  facet normal 0.082041 1.55135e-15 0.996629
    outer loop
      vertex -0.000819149 -0.014873 0.108413
      vertex -0.000819149 -0.005 0.108413
      vertex -0.00353967 -0.014873 0.108637
    endloop
  endfacet
  facet normal 0.082041 1.55181e-15 0.996629
    outer loop
      vertex -0.000819149 -0.005 0.108413
      vertex -0.00353967 -0.005 0.108637
      vertex -0.00353967 -0.014873 0.108637
    endloop
  endfacet
  facet normal 0.183749 1.72069e-15 0.982973
    outer loop
      vertex -0.00353967 -0.014873 0.108637
      vertex -0.00353967 -0.005 0.108637
      vertex -0.00622292 -0.014873 0.109138
    endloop
  endfacet
  facet normal 0.183749 1.70503e-15 0.982973
    outer loop
      vertex -0.00353967 -0.005 0.108637
      vertex -0.00622292 -0.005 0.109138
      vertex -0.00622292 -0.014873 0.109138
    endloop
  endfacet
  facet normal 0.283523 1.84611e-15 0.958965
    outer loop
      vertex -0.00622292 -0.014873 0.109138
      vertex -0.00622292 -0.005 0.109138
      vertex -0.00884064 -0.014873 0.109912
    endloop
  endfacet
  facet normal 0.283523 1.90146e-15 0.958965
    outer loop
      vertex -0.00622292 -0.005 0.109138
      vertex -0.00884064 -0.005 0.109912
      vertex -0.00884064 -0.014873 0.109912
    endloop
  endfacet
  facet normal 0.380311 2.03505e-15 0.924859
    outer loop
      vertex -0.00884064 -0.014873 0.109912
      vertex -0.00884064 -0.005 0.109912
      vertex -0.0113652 -0.014873 0.11095
    endloop
  endfacet
  facet normal 0.380311 2.02718e-15 0.924859
    outer loop
      vertex -0.00884064 -0.005 0.109912
      vertex -0.0113652 -0.005 0.11095
      vertex -0.0113652 -0.014873 0.11095
    endloop
  endfacet
  facet normal 0.473094 2.15275e-15 0.881012
    outer loop
      vertex -0.0113652 -0.014873 0.11095
      vertex -0.0113652 -0.005 0.11095
      vertex -0.0137702 -0.014873 0.112242
    endloop
  endfacet
  facet normal 0.473094 2.15289e-15 0.881012
    outer loop
      vertex -0.0113652 -0.005 0.11095
      vertex -0.0137702 -0.005 0.112242
      vertex -0.0137702 -0.014873 0.112242
    endloop
  endfacet
  facet normal 0.560894 2.24777e-15 0.827887
    outer loop
      vertex -0.0137702 -0.014873 0.112242
      vertex -0.0137702 -0.005 0.112242
      vertex -0.0160301 -0.014873 0.113773
    endloop
  endfacet
  facet normal 0.560894 2.15289e-15 0.827887
    outer loop
      vertex -0.0137702 -0.005 0.112242
      vertex -0.0160301 -0.005 0.113773
      vertex -0.0160301 -0.014873 0.113773
    endloop
  endfacet
  facet normal 0.642787 2.20618e-15 0.766045
    outer loop
      vertex -0.0160301 -0.014873 0.113773
      vertex -0.0160301 -0.005 0.113773
      vertex -0.0181212 -0.014873 0.115527
    endloop
  endfacet
  facet normal 0.642787 2.21575e-15 0.766045
    outer loop
      vertex -0.0160301 -0.005 0.113773
      vertex -0.0181212 -0.005 0.115527
      vertex -0.0181212 -0.014873 0.115527
    endloop
  endfacet
  facet normal 0.717912 2.23991e-15 0.696134
    outer loop
      vertex -0.0181212 -0.014873 0.115527
      vertex -0.0181212 -0.005 0.115527
      vertex -0.0200214 -0.014873 0.117487
    endloop
  endfacet
  facet normal 0.717912 2.24718e-15 0.696134
    outer loop
      vertex -0.0181212 -0.005 0.115527
      vertex -0.0200214 -0.005 0.117487
      vertex -0.0200214 -0.014873 0.117487
    endloop
  endfacet
  facet normal 0.785476 2.25004e-15 0.618892
    outer loop
      vertex -0.0200214 -0.014873 0.117487
      vertex -0.0200214 -0.005 0.117487
      vertex -0.0217108 -0.014873 0.119631
    endloop
  endfacet
  facet normal 0.785476 2.24718e-15 0.618892
    outer loop
      vertex -0.0200214 -0.005 0.117487
      vertex -0.0217108 -0.005 0.119631
      vertex -0.0217108 -0.014873 0.119631
    endloop
  endfacet
  facet normal 0.844768 2.23649e-15 0.535133
    outer loop
      vertex -0.0217108 -0.014873 0.119631
      vertex -0.0217108 -0.005 0.119631
      vertex -0.0231716 -0.014873 0.121937
    endloop
  endfacet
  facet normal 0.844768 2.23147e-15 0.535133
    outer loop
      vertex -0.0217108 -0.005 0.119631
      vertex -0.0231716 -0.005 0.121937
      vertex -0.0231716 -0.014873 0.121937
    endloop
  endfacet
  facet normal 0.895163 2.19938e-15 0.445739
    outer loop
      vertex -0.0231716 -0.014873 0.121937
      vertex -0.0231716 -0.005 0.121937
      vertex -0.0243884 -0.014873 0.124381
    endloop
  endfacet
  facet normal 0.895163 2.20004e-15 0.445739
    outer loop
      vertex -0.0231716 -0.005 0.121937
      vertex -0.0243884 -0.005 0.124381
      vertex -0.0243884 -0.014873 0.124381
    endloop
  endfacet
  facet normal 0.936132 2.13911e-15 0.351649
    outer loop
      vertex -0.0243884 -0.014873 0.124381
      vertex -0.0243884 -0.005 0.124381
      vertex -0.0253483 -0.014873 0.126936
    endloop
  endfacet
  facet normal 0.936132 1.63431e-15 0.351649
    outer loop
      vertex -0.0243884 -0.005 0.124381
      vertex -0.0253483 -0.005 0.126936
      vertex -0.0253483 -0.014873 0.126936
    endloop
  endfacet
  facet normal 0.967242 1.69948e-15 0.253857
    outer loop
      vertex -0.0253483 -0.014873 0.126936
      vertex -0.0253483 -0.005 0.126936
      vertex -0.0260412 -0.014873 0.129576
    endloop
  endfacet
  facet normal 0.967242 1.69717e-15 0.253857
    outer loop
      vertex -0.0253483 -0.005 0.126936
      vertex -0.0260412 -0.005 0.129576
      vertex -0.0260412 -0.014873 0.129576
    endloop
  endfacet
  facet normal 0.988165 1.73624e-15 0.153392
    outer loop
      vertex -0.0260412 -0.014873 0.129576
      vertex -0.0260412 -0.005 0.129576
      vertex -0.0264599 -0.014873 0.132274
    endloop
  endfacet
  facet normal 0.988165 1.73646e-15 0.153392
    outer loop
      vertex -0.0260412 -0.005 0.129576
      vertex -0.0264599 -0.005 0.132274
      vertex -0.0264599 -0.014873 0.132274
    endloop
  endfacet
  facet normal 0.998683 1.75472e-15 0.0513104
    outer loop
      vertex -0.0264599 -0.014873 0.132274
      vertex -0.0264599 -0.005 0.132274
      vertex -0.0266 -0.014873 0.135
    endloop
  endfacet
  facet normal 0.998683 1.75414e-15 0.0513104
    outer loop
      vertex -0.0264599 -0.005 0.132274
      vertex -0.0266 -0.005 0.135
      vertex -0.0266 -0.014873 0.135
    endloop
  endfacet
  facet normal 0.120073 -1.18449e-15 -0.992765
    outer loop
      vertex 0.00406337 -0.014873 0.111955
      vertex 0.00406337 -0.005 0.111955
      vertex 0.00423536 -0.014873 0.111976
    endloop
  endfacet
  facet normal 0.120073 -1.18435e-15 -0.992765
    outer loop
      vertex 0.00406337 -0.005 0.111955
      vertex 0.00423536 -0.005 0.111976
      vertex 0.00423536 -0.014873 0.111976
    endloop
  endfacet
  facet normal 0.012031 -1.38439e-15 -0.999928
    outer loop
      vertex 0.00423536 -0.014873 0.111976
      vertex 0.00423536 -0.005 0.111976
      vertex 0.00440859 -0.014873 0.111978
    endloop
  endfacet
  facet normal 0.012031 -1.38441e-15 -0.999928
    outer loop
      vertex 0.00423536 -0.005 0.111976
      vertex 0.00440859 -0.005 0.111978
      vertex 0.00440859 -0.014873 0.111978
    endloop
  endfacet
  facet normal -0.0961404 -1.56804e-15 -0.995368
    outer loop
      vertex 0.00440859 -0.014873 0.111978
      vertex 0.00440859 -0.005 0.111978
      vertex 0.00458103 -0.014873 0.111962
    endloop
  endfacet
  facet normal -0.0961404 -1.56809e-15 -0.995368
    outer loop
      vertex 0.00440859 -0.005 0.111978
      vertex 0.00458103 -0.005 0.111962
      vertex 0.00458103 -0.014873 0.111962
    endloop
  endfacet
  facet normal -0.203204 -1.73334e-15 -0.979136
    outer loop
      vertex 0.00458103 -0.014873 0.111962
      vertex 0.00458103 -0.005 0.111962
      vertex 0.00475066 -0.014873 0.111927
    endloop
  endfacet
  facet normal -0.203204 -1.73373e-15 -0.979136
    outer loop
      vertex 0.00458103 -0.005 0.111962
      vertex 0.00475066 -0.005 0.111927
      vertex 0.00475066 -0.014873 0.111927
    endloop
  endfacet
  facet normal -0.30787 -1.8783e-15 -0.951428
    outer loop
      vertex 0.00475066 -0.014873 0.111927
      vertex 0.00475066 -0.005 0.111927
      vertex 0.00491549 -0.014873 0.111873
    endloop
  endfacet
  facet normal -0.30787 -1.87833e-15 -0.951428
    outer loop
      vertex 0.00475066 -0.005 0.111927
      vertex 0.00491549 -0.005 0.111873
      vertex 0.00491549 -0.014873 0.111873
    endloop
  endfacet
  facet normal -0.408935 -2.00124e-15 -0.912564
    outer loop
      vertex 0.00491549 -0.014873 0.111873
      vertex 0.00491549 -0.005 0.111873
      vertex 0.00507359 -0.014873 0.111802
    endloop
  endfacet
  facet normal -0.408935 -2.00116e-15 -0.912564
    outer loop
      vertex 0.00491549 -0.005 0.111873
      vertex 0.00507359 -0.005 0.111802
      vertex 0.00507359 -0.014873 0.111802
    endloop
  endfacet
  facet normal -0.505204 -2.10072e-15 -0.863
    outer loop
      vertex 0.00507359 -0.014873 0.111802
      vertex 0.00507359 -0.005 0.111802
      vertex 0.0052231 -0.014873 0.111715
    endloop
  endfacet
  facet normal -0.505204 -2.10079e-15 -0.863
    outer loop
      vertex 0.00507359 -0.005 0.111802
      vertex 0.0052231 -0.005 0.111715
      vertex 0.0052231 -0.014873 0.111715
    endloop
  endfacet
  facet normal -0.595549 -2.17557e-15 -0.803319
    outer loop
      vertex 0.0052231 -0.014873 0.111715
      vertex 0.0052231 -0.005 0.111715
      vertex 0.00536227 -0.014873 0.111612
    endloop
  endfacet
  facet normal -0.595549 -2.17623e-15 -0.803319
    outer loop
      vertex 0.0052231 -0.005 0.111715
      vertex 0.00536227 -0.005 0.111612
      vertex 0.00536227 -0.014873 0.111612
    endloop
  endfacet
  facet normal -0.678909 -2.22491e-15 -0.734223
    outer loop
      vertex 0.00536227 -0.014873 0.111612
      vertex 0.00536227 -0.005 0.111612
      vertex 0.00548947 -0.014873 0.111494
    endloop
  endfacet
  facet normal -0.678909 -2.2246e-15 -0.734223
    outer loop
      vertex 0.00536227 -0.005 0.111612
      vertex 0.00548947 -0.005 0.111494
      vertex 0.00548947 -0.014873 0.111494
    endloop
  endfacet
  facet normal -0.754316 -2.24817e-15 -0.656512
    outer loop
      vertex 0.00548947 -0.014873 0.111494
      vertex 0.00548947 -0.005 0.111494
      vertex 0.00560321 -0.014873 0.111363
    endloop
  endfacet
  facet normal -0.754316 -2.24876e-15 -0.656512
    outer loop
      vertex 0.00548947 -0.005 0.111494
      vertex 0.00560321 -0.005 0.111363
      vertex 0.00560321 -0.014873 0.111363
    endloop
  endfacet
  facet normal -0.820873 -2.24508e-15 -0.571111
    outer loop
      vertex 0.00560321 -0.014873 0.111363
      vertex 0.00560321 -0.005 0.111363
      vertex 0.00570215 -0.014873 0.111221
    endloop
  endfacet
  facet normal -0.820873 -2.24491e-15 -0.571111
    outer loop
      vertex 0.00560321 -0.005 0.111363
      vertex 0.00570215 -0.005 0.111221
      vertex 0.00570215 -0.014873 0.111221
    endloop
  endfacet
  facet normal -0.877809 -2.21566e-15 -0.479011
    outer loop
      vertex 0.00570215 -0.014873 0.111221
      vertex 0.00570215 -0.005 0.111221
      vertex 0.00578513 -0.014873 0.111069
    endloop
  endfacet
  facet normal -0.877809 -2.21588e-15 -0.479011
    outer loop
      vertex 0.00570215 -0.005 0.111221
      vertex 0.00578513 -0.005 0.111069
      vertex 0.00578513 -0.014873 0.111069
    endloop
  endfacet
  facet normal -0.924455 -2.16026e-15 -0.38129
    outer loop
      vertex 0.00578513 -0.014873 0.111069
      vertex 0.00578513 -0.005 0.111069
      vertex 0.00585119 -0.014873 0.110909
    endloop
  endfacet
  facet normal -0.924455 -2.15977e-15 -0.38129
    outer loop
      vertex 0.00578513 -0.005 0.111069
      vertex 0.00585119 -0.005 0.110909
      vertex 0.00585119 -0.014873 0.110909
    endloop
  endfacet
  facet normal -0.96026 -2.07953e-15 -0.279106
    outer loop
      vertex 0.00585119 -0.014873 0.110909
      vertex 0.00585119 -0.005 0.110909
      vertex 0.00589954 -0.014873 0.110743
    endloop
  endfacet
  facet normal -0.96026 -2.0795e-15 -0.279106
    outer loop
      vertex 0.00585119 -0.005 0.110909
      vertex 0.00589954 -0.005 0.110743
      vertex 0.00589954 -0.014873 0.110743
    endloop
  endfacet
  facet normal -0.984807 -1.97443e-15 -0.17365
    outer loop
      vertex 0.00589954 -0.014873 0.110743
      vertex 0.00589954 -0.005 0.110743
      vertex 0.00592963 -0.014873 0.110572
    endloop
  endfacet
  facet normal -0.984807 -1.97458e-15 -0.17365
    outer loop
      vertex 0.00589954 -0.005 0.110743
      vertex 0.00592963 -0.005 0.110572
      vertex 0.00592963 -0.014873 0.110572
    endloop
  endfacet
  facet normal -0.99781 -1.84617e-15 -0.066151
    outer loop
      vertex 0.00592963 -0.014873 0.110572
      vertex 0.00592963 -0.005 0.110572
      vertex 0.00594109 -0.014873 0.110399
    endloop
  endfacet
  facet normal -0.99781 -1.84639e-15 -0.066151
    outer loop
      vertex 0.00592963 -0.005 0.110572
      vertex 0.00594109 -0.005 0.110399
      vertex 0.00594109 -0.014873 0.110399
    endloop
  endfacet
  facet normal -0.999113 -1.69628e-15 0.042114
    outer loop
      vertex 0.00594109 -0.014873 0.110399
      vertex 0.00594109 -0.005 0.110399
      vertex 0.00593379 -0.014873 0.110226
    endloop
  endfacet
  facet normal -0.999113 -1.69626e-15 0.042114
    outer loop
      vertex 0.00594109 -0.005 0.110399
      vertex 0.00593379 -0.005 0.110226
      vertex 0.00593379 -0.014873 0.110226
    endloop
  endfacet
  facet normal -0.988702 -1.52649e-15 0.149893
    outer loop
      vertex 0.00593379 -0.014873 0.110226
      vertex 0.00593379 -0.005 0.110226
      vertex 0.00590782 -0.014873 0.110055
    endloop
  endfacet
  facet normal -0.988702 -1.52626e-15 0.149893
    outer loop
      vertex 0.00593379 -0.005 0.110226
      vertex 0.00590782 -0.005 0.110055
      vertex 0.00590782 -0.014873 0.110055
    endloop
  endfacet
  facet normal -0.966701 -1.33881e-15 0.25591
    outer loop
      vertex 0.00590782 -0.014873 0.110055
      vertex 0.00590782 -0.005 0.110055
      vertex 0.00586349 -0.014873 0.109887
    endloop
  endfacet
  facet normal -0.966701 -1.3391e-15 0.25591
    outer loop
      vertex 0.00590782 -0.005 0.110055
      vertex 0.00586349 -0.005 0.109887
      vertex 0.00586349 -0.014873 0.109887
    endloop
  endfacet
  facet normal -0.933364 -1.13543e-15 0.358932
    outer loop
      vertex 0.00586349 -0.014873 0.109887
      vertex 0.00586349 -0.005 0.109887
      vertex 0.00580131 -0.014873 0.109726
    endloop
  endfacet
  facet normal -0.933364 -1.13551e-15 0.358932
    outer loop
      vertex 0.00586349 -0.005 0.109887
      vertex 0.00580131 -0.005 0.109726
      vertex 0.00580131 -0.014873 0.109726
    endloop
  endfacet
  facet normal -0.889087 -9.18749e-16 0.457738
    outer loop
      vertex 0.00580131 -0.014873 0.109726
      vertex 0.00580131 -0.005 0.109726
      vertex 0.00572201 -0.014873 0.109571
    endloop
  endfacet
  facet normal -0.889087 -9.18851e-16 0.457738
    outer loop
      vertex 0.00580131 -0.005 0.109726
      vertex 0.00572201 -0.005 0.109571
      vertex 0.00572201 -0.014873 0.109571
    endloop
  endfacet
  facet normal -0.834384 -6.91285e-16 0.551183
    outer loop
      vertex 0.00572201 -0.014873 0.109571
      vertex 0.00572201 -0.005 0.109571
      vertex 0.00562652 -0.014873 0.109427
    endloop
  endfacet
  facet normal -0.834384 -6.91557e-16 0.551183
    outer loop
      vertex 0.00572201 -0.005 0.109571
      vertex 0.00562652 -0.005 0.109427
      vertex 0.00562652 -0.014873 0.109427
    endloop
  endfacet
  facet normal -0.769898 -4.55713e-16 0.638167
    outer loop
      vertex 0.00562652 -0.014873 0.109427
      vertex 0.00562652 -0.005 0.109427
      vertex 0.00551596 -0.014873 0.109294
    endloop
  endfacet
  facet normal -0.769898 -4.55558e-16 0.638167
    outer loop
      vertex 0.00562652 -0.005 0.109427
      vertex 0.00551596 -0.005 0.109294
      vertex 0.00551596 -0.014873 0.109294
    endloop
  endfacet
  facet normal -0.696387 -2.14804e-16 0.717667
    outer loop
      vertex 0.00551596 -0.014873 0.109294
      vertex 0.00551596 -0.005 0.109294
      vertex 0.00539163 -0.014873 0.109173
    endloop
  endfacet
  facet normal -0.696387 -2.14721e-16 0.717667
    outer loop
      vertex 0.00551596 -0.005 0.109294
      vertex 0.00539163 -0.005 0.109173
      vertex 0.00539163 -0.014873 0.109173
    endloop
  endfacet
  facet normal -0.614718 2.86045e-17 0.788747
    outer loop
      vertex 0.00539163 -0.014873 0.109173
      vertex 0.00539163 -0.005 0.109173
      vertex 0.00525498 -0.014873 0.109066
    endloop
  endfacet
  facet normal -0.614718 2.90163e-17 0.788747
    outer loop
      vertex 0.00539163 -0.005 0.109173
      vertex 0.00525498 -0.005 0.109066
      vertex 0.00525498 -0.014873 0.109066
    endloop
  endfacet
  facet normal -0.525826 2.71723e-16 0.850592
    outer loop
      vertex 0.00525498 -0.014873 0.109066
      vertex 0.00525498 -0.005 0.109066
      vertex 0.00510762 -0.014873 0.108975
    endloop
  endfacet
  facet normal -0.525826 2.71787e-16 0.850592
    outer loop
      vertex 0.00525498 -0.005 0.109066
      vertex 0.00510762 -0.005 0.108975
      vertex 0.00510762 -0.014873 0.108975
    endloop
  endfacet
  facet normal -0.430782 5.11618e-16 0.902456
    outer loop
      vertex 0.00510762 -0.014873 0.108975
      vertex 0.00510762 -0.005 0.108975
      vertex 0.00495127 -0.014873 0.108901
    endloop
  endfacet
  facet normal -0.430782 5.11656e-16 0.902456
    outer loop
      vertex 0.00510762 -0.005 0.108975
      vertex 0.00495127 -0.005 0.108901
      vertex 0.00495127 -0.014873 0.108901
    endloop
  endfacet
  facet normal -0.330685 7.45525e-16 0.943741
    outer loop
      vertex 0.00495127 -0.014873 0.108901
      vertex 0.00495127 -0.005 0.108901
      vertex 0.00478778 -0.014873 0.108843
    endloop
  endfacet
  facet normal -0.330685 7.45721e-16 0.943741
    outer loop
      vertex 0.00495127 -0.005 0.108901
      vertex 0.00478778 -0.005 0.108843
      vertex 0.00478778 -0.014873 0.108843
    endloop
  endfacet
  facet normal -0.226707 9.70699e-16 0.973963
    outer loop
      vertex 0.00478778 -0.014873 0.108843
      vertex 0.00478778 -0.005 0.108843
      vertex 0.00461904 -0.014873 0.108804
    endloop
  endfacet
  facet normal -0.226707 9.70597e-16 0.973963
    outer loop
      vertex 0.00478778 -0.005 0.108843
      vertex 0.00461904 -0.005 0.108804
      vertex 0.00461904 -0.014873 0.108804
    endloop
  endfacet
  facet normal -0.998513 -1.75443e-15 -0.0545146
    outer loop
      vertex -0.0234 -0.014873 0.135
      vertex -0.0234 -0.005 0.135
      vertex -0.0232609 -0.005 0.132453
    endloop
  endfacet
  facet normal -0.998513 -1.75493e-15 -0.0545146
    outer loop
      vertex -0.0234 -0.014873 0.135
      vertex -0.0232609 -0.005 0.132453
      vertex -0.0232609 -0.014873 0.132453
    endloop
  endfacet
  facet normal -0.986643 -1.73357e-15 -0.162895
    outer loop
      vertex -0.0232609 -0.005 0.132453
      vertex -0.0228453 -0.005 0.129935
      vertex -0.0232609 -0.014873 0.132453
    endloop
  endfacet
  facet normal -0.986643 -1.73181e-15 -0.162895
    outer loop
      vertex -0.0232609 -0.014873 0.132453
      vertex -0.0228453 -0.005 0.129935
      vertex -0.0228453 -0.014873 0.129935
    endloop
  endfacet
  facet normal -0.963045 -1.69211e-15 -0.26934
    outer loop
      vertex -0.0228453 -0.005 0.129935
      vertex -0.0221582 -0.005 0.127478
      vertex -0.0228453 -0.014873 0.129935
    endloop
  endfacet
  facet normal -0.963045 -1.68978e-15 -0.26934
    outer loop
      vertex -0.0228453 -0.014873 0.129935
      vertex -0.0221582 -0.005 0.127478
      vertex -0.0221582 -0.014873 0.127478
    endloop
  endfacet
  facet normal -0.927999 -1.63053e-15 -0.372583
    outer loop
      vertex -0.0221582 -0.005 0.127478
      vertex -0.0212076 -0.005 0.125111
      vertex -0.0221582 -0.014873 0.127478
    endloop
  endfacet
  facet normal -0.927999 -1.63093e-15 -0.372583
    outer loop
      vertex -0.0221582 -0.014873 0.127478
      vertex -0.0212076 -0.005 0.125111
      vertex -0.0212076 -0.014873 0.125111
    endloop
  endfacet
  facet normal -0.881921 -1.54957e-15 -0.471397
    outer loop
      vertex -0.0212076 -0.005 0.125111
      vertex -0.0200049 -0.005 0.122861
      vertex -0.0212076 -0.014873 0.125111
    endloop
  endfacet
  facet normal -0.881921 -2.20259e-15 -0.471397
    outer loop
      vertex -0.0212076 -0.014873 0.125111
      vertex -0.0200049 -0.005 0.122861
      vertex -0.0200049 -0.014873 0.122861
    endloop
  endfacet
  facet normal -0.82536 -2.24382e-15 -0.564607
    outer loop
      vertex -0.0200049 -0.005 0.122861
      vertex -0.0185645 -0.005 0.120755
      vertex -0.0200049 -0.014873 0.122861
    endloop
  endfacet
  facet normal -0.82536 -2.25304e-15 -0.564607
    outer loop
      vertex -0.0200049 -0.014873 0.122861
      vertex -0.0185645 -0.005 0.120755
      vertex -0.0185645 -0.014873 0.120755
    endloop
  endfacet
  facet normal -0.758987 -2.24878e-15 -0.651105
    outer loop
      vertex -0.0185645 -0.005 0.120755
      vertex -0.0169033 -0.005 0.118819
      vertex -0.0185645 -0.014873 0.120755
    endloop
  endfacet
  facet normal -0.758987 -2.23622e-15 -0.651105
    outer loop
      vertex -0.0185645 -0.014873 0.120755
      vertex -0.0169033 -0.005 0.118819
      vertex -0.0169033 -0.014873 0.118819
    endloop
  endfacet
  facet normal -0.683592 -2.22702e-15 -0.729864
    outer loop
      vertex -0.0169033 -0.005 0.118819
      vertex -0.0150412 -0.005 0.117075
      vertex -0.0169033 -0.014873 0.118819
    endloop
  endfacet
  facet normal -0.683592 -2.33711e-15 -0.729864
    outer loop
      vertex -0.0169033 -0.014873 0.118819
      vertex -0.0150412 -0.005 0.117075
      vertex -0.0150412 -0.014873 0.117075
    endloop
  endfacet
  facet normal -0.600071 -2.28421e-15 -0.799947
    outer loop
      vertex -0.0150412 -0.005 0.117075
      vertex -0.0130003 -0.005 0.115544
      vertex -0.0150412 -0.014873 0.117075
    endloop
  endfacet
  facet normal -0.600071 -2.28666e-15 -0.799947
    outer loop
      vertex -0.0150412 -0.014873 0.117075
      vertex -0.0130003 -0.005 0.115544
      vertex -0.0130003 -0.014873 0.115544
    endloop
  endfacet
  facet normal -0.509417 -2.19414e-15 -0.86052
    outer loop
      vertex -0.0130003 -0.005 0.115544
      vertex -0.0108049 -0.005 0.114244
      vertex -0.0130003 -0.014873 0.115544
    endloop
  endfacet
  facet normal -0.509417 -2.18578e-15 -0.86052
    outer loop
      vertex -0.0130003 -0.014873 0.115544
      vertex -0.0108049 -0.005 0.114244
      vertex -0.0108049 -0.014873 0.114244
    endloop
  endfacet
  facet normal -0.412707 -2.07799e-15 -0.910864
    outer loop
      vertex -0.0108049 -0.005 0.114244
      vertex -0.00848105 -0.005 0.113191
      vertex -0.0108049 -0.014873 0.114244
    endloop
  endfacet
  facet normal -0.412707 -2.06808e-15 -0.910864
    outer loop
      vertex -0.0108049 -0.014873 0.114244
      vertex -0.00848105 -0.005 0.113191
      vertex -0.00848105 -0.014873 0.113191
    endloop
  endfacet
  facet normal -0.311091 -1.93714e-15 -0.95038
    outer loop
      vertex -0.00848105 -0.005 0.113191
      vertex -0.00605637 -0.005 0.112397
      vertex -0.00848105 -0.014873 0.113191
    endloop
  endfacet
  facet normal -0.311091 -1.88313e-15 -0.95038
    outer loop
      vertex -0.00848105 -0.014873 0.113191
      vertex -0.00605637 -0.005 0.112397
      vertex -0.00605637 -0.014873 0.112397
    endloop
  endfacet
  facet normal -0.205778 -1.73711e-15 -0.978599
    outer loop
      vertex -0.00605637 -0.005 0.112397
      vertex -0.00355969 -0.005 0.111872
      vertex -0.00605637 -0.014873 0.112397
    endloop
  endfacet
  facet normal -0.205778 -1.75703e-15 -0.978599
    outer loop
      vertex -0.00605637 -0.014873 0.112397
      vertex -0.00355969 -0.005 0.111872
      vertex -0.00355969 -0.014873 0.111872
    endloop
  endfacet
  facet normal -0.0980166 -1.57969e-15 -0.995185
    outer loop
      vertex -0.00355969 -0.005 0.111872
      vertex -0.00102069 -0.005 0.111622
      vertex -0.00355969 -0.014873 0.111872
    endloop
  endfacet
  facet normal -0.0980166 -1.57628e-15 -0.995185
    outer loop
      vertex -0.00355969 -0.014873 0.111872
      vertex -0.00102069 -0.005 0.111622
      vertex -0.00102069 -0.014873 0.111622
    endloop
  endfacet
  facet normal 0.0109082 -1.38566e-15 -0.999941
    outer loop
      vertex -0.00102069 -0.005 0.111622
      vertex 0.00153043 -0.005 0.11165
      vertex -0.00102069 -0.014873 0.111622
    endloop
  endfacet
  facet normal 0.0109082 -1.38555e-15 -0.999941
    outer loop
      vertex -0.00102069 -0.014873 0.111622
      vertex 0.00153043 -0.005 0.11165
      vertex 0.00153043 -0.014873 0.11165
    endloop
  endfacet
  facet normal 0.119704 -1.17731e-15 -0.99281
    outer loop
      vertex 0.00153043 -0.005 0.11165
      vertex 0.00406337 -0.005 0.111955
      vertex 0.00153043 -0.014873 0.11165
    endloop
  endfacet
  facet normal 0.119704 -1.18537e-15 -0.99281
    outer loop
      vertex 0.00153043 -0.014873 0.11165
      vertex 0.00406337 -0.005 0.111955
      vertex 0.00406337 -0.014873 0.111955
    endloop
  endfacet
  facet normal 0.998534 1.75446e-15 -0.054134
    outer loop
      vertex -0.0266 -0.014873 0.135
      vertex -0.0266 -0.005 0.135
      vertex -0.0265906 -0.014873 0.135173
    endloop
  endfacet
  facet normal 0.998534 1.7544e-15 -0.054134
    outer loop
      vertex -0.0266 -0.005 0.135
      vertex -0.0265906 -0.005 0.135173
      vertex -0.0265906 -0.014873 0.135173
    endloop
  endfacet
  facet normal 0.986825 1.73389e-15 -0.161789
    outer loop
      vertex -0.0265906 -0.014873 0.135173
      vertex -0.0265906 -0.005 0.135173
      vertex -0.0265626 -0.014873 0.135344
    endloop
  endfacet
  facet normal 0.986825 1.73373e-15 -0.161789
    outer loop
      vertex -0.0265906 -0.005 0.135173
      vertex -0.0265626 -0.005 0.135344
      vertex -0.0265626 -0.014873 0.135344
    endloop
  endfacet
  facet normal 0.963552 1.693e-15 -0.26752
    outer loop
      vertex -0.0265626 -0.014873 0.135344
      vertex -0.0265626 -0.005 0.135344
      vertex -0.0265162 -0.014873 0.135511
    endloop
  endfacet
  facet normal 0.963552 1.69263e-15 -0.26752
    outer loop
      vertex -0.0265626 -0.005 0.135344
      vertex -0.0265162 -0.005 0.135511
      vertex -0.0265162 -0.014873 0.135511
    endloop
  endfacet
  facet normal 0.928975 1.63224e-15 -0.370143
    outer loop
      vertex -0.0265162 -0.014873 0.135511
      vertex -0.0265162 -0.005 0.135511
      vertex -0.0264521 -0.014873 0.135672
    endloop
  endfacet
  facet normal 0.928975 1.63265e-15 -0.370143
    outer loop
      vertex -0.0265162 -0.005 0.135511
      vertex -0.0264521 -0.005 0.135672
      vertex -0.0264521 -0.014873 0.135672
    endloop
  endfacet
  facet normal 0.883515 1.55237e-15 -0.468403
    outer loop
      vertex -0.0264521 -0.014873 0.135672
      vertex -0.0264521 -0.005 0.135672
      vertex -0.026371 -0.014873 0.135825
    endloop
  endfacet
  facet normal 0.883515 1.55238e-15 -0.468403
    outer loop
      vertex -0.0264521 -0.005 0.135672
      vertex -0.026371 -0.005 0.135825
      vertex -0.026371 -0.014873 0.135825
    endloop
  endfacet
  facet normal 0.827689 1.45428e-15 -0.561187
    outer loop
      vertex -0.026371 -0.014873 0.135825
      vertex -0.026371 -0.005 0.135825
      vertex -0.0262737 -0.014873 0.135968
    endloop
  endfacet
  facet normal 0.827689 1.45469e-15 -0.561187
    outer loop
      vertex -0.026371 -0.005 0.135825
      vertex -0.0262737 -0.005 0.135968
      vertex -0.0262737 -0.014873 0.135968
    endloop
  endfacet
  facet normal 0.762159 1.33914e-15 -0.64739
    outer loop
      vertex -0.0262737 -0.014873 0.135968
      vertex -0.0262737 -0.005 0.135968
      vertex -0.0261616 -0.014873 0.1361
    endloop
  endfacet
  facet normal 0.762159 1.33958e-15 -0.64739
    outer loop
      vertex -0.0262737 -0.005 0.135968
      vertex -0.0261616 -0.005 0.1361
      vertex -0.0261616 -0.014873 0.1361
    endloop
  endfacet
  facet normal 0.687699 1.20831e-15 -0.725996
    outer loop
      vertex -0.0261616 -0.014873 0.1361
      vertex -0.0261616 -0.005 0.1361
      vertex -0.0260358 -0.014873 0.136219
    endloop
  endfacet
  facet normal 0.687699 1.20901e-15 -0.725996
    outer loop
      vertex -0.0261616 -0.005 0.1361
      vertex -0.0260358 -0.005 0.136219
      vertex -0.0260358 -0.014873 0.136219
    endloop
  endfacet
  facet normal 0.605177 1.06332e-15 -0.796091
    outer loop
      vertex -0.0260358 -0.014873 0.136219
      vertex -0.0260358 -0.005 0.136219
      vertex -0.0258979 -0.014873 0.136324
    endloop
  endfacet
  facet normal 0.605177 1.06297e-15 -0.796091
    outer loop
      vertex -0.0260358 -0.005 0.136219
      vertex -0.0258979 -0.005 0.136324
      vertex -0.0258979 -0.014873 0.136324
    endloop
  endfacet
  facet normal 0.515555 9.0585e-16 -0.856857
    outer loop
      vertex -0.0258979 -0.014873 0.136324
      vertex -0.0258979 -0.005 0.136324
      vertex -0.0257495 -0.014873 0.136414
    endloop
  endfacet
  facet normal 0.515555 9.05313e-16 -0.856857
    outer loop
      vertex -0.0258979 -0.005 0.136324
      vertex -0.0257495 -0.005 0.136414
      vertex -0.0257495 -0.014873 0.136414
    endloop
  endfacet
  facet normal 0.419887 7.37758e-16 -0.907576
    outer loop
      vertex -0.0257495 -0.014873 0.136414
      vertex -0.0257495 -0.005 0.136414
      vertex -0.0255922 -0.014873 0.136486
    endloop
  endfacet
  facet normal 0.419887 7.37979e-16 -0.907576
    outer loop
      vertex -0.0257495 -0.005 0.136414
      vertex -0.0255922 -0.005 0.136486
      vertex -0.0255922 -0.014873 0.136486
    endloop
  endfacet
  facet normal 0.319302 5.61025e-16 -0.947653
    outer loop
      vertex -0.0255922 -0.014873 0.136486
      vertex -0.0255922 -0.005 0.136486
      vertex -0.025428 -0.014873 0.136542
    endloop
  endfacet
  facet normal 0.319302 5.60984e-16 -0.947653
    outer loop
      vertex -0.0255922 -0.005 0.136486
      vertex -0.025428 -0.005 0.136542
      vertex -0.025428 -0.014873 0.136542
    endloop
  endfacet
  facet normal 0.214969 3.77709e-16 -0.976621
    outer loop
      vertex -0.025428 -0.014873 0.136542
      vertex -0.025428 -0.005 0.136542
      vertex -0.0252589 -0.014873 0.136579
    endloop
  endfacet
  facet normal 0.214969 3.77694e-16 -0.976621
    outer loop
      vertex -0.025428 -0.005 0.136542
      vertex -0.0252589 -0.005 0.136579
      vertex -0.0252589 -0.014873 0.136579
    endloop
  endfacet
  facet normal 0.10812 1.89971e-16 -0.994138
    outer loop
      vertex -0.0252589 -0.014873 0.136579
      vertex -0.0252589 -0.005 0.136579
      vertex -0.0250866 -0.014873 0.136598
    endloop
  endfacet
  facet normal 0.10812 1.90059e-16 -0.994138
    outer loop
      vertex -0.0252589 -0.005 0.136579
      vertex -0.0250866 -0.005 0.136598
      vertex -0.0250866 -0.014873 0.136598
    endloop
  endfacet
  facet normal 0 0 -1
    outer loop
      vertex -0.0250866 -0.014873 0.136598
      vertex -0.0250866 -0.005 0.136598
      vertex -0.0249134 -0.014873 0.136598
    endloop
  endfacet
  facet normal 0 0 -1
    outer loop
      vertex -0.0250866 -0.005 0.136598
      vertex -0.0249134 -0.005 0.136598
      vertex -0.0249134 -0.014873 0.136598
    endloop
  endfacet
  facet normal -0.108119 -1.89969e-16 -0.994138
    outer loop
      vertex -0.0249134 -0.014873 0.136598
      vertex -0.0249134 -0.005 0.136598
      vertex -0.0247411 -0.014873 0.136579
    endloop
  endfacet
  facet normal -0.108119 -1.90057e-16 -0.994138
    outer loop
      vertex -0.0249134 -0.005 0.136598
      vertex -0.0247411 -0.005 0.136579
      vertex -0.0247411 -0.014873 0.136579
    endloop
  endfacet
  facet normal -0.214971 -3.77713e-16 -0.97662
    outer loop
      vertex -0.0247411 -0.014873 0.136579
      vertex -0.0247411 -0.005 0.136579
      vertex -0.024572 -0.014873 0.136542
    endloop
  endfacet
  facet normal -0.214971 -3.77698e-16 -0.97662
    outer loop
      vertex -0.0247411 -0.005 0.136579
      vertex -0.024572 -0.005 0.136542
      vertex -0.024572 -0.014873 0.136542
    endloop
  endfacet
  facet normal -0.319302 -5.61025e-16 -0.947653
    outer loop
      vertex -0.024572 -0.014873 0.136542
      vertex -0.024572 -0.005 0.136542
      vertex -0.0244078 -0.014873 0.136486
    endloop
  endfacet
  facet normal -0.319302 -5.60984e-16 -0.947653
    outer loop
      vertex -0.024572 -0.005 0.136542
      vertex -0.0244078 -0.005 0.136486
      vertex -0.0244078 -0.014873 0.136486
    endloop
  endfacet
  facet normal -0.419887 -7.37758e-16 -0.907576
    outer loop
      vertex -0.0244078 -0.014873 0.136486
      vertex -0.0244078 -0.005 0.136486
      vertex -0.0242505 -0.014873 0.136414
    endloop
  endfacet
  facet normal -0.419887 -7.37979e-16 -0.907576
    outer loop
      vertex -0.0244078 -0.005 0.136486
      vertex -0.0242505 -0.005 0.136414
      vertex -0.0242505 -0.014873 0.136414
    endloop
  endfacet
  facet normal -0.515555 -9.0585e-16 -0.856857
    outer loop
      vertex -0.0242505 -0.014873 0.136414
      vertex -0.0242505 -0.005 0.136414
      vertex -0.0241021 -0.014873 0.136324
    endloop
  endfacet
  facet normal -0.515555 -9.05313e-16 -0.856857
    outer loop
      vertex -0.0242505 -0.005 0.136414
      vertex -0.0241021 -0.005 0.136324
      vertex -0.0241021 -0.014873 0.136324
    endloop
  endfacet
  facet normal -0.605172 -1.06331e-15 -0.796095
    outer loop
      vertex -0.0241021 -0.014873 0.136324
      vertex -0.0241021 -0.005 0.136324
      vertex -0.0239642 -0.014873 0.136219
    endloop
  endfacet
  facet normal -0.605172 -1.06296e-15 -0.796095
    outer loop
      vertex -0.0241021 -0.005 0.136324
      vertex -0.0239642 -0.005 0.136219
      vertex -0.0239642 -0.014873 0.136219
    endloop
  endfacet
  facet normal -0.687699 -1.20831e-15 -0.725996
    outer loop
      vertex -0.0239642 -0.014873 0.136219
      vertex -0.0239642 -0.005 0.136219
      vertex -0.0238384 -0.014873 0.1361
    endloop
  endfacet
  facet normal -0.687699 -1.20901e-15 -0.725996
    outer loop
      vertex -0.0239642 -0.005 0.136219
      vertex -0.0238384 -0.005 0.1361
      vertex -0.0238384 -0.014873 0.1361
    endloop
  endfacet
  facet normal -0.762164 -1.33915e-15 -0.647384
    outer loop
      vertex -0.0238384 -0.014873 0.1361
      vertex -0.0238384 -0.005 0.1361
      vertex -0.0237263 -0.014873 0.135968
    endloop
  endfacet
  facet normal -0.762164 -1.33959e-15 -0.647384
    outer loop
      vertex -0.0238384 -0.005 0.1361
      vertex -0.0237263 -0.005 0.135968
      vertex -0.0237263 -0.014873 0.135968
    endloop
  endfacet
  facet normal -0.827689 -1.45428e-15 -0.561187
    outer loop
      vertex -0.0237263 -0.014873 0.135968
      vertex -0.0237263 -0.005 0.135968
      vertex -0.023629 -0.014873 0.135825
    endloop
  endfacet
  facet normal -0.827689 -1.45469e-15 -0.561187
    outer loop
      vertex -0.0237263 -0.005 0.135968
      vertex -0.023629 -0.005 0.135825
      vertex -0.023629 -0.014873 0.135825
    endloop
  endfacet
  facet normal -0.88351 -1.55236e-15 -0.468411
    outer loop
      vertex -0.023629 -0.014873 0.135825
      vertex -0.023629 -0.005 0.135825
      vertex -0.0235479 -0.014873 0.135672
    endloop
  endfacet
  facet normal -0.88351 -1.55237e-15 -0.468411
    outer loop
      vertex -0.023629 -0.005 0.135825
      vertex -0.0235479 -0.005 0.135672
      vertex -0.0235479 -0.014873 0.135672
    endloop
  endfacet
  facet normal -0.928979 -1.63225e-15 -0.370133
    outer loop
      vertex -0.0235479 -0.014873 0.135672
      vertex -0.0235479 -0.005 0.135672
      vertex -0.0234838 -0.014873 0.135511
    endloop
  endfacet
  facet normal -0.928979 -1.63266e-15 -0.370133
    outer loop
      vertex -0.0235479 -0.005 0.135672
      vertex -0.0234838 -0.005 0.135511
      vertex -0.0234838 -0.014873 0.135511
    endloop
  endfacet
  facet normal -0.963549 -1.69299e-15 -0.26753
    outer loop
      vertex -0.0234838 -0.014873 0.135511
      vertex -0.0234838 -0.005 0.135511
      vertex -0.0234374 -0.014873 0.135344
    endloop
  endfacet
  facet normal -0.963549 -1.69262e-15 -0.26753
    outer loop
      vertex -0.0234838 -0.005 0.135511
      vertex -0.0234374 -0.005 0.135344
      vertex -0.0234374 -0.014873 0.135344
    endloop
  endfacet
  facet normal -0.986827 -1.73389e-15 -0.161779
    outer loop
      vertex -0.0234374 -0.014873 0.135344
      vertex -0.0234374 -0.005 0.135344
      vertex -0.0234094 -0.014873 0.135173
    endloop
  endfacet
  facet normal -0.986827 -1.73373e-15 -0.161779
    outer loop
      vertex -0.0234374 -0.005 0.135344
      vertex -0.0234094 -0.005 0.135173
      vertex -0.0234094 -0.014873 0.135173
    endloop
  endfacet
  facet normal -0.998533 -1.75446e-15 -0.0541447
    outer loop
      vertex -0.0234094 -0.014873 0.135173
      vertex -0.0234094 -0.005 0.135173
      vertex -0.0234 -0.014873 0.135
    endloop
  endfacet
  facet normal -0.998533 -1.7544e-15 -0.0541447
    outer loop
      vertex -0.0234094 -0.005 0.135173
      vertex -0.0234 -0.005 0.135
      vertex -0.0234 -0.014873 0.135
    endloop
  endfacet
  facet normal 0 -1 0
    outer loop
      vertex -0.026371 -0.014873 0.135825
      vertex -0.0298357 -0.014873 0.138136
      vertex -0.0264521 -0.014873 0.135672
    endloop
  endfacet
  facet normal 0 -1 0
    outer loop
      vertex -0.0298357 -0.014873 0.138136
      vertex -0.0265162 -0.014873 0.135511
      vertex -0.0264521 -0.014873 0.135672
    endloop
  endfacet
  facet normal 0 -1 0
    outer loop
      vertex -0.0265162 -0.014873 0.135511
      vertex -0.0298357 -0.014873 0.138136
      vertex -0.0265626 -0.014873 0.135344
    endloop
  endfacet
  facet normal 0 -1 0
    outer loop
      vertex -0.0298357 -0.014873 0.138136
      vertex -0.03 -0.014873 0.135
      vertex -0.0265626 -0.014873 0.135344
    endloop
  endfacet
  facet normal 0 -1 0
    outer loop
      vertex -0.0265626 -0.014873 0.135344
      vertex -0.03 -0.014873 0.135
      vertex -0.0265906 -0.014873 0.135173
    endloop
  endfacet
  facet normal 0 -1 0
    outer loop
      vertex -0.026371 -0.014873 0.135825
      vertex -0.0262737 -0.014873 0.135968
      vertex -0.0298357 -0.014873 0.138136
    endloop
  endfacet
  facet normal 0 -1 0
    outer loop
      vertex -0.0262737 -0.014873 0.135968
      vertex -0.0261616 -0.014873 0.1361
      vertex -0.0298357 -0.014873 0.138136
    endloop
  endfacet
  facet normal 0 -1 0
    outer loop
      vertex -0.0298357 -0.014873 0.138136
      vertex -0.0261616 -0.014873 0.1361
      vertex -0.0293444 -0.014873 0.141237
    endloop
  endfacet
  facet normal 0 -1 0
    outer loop
      vertex 0.00594109 -0.014873 0.110399
      vertex 0.00593379 -0.014873 0.110226
      vertex 0.01 -0.014873 0.105
    endloop
  endfacet
  facet normal 0 -1 0
    outer loop
      vertex 0.00593379 -0.014873 0.110226
      vertex 0.00590782 -0.014873 0.110055
      vertex 0.01 -0.014873 0.105
    endloop
  endfacet
  facet normal 0 -1 0
    outer loop
      vertex 3.33067e-17 -0.014873 0.105
      vertex 0.01 -0.014873 0.105
      vertex 0.00461904 -0.014873 0.108804
    endloop
  endfacet
  facet normal -3.25537e-16 -1 1.09686e-16
    outer loop
      vertex 0.00154168 -0.014873 0.134572
      vertex 0.00148636 -0.014873 0.134408
      vertex 0.00458103 -0.014873 0.111962
    endloop
  endfacet
  facet normal 0 -1 0
    outer loop
      vertex 0.00590782 -0.014873 0.110055
      vertex 0.00586349 -0.014873 0.109887
      vertex 0.01 -0.014873 0.105
    endloop
  endfacet
  facet normal 0 -1 0
    outer loop
      vertex 0.00586349 -0.014873 0.109887
      vertex 0.00580131 -0.014873 0.109726
      vertex 0.01 -0.014873 0.105
    endloop
  endfacet
  facet normal 0 -1 0
    outer loop
      vertex 0.01 -0.014873 0.105
      vertex 0.00580131 -0.014873 0.109726
      vertex 0.00572201 -0.014873 0.109571
    endloop
  endfacet
  facet normal 0 -1 0
    outer loop
      vertex 0.00510762 -0.014873 0.108975
      vertex 0.01 -0.014873 0.105
      vertex 0.00525498 -0.014873 0.109066
    endloop
  endfacet
  facet normal 0 -1 0
    outer loop
      vertex 0.01 -0.014873 0.105
      vertex 0.00539163 -0.014873 0.109173
      vertex 0.00525498 -0.014873 0.109066
    endloop
  endfacet
  facet normal 0 -1 0
    outer loop
      vertex 0.00510762 -0.014873 0.108975
      vertex 0.00495127 -0.014873 0.108901
      vertex 0.01 -0.014873 0.105
    endloop
  endfacet
  facet normal 0 -1 0
    outer loop
      vertex 0.00495127 -0.014873 0.108901
      vertex 0.00478778 -0.014873 0.108843
      vertex 0.01 -0.014873 0.105
    endloop
  endfacet
  facet normal 0 -1 0
    outer loop
      vertex 0.01 -0.014873 0.105
      vertex 0.00478778 -0.014873 0.108843
      vertex 0.00461904 -0.014873 0.108804
    endloop
  endfacet
  facet normal 0 -1 0
    outer loop
      vertex 0.00461904 -0.014873 0.108804
      vertex 0.00191 -0.014873 0.108469
      vertex 3.33067e-17 -0.014873 0.105
    endloop
  endfacet
  facet normal 0 -1 0
    outer loop
      vertex 0.00191 -0.014873 0.108469
      vertex -0.000819149 -0.014873 0.108413
      vertex 3.33067e-17 -0.014873 0.105
    endloop
  endfacet
  facet normal 0 -1 0
    outer loop
      vertex 3.33067e-17 -0.014873 0.105
      vertex -0.000819149 -0.014873 0.108413
      vertex -0.00313585 -0.014873 0.105164
    endloop
  endfacet
  facet normal 0 -1 0
    outer loop
      vertex -0.000819149 -0.014873 0.108413
      vertex -0.00353967 -0.014873 0.108637
      vertex -0.00313585 -0.014873 0.105164
    endloop
  endfacet
  facet normal 0 -1 0
    outer loop
      vertex -0.00313585 -0.014873 0.105164
      vertex -0.00353967 -0.014873 0.108637
      vertex -0.00623735 -0.014873 0.105656
    endloop
  endfacet
  facet normal 0 -1 0
    outer loop
      vertex -0.00353967 -0.014873 0.108637
      vertex -0.00622292 -0.014873 0.109138
      vertex -0.00623735 -0.014873 0.105656
    endloop
  endfacet
  facet normal 0 -1 0
    outer loop
      vertex -0.00623735 -0.014873 0.105656
      vertex -0.00622292 -0.014873 0.109138
      vertex -0.00927051 -0.014873 0.106468
    endloop
  endfacet
  facet normal 0 -1 0
    outer loop
      vertex -0.00622292 -0.014873 0.109138
      vertex -0.00884064 -0.014873 0.109912
      vertex -0.00927051 -0.014873 0.106468
    endloop
  endfacet
  facet normal 0 -1 0
    outer loop
      vertex -0.00927051 -0.014873 0.106468
      vertex -0.00884064 -0.014873 0.109912
      vertex -0.0122021 -0.014873 0.107594
    endloop
  endfacet
  facet normal 0 -1 0
    outer loop
      vertex -0.00884064 -0.014873 0.109912
      vertex -0.0113652 -0.014873 0.11095
      vertex -0.0122021 -0.014873 0.107594
    endloop
  endfacet
  facet normal 0 -1 0
    outer loop
      vertex -0.0122021 -0.014873 0.107594
      vertex -0.0113652 -0.014873 0.11095
      vertex -0.015 -0.014873 0.109019
    endloop
  endfacet
  facet normal 0 -1 0
    outer loop
      vertex -0.0113652 -0.014873 0.11095
      vertex -0.0137702 -0.014873 0.112242
      vertex -0.015 -0.014873 0.109019
    endloop
  endfacet
  facet normal 0 -1 0
    outer loop
      vertex -0.015 -0.014873 0.109019
      vertex -0.0137702 -0.014873 0.112242
      vertex -0.0176336 -0.014873 0.110729
    endloop
  endfacet
  facet normal 0 -1 0
    outer loop
      vertex -0.0137702 -0.014873 0.112242
      vertex -0.0160301 -0.014873 0.113773
      vertex -0.0176336 -0.014873 0.110729
    endloop
  endfacet
  facet normal 0 -1 0
    outer loop
      vertex -0.0176336 -0.014873 0.110729
      vertex -0.0160301 -0.014873 0.113773
      vertex -0.0200739 -0.014873 0.112706
    endloop
  endfacet
  facet normal 0 -1 0
    outer loop
      vertex -0.0160301 -0.014873 0.113773
      vertex -0.0181212 -0.014873 0.115527
      vertex -0.0200739 -0.014873 0.112706
    endloop
  endfacet
  facet normal 0 -1 0
    outer loop
      vertex -0.0200739 -0.014873 0.112706
      vertex -0.0181212 -0.014873 0.115527
      vertex -0.0222943 -0.014873 0.114926
    endloop
  endfacet
  facet normal 0 -1 0
    outer loop
      vertex -0.0181212 -0.014873 0.115527
      vertex -0.0200214 -0.014873 0.117487
      vertex -0.0222943 -0.014873 0.114926
    endloop
  endfacet
  facet normal 0 -1 0
    outer loop
      vertex -0.0222943 -0.014873 0.114926
      vertex -0.0200214 -0.014873 0.117487
      vertex -0.0242705 -0.014873 0.117366
    endloop
  endfacet
  facet normal 0 -1 0
    outer loop
      vertex -0.0200214 -0.014873 0.117487
      vertex -0.0217108 -0.014873 0.119631
      vertex -0.0242705 -0.014873 0.117366
    endloop
  endfacet
  facet normal 0 -1 0
    outer loop
      vertex -0.0242705 -0.014873 0.117366
      vertex -0.0217108 -0.014873 0.119631
      vertex -0.0259808 -0.014873 0.12
    endloop
  endfacet
  facet normal 0 -1 0
    outer loop
      vertex -0.0217108 -0.014873 0.119631
      vertex -0.0231716 -0.014873 0.121937
      vertex -0.0259808 -0.014873 0.12
    endloop
  endfacet
  facet normal 0 -1 0
    outer loop
      vertex -0.0259808 -0.014873 0.12
      vertex -0.0231716 -0.014873 0.121937
      vertex -0.0274064 -0.014873 0.122798
    endloop
  endfacet
  facet normal 3.21071e-16 -1 1.57971e-15
    outer loop
      vertex -0.0231716 -0.014873 0.121937
      vertex -0.0243884 -0.014873 0.124381
      vertex -0.0274064 -0.014873 0.122798
    endloop
  endfacet
  facet normal 4.40254e-16 -1 1.35247e-15
    outer loop
      vertex -0.0274064 -0.014873 0.122798
      vertex -0.0243884 -0.014873 0.124381
      vertex -0.0285317 -0.014873 0.125729
    endloop
  endfacet
  facet normal 0 -1 0
    outer loop
      vertex -0.0243884 -0.014873 0.124381
      vertex -0.0253483 -0.014873 0.126936
      vertex -0.0285317 -0.014873 0.125729
    endloop
  endfacet
  facet normal 0 -1 0
    outer loop
      vertex -0.0285317 -0.014873 0.125729
      vertex -0.0253483 -0.014873 0.126936
      vertex -0.0293444 -0.014873 0.128763
    endloop
  endfacet
  facet normal 0 -1 0
    outer loop
      vertex -0.0253483 -0.014873 0.126936
      vertex -0.0260412 -0.014873 0.129576
      vertex -0.0293444 -0.014873 0.128763
    endloop
  endfacet
  facet normal 0 -1 0
    outer loop
      vertex -0.0293444 -0.014873 0.128763
      vertex -0.0260412 -0.014873 0.129576
      vertex -0.0298357 -0.014873 0.131864
    endloop
  endfacet
  facet normal 0 -1 0
    outer loop
      vertex -0.0260412 -0.014873 0.129576
      vertex -0.0264599 -0.014873 0.132274
      vertex -0.0298357 -0.014873 0.131864
    endloop
  endfacet
  facet normal 0 -1 0
    outer loop
      vertex -0.0298357 -0.014873 0.131864
      vertex -0.0264599 -0.014873 0.132274
      vertex -0.03 -0.014873 0.135
    endloop
  endfacet
  facet normal 0 -1 0
    outer loop
      vertex -0.0264599 -0.014873 0.132274
      vertex -0.0266 -0.014873 0.135
      vertex -0.03 -0.014873 0.135
    endloop
  endfacet
  facet normal 0 -1 0
    outer loop
      vertex -0.03 -0.014873 0.135
      vertex -0.0266 -0.014873 0.135
      vertex -0.0265906 -0.014873 0.135173
    endloop
  endfacet
  facet normal 2.65875e-17 -1 1.28112e-16
    outer loop
      vertex 0.01 -0.014873 0.165
      vertex 0.00458103 -0.014873 0.111962
      vertex 0.00475066 -0.014873 0.111927
    endloop
  endfacet
  facet normal 1.66346e-16 -1 1.15733e-16
    outer loop
      vertex 0.01 -0.014873 0.165
      vertex 0.00560321 -0.014873 0.111363
      vertex 0.00570215 -0.014873 0.111221
    endloop
  endfacet
  facet normal 0 -1 0
    outer loop
      vertex -0.000968279 -0.014873 0.136274
      vertex -0.000824886 -0.014873 0.136371
      vertex -0.0234094 -0.014873 0.135173
    endloop
  endfacet
  facet normal 0 -1 0
    outer loop
      vertex -0.000824886 -0.014873 0.136371
      vertex -0.000671823 -0.014873 0.136452
      vertex -0.0234094 -0.014873 0.135173
    endloop
  endfacet
  facet normal 0 -1 0
    outer loop
      vertex -0.0234094 -0.014873 0.135173
      vertex -0.000671823 -0.014873 0.136452
      vertex -0.000510882 -0.014873 0.136516
    endloop
  endfacet
  facet normal 0 -1 0
    outer loop
      vertex 0.00572201 -0.014873 0.109571
      vertex 0.00562652 -0.014873 0.109427
      vertex 0.01 -0.014873 0.105
    endloop
  endfacet
  facet normal 0 -1 0
    outer loop
      vertex 0.00562652 -0.014873 0.109427
      vertex 0.00551596 -0.014873 0.109294
      vertex 0.01 -0.014873 0.105
    endloop
  endfacet
  facet normal 0 -1 0
    outer loop
      vertex 0.01 -0.014873 0.105
      vertex 0.00551596 -0.014873 0.109294
      vertex 0.00539163 -0.014873 0.109173
    endloop
  endfacet
  facet normal -4.32803e-16 -1 9.5267e-17
    outer loop
      vertex 0.00154168 -0.014873 0.134572
      vertex 0.00458103 -0.014873 0.111962
      vertex 0.00157892 -0.014873 0.134741
    endloop
  endfacet
  facet normal -7.77468e-17 -1 1.46646e-16
    outer loop
      vertex 0.000824886 -0.014873 0.133629
      vertex 0.000671823 -0.014873 0.133548
      vertex 0.00458103 -0.014873 0.111962
    endloop
  endfacet
  facet normal 4.09942e-17 -1 1.26687e-16
    outer loop
      vertex 0.00475066 -0.014873 0.111927
      vertex 0.00491549 -0.014873 0.111873
      vertex 0.01 -0.014873 0.165
    endloop
  endfacet
  facet normal 5.61216e-17 -1 1.25239e-16
    outer loop
      vertex 0.00491549 -0.014873 0.111873
      vertex 0.00507359 -0.014873 0.111802
      vertex 0.01 -0.014873 0.165
    endloop
  endfacet
  facet normal 7.24313e-17 -1 1.23729e-16
    outer loop
      vertex 0.01 -0.014873 0.165
      vertex 0.00507359 -0.014873 0.111802
      vertex 0.0052231 -0.014873 0.111715
    endloop
  endfacet
  facet normal 1.67401e-16 -1 1.15648e-16
    outer loop
      vertex 0.01 -0.014873 0.165
      vertex 0.00570215 -0.014873 0.111221
      vertex 0.01 -0.014873 0.105
    endloop
  endfacet
  facet normal 0 -1 0
    outer loop
      vertex 0.00570215 -0.014873 0.111221
      vertex 0.00578513 -0.014873 0.111069
      vertex 0.01 -0.014873 0.105
    endloop
  endfacet
  facet normal 0 -1 0
    outer loop
      vertex 0.01 -0.014873 0.105
      vertex 0.00578513 -0.014873 0.111069
      vertex 0.00585119 -0.014873 0.110909
    endloop
  endfacet
  facet normal 0 -1 0
    outer loop
      vertex 0.00585119 -0.014873 0.110909
      vertex 0.00589954 -0.014873 0.110743
      vertex 0.01 -0.014873 0.105
    endloop
  endfacet
  facet normal 0 -1 0
    outer loop
      vertex 0.00589954 -0.014873 0.110743
      vertex 0.00592963 -0.014873 0.110572
      vertex 0.01 -0.014873 0.105
    endloop
  endfacet
  facet normal 0 -1 0
    outer loop
      vertex 0.01 -0.014873 0.105
      vertex 0.00592963 -0.014873 0.110572
      vertex 0.00594109 -0.014873 0.110399
    endloop
  endfacet
  facet normal 0 -1 0
    outer loop
      vertex 2.72449e-17 -0.014873 0.1366
      vertex -0.0234374 -0.014873 0.135344
      vertex -0.00017299 -0.014873 0.136591
    endloop
  endfacet
  facet normal 0 -1 0
    outer loop
      vertex -0.0234374 -0.014873 0.135344
      vertex -0.0234094 -0.014873 0.135173
      vertex -0.00017299 -0.014873 0.136591
    endloop
  endfacet
  facet normal 0 -1 0
    outer loop
      vertex -0.00017299 -0.014873 0.136591
      vertex -0.0234094 -0.014873 0.135173
      vertex -0.000343953 -0.014873 0.136563
    endloop
  endfacet
  facet normal 0 -1 0
    outer loop
      vertex -0.0234094 -0.014873 0.135173
      vertex -0.000510882 -0.014873 0.136516
      vertex -0.000343953 -0.014873 0.136563
    endloop
  endfacet
  facet normal 0 -1 0
    outer loop
      vertex -0.0261616 -0.014873 0.1361
      vertex -0.0260358 -0.014873 0.136219
      vertex -0.0293444 -0.014873 0.141237
    endloop
  endfacet
  facet normal 0 -1 0
    outer loop
      vertex -0.0260358 -0.014873 0.136219
      vertex -0.0258979 -0.014873 0.136324
      vertex -0.0293444 -0.014873 0.141237
    endloop
  endfacet
  facet normal 0 -1 0
    outer loop
      vertex -0.0293444 -0.014873 0.141237
      vertex -0.0258979 -0.014873 0.136324
      vertex -0.0285317 -0.014873 0.144271
    endloop
  endfacet
  facet normal 0 -1 0
    outer loop
      vertex -0.0258979 -0.014873 0.136324
      vertex -0.0257495 -0.014873 0.136414
      vertex -0.0285317 -0.014873 0.144271
    endloop
  endfacet
  facet normal 0 -1 0
    outer loop
      vertex -0.0257495 -0.014873 0.136414
      vertex -0.0255922 -0.014873 0.136486
      vertex -0.0285317 -0.014873 0.144271
    endloop
  endfacet
  facet normal 1.55416e-15 -1 5.86885e-16
    outer loop
      vertex -0.0285317 -0.014873 0.144271
      vertex -0.0255922 -0.014873 0.136486
      vertex -0.0274064 -0.014873 0.147202
    endloop
  endfacet
  facet normal -2.5739e-16 -1 1.19081e-16
    outer loop
      vertex 0.00148636 -0.014873 0.134408
      vertex 0.00141362 -0.014873 0.134251
      vertex 0.00458103 -0.014873 0.111962
    endloop
  endfacet
  facet normal -2.09278e-16 -1 1.25919e-16
    outer loop
      vertex 0.00141362 -0.014873 0.134251
      vertex 0.0013243 -0.014873 0.134102
      vertex 0.00458103 -0.014873 0.111962
    endloop
  endfacet
  facet normal -1.72718e-16 -1 1.31296e-16
    outer loop
      vertex 0.00458103 -0.014873 0.111962
      vertex 0.0013243 -0.014873 0.134102
      vertex 0.00121946 -0.014873 0.133964
    endloop
  endfacet
  facet normal 9.05248e-17 -1 1.22106e-16
    outer loop
      vertex 0.0052231 -0.014873 0.111715
      vertex 0.00536227 -0.014873 0.111612
      vertex 0.01 -0.014873 0.165
    endloop
  endfacet
  facet normal 1.11243e-16 -1 1.20307e-16
    outer loop
      vertex 0.00536227 -0.014873 0.111612
      vertex 0.00548947 -0.014873 0.111494
      vertex 0.01 -0.014873 0.165
    endloop
  endfacet
  facet normal 1.35846e-16 -1 1.18233e-16
    outer loop
      vertex 0.01 -0.014873 0.165
      vertex 0.00548947 -0.014873 0.111494
      vertex 0.00560321 -0.014873 0.111363
    endloop
  endfacet
  facet normal 1.56241e-17 -1 1.58635e-16
    outer loop
      vertex -0.00017299 -0.014873 0.133409
      vertex -0.00355969 -0.014873 0.111872
      vertex -0.00102069 -0.014873 0.111622
    endloop
  endfacet
  facet normal 1.1265e-16 -1 8.56341e-17
    outer loop
      vertex 0.0013243 -0.014873 0.135898
      vertex 0.01 -0.014873 0.165
      vertex 0.00121946 -0.014873 0.136036
    endloop
  endfacet
  facet normal 9.57964e-17 -1 9.07432e-17
    outer loop
      vertex 0.01 -0.014873 0.165
      vertex 0.00110032 -0.014873 0.136162
      vertex 0.00121946 -0.014873 0.136036
    endloop
  endfacet
  facet normal 1.32493e-16 -1 7.97185e-17
    outer loop
      vertex 0.0013243 -0.014873 0.135898
      vertex 0.00141362 -0.014873 0.135749
      vertex 0.01 -0.014873 0.165
    endloop
  endfacet
  facet normal 1.56853e-16 -1 7.25679e-17
    outer loop
      vertex 0.00141362 -0.014873 0.135749
      vertex 0.00148636 -0.014873 0.135592
      vertex 0.01 -0.014873 0.165
    endloop
  endfacet
  facet normal 1.88329e-16 -1 6.34554e-17
    outer loop
      vertex 0.01 -0.014873 0.165
      vertex 0.00148636 -0.014873 0.135592
      vertex 0.00154168 -0.014873 0.135428
    endloop
  endfacet
  facet normal -1.43345e-16 -1 1.35784e-16
    outer loop
      vertex 0.00121946 -0.014873 0.133964
      vertex 0.00110032 -0.014873 0.133838
      vertex 0.00458103 -0.014873 0.111962
    endloop
  endfacet
  facet normal -1.18671e-16 -1 1.3971e-16
    outer loop
      vertex 0.00110032 -0.014873 0.133838
      vertex 0.000968279 -0.014873 0.133726
      vertex 0.00458103 -0.014873 0.111962
    endloop
  endfacet
  facet normal -9.71479e-17 -1 1.43283e-16
    outer loop
      vertex 0.00458103 -0.014873 0.111962
      vertex 0.000968279 -0.014873 0.133726
      vertex 0.000824886 -0.014873 0.133629
    endloop
  endfacet
  facet normal -5.97291e-17 -1 1.49909e-16
    outer loop
      vertex 0.000671823 -0.014873 0.133548
      vertex 0.000510882 -0.014873 0.133484
      vertex 0.00458103 -0.014873 0.111962
    endloop
  endfacet
  facet normal -4.25253e-17 -1 1.53162e-16
    outer loop
      vertex 0.000510882 -0.014873 0.133484
      vertex 0.000343953 -0.014873 0.133437
      vertex 0.00458103 -0.014873 0.111962
    endloop
  endfacet
  facet normal 1.59071e-17 -1 1.64691e-16
    outer loop
      vertex 0.00458103 -0.014873 0.111962
      vertex 0.000343953 -0.014873 0.133437
      vertex 0.00440859 -0.014873 0.111978
    endloop
  endfacet
  facet normal 4.47033e-17 -1 1.32674e-16
    outer loop
      vertex -0.0244078 -0.014873 0.136486
      vertex -0.0165831 -0.014873 0.16
      vertex -0.024572 -0.014873 0.136542
    endloop
  endfacet
  facet normal -1.44193e-16 -1 1.97004e-16
    outer loop
      vertex -0.0165831 -0.014873 0.16
      vertex -0.0188168 -0.014873 0.158365
      vertex -0.024572 -0.014873 0.136542
    endloop
  endfacet
  facet normal 3.3074e-17 -1 1.50256e-16
    outer loop
      vertex -0.024572 -0.014873 0.136542
      vertex -0.0188168 -0.014873 0.158365
      vertex -0.0247411 -0.014873 0.136579
    endloop
  endfacet
  facet normal 4.9748e-17 -1 1.07529e-16
    outer loop
      vertex -0.0242505 -0.014873 0.136414
      vertex -0.0114183 -0.014873 0.162742
      vertex -0.0244078 -0.014873 0.136486
    endloop
  endfacet
  facet normal -8.08959e-17 -1 1.72162e-16
    outer loop
      vertex -0.0114183 -0.014873 0.162742
      vertex -0.0140677 -0.014873 0.161497
      vertex -0.0244078 -0.014873 0.136486
    endloop
  endfacet
  facet normal -1.09511e-16 -1 1.83993e-16
    outer loop
      vertex -0.0244078 -0.014873 0.136486
      vertex -0.0140677 -0.014873 0.161497
      vertex -0.0165831 -0.014873 0.16
    endloop
  endfacet
  facet normal 5.39174e-17 -1 5.692e-17
    outer loop
      vertex -0.0239642 -0.014873 0.136219
      vertex -0.0238384 -0.014873 0.1361
      vertex 0.01 -0.014873 0.165
    endloop
  endfacet
  facet normal 5.94227e-17 -1 5.04738e-17
    outer loop
      vertex -0.0238384 -0.014873 0.1361
      vertex -0.0237263 -0.014873 0.135968
      vertex 0.01 -0.014873 0.165
    endloop
  endfacet
  facet normal 6.49941e-18 -1 1.19875e-16
    outer loop
      vertex 2.72449e-17 -0.014873 0.1366
      vertex 0.00017299 -0.014873 0.136591
      vertex 0.01 -0.014873 0.165
    endloop
  endfacet
  facet normal 0 -1 0
    outer loop
      vertex -0.0234094 -0.014873 0.135173
      vertex -0.00157892 -0.014873 0.135259
      vertex -0.00154168 -0.014873 0.135428
    endloop
  endfacet
  facet normal -1.03204e-16 -1 3.06299e-16
    outer loop
      vertex -0.0255922 -0.014873 0.136486
      vertex -0.025428 -0.014873 0.136542
      vertex -0.0274064 -0.014873 0.147202
    endloop
  endfacet
  facet normal -6.88254e-17 -1 3.12679e-16
    outer loop
      vertex -0.025428 -0.014873 0.136542
      vertex -0.0252589 -0.014873 0.136579
      vertex -0.0274064 -0.014873 0.147202
    endloop
  endfacet
  facet normal -4.58904e-16 -1 2.33823e-16
    outer loop
      vertex -0.0274064 -0.014873 0.147202
      vertex -0.0252589 -0.014873 0.136579
      vertex -0.0259808 -0.014873 0.15
    endloop
  endfacet
  facet normal -2.79512e-17 -1 2.57004e-16
    outer loop
      vertex -0.0252589 -0.014873 0.136579
      vertex -0.0250866 -0.014873 0.136598
      vertex -0.0259808 -0.014873 0.15
    endloop
  endfacet
  facet normal -3.6598e-16 -1 2.34452e-16
    outer loop
      vertex -0.0259808 -0.014873 0.15
      vertex -0.0250866 -0.014873 0.136598
      vertex -0.0244876 -0.014873 0.152331
    endloop
  endfacet
  facet normal 0 -1 2.20518e-16
    outer loop
      vertex -0.0250866 -0.014873 0.136598
      vertex -0.0249134 -0.014873 0.136598
      vertex -0.0244876 -0.014873 0.152331
    endloop
  endfacet
  facet normal -2.93111e-16 -1 2.2845e-16
    outer loop
      vertex -0.0244876 -0.014873 0.152331
      vertex -0.0249134 -0.014873 0.136598
      vertex -0.0227859 -0.014873 0.154514
    endloop
  endfacet
  facet normal 2.07918e-17 -1 1.91177e-16
    outer loop
      vertex -0.0249134 -0.014873 0.136598
      vertex -0.0247411 -0.014873 0.136579
      vertex -0.0227859 -0.014873 0.154514
    endloop
  endfacet
  facet normal -2.32855e-16 -1 2.18828e-16
    outer loop
      vertex -0.0227859 -0.014873 0.154514
      vertex -0.0247411 -0.014873 0.136579
      vertex -0.0208903 -0.014873 0.156531
    endloop
  endfacet
  facet normal -1.85443e-16 -1 2.09678e-16
    outer loop
      vertex -0.0247411 -0.014873 0.136579
      vertex -0.0188168 -0.014873 0.158365
      vertex -0.0208903 -0.014873 0.156531
    endloop
  endfacet
  facet normal 0 -1 1.20548e-16
    outer loop
      vertex 0.01 -0.014873 0.165
      vertex 3.15026e-17 -0.014873 0.165
      vertex -0.0239642 -0.014873 0.136219
    endloop
  endfacet
  facet normal -6.13793e-18 -1 1.25659e-16
    outer loop
      vertex 3.15026e-17 -0.014873 0.165
      vertex -0.00292378 -0.014873 0.164857
      vertex -0.0239642 -0.014873 0.136219
    endloop
  endfacet
  facet normal 5.90917e-17 -1 7.77343e-17
    outer loop
      vertex -0.0239642 -0.014873 0.136219
      vertex -0.00292378 -0.014873 0.164857
      vertex -0.0241021 -0.014873 0.136324
    endloop
  endfacet
  facet normal -2.01366e-17 -1 1.36541e-16
    outer loop
      vertex -0.00292378 -0.014873 0.164857
      vertex -0.00581972 -0.014873 0.16443
      vertex -0.0241021 -0.014873 0.136324
    endloop
  endfacet
  facet normal 5.33807e-17 -1 8.87191e-17
    outer loop
      vertex -0.0241021 -0.014873 0.136324
      vertex -0.00581972 -0.014873 0.16443
      vertex -0.0242505 -0.014873 0.136414
    endloop
  endfacet
  facet normal -3.68753e-17 -1 1.48095e-16
    outer loop
      vertex -0.00581972 -0.014873 0.16443
      vertex -0.00866025 -0.014873 0.163723
      vertex -0.0242505 -0.014873 0.136414
    endloop
  endfacet
  facet normal -5.66825e-17 -1 1.59402e-16
    outer loop
      vertex -0.0242505 -0.014873 0.136414
      vertex -0.00866025 -0.014873 0.163723
      vertex -0.0114183 -0.014873 0.162742
    endloop
  endfacet
  facet normal 1.89466e-17 -1 1.1557e-16
    outer loop
      vertex 0.00017299 -0.014873 0.136591
      vertex 0.000343953 -0.014873 0.136563
      vertex 0.01 -0.014873 0.165
    endloop
  endfacet
  facet normal 3.09556e-17 -1 1.11492e-16
    outer loop
      vertex 0.000343953 -0.014873 0.136563
      vertex 0.000510882 -0.014873 0.136516
      vertex 0.01 -0.014873 0.165
    endloop
  endfacet
  facet normal 4.28443e-17 -1 1.07531e-16
    outer loop
      vertex 0.01 -0.014873 0.165
      vertex 0.000510882 -0.014873 0.136516
      vertex 0.000671823 -0.014873 0.136452
    endloop
  endfacet
  facet normal 2.31797e-16 -1 5.10224e-17
    outer loop
      vertex 0.00154168 -0.014873 0.135428
      vertex 0.00157892 -0.014873 0.135259
      vertex 0.01 -0.014873 0.165
    endloop
  endfacet
  facet normal 2.97663e-16 -1 3.23729e-17
    outer loop
      vertex 0.00157892 -0.014873 0.135259
      vertex 0.00159765 -0.014873 0.135087
      vertex 0.01 -0.014873 0.165
    endloop
  endfacet
  facet normal -8.30633e-17 -1 1.39315e-16
    outer loop
      vertex 0.01 -0.014873 0.165
      vertex 0.00159765 -0.014873 0.135087
      vertex 0.00458103 -0.014873 0.111962
    endloop
  endfacet
  facet normal -1.16293e-15 -1 0
    outer loop
      vertex 0.00159765 -0.014873 0.135087
      vertex 0.00159765 -0.014873 0.134913
      vertex 0.00458103 -0.014873 0.111962
    endloop
  endfacet
  facet normal -6.33165e-16 -1 6.88611e-17
    outer loop
      vertex 0.00458103 -0.014873 0.111962
      vertex 0.00159765 -0.014873 0.134913
      vertex 0.00157892 -0.014873 0.134741
    endloop
  endfacet
  facet normal 8.6157e-18 -1 1.58908e-16
    outer loop
      vertex -0.00017299 -0.014873 0.133409
      vertex -0.00102069 -0.014873 0.111622
      vertex 2.7352e-17 -0.014873 0.1334
    endloop
  endfacet
  facet normal -1.73879e-18 -1 1.59393e-16
    outer loop
      vertex -0.00102069 -0.014873 0.111622
      vertex 0.00153043 -0.014873 0.11165
      vertex 2.7352e-17 -0.014873 0.1334
    endloop
  endfacet
  facet normal -8.61578e-18 -1 1.58909e-16
    outer loop
      vertex 2.7352e-17 -0.014873 0.1334
      vertex 0.00153043 -0.014873 0.11165
      vertex 0.00017299 -0.014873 0.133409
    endloop
  endfacet
  facet normal -1.90811e-17 -1 1.58256e-16
    outer loop
      vertex 0.00153043 -0.014873 0.11165
      vertex 0.00406337 -0.014873 0.111955
      vertex 0.00017299 -0.014873 0.133409
    endloop
  endfacet
  facet normal -2.57466e-17 -1 1.57048e-16
    outer loop
      vertex 0.00017299 -0.014873 0.133409
      vertex 0.00406337 -0.014873 0.111955
      vertex 0.000343953 -0.014873 0.133437
    endloop
  endfacet
  facet normal -1.91331e-17 -1 1.58193e-16
    outer loop
      vertex 0.00406337 -0.014873 0.111955
      vertex 0.00423536 -0.014873 0.111976
      vertex 0.000343953 -0.014873 0.133437
    endloop
  endfacet
  facet normal -1.94086e-18 -1 1.6131e-16
    outer loop
      vertex 0.000343953 -0.014873 0.133437
      vertex 0.00423536 -0.014873 0.111976
      vertex 0.00440859 -0.014873 0.111978
    endloop
  endfacet
  facet normal 0 -1 0
    outer loop
      vertex -0.00154168 -0.014873 0.135428
      vertex -0.00148636 -0.014873 0.135592
      vertex -0.0234094 -0.014873 0.135173
    endloop
  endfacet
  facet normal 0 -1 0
    outer loop
      vertex -0.00148636 -0.014873 0.135592
      vertex -0.00141362 -0.014873 0.135749
      vertex -0.0234094 -0.014873 0.135173
    endloop
  endfacet
  facet normal 0 -1 0
    outer loop
      vertex -0.0234094 -0.014873 0.135173
      vertex -0.00141362 -0.014873 0.135749
      vertex -0.0013243 -0.014873 0.135898
    endloop
  endfacet
  facet normal 0 -1 0
    outer loop
      vertex -0.0013243 -0.014873 0.135898
      vertex -0.00121946 -0.014873 0.136036
      vertex -0.0234094 -0.014873 0.135173
    endloop
  endfacet
  facet normal 0 -1 0
    outer loop
      vertex -0.00121946 -0.014873 0.136036
      vertex -0.00110032 -0.014873 0.136162
      vertex -0.0234094 -0.014873 0.135173
    endloop
  endfacet
  facet normal 0 -1 0
    outer loop
      vertex -0.0234094 -0.014873 0.135173
      vertex -0.00110032 -0.014873 0.136162
      vertex -0.000968279 -0.014873 0.136274
    endloop
  endfacet
  facet normal 6.49584e-17 -1 4.40429e-17
    outer loop
      vertex -0.0237263 -0.014873 0.135968
      vertex -0.023629 -0.014873 0.135825
      vertex 0.01 -0.014873 0.165
    endloop
  endfacet
  facet normal 7.06654e-17 -1 3.74647e-17
    outer loop
      vertex -0.023629 -0.014873 0.135825
      vertex -0.0235479 -0.014873 0.135672
      vertex 0.01 -0.014873 0.165
    endloop
  endfacet
  facet normal -4.88305e-18 -1 1.23883e-16
    outer loop
      vertex 0.01 -0.014873 0.165
      vertex -0.0235479 -0.014873 0.135672
      vertex 2.72449e-17 -0.014873 0.1366
    endloop
  endfacet
  facet normal 0 -1 0
    outer loop
      vertex -0.0235479 -0.014873 0.135672
      vertex -0.0234838 -0.014873 0.135511
      vertex 2.72449e-17 -0.014873 0.1366
    endloop
  endfacet
  facet normal 0 -1 0
    outer loop
      vertex 2.72449e-17 -0.014873 0.1366
      vertex -0.0234838 -0.014873 0.135511
      vertex -0.0234374 -0.014873 0.135344
    endloop
  endfacet
  facet normal 5.49179e-17 -1 1.03586e-16
    outer loop
      vertex 0.000671823 -0.014873 0.136452
      vertex 0.000824886 -0.014873 0.136371
      vertex 0.01 -0.014873 0.165
    endloop
  endfacet
  facet normal 6.74992e-17 -1 9.9554e-17
    outer loop
      vertex 0.000824886 -0.014873 0.136371
      vertex 0.000968279 -0.014873 0.136274
      vertex 0.01 -0.014873 0.165
    endloop
  endfacet
  facet normal 8.09656e-17 -1 9.53201e-17
    outer loop
      vertex 0.01 -0.014873 0.165
      vertex 0.000968279 -0.014873 0.136274
      vertex 0.00110032 -0.014873 0.136162
    endloop
  endfacet
  facet normal 3.27898e-17 -1 1.55936e-16
    outer loop
      vertex -0.00355969 -0.014873 0.111872
      vertex -0.00017299 -0.014873 0.133409
      vertex -0.00605637 -0.014873 0.112397
    endloop
  endfacet
  facet normal 2.58815e-17 -1 1.5787e-16
    outer loop
      vertex -0.00017299 -0.014873 0.133409
      vertex -0.000343953 -0.014873 0.133437
      vertex -0.00605637 -0.014873 0.112397
    endloop
  endfacet
  facet normal 4.95709e-17 -1 1.51439e-16
    outer loop
      vertex -0.00605637 -0.014873 0.112397
      vertex -0.000343953 -0.014873 0.133437
      vertex -0.00848105 -0.014873 0.113191
    endloop
  endfacet
  facet normal 4.28021e-17 -1 1.54159e-16
    outer loop
      vertex -0.000343953 -0.014873 0.133437
      vertex -0.000510882 -0.014873 0.133484
      vertex -0.00848105 -0.014873 0.113191
    endloop
  endfacet
  facet normal 6.57625e-17 -1 1.45141e-16
    outer loop
      vertex -0.00848105 -0.014873 0.113191
      vertex -0.000510882 -0.014873 0.133484
      vertex -0.0108049 -0.014873 0.114244
    endloop
  endfacet
  facet normal 5.92234e-17 -1 1.4864e-16
    outer loop
      vertex -0.000510882 -0.014873 0.133484
      vertex -0.000671823 -0.014873 0.133548
      vertex -0.0108049 -0.014873 0.114244
    endloop
  endfacet
  facet normal 8.11723e-17 -1 1.37118e-16
    outer loop
      vertex -0.0108049 -0.014873 0.114244
      vertex -0.000671823 -0.014873 0.133548
      vertex -0.0130003 -0.014873 0.115544
    endloop
  endfacet
  facet normal 7.49533e-17 -1 1.41377e-16
    outer loop
      vertex -0.000671823 -0.014873 0.133548
      vertex -0.000824886 -0.014873 0.133629
      vertex -0.0130003 -0.014873 0.115544
    endloop
  endfacet
  facet normal 9.56169e-17 -1 1.27466e-16
    outer loop
      vertex -0.0130003 -0.014873 0.115544
      vertex -0.000824886 -0.014873 0.133629
      vertex -0.0150412 -0.014873 0.117075
    endloop
  endfacet
  facet normal 8.98067e-17 -1 1.32455e-16
    outer loop
      vertex -0.000824886 -0.014873 0.133629
      vertex -0.000968279 -0.014873 0.133726
      vertex -0.0150412 -0.014873 0.117075
    endloop
  endfacet
  facet normal 1.08925e-16 -1 1.16298e-16
    outer loop
      vertex -0.0150412 -0.014873 0.117075
      vertex -0.000968279 -0.014873 0.133726
      vertex -0.0169033 -0.014873 0.118819
    endloop
  endfacet
  facet normal 1.0361e-16 -1 1.21979e-16
    outer loop
      vertex -0.000968279 -0.014873 0.133726
      vertex -0.00110032 -0.014873 0.133838
      vertex -0.0169033 -0.014873 0.118819
    endloop
  endfacet
  facet normal 1.20938e-16 -1 1.03748e-16
    outer loop
      vertex -0.0169033 -0.014873 0.118819
      vertex -0.00110032 -0.014873 0.133838
      vertex -0.0185645 -0.014873 0.120755
    endloop
  endfacet
  facet normal 1.162e-16 -1 1.10071e-16
    outer loop
      vertex -0.00110032 -0.014873 0.133838
      vertex -0.00121946 -0.014873 0.133964
      vertex -0.0185645 -0.014873 0.120755
    endloop
  endfacet
  facet normal 1.31513e-16 -1 8.99644e-17
    outer loop
      vertex -0.0185645 -0.014873 0.120755
      vertex -0.00121946 -0.014873 0.133964
      vertex -0.0200049 -0.014873 0.122861
    endloop
  endfacet
  facet normal 1.27431e-16 -1 9.68704e-17
    outer loop
      vertex -0.00121946 -0.014873 0.133964
      vertex -0.0013243 -0.014873 0.134102
      vertex -0.0200049 -0.014873 0.122861
    endloop
  endfacet
  facet normal -5.61552e-16 -1 1.2418e-15
    outer loop
      vertex -0.0200049 -0.014873 0.122861
      vertex -0.0013243 -0.014873 0.134102
      vertex -0.0212076 -0.014873 0.125111
    endloop
  endfacet
  facet normal 0 -1 0
    outer loop
      vertex -0.0013243 -0.014873 0.134102
      vertex -0.00141362 -0.014873 0.134251
      vertex -0.0212076 -0.014873 0.125111
    endloop
  endfacet
  facet normal 0 -1 0
    outer loop
      vertex -0.0212076 -0.014873 0.125111
      vertex -0.00141362 -0.014873 0.134251
      vertex -0.0221582 -0.014873 0.127478
    endloop
  endfacet
  facet normal 0 -1 0
    outer loop
      vertex -0.00141362 -0.014873 0.134251
      vertex -0.00148636 -0.014873 0.134408
      vertex -0.0221582 -0.014873 0.127478
    endloop
  endfacet
  facet normal 0 -1 0
    outer loop
      vertex -0.0221582 -0.014873 0.127478
      vertex -0.00148636 -0.014873 0.134408
      vertex -0.0228453 -0.014873 0.129935
    endloop
  endfacet
  facet normal 0 -1 0
    outer loop
      vertex -0.00148636 -0.014873 0.134408
      vertex -0.00154168 -0.014873 0.134572
      vertex -0.0228453 -0.014873 0.129935
    endloop
  endfacet
  facet normal 0 -1 0
    outer loop
      vertex -0.0228453 -0.014873 0.129935
      vertex -0.00154168 -0.014873 0.134572
      vertex -0.0232609 -0.014873 0.132453
    endloop
  endfacet
  facet normal 0 -1 0
    outer loop
      vertex -0.00154168 -0.014873 0.134572
      vertex -0.00157892 -0.014873 0.134741
      vertex -0.0232609 -0.014873 0.132453
    endloop
  endfacet
  facet normal 0 -1 0
    outer loop
      vertex -0.0232609 -0.014873 0.132453
      vertex -0.00157892 -0.014873 0.134741
      vertex -0.0234 -0.014873 0.135
    endloop
  endfacet
  facet normal 0 -1 0
    outer loop
      vertex -0.00157892 -0.014873 0.134741
      vertex -0.00159765 -0.014873 0.134913
      vertex -0.0234 -0.014873 0.135
    endloop
  endfacet
  facet normal 0 -1 0
    outer loop
      vertex -0.0234 -0.014873 0.135
      vertex -0.00159765 -0.014873 0.134913
      vertex -0.0234094 -0.014873 0.135173
    endloop
  endfacet
  facet normal 0 -1 0
    outer loop
      vertex -0.00159765 -0.014873 0.134913
      vertex -0.00159765 -0.014873 0.135087
      vertex -0.0234094 -0.014873 0.135173
    endloop
  endfacet
  facet normal 0 -1 0
    outer loop
      vertex -0.0234094 -0.014873 0.135173
      vertex -0.00159765 -0.014873 0.135087
      vertex -0.00157892 -0.014873 0.135259
    endloop
  endfacet
  facet normal -1 -5.46746e-16 3.33492e-15
    outer loop
      vertex -0.04 -0.0373298 0.157075
      vertex -0.04 -0.044873 0.16
      vertex -0.04 -0.0371028 0.157113
    endloop
  endfacet
  facet normal -1 -2.27415e-16 4.19425e-15
    outer loop
      vertex -0.04 -0.044873 0.16
      vertex -0.04 -0.036873 0.157125
      vertex -0.04 -0.0371028 0.157113
    endloop
  endfacet
  facet normal -1 -7.67701e-16 2.76504e-15
    outer loop
      vertex -0.04 -0.0373298 0.157075
      vertex -0.04 -0.0375515 0.157014
      vertex -0.04 -0.044873 0.16
    endloop
  endfacet
  facet normal -1 -9.36652e-16 2.35082e-15
    outer loop
      vertex -0.04 -0.0375515 0.157014
      vertex -0.04 -0.0377653 0.156929
      vertex -0.04 -0.044873 0.16
    endloop
  endfacet
  facet normal -1 -1.07571e-15 2.02902e-15
    outer loop
      vertex -0.04 -0.044873 0.16
      vertex -0.04 -0.0377653 0.156929
      vertex -0.04 -0.0379686 0.156821
    endloop
  endfacet
  facet normal -1 -1.85037e-15 -6.0535e-16
    outer loop
      vertex -0.04 0.045127 0.16
      vertex -0.04 -0.0364162 0.157075
      vertex -0.04 -0.044873 0.16
    endloop
  endfacet
  facet normal -1 1.47907e-15 9.02183e-15
    outer loop
      vertex -0.04 -0.0364162 0.157075
      vertex -0.04 -0.0366432 0.157113
      vertex -0.04 -0.044873 0.16
    endloop
  endfacet
  facet normal -1 3.0823e-16 5.68474e-15
    outer loop
      vertex -0.04 -0.044873 0.16
      vertex -0.04 -0.0366432 0.157113
      vertex -0.04 -0.036873 0.157125
    endloop
  endfacet
  facet normal -1 -1.19705e-15 1.7655e-15
    outer loop
      vertex -0.04 -0.0379686 0.156821
      vertex -0.04 -0.038159 0.156692
      vertex -0.04 -0.044873 0.16
    endloop
  endfacet
  facet normal -1 -1.30813e-15 1.54006e-15
    outer loop
      vertex -0.04 -0.038159 0.156692
      vertex -0.04 -0.0383344 0.156543
      vertex -0.04 -0.044873 0.16
    endloop
  endfacet
  facet normal -1 -1.41416e-15 1.33954e-15
    outer loop
      vertex -0.04 -0.044873 0.16
      vertex -0.04 -0.0383344 0.156543
      vertex -0.04 -0.0384926 0.156376
    endloop
  endfacet
  facet normal -1 -1.5191e-15 1.15479e-15
    outer loop
      vertex -0.04 -0.0384926 0.156376
      vertex -0.04 -0.0386318 0.156193
      vertex -0.04 -0.044873 0.16
    endloop
  endfacet
  facet normal -1 -1.62655e-15 9.78662e-16
    outer loop
      vertex -0.04 -0.0386318 0.156193
      vertex -0.04 -0.0387505 0.155995
      vertex -0.04 -0.044873 0.16
    endloop
  endfacet
  facet normal -1 -1.74009e-15 8.05079e-16
    outer loop
      vertex -0.04 -0.044873 0.16
      vertex -0.04 -0.0387505 0.155995
      vertex -0.04 -0.0388471 0.155787
    endloop
  endfacet
  facet normal -1 -2.36092e-15 1.63822e-30
    outer loop
      vertex -0.04 -0.044873 0.16
      vertex -0.04 -0.0389949 0.155115
      vertex -0.04 -0.044873 0.15
    endloop
  endfacet
  facet normal -1 -2.36092e-15 0
    outer loop
      vertex -0.04 -0.0389949 0.155115
      vertex -0.04 -0.0389949 0.154885
      vertex -0.04 -0.044873 0.15
    endloop
  endfacet
  facet normal -1 -2.16525e-15 -2.35453e-16
    outer loop
      vertex -0.04 -0.044873 0.15
      vertex -0.04 -0.0389949 0.154885
      vertex -0.04 -0.03897 0.154656
    endloop
  endfacet
  facet normal -1 -2.27415e-16 -4.19425e-15
    outer loop
      vertex -0.04 0.0373568 0.157113
      vertex -0.04 0.037127 0.157125
      vertex -0.04 0.045127 0.16
    endloop
  endfacet
  facet normal -1 -1.8639e-15 6.28004e-16
    outer loop
      vertex -0.04 -0.0388471 0.155787
      vertex -0.04 -0.0389205 0.155568
      vertex -0.04 -0.044873 0.16
    endloop
  endfacet
  facet normal -1 -2.00316e-15 4.40945e-16
    outer loop
      vertex -0.04 -0.0389205 0.155568
      vertex -0.04 -0.03897 0.155344
      vertex -0.04 -0.044873 0.16
    endloop
  endfacet
  facet normal -1 -2.16525e-15 2.35455e-16
    outer loop
      vertex -0.04 -0.044873 0.16
      vertex -0.04 -0.03897 0.155344
      vertex -0.04 -0.0389949 0.155115
    endloop
  endfacet
  facet normal -1 -1.62654e-15 -9.78668e-16
    outer loop
      vertex -0.04 -0.0387505 0.154005
      vertex -0.04 -0.0386318 0.153807
      vertex -0.04 -0.044873 0.15
    endloop
  endfacet
  facet normal -1 -1.51911e-15 -1.15478e-15
    outer loop
      vertex -0.04 -0.0386318 0.153807
      vertex -0.04 -0.0384926 0.153624
      vertex -0.04 -0.044873 0.15
    endloop
  endfacet
  facet normal -1 -1.41415e-15 -1.33955e-15
    outer loop
      vertex -0.04 -0.044873 0.15
      vertex -0.04 -0.0384926 0.153624
      vertex -0.04 -0.0383344 0.153457
    endloop
  endfacet
  facet normal -1 -2.00316e-15 -4.40945e-16
    outer loop
      vertex -0.04 -0.03897 0.154656
      vertex -0.04 -0.0389205 0.154432
      vertex -0.04 -0.044873 0.15
    endloop
  endfacet
  facet normal -1 -1.8639e-15 -6.28008e-16
    outer loop
      vertex -0.04 -0.0389205 0.154432
      vertex -0.04 -0.0388471 0.154213
      vertex -0.04 -0.044873 0.15
    endloop
  endfacet
  facet normal -1 -1.74009e-15 -8.05074e-16
    outer loop
      vertex -0.04 -0.044873 0.15
      vertex -0.04 -0.0388471 0.154213
      vertex -0.04 -0.0387505 0.154005
    endloop
  endfacet
  facet normal -1 -1.30813e-15 -1.54006e-15
    outer loop
      vertex -0.04 -0.0383344 0.153457
      vertex -0.04 -0.038159 0.153308
      vertex -0.04 -0.044873 0.15
    endloop
  endfacet
  facet normal -1 -1.19705e-15 -1.76549e-15
    outer loop
      vertex -0.04 -0.038159 0.153308
      vertex -0.04 -0.0379686 0.153179
      vertex -0.04 -0.044873 0.15
    endloop
  endfacet
  facet normal -1 -1.07571e-15 -2.02902e-15
    outer loop
      vertex -0.04 -0.044873 0.15
      vertex -0.04 -0.0379686 0.153179
      vertex -0.04 -0.0377653 0.153071
    endloop
  endfacet
  facet normal -1 -1.67681e-15 -3.16277e-15
    outer loop
      vertex -0.04 -0.0357774 0.156821
      vertex -0.04 -0.0359807 0.156929
      vertex -0.04 0.045127 0.16
    endloop
  endfacet
  facet normal -1 -4.45819e-15 7.0286e-14
    outer loop
      vertex -0.04 -0.0359807 0.156929
      vertex -0.04 -0.0361945 0.157014
      vertex -0.04 0.045127 0.16
    endloop
  endfacet
  facet normal -1 -1.65791e-15 -5.97133e-15
    outer loop
      vertex -0.04 0.045127 0.16
      vertex -0.04 -0.0361945 0.157014
      vertex -0.04 -0.0364162 0.157075
    endloop
  endfacet
  facet normal -1 -9.36652e-16 -2.35082e-15
    outer loop
      vertex -0.04 -0.0377653 0.153071
      vertex -0.04 -0.0375515 0.152986
      vertex -0.04 -0.044873 0.15
    endloop
  endfacet
  facet normal -1 -7.67701e-16 -2.76504e-15
    outer loop
      vertex -0.04 -0.0375515 0.152986
      vertex -0.04 -0.0373298 0.152925
      vertex -0.04 -0.044873 0.15
    endloop
  endfacet
  facet normal -1 -5.46746e-16 -3.33492e-15
    outer loop
      vertex -0.04 -0.044873 0.15
      vertex -0.04 -0.0373298 0.152925
      vertex -0.04 -0.0371028 0.152887
    endloop
  endfacet
  facet normal -1 -1.73858e-15 1.6469e-15
    outer loop
      vertex -0.04 -0.0352534 0.153624
      vertex -0.04 0.045127 0.15
      vertex -0.04 -0.0354116 0.153457
    endloop
  endfacet
  facet normal -1 -1.72224e-15 2.02755e-15
    outer loop
      vertex -0.04 0.045127 0.15
      vertex -0.04 -0.035587 0.153308
      vertex -0.04 -0.0354116 0.153457
    endloop
  endfacet
  facet normal -1 -1.73858e-15 -1.64689e-15
    outer loop
      vertex -0.04 -0.0352534 0.156376
      vertex -0.04 -0.0354116 0.156543
      vertex -0.04 0.045127 0.16
    endloop
  endfacet
  facet normal -1 -1.72224e-15 -2.02755e-15
    outer loop
      vertex -0.04 -0.0354116 0.156543
      vertex -0.04 -0.035587 0.156692
      vertex -0.04 0.045127 0.16
    endloop
  endfacet
  facet normal -1 -1.70243e-15 -2.51094e-15
    outer loop
      vertex -0.04 0.045127 0.16
      vertex -0.04 -0.035587 0.156692
      vertex -0.04 -0.0357774 0.156821
    endloop
  endfacet
  facet normal -1 -2.27385e-16 -4.19433e-15
    outer loop
      vertex -0.04 -0.0371028 0.152887
      vertex -0.04 -0.036873 0.152875
      vertex -0.04 -0.044873 0.15
    endloop
  endfacet
  facet normal -1 3.08175e-16 -5.68459e-15
    outer loop
      vertex -0.04 -0.036873 0.152875
      vertex -0.04 -0.0366432 0.152887
      vertex -0.04 -0.044873 0.15
    endloop
  endfacet
  facet normal -1 -1.85037e-15 4.67647e-16
    outer loop
      vertex -0.04 -0.044873 0.15
      vertex -0.04 -0.0366432 0.152887
      vertex -0.04 0.045127 0.15
    endloop
  endfacet
  facet normal -1 -1.53604e-15 9.36933e-15
    outer loop
      vertex -0.04 -0.0366432 0.152887
      vertex -0.04 -0.0364162 0.152925
      vertex -0.04 0.045127 0.15
    endloop
  endfacet
  facet normal -1 -1.65791e-15 5.97133e-15
    outer loop
      vertex -0.04 0.045127 0.15
      vertex -0.04 -0.0364162 0.152925
      vertex -0.04 -0.0361945 0.152986
    endloop
  endfacet
  facet normal -1 -1.7651e-15 1.67199e-15
    outer loop
      vertex -0.04 0.0356656 0.156543
      vertex -0.04 0.0355074 0.156376
      vertex -0.04 -0.0352534 0.156376
    endloop
  endfacet
  facet normal -1 -1.7651e-15 1.34179e-15
    outer loop
      vertex -0.04 0.0355074 0.156376
      vertex -0.04 0.0353682 0.156193
      vertex -0.04 -0.0352534 0.156376
    endloop
  endfacet
  facet normal -1 -1.76583e-15 1.06246e-15
    outer loop
      vertex -0.04 -0.0352534 0.156376
      vertex -0.04 0.0353682 0.156193
      vertex -0.04 0.0352495 0.155995
    endloop
  endfacet
  facet normal -1 -1.78913e-15 6.02846e-16
    outer loop
      vertex -0.04 -0.0348989 0.154213
      vertex -0.04 -0.0348255 0.154432
      vertex -0.04 0.045127 0.15
    endloop
  endfacet
  facet normal -1 -4.45819e-15 -7.0286e-14
    outer loop
      vertex -0.04 -0.0361945 0.152986
      vertex -0.04 -0.0359807 0.153071
      vertex -0.04 0.045127 0.15
    endloop
  endfacet
  facet normal -1 -1.67681e-15 3.16277e-15
    outer loop
      vertex -0.04 -0.0359807 0.153071
      vertex -0.04 -0.0357774 0.153179
      vertex -0.04 0.045127 0.15
    endloop
  endfacet
  facet normal -1 -1.70243e-15 2.5109e-15
    outer loop
      vertex -0.04 0.045127 0.15
      vertex -0.04 -0.0357774 0.153179
      vertex -0.04 -0.035587 0.153308
    endloop
  endfacet
  facet normal -1 -1.86389e-15 6.28021e-16
    outer loop
      vertex -0.04 0.0391011 0.154213
      vertex -0.04 0.0391745 0.154432
      vertex -0.04 0.045127 0.15
    endloop
  endfacet
  facet normal -1 -1.87151e-15 3.53003e-15
    outer loop
      vertex -0.04 0.0362347 0.156929
      vertex -0.04 0.0360314 0.156821
      vertex -0.04 -0.0352534 0.156376
    endloop
  endfacet
  facet normal -1 -1.52798e-15 -5.14853e-14
    outer loop
      vertex -0.04 0.0360314 0.156821
      vertex -0.04 0.035841 0.156692
      vertex -0.04 -0.0352534 0.156376
    endloop
  endfacet
  facet normal -1 -1.76606e-15 2.07917e-15
    outer loop
      vertex -0.04 -0.0352534 0.156376
      vertex -0.04 0.035841 0.156692
      vertex -0.04 0.0356656 0.156543
    endloop
  endfacet
  facet normal -1 -1.78741e-15 -8.26954e-16
    outer loop
      vertex -0.04 0.0351529 0.154213
      vertex -0.04 0.0352495 0.154005
      vertex -0.04 -0.0348255 0.154432
    endloop
  endfacet
  facet normal -1 -1.78741e-15 -8.26945e-16
    outer loop
      vertex -0.04 -0.0348989 0.155787
      vertex -0.04 -0.0349955 0.155995
      vertex -0.04 0.0350795 0.155568
    endloop
  endfacet
  facet normal -1 3.0823e-16 -5.68474e-15
    outer loop
      vertex -0.04 0.037127 0.157125
      vertex -0.04 0.0368972 0.157113
      vertex -0.04 0.045127 0.16
    endloop
  endfacet
  facet normal -1 1.47909e-15 -9.02189e-15
    outer loop
      vertex -0.04 0.0368972 0.157113
      vertex -0.04 0.0366702 0.157075
      vertex -0.04 0.045127 0.16
    endloop
  endfacet
  facet normal -1 -1.8386e-15 5.7131e-16
    outer loop
      vertex -0.04 0.045127 0.16
      vertex -0.04 0.0366702 0.157075
      vertex -0.04 -0.0352534 0.156376
    endloop
  endfacet
  facet normal -1 -1.89959e-15 6.84181e-15
    outer loop
      vertex -0.04 0.0366702 0.157075
      vertex -0.04 0.0364485 0.157014
      vertex -0.04 -0.0352534 0.156376
    endloop
  endfacet
  facet normal -1 -1.88071e-15 4.72024e-15
    outer loop
      vertex -0.04 -0.0352534 0.156376
      vertex -0.04 0.0364485 0.157014
      vertex -0.04 0.0362347 0.156929
    endloop
  endfacet
  facet normal -1 -1.75276e-15 1.3324e-15
    outer loop
      vertex -0.04 -0.0352534 0.153624
      vertex -0.04 -0.0351142 0.153807
      vertex -0.04 0.045127 0.15
    endloop
  endfacet
  facet normal -1 -1.76558e-15 1.06232e-15
    outer loop
      vertex -0.04 -0.0351142 0.153807
      vertex -0.04 -0.0349955 0.154005
      vertex -0.04 0.045127 0.15
    endloop
  endfacet
  facet normal -1 -1.77757e-15 8.22383e-16
    outer loop
      vertex -0.04 0.045127 0.15
      vertex -0.04 -0.0349955 0.154005
      vertex -0.04 -0.0348989 0.154213
    endloop
  endfacet
  facet normal -1 -1.76715e-15 8.17584e-16
    outer loop
      vertex -0.04 0.0352495 0.155995
      vertex -0.04 0.0351529 0.155787
      vertex -0.04 -0.0352534 0.156376
    endloop
  endfacet
  facet normal -1 -1.769e-15 5.96044e-16
    outer loop
      vertex -0.04 0.0351529 0.155787
      vertex -0.04 0.0350795 0.155568
      vertex -0.04 -0.0352534 0.156376
    endloop
  endfacet
  facet normal -1 -1.79147e-15 -1.36184e-15
    outer loop
      vertex -0.04 -0.0352534 0.156376
      vertex -0.04 0.0350795 0.155568
      vertex -0.04 -0.0351142 0.156193
    endloop
  endfacet
  facet normal -1 -1.78893e-15 -1.07637e-15
    outer loop
      vertex -0.04 0.0350795 0.155568
      vertex -0.04 -0.0349955 0.155995
      vertex -0.04 -0.0351142 0.156193
    endloop
  endfacet
  facet normal -1 -2.00317e-15 4.4093e-16
    outer loop
      vertex -0.04 0.0391745 0.154432
      vertex -0.04 0.039224 0.154656
      vertex -0.04 0.045127 0.15
    endloop
  endfacet
  facet normal -1 -2.16523e-15 2.35485e-16
    outer loop
      vertex -0.04 0.039224 0.154656
      vertex -0.04 0.0392489 0.154885
      vertex -0.04 0.045127 0.15
    endloop
  endfacet
  facet normal -1 -2.36092e-15 0
    outer loop
      vertex -0.04 0.045127 0.15
      vertex -0.04 0.0392489 0.154885
      vertex -0.04 0.045127 0.16
    endloop
  endfacet
  facet normal -1 -2.36092e-15 0
    outer loop
      vertex -0.04 0.0392489 0.154885
      vertex -0.04 0.0392489 0.155115
      vertex -0.04 0.045127 0.16
    endloop
  endfacet
  facet normal -1 -2.16523e-15 -2.35487e-16
    outer loop
      vertex -0.04 0.045127 0.16
      vertex -0.04 0.0392489 0.155115
      vertex -0.04 0.039224 0.155344
    endloop
  endfacet
  facet normal -1 -2.00317e-15 -4.4093e-16
    outer loop
      vertex -0.04 0.039224 0.155344
      vertex -0.04 0.0391745 0.155568
      vertex -0.04 0.045127 0.16
    endloop
  endfacet
  facet normal -1 -1.86389e-15 -6.28016e-16
    outer loop
      vertex -0.04 0.0391745 0.155568
      vertex -0.04 0.0391011 0.155787
      vertex -0.04 0.045127 0.16
    endloop
  endfacet
  facet normal -1 -1.74009e-15 -8.05067e-16
    outer loop
      vertex -0.04 0.045127 0.16
      vertex -0.04 0.0391011 0.155787
      vertex -0.04 0.0390045 0.155995
    endloop
  endfacet
  facet normal -1 -1.62656e-15 -9.78651e-16
    outer loop
      vertex -0.04 0.0390045 0.155995
      vertex -0.04 0.0388858 0.156193
      vertex -0.04 0.045127 0.16
    endloop
  endfacet
  facet normal -1 -1.5191e-15 -1.1548e-15
    outer loop
      vertex -0.04 0.0388858 0.156193
      vertex -0.04 0.0387466 0.156376
      vertex -0.04 0.045127 0.16
    endloop
  endfacet
  facet normal -1 -1.41415e-15 -1.33955e-15
    outer loop
      vertex -0.04 0.045127 0.16
      vertex -0.04 0.0387466 0.156376
      vertex -0.04 0.0385884 0.156543
    endloop
  endfacet
  facet normal -1 -1.78671e-15 -6.02028e-16
    outer loop
      vertex -0.04 -0.0348989 0.155787
      vertex -0.04 0.0350795 0.155568
      vertex -0.04 -0.0348255 0.155568
    endloop
  endfacet
  facet normal -1 -1.78671e-15 3.93284e-16
    outer loop
      vertex -0.04 0.0350795 0.155568
      vertex -0.04 0.03503 0.155344
      vertex -0.04 -0.0348255 0.155568
    endloop
  endfacet
  facet normal -1 -1.78735e-15 1.94376e-16
    outer loop
      vertex -0.04 -0.0348255 0.155568
      vertex -0.04 0.03503 0.155344
      vertex -0.04 0.0350051 0.155115
    endloop
  endfacet
  facet normal -1 -1.30814e-15 -1.54005e-15
    outer loop
      vertex -0.04 0.0385884 0.156543
      vertex -0.04 0.038413 0.156692
      vertex -0.04 0.045127 0.16
    endloop
  endfacet
  facet normal -1 -1.19704e-15 -1.76551e-15
    outer loop
      vertex -0.04 0.038413 0.156692
      vertex -0.04 0.0382226 0.156821
      vertex -0.04 0.045127 0.16
    endloop
  endfacet
  facet normal -1 -1.07571e-15 -2.02901e-15
    outer loop
      vertex -0.04 0.045127 0.16
      vertex -0.04 0.0382226 0.156821
      vertex -0.04 0.0380193 0.156929
    endloop
  endfacet
  facet normal -1 -9.36652e-16 -2.35082e-15
    outer loop
      vertex -0.04 0.0380193 0.156929
      vertex -0.04 0.0378055 0.157014
      vertex -0.04 0.045127 0.16
    endloop
  endfacet
  facet normal -1 -7.67701e-16 -2.76504e-15
    outer loop
      vertex -0.04 0.0378055 0.157014
      vertex -0.04 0.0375838 0.157075
      vertex -0.04 0.045127 0.16
    endloop
  endfacet
  facet normal -1 -5.46743e-16 -3.33493e-15
    outer loop
      vertex -0.04 0.045127 0.16
      vertex -0.04 0.0375838 0.157075
      vertex -0.04 0.0373568 0.157113
    endloop
  endfacet
  facet normal -1 -1.78735e-15 -1.94374e-16
    outer loop
      vertex -0.04 0.0350051 0.154885
      vertex -0.04 0.03503 0.154656
      vertex -0.04 -0.0348255 0.154432
    endloop
  endfacet
  facet normal -1 -1.78671e-15 -3.93284e-16
    outer loop
      vertex -0.04 0.03503 0.154656
      vertex -0.04 0.0350795 0.154432
      vertex -0.04 -0.0348255 0.154432
    endloop
  endfacet
  facet normal -1 -1.78671e-15 -6.02017e-16
    outer loop
      vertex -0.04 -0.0348255 0.154432
      vertex -0.04 0.0350795 0.154432
      vertex -0.04 0.0351529 0.154213
    endloop
  endfacet
  facet normal -1 -1.41414e-15 1.33956e-15
    outer loop
      vertex -0.04 0.0387466 0.153624
      vertex -0.04 0.045127 0.15
      vertex -0.04 0.0385884 0.153457
    endloop
  endfacet
  facet normal -1 -1.30814e-15 1.54005e-15
    outer loop
      vertex -0.04 0.045127 0.15
      vertex -0.04 0.038413 0.153308
      vertex -0.04 0.0385884 0.153457
    endloop
  endfacet
  facet normal -1 -1.5191e-15 1.15479e-15
    outer loop
      vertex -0.04 0.0387466 0.153624
      vertex -0.04 0.0388858 0.153807
      vertex -0.04 0.045127 0.15
    endloop
  endfacet
  facet normal -1 -1.62655e-15 9.78657e-16
    outer loop
      vertex -0.04 0.0388858 0.153807
      vertex -0.04 0.0390045 0.154005
      vertex -0.04 0.045127 0.15
    endloop
  endfacet
  facet normal -1 -1.7401e-15 8.05062e-16
    outer loop
      vertex -0.04 0.045127 0.15
      vertex -0.04 0.0390045 0.154005
      vertex -0.04 0.0391011 0.154213
    endloop
  endfacet
  facet normal -1 -1.79052e-15 0
    outer loop
      vertex -0.04 -0.0347511 0.154885
      vertex -0.04 -0.0347511 0.155115
      vertex -0.04 0.0350051 0.155115
    endloop
  endfacet
  facet normal -1 -1.79052e-15 -1.94735e-16
    outer loop
      vertex -0.04 -0.0347511 0.155115
      vertex -0.04 -0.034776 0.155344
      vertex -0.04 0.0350051 0.155115
    endloop
  endfacet
  facet normal -1 -1.79118e-15 -3.94251e-16
    outer loop
      vertex -0.04 0.0350051 0.155115
      vertex -0.04 -0.034776 0.155344
      vertex -0.04 -0.0348255 0.155568
    endloop
  endfacet
  facet normal -1 -1.78862e-15 0
    outer loop
      vertex -0.04 0.0350051 0.154885
      vertex -0.04 -0.0348255 0.154432
      vertex -0.04 0.0350051 0.155115
    endloop
  endfacet
  facet normal -1 -1.79248e-15 3.94538e-16
    outer loop
      vertex -0.04 -0.0348255 0.154432
      vertex -0.04 -0.034776 0.154656
      vertex -0.04 0.0350051 0.155115
    endloop
  endfacet
  facet normal -1 -1.79116e-15 1.94803e-16
    outer loop
      vertex -0.04 0.0350051 0.155115
      vertex -0.04 -0.034776 0.154656
      vertex -0.04 -0.0347511 0.154885
    endloop
  endfacet
  facet normal -1 -1.78893e-15 -1.07638e-15
    outer loop
      vertex -0.04 0.0352495 0.154005
      vertex -0.04 0.0353682 0.153807
      vertex -0.04 -0.0348255 0.154432
    endloop
  endfacet
  facet normal -1 -1.79147e-15 -1.36183e-15
    outer loop
      vertex -0.04 0.0353682 0.153807
      vertex -0.04 0.0355074 0.153624
      vertex -0.04 -0.0348255 0.154432
    endloop
  endfacet
  facet normal -1 -1.79536e-15 -1.70067e-15
    outer loop
      vertex -0.04 -0.0348255 0.154432
      vertex -0.04 0.0355074 0.153624
      vertex -0.04 0.0356656 0.153457
    endloop
  endfacet
  facet normal -1 -2.27385e-16 4.19433e-15
    outer loop
      vertex -0.04 0.037127 0.152875
      vertex -0.04 0.0373568 0.152887
      vertex -0.04 0.045127 0.15
    endloop
  endfacet
  facet normal -1 -5.46743e-16 3.33493e-15
    outer loop
      vertex -0.04 0.0373568 0.152887
      vertex -0.04 0.0375838 0.152925
      vertex -0.04 0.045127 0.15
    endloop
  endfacet
  facet normal -1 -7.67701e-16 2.76504e-15
    outer loop
      vertex -0.04 0.045127 0.15
      vertex -0.04 0.0375838 0.152925
      vertex -0.04 0.0378055 0.152986
    endloop
  endfacet
  facet normal -1 -1.80116e-15 -2.12049e-15
    outer loop
      vertex -0.04 0.0356656 0.153457
      vertex -0.04 0.035841 0.153308
      vertex -0.04 -0.0348255 0.154432
    endloop
  endfacet
  facet normal -1 -9.35249e-16 5.23588e-14
    outer loop
      vertex -0.04 0.035841 0.153308
      vertex -0.04 0.0360314 0.153179
      vertex -0.04 -0.0348255 0.154432
    endloop
  endfacet
  facet normal -1 -1.9248e-15 -3.63055e-15
    outer loop
      vertex -0.04 -0.0348255 0.154432
      vertex -0.04 0.0360314 0.153179
      vertex -0.04 0.0362347 0.153071
    endloop
  endfacet
  facet normal -1 -1.94894e-15 -4.89146e-15
    outer loop
      vertex -0.04 0.0362347 0.153071
      vertex -0.04 0.0364485 0.152986
      vertex -0.04 -0.0348255 0.154432
    endloop
  endfacet
  facet normal -1 -1.99549e-15 -7.18719e-15
    outer loop
      vertex -0.04 0.0364485 0.152986
      vertex -0.04 0.0366702 0.152925
      vertex -0.04 -0.0348255 0.154432
    endloop
  endfacet
  facet normal -1 -1.85719e-15 -6.25059e-16
    outer loop
      vertex -0.04 -0.0348255 0.154432
      vertex -0.04 0.0366702 0.152925
      vertex -0.04 0.045127 0.15
    endloop
  endfacet
  facet normal -1 1.47909e-15 9.0219e-15
    outer loop
      vertex -0.04 0.0366702 0.152925
      vertex -0.04 0.0368972 0.152887
      vertex -0.04 0.045127 0.15
    endloop
  endfacet
  facet normal -1 3.08175e-16 5.68459e-15
    outer loop
      vertex -0.04 0.045127 0.15
      vertex -0.04 0.0368972 0.152887
      vertex -0.04 0.037127 0.152875
    endloop
  endfacet
  facet normal -1 -9.36652e-16 2.35082e-15
    outer loop
      vertex -0.04 0.0378055 0.152986
      vertex -0.04 0.0380193 0.153071
      vertex -0.04 0.045127 0.15
    endloop
  endfacet
  facet normal -1 -1.07571e-15 2.02901e-15
    outer loop
      vertex -0.04 0.0380193 0.153071
      vertex -0.04 0.0382226 0.153179
      vertex -0.04 0.045127 0.15
    endloop
  endfacet
  facet normal -1 -1.19705e-15 1.7655e-15
    outer loop
      vertex -0.04 0.045127 0.15
      vertex -0.04 0.0382226 0.153179
      vertex -0.04 0.038413 0.153308
    endloop
  endfacet
  facet normal 0 0 -1
    outer loop
      vertex -2.16493e-17 0.015127 0.105
      vertex 0.01 0.015127 0.105
      vertex -1.06045e-17 0.005254 0.105
    endloop
  endfacet
  facet normal 0 0 -1
    outer loop
      vertex 0.01 0.015127 0.105
      vertex 0.01 0.005254 0.105
      vertex -1.06045e-17 0.005254 0.105
    endloop
  endfacet
  facet normal -0.891007 -1.56553e-15 0.45399
    outer loop
      vertex -0.0259808 -0.014873 0.15
      vertex -0.0259808 -0.005 0.15
      vertex -0.0274064 -0.005 0.147202
    endloop
  endfacet
  facet normal -0.891007 -1.55731e-15 0.45399
    outer loop
      vertex -0.0259808 -0.014873 0.15
      vertex -0.0274064 -0.005 0.147202
      vertex -0.0274064 -0.014873 0.147202
    endloop
  endfacet
  facet normal -0.93358 -1.64034e-15 0.358368
    outer loop
      vertex -0.0274064 -0.005 0.147202
      vertex -0.0285317 -0.005 0.144271
      vertex -0.0274064 -0.014873 0.147202
    endloop
  endfacet
  facet normal -0.93358 -1.63927e-15 0.358368
    outer loop
      vertex -0.0274064 -0.014873 0.147202
      vertex -0.0285317 -0.005 0.144271
      vertex -0.0285317 -0.014873 0.144271
    endloop
  endfacet
  facet normal -0.965926 -1.69717e-15 0.258819
    outer loop
      vertex -0.0285317 -0.005 0.144271
      vertex -0.0293444 -0.005 0.141237
      vertex -0.0285317 -0.014873 0.144271
    endloop
  endfacet
  facet normal -0.965926 -1.70758e-15 0.258819
    outer loop
      vertex -0.0285317 -0.014873 0.144271
      vertex -0.0293444 -0.005 0.141237
      vertex -0.0293444 -0.014873 0.141237
    endloop
  endfacet
  facet normal -0.987688 -1.73541e-15 0.156434
    outer loop
      vertex -0.0293444 -0.005 0.141237
      vertex -0.0298357 -0.005 0.138136
      vertex -0.0293444 -0.014873 0.141237
    endloop
  endfacet
  facet normal -0.987688 -1.7349e-15 0.156434
    outer loop
      vertex -0.0293444 -0.014873 0.141237
      vertex -0.0298357 -0.005 0.138136
      vertex -0.0298357 -0.014873 0.138136
    endloop
  endfacet
  facet normal -0.99863 -1.75463e-15 0.0523359
    outer loop
      vertex -0.0298357 -0.005 0.138136
      vertex -0.03 -0.005 0.135
      vertex -0.0298357 -0.014873 0.138136
    endloop
  endfacet
  facet normal -0.99863 -1.75539e-15 0.0523359
    outer loop
      vertex -0.0298357 -0.014873 0.138136
      vertex -0.03 -0.005 0.135
      vertex -0.03 -0.014873 0.135
    endloop
  endfacet
  facet normal -0.99863 -1.75463e-15 -0.0523359
    outer loop
      vertex -0.03 -0.005 0.135
      vertex -0.0298357 -0.005 0.131864
      vertex -0.03 -0.014873 0.135
    endloop
  endfacet
  facet normal -0.99863 -1.75539e-15 -0.0523359
    outer loop
      vertex -0.03 -0.014873 0.135
      vertex -0.0298357 -0.005 0.131864
      vertex -0.0298357 -0.014873 0.131864
    endloop
  endfacet
  facet normal -0.987688 -1.73541e-15 -0.156434
    outer loop
      vertex -0.0298357 -0.005 0.131864
      vertex -0.0293444 -0.005 0.128763
      vertex -0.0298357 -0.014873 0.131864
    endloop
  endfacet
  facet normal -0.987688 -1.7349e-15 -0.156434
    outer loop
      vertex -0.0298357 -0.014873 0.131864
      vertex -0.0293444 -0.005 0.128763
      vertex -0.0293444 -0.014873 0.128763
    endloop
  endfacet
  facet normal -0.965926 -1.69717e-15 -0.258819
    outer loop
      vertex -0.0293444 -0.005 0.128763
      vertex -0.0285317 -0.005 0.125729
      vertex -0.0293444 -0.014873 0.128763
    endloop
  endfacet
  facet normal -0.965926 -1.69391e-15 -0.258819
    outer loop
      vertex -0.0293444 -0.014873 0.128763
      vertex -0.0285317 -0.005 0.125729
      vertex -0.0285317 -0.014873 0.125729
    endloop
  endfacet
  facet normal -0.93358 -1.64034e-15 -0.358368
    outer loop
      vertex -0.0285317 -0.005 0.125729
      vertex -0.0274064 -0.005 0.122798
      vertex -0.0285317 -0.014873 0.125729
    endloop
  endfacet
  facet normal -0.93358 -2.14471e-15 -0.358368
    outer loop
      vertex -0.0285317 -0.014873 0.125729
      vertex -0.0274064 -0.005 0.122798
      vertex -0.0274064 -0.014873 0.122798
    endloop
  endfacet
  facet normal -0.891007 -2.20368e-15 -0.45399
    outer loop
      vertex -0.0274064 -0.005 0.122798
      vertex -0.0259808 -0.005 0.12
      vertex -0.0274064 -0.014873 0.122798
    endloop
  endfacet
  facet normal -0.891007 -2.21302e-15 -0.45399
    outer loop
      vertex -0.0274064 -0.014873 0.122798
      vertex -0.0259808 -0.005 0.12
      vertex -0.0259808 -0.014873 0.12
    endloop
  endfacet
  facet normal -0.838671 -2.23914e-15 -0.544639
    outer loop
      vertex -0.0259808 -0.005 0.12
      vertex -0.0242705 -0.005 0.117366
      vertex -0.0259808 -0.014873 0.12
    endloop
  endfacet
  facet normal -0.838671 -2.24034e-15 -0.544639
    outer loop
      vertex -0.0259808 -0.014873 0.12
      vertex -0.0242705 -0.005 0.117366
      vertex -0.0242705 -0.014873 0.117366
    endloop
  endfacet
  facet normal -0.777146 -2.25007e-15 -0.62932
    outer loop
      vertex -0.0242705 -0.005 0.117366
      vertex -0.0222943 -0.005 0.114926
      vertex -0.0242705 -0.014873 0.117366
    endloop
  endfacet
  facet normal -0.777146 -2.24034e-15 -0.62932
    outer loop
      vertex -0.0242705 -0.014873 0.117366
      vertex -0.0222943 -0.005 0.114926
      vertex -0.0222943 -0.014873 0.114926
    endloop
  endfacet
  facet normal -0.707107 -2.23634e-15 -0.707107
    outer loop
      vertex -0.0222943 -0.005 0.114926
      vertex -0.0200739 -0.005 0.112706
      vertex -0.0222943 -0.014873 0.114926
    endloop
  endfacet
  facet normal -0.707107 -2.24034e-15 -0.707107
    outer loop
      vertex -0.0222943 -0.014873 0.114926
      vertex -0.0200739 -0.005 0.112706
      vertex -0.0200739 -0.014873 0.112706
    endloop
  endfacet
  facet normal -0.62932 -2.19812e-15 -0.777146
    outer loop
      vertex -0.0200739 -0.005 0.112706
      vertex -0.0176336 -0.005 0.110729
      vertex -0.0200739 -0.014873 0.112706
    endloop
  endfacet
  facet normal -0.62932 -2.1857e-15 -0.777146
    outer loop
      vertex -0.0200739 -0.014873 0.112706
      vertex -0.0176336 -0.005 0.110729
      vertex -0.0176336 -0.014873 0.110729
    endloop
  endfacet
  facet normal -0.544639 -2.13581e-15 -0.838671
    outer loop
      vertex -0.0176336 -0.005 0.110729
      vertex -0.015 -0.005 0.109019
      vertex -0.0176336 -0.014873 0.110729
    endloop
  endfacet
  facet normal -0.544639 -2.24034e-15 -0.838671
    outer loop
      vertex -0.0176336 -0.014873 0.110729
      vertex -0.015 -0.005 0.109019
      vertex -0.015 -0.014873 0.109019
    endloop
  endfacet
  facet normal -0.45399 -2.12987e-15 -0.891007
    outer loop
      vertex -0.015 -0.005 0.109019
      vertex -0.0122021 -0.005 0.107594
      vertex -0.015 -0.014873 0.109019
    endloop
  endfacet
  facet normal -0.45399 -2.13105e-15 -0.891007
    outer loop
      vertex -0.015 -0.014873 0.109019
      vertex -0.0122021 -0.005 0.107594
      vertex -0.0122021 -0.014873 0.107594
    endloop
  endfacet
  facet normal -0.358368 -2.0049e-15 -0.93358
    outer loop
      vertex -0.0122021 -0.005 0.107594
      vertex -0.00927051 -0.005 0.106468
      vertex -0.0122021 -0.014873 0.107594
    endloop
  endfacet
  facet normal -0.358368 -2.00811e-15 -0.93358
    outer loop
      vertex -0.0122021 -0.014873 0.107594
      vertex -0.00927051 -0.005 0.106468
      vertex -0.00927051 -0.014873 0.106468
    endloop
  endfacet
  facet normal -0.258819 -1.85797e-15 -0.965926
    outer loop
      vertex -0.00927051 -0.005 0.106468
      vertex -0.00623735 -0.005 0.105656
      vertex -0.00927051 -0.014873 0.106468
    endloop
  endfacet
  facet normal -0.258819 -1.81686e-15 -0.965926
    outer loop
      vertex -0.00927051 -0.014873 0.106468
      vertex -0.00623735 -0.005 0.105656
      vertex -0.00623735 -0.014873 0.105656
    endloop
  endfacet
  facet normal -0.156434 -1.66319e-15 -0.987688
    outer loop
      vertex -0.00623735 -0.005 0.105656
      vertex -0.00313585 -0.005 0.105164
      vertex -0.00623735 -0.014873 0.105656
    endloop
  endfacet
  facet normal -0.156434 -1.68025e-15 -0.987688
    outer loop
      vertex -0.00623735 -0.014873 0.105656
      vertex -0.00313585 -0.005 0.105164
      vertex -0.00313585 -0.014873 0.105164
    endloop
  endfacet
  facet normal -0.0523359 -1.50026e-15 -0.99863
    outer loop
      vertex -0.00313585 -0.005 0.105164
      vertex 8.17952e-18 -0.005 0.105
      vertex -0.00313585 -0.014873 0.105164
    endloop
  endfacet
  facet normal -0.0523359 -1.53682e-15 -0.99863
    outer loop
      vertex -0.00313585 -0.014873 0.105164
      vertex 8.17952e-18 -0.005 0.105
      vertex 3.33067e-17 -0.014873 0.105
    endloop
  endfacet
  facet normal 0.757596 0.000275056 -0.652724
    outer loop
      vertex -0.0225471 0.0410083 0.15479
      vertex -0.0229076 0.0409628 0.154371
      vertex -0.0227859 0.045127 0.154514
    endloop
  endfacet
  facet normal 0.847637 -0.00239684 -0.530571
    outer loop
      vertex -0.0252475 0.0379626 0.151204
      vertex -0.0252729 0.0377561 0.151164
      vertex -0.0259808 0.045127 0.15
    endloop
  endfacet
  facet normal 0.849029 -0.00191129 -0.528343
    outer loop
      vertex -0.0252729 0.0377561 0.151164
      vertex -0.025291 0.0375473 0.151136
      vertex -0.0259808 0.045127 0.15
    endloop
  endfacet
  facet normal 0.850696 -0.00135702 -0.525656
    outer loop
      vertex -0.0259808 0.045127 0.15
      vertex -0.025291 0.0375473 0.151136
      vertex -0.0253019 0.0373383 0.151119
    endloop
  endfacet
  facet normal 0.843406 -0.00407944 -0.537261
    outer loop
      vertex -0.0251273 0.0385669 0.15139
      vertex -0.0251748 0.0383681 0.151316
      vertex -0.0259808 0.045127 0.15
    endloop
  endfacet
  facet normal 0.844894 -0.00344661 -0.534923
    outer loop
      vertex -0.0251748 0.0383681 0.151316
      vertex -0.0252148 0.0381669 0.151255
      vertex -0.0259808 0.045127 0.15
    endloop
  endfacet
  facet normal 0.84629 -0.002895 -0.532715
    outer loop
      vertex -0.0259808 0.045127 0.15
      vertex -0.0252148 0.0381669 0.151255
      vertex -0.0252475 0.0379626 0.151204
    endloop
  endfacet
  facet normal 0.838041 -0.00678907 -0.545565
    outer loop
      vertex -0.0249426 0.039131 0.151669
      vertex -0.0250113 0.0389483 0.151566
      vertex -0.0259808 0.045127 0.15
    endloop
  endfacet
  facet normal 0.839994 -0.00572215 -0.542565
    outer loop
      vertex -0.0250113 0.0389483 0.151566
      vertex -0.0250732 0.0387591 0.151472
      vertex -0.0259808 0.045127 0.15
    endloop
  endfacet
  facet normal 0.84177 -0.00483327 -0.539815
    outer loop
      vertex -0.0259808 0.045127 0.15
      vertex -0.0250732 0.0387591 0.151472
      vertex -0.0251273 0.0385669 0.15139
    endloop
  endfacet
  facet normal 0.831072 -0.011375 -0.556049
    outer loop
      vertex -0.024692 0.0396445 0.152038
      vertex -0.0247831 0.0394793 0.151906
      vertex -0.0259808 0.045127 0.15
    endloop
  endfacet
  facet normal 0.833589 -0.00957678 -0.552302
    outer loop
      vertex -0.0247831 0.0394793 0.151906
      vertex -0.0248658 0.0393096 0.151784
      vertex -0.0259808 0.045127 0.15
    endloop
  endfacet
  facet normal 0.835907 -0.00806232 -0.548811
    outer loop
      vertex -0.0259808 0.045127 0.15
      vertex -0.0248658 0.0393096 0.151784
      vertex -0.0249426 0.039131 0.151669
    endloop
  endfacet
  facet normal 0.853086 -0.000590457 -0.52177
    outer loop
      vertex -0.0253019 0.0373383 0.151119
      vertex -0.0253056 0.037127 0.151113
      vertex -0.0259808 0.045127 0.15
    endloop
  endfacet
  facet normal 0.85777 0.000881242 -0.514033
    outer loop
      vertex -0.0253056 0.037127 0.151113
      vertex -0.0253019 0.0369162 0.151119
      vertex -0.0259808 0.045127 0.15
    endloop
  endfacet
  facet normal 0.854915 1.58191e-15 -0.518768
    outer loop
      vertex -0.0259808 0.045127 0.15
      vertex -0.0253019 0.0369162 0.151119
      vertex -0.0259808 0.015127 0.15
    endloop
  endfacet
  facet normal 0.847767 0.000818297 -0.530369
    outer loop
      vertex -0.0253019 0.0369162 0.151119
      vertex -0.025291 0.0367067 0.151136
      vertex -0.0259808 0.015127 0.15
    endloop
  endfacet
  facet normal 0.842035 0.00147788 -0.53942
    outer loop
      vertex -0.0259808 0.015127 0.15
      vertex -0.025291 0.0367067 0.151136
      vertex -0.0244876 0.015127 0.152331
    endloop
  endfacet
  facet normal 0.851445 0.002658 -0.524437
    outer loop
      vertex -0.025291 0.0367067 0.151136
      vertex -0.0252728 0.0364974 0.151164
      vertex -0.0244876 0.015127 0.152331
    endloop
  endfacet
  facet normal 0.846942 0.00209705 -0.531682
    outer loop
      vertex -0.0252728 0.0364974 0.151164
      vertex -0.0252475 0.0362914 0.151204
      vertex -0.0244876 0.015127 0.152331
    endloop
  endfacet
  facet normal 0.844253 0.00177364 -0.535942
    outer loop
      vertex -0.0252475 0.0362914 0.151204
      vertex -0.0252146 0.0360861 0.151255
      vertex -0.0244876 0.015127 0.152331
    endloop
  endfacet
  facet normal 0.842074 0.00152265 -0.53936
    outer loop
      vertex -0.0244876 0.015127 0.152331
      vertex -0.0252146 0.0360861 0.151255
      vertex -0.0251748 0.0358859 0.151316
    endloop
  endfacet
  facet normal 0.839977 0.00129387 -0.542621
    outer loop
      vertex -0.0251748 0.0358859 0.151316
      vertex -0.0251275 0.0356879 0.151389
      vertex -0.0244876 0.015127 0.152331
    endloop
  endfacet
  facet normal 0.837824 0.00107489 -0.545939
    outer loop
      vertex -0.0251275 0.0356879 0.151389
      vertex -0.0250732 0.0354949 0.151472
      vertex -0.0244876 0.015127 0.152331
    endloop
  endfacet
  facet normal 0.835539 0.000862055 -0.54943
    outer loop
      vertex -0.0244876 0.015127 0.152331
      vertex -0.0250732 0.0354949 0.151472
      vertex -0.0250112 0.0353055 0.151566
    endloop
  endfacet
  facet normal 0.833102 0.000659055 -0.553118
    outer loop
      vertex -0.0250112 0.0353055 0.151566
      vertex -0.0249426 0.035123 0.151669
      vertex -0.0244876 0.015127 0.152331
    endloop
  endfacet
  facet normal 0.830482 0.000469511 -0.557046
    outer loop
      vertex -0.0249426 0.035123 0.151669
      vertex -0.0248658 0.0349444 0.151784
      vertex -0.0244876 0.015127 0.152331
    endloop
  endfacet
  facet normal 0.827683 0.00030152 -0.561196
    outer loop
      vertex -0.0244876 0.015127 0.152331
      vertex -0.0248658 0.0349444 0.151784
      vertex -0.0247831 0.0347747 0.151906
    endloop
  endfacet
  facet normal 0.824678 0.000160945 -0.565602
    outer loop
      vertex -0.0247831 0.0347747 0.151906
      vertex -0.0246922 0.0346099 0.152038
      vertex -0.0244876 0.015127 0.152331
    endloop
  endfacet
  facet normal 0.821487 5.79468e-5 -0.570227
    outer loop
      vertex -0.0246922 0.0346099 0.152038
      vertex -0.024595 0.0344539 0.152178
      vertex -0.0244876 0.015127 0.152331
    endloop
  endfacet
  facet normal 0.818053 1.4802e-15 -0.575143
    outer loop
      vertex -0.0244876 0.015127 0.152331
      vertex -0.024595 0.0344539 0.152178
      vertex -0.0244876 0.0343013 0.152331
    endloop
  endfacet
  facet normal 0.800613 -0.00208151 -0.599178
    outer loop
      vertex -0.0238645 0.0405612 0.153179
      vertex -0.0241349 0.0403442 0.152819
      vertex -0.0244876 0.045127 0.152331
    endloop
  endfacet
  facet normal 0.791782 -0.00544245 -0.610779
    outer loop
      vertex -0.0238645 0.0405612 0.153179
      vertex -0.0244876 0.045127 0.152331
      vertex -0.0235686 0.0407379 0.153561
    endloop
  endfacet
  facet normal 0.788731 -0.00193867 -0.614736
    outer loop
      vertex -0.0227859 0.045127 0.154514
      vertex -0.0229076 0.0409628 0.154371
      vertex -0.0244876 0.045127 0.152331
    endloop
  endfacet
  facet normal 0.771232 -0.0191276 -0.636267
    outer loop
      vertex -0.0229076 0.0409628 0.154371
      vertex -0.023249 0.0408723 0.15396
      vertex -0.0244876 0.045127 0.152331
    endloop
  endfacet
  facet normal 0.782068 -0.01093 -0.623098
    outer loop
      vertex -0.0244876 0.045127 0.152331
      vertex -0.023249 0.0408723 0.15396
      vertex -0.0235686 0.0407379 0.153561
    endloop
  endfacet
  facet normal 0.808712 -0.00036493 -0.588204
    outer loop
      vertex -0.0241349 0.0403442 0.152819
      vertex -0.0243787 0.0400895 0.152484
      vertex -0.0244876 0.045127 0.152331
    endloop
  endfacet
  facet normal 0.814438 1.63623e-15 -0.580251
    outer loop
      vertex -0.0243787 0.0400895 0.152484
      vertex -0.0244876 0.0399527 0.152331
      vertex -0.0244876 0.045127 0.152331
    endloop
  endfacet
  facet normal 0.842036 1.69378e-15 -0.539421
    outer loop
      vertex -0.0244876 0.045127 0.152331
      vertex -0.0244876 0.0399527 0.152331
      vertex -0.0259808 0.045127 0.15
    endloop
  endfacet
  facet normal 0.825402 -0.016015 -0.564318
    outer loop
      vertex -0.0244876 0.0399527 0.152331
      vertex -0.024595 0.0398001 0.152178
      vertex -0.0259808 0.045127 0.15
    endloop
  endfacet
  facet normal 0.828359 -0.0134949 -0.560035
    outer loop
      vertex -0.0259808 0.045127 0.15
      vertex -0.024595 0.0398001 0.152178
      vertex -0.024692 0.0396445 0.152038
    endloop
  endfacet
  facet normal 0.706147 -0.000348818 -0.708065
    outer loop
      vertex -0.0209853 0.040738 0.156439
      vertex -0.0213851 0.0408723 0.15604
      vertex -0.0208903 0.045127 0.156531
    endloop
  endfacet
  facet normal 0.719107 -0.00337742 -0.694892
    outer loop
      vertex -0.0213851 0.0408723 0.15604
      vertex -0.0217819 0.0409628 0.155629
      vertex -0.0208903 0.045127 0.156531
    endloop
  endfacet
  facet normal 0.728693 -0.00761706 -0.684799
    outer loop
      vertex -0.0208903 0.045127 0.156531
      vertex -0.0217819 0.0409628 0.155629
      vertex -0.0227859 0.045127 0.154514
    endloop
  endfacet
  facet normal 0.732253 -0.00574383 -0.681008
    outer loop
      vertex -0.0217819 0.0409628 0.155629
      vertex -0.0221707 0.0410083 0.15521
      vertex -0.0227859 0.045127 0.154514
    endloop
  endfacet
  facet normal 0.745329 -0.00137057 -0.666695
    outer loop
      vertex -0.0227859 0.045127 0.154514
      vertex -0.0221707 0.0410083 0.15521
      vertex -0.0225471 0.0410083 0.15479
    endloop
  endfacet
  facet normal 0.630989 -3.62639e-5 -0.775792
    outer loop
      vertex -0.0188601 0.0391316 0.15833
      vertex -0.0190005 0.0393102 0.158216
      vertex -0.0188168 0.045127 0.158365
    endloop
  endfacet
  facet normal 0.635621 -0.000279678 -0.772001
    outer loop
      vertex -0.0190005 0.0393102 0.158216
      vertex -0.0191481 0.0394793 0.158094
      vertex -0.0188168 0.045127 0.158365
    endloop
  endfacet
  facet normal 0.643094 -0.00101588 -0.765786
    outer loop
      vertex -0.0191481 0.0394793 0.158094
      vertex -0.019472 0.0398001 0.157822
      vertex -0.0188168 0.045127 0.158365
    endloop
  endfacet
  facet normal 0.65346 -0.00319136 -0.756954
    outer loop
      vertex -0.0188168 0.045127 0.158365
      vertex -0.019472 0.0398001 0.157822
      vertex -0.0198245 0.0400895 0.157516
    endloop
  endfacet
  facet normal 0.664412 -0.00700294 -0.747334
    outer loop
      vertex -0.0198245 0.0400895 0.157516
      vertex -0.0201987 0.0403442 0.157181
      vertex -0.0188168 0.045127 0.158365
    endloop
  endfacet
  facet normal 0.675868 -0.0128931 -0.73691
    outer loop
      vertex -0.0201987 0.0403442 0.157181
      vertex -0.0205878 0.0405612 0.156821
      vertex -0.0188168 0.045127 0.158365
    endloop
  endfacet
  facet normal 0.662487 -0.00359111 -0.749065
    outer loop
      vertex -0.0188168 0.045127 0.158365
      vertex -0.0205878 0.0405612 0.156821
      vertex -0.0208903 0.045127 0.156531
    endloop
  endfacet
  facet normal 0.691317 1.08525e-15 -0.722552
    outer loop
      vertex -0.0205878 0.0405612 0.156821
      vertex -0.0208903 0.0406997 0.156531
      vertex -0.0208903 0.045127 0.156531
    endloop
  endfacet
  facet normal 0.697928 1.09385e-15 -0.716168
    outer loop
      vertex -0.0208903 0.045127 0.156531
      vertex -0.0208903 0.0406997 0.156531
      vertex -0.0209853 0.040738 0.156439
    endloop
  endfacet
  facet normal 0.601795 0.0024987 -0.798647
    outer loop
      vertex -0.0182687 0.0362914 0.158796
      vertex -0.018217 0.0364975 0.158836
      vertex -0.0165831 0.015127 0.16
    endloop
  endfacet
  facet normal 0.610555 0.00363696 -0.791966
    outer loop
      vertex -0.0185083 0.0356865 0.15861
      vertex -0.0184144 0.0358859 0.158684
      vertex -0.0165831 0.015127 0.16
    endloop
  endfacet
  facet normal 0.607437 0.00320995 -0.794362
    outer loop
      vertex -0.0184144 0.0358859 0.158684
      vertex -0.0183356 0.0360845 0.158745
      vertex -0.0165831 0.015127 0.16
    endloop
  endfacet
  facet normal 0.604548 0.00283653 -0.796563
    outer loop
      vertex -0.0165831 0.015127 0.16
      vertex -0.0183356 0.0360845 0.158745
      vertex -0.0182687 0.0362914 0.158796
    endloop
  endfacet
  facet normal 0.573131 0.0017768 -0.819462
    outer loop
      vertex -0.0181497 0.037127 0.158887
      vertex -0.0165831 0.045127 0.16
      vertex -0.0181573 0.0369154 0.158881
    endloop
  endfacet
  facet normal 0.579307 1.07193e-15 -0.815109
    outer loop
      vertex -0.0165831 0.045127 0.16
      vertex -0.0165831 0.015127 0.16
      vertex -0.0181573 0.0369154 0.158881
    endloop
  endfacet
  facet normal 0.595269 0.00174808 -0.803524
    outer loop
      vertex -0.0181573 0.0369154 0.158881
      vertex -0.0165831 0.015127 0.16
      vertex -0.0181796 0.0367067 0.158864
    endloop
  endfacet
  facet normal 0.598912 0.00216036 -0.800812
    outer loop
      vertex -0.0165831 0.015127 0.16
      vertex -0.018217 0.0364975 0.158836
      vertex -0.0181796 0.0367067 0.158864
    endloop
  endfacet
  facet normal 0.583294 -0.00121501 -0.812261
    outer loop
      vertex -0.0181497 0.037127 0.158887
      vertex -0.0181573 0.0373388 0.158881
      vertex -0.0165831 0.045127 0.16
    endloop
  endfacet
  facet normal 0.588656 -0.00285639 -0.808379
    outer loop
      vertex -0.0181573 0.0373388 0.158881
      vertex -0.0181796 0.0375473 0.158864
      vertex -0.0165831 0.045127 0.16
    endloop
  endfacet
  facet normal 0.592277 -0.00401679 -0.805725
    outer loop
      vertex -0.0165831 0.045127 0.16
      vertex -0.0181796 0.0375473 0.158864
      vertex -0.018217 0.0377566 0.158836
    endloop
  endfacet
  facet normal 0.595321 -0.00504751 -0.803472
    outer loop
      vertex -0.018217 0.0377566 0.158836
      vertex -0.0182687 0.0379626 0.158796
      vertex -0.0165831 0.045127 0.16
    endloop
  endfacet
  facet normal 0.598194 -0.00608387 -0.801328
    outer loop
      vertex -0.0182687 0.0379626 0.158796
      vertex -0.0183357 0.0381696 0.158745
      vertex -0.0165831 0.045127 0.16
    endloop
  endfacet
  facet normal 0.60108 -0.00720265 -0.799156
    outer loop
      vertex -0.0165831 0.045127 0.16
      vertex -0.0183357 0.0381696 0.158745
      vertex -0.0184144 0.0383681 0.158684
    endloop
  endfacet
  facet normal 0.604113 -0.00847298 -0.796853
    outer loop
      vertex -0.0184144 0.0383681 0.158684
      vertex -0.0185084 0.0385676 0.15861
      vertex -0.0165831 0.045127 0.16
    endloop
  endfacet
  facet normal 0.60736 -0.00995349 -0.794364
    outer loop
      vertex -0.0185084 0.0385676 0.15861
      vertex -0.018613 0.0387591 0.158528
      vertex -0.0165831 0.045127 0.16
    endloop
  endfacet
  facet normal 0.590627 -0.00171114 -0.806943
    outer loop
      vertex -0.0165831 0.045127 0.16
      vertex -0.018613 0.0387591 0.158528
      vertex -0.0188168 0.045127 0.158365
    endloop
  endfacet
  facet normal 0.623835 1.07313e-15 -0.781556
    outer loop
      vertex -0.018613 0.0387591 0.158528
      vertex -0.0188168 0.0390725 0.158365
      vertex -0.0188168 0.045127 0.158365
    endloop
  endfacet
  facet normal 0.627948 1.07951e-15 -0.778255
    outer loop
      vertex -0.0188168 0.045127 0.158365
      vertex -0.0188168 0.0390725 0.158365
      vertex -0.0188601 0.0391316 0.15833
    endloop
  endfacet
  facet normal 0.66631 0.00202762 -0.745672
    outer loop
      vertex -0.0201987 0.0339098 0.157181
      vertex -0.0198245 0.0341645 0.157516
      vertex -0.0188168 0.015127 0.158365
    endloop
  endfacet
  facet normal 0.654519 0.000941075 -0.756045
    outer loop
      vertex -0.0198245 0.0341645 0.157516
      vertex -0.019472 0.0344539 0.157822
      vertex -0.0188168 0.015127 0.158365
    endloop
  endfacet
  facet normal 0.643508 0.00030376 -0.76544
    outer loop
      vertex -0.019472 0.0344539 0.157822
      vertex -0.0191481 0.0347747 0.158094
      vertex -0.0188168 0.015127 0.158365
    endloop
  endfacet
  facet normal 0.635755 8.41683e-5 -0.771891
    outer loop
      vertex -0.0188168 0.015127 0.158365
      vertex -0.0191481 0.0347747 0.158094
      vertex -0.0190005 0.0349438 0.158216
    endloop
  endfacet
  facet normal 0.631001 1.08156e-5 -0.775782
    outer loop
      vertex -0.0190005 0.0349438 0.158216
      vertex -0.0188596 0.035123 0.158331
      vertex -0.0188168 0.015127 0.158365
    endloop
  endfacet
  facet normal 0.627941 1.19494e-15 -0.778261
    outer loop
      vertex -0.0188596 0.035123 0.158331
      vertex -0.0188168 0.0351815 0.158365
      vertex -0.0188168 0.015127 0.158365
    endloop
  endfacet
  facet normal 0.590628 1.12397e-15 -0.806944
    outer loop
      vertex -0.0188168 0.015127 0.158365
      vertex -0.0188168 0.0351815 0.158365
      vertex -0.0165831 0.015127 0.16
    endloop
  endfacet
  facet normal 0.619168 0.004948 -0.785243
    outer loop
      vertex -0.0188168 0.0351815 0.158365
      vertex -0.018613 0.0354949 0.158528
      vertex -0.0165831 0.015127 0.16
    endloop
  endfacet
  facet normal 0.614005 0.00414077 -0.789291
    outer loop
      vertex -0.0165831 0.015127 0.16
      vertex -0.018613 0.0354949 0.158528
      vertex -0.0185083 0.0356865 0.15861
    endloop
  endfacet
  facet normal 0.728713 0.00080608 -0.684818
    outer loop
      vertex -0.0227859 0.015127 0.154514
      vertex -0.0225471 0.0332457 0.15479
      vertex -0.0208903 0.015127 0.156531
    endloop
  endfacet
  facet normal 0.745324 0.00406758 -0.66669
    outer loop
      vertex -0.0225471 0.0332457 0.15479
      vertex -0.0221707 0.0332457 0.15521
      vertex -0.0208903 0.015127 0.156531
    endloop
  endfacet
  facet normal 0.73246 0.00212945 -0.680807
    outer loop
      vertex -0.0208903 0.015127 0.156531
      vertex -0.0221707 0.0332457 0.15521
      vertex -0.0217819 0.0332912 0.155629
    endloop
  endfacet
  facet normal 0.719394 0.000802764 -0.694602
    outer loop
      vertex -0.0217819 0.0332912 0.155629
      vertex -0.0213851 0.0333817 0.15604
      vertex -0.0208903 0.015127 0.156531
    endloop
  endfacet
  facet normal 0.70619 8.36278e-5 -0.708022
    outer loop
      vertex -0.0213851 0.0333817 0.15604
      vertex -0.0209853 0.0335161 0.156439
      vertex -0.0208903 0.015127 0.156531
    endloop
  endfacet
  facet normal 0.662491 -0.000348542 -0.74907
    outer loop
      vertex -0.0208903 0.015127 0.156531
      vertex -0.0209853 0.0335161 0.156439
      vertex -0.0188168 0.015127 0.158365
    endloop
  endfacet
  facet normal 0.69154 0.00587985 -0.722314
    outer loop
      vertex -0.0209853 0.0335161 0.156439
      vertex -0.0205878 0.0336928 0.156821
      vertex -0.0188168 0.015127 0.158365
    endloop
  endfacet
  facet normal 0.678702 0.00364939 -0.734405
    outer loop
      vertex -0.0188168 0.015127 0.158365
      vertex -0.0205878 0.0336928 0.156821
      vertex -0.0201987 0.0339098 0.157181
    endloop
  endfacet
  facet normal 0.814438 1.47366e-15 -0.580251
    outer loop
      vertex -0.0244876 0.0343013 0.152331
      vertex -0.0243787 0.0341645 0.152484
      vertex -0.0244876 0.015127 0.152331
    endloop
  endfacet
  facet normal 0.808616 9.81791e-5 -0.588337
    outer loop
      vertex -0.0243787 0.0341645 0.152484
      vertex -0.0241349 0.0339098 0.152819
      vertex -0.0244876 0.015127 0.152331
    endloop
  endfacet
  facet normal 0.800174 0.000553596 -0.599768
    outer loop
      vertex -0.0244876 0.015127 0.152331
      vertex -0.0241349 0.0339098 0.152819
      vertex -0.0238645 0.0336928 0.153179
    endloop
  endfacet
  facet normal 0.790894 0.00142181 -0.611951
    outer loop
      vertex -0.0238645 0.0336928 0.153179
      vertex -0.0235686 0.0335161 0.153561
      vertex -0.0244876 0.015127 0.152331
    endloop
  endfacet
  facet normal 0.780775 0.0027876 -0.624806
    outer loop
      vertex -0.0235686 0.0335161 0.153561
      vertex -0.023249 0.0333817 0.15396
      vertex -0.0244876 0.015127 0.152331
    endloop
  endfacet
  facet normal 0.788731 0.00134907 -0.614737
    outer loop
      vertex -0.0244876 0.015127 0.152331
      vertex -0.023249 0.0333817 0.15396
      vertex -0.0227859 0.015127 0.154514
    endloop
  endfacet
  facet normal 0.769321 0.00012456 -0.638863
    outer loop
      vertex -0.023249 0.0333817 0.15396
      vertex -0.0229076 0.0332912 0.154371
      vertex -0.0227859 0.015127 0.154514
    endloop
  endfacet
  facet normal 0.757607 -6.28769e-5 -0.652711
    outer loop
      vertex -0.0227859 0.015127 0.154514
      vertex -0.0229076 0.0332912 0.154371
      vertex -0.0225471 0.0332457 0.15479
    endloop
  endfacet
  facet normal 0 1 0
    outer loop
      vertex -0.0208903 0.045127 0.156531
      vertex -0.04 0.045127 0.16
      vertex -0.0188168 0.045127 0.158365
    endloop
  endfacet
  facet normal 0 1 0
    outer loop
      vertex -0.04 0.045127 0.16
      vertex -0.0165831 0.045127 0.16
      vertex -0.0188168 0.045127 0.158365
    endloop
  endfacet
  facet normal 0 1 0
    outer loop
      vertex -0.0259808 0.045127 0.15
      vertex -0.04 0.045127 0.15
      vertex -0.0244876 0.045127 0.152331
    endloop
  endfacet
  facet normal 0 1 0
    outer loop
      vertex -0.04 0.045127 0.15
      vertex -0.04 0.045127 0.16
      vertex -0.0244876 0.045127 0.152331
    endloop
  endfacet
  facet normal 0 1 0
    outer loop
      vertex -0.0244876 0.045127 0.152331
      vertex -0.04 0.045127 0.16
      vertex -0.0227859 0.045127 0.154514
    endloop
  endfacet
  facet normal 0 1 0
    outer loop
      vertex -0.04 0.045127 0.16
      vertex -0.0208903 0.045127 0.156531
      vertex -0.0227859 0.045127 0.154514
    endloop
  endfacet
  facet normal -0.891007 -1.56553e-15 0.45399
    outer loop
      vertex -0.0259808 0.005254 0.15
      vertex -0.0259808 0.015127 0.15
      vertex -0.0274064 0.015127 0.147202
    endloop
  endfacet
  facet normal -0.891007 -1.55731e-15 0.45399
    outer loop
      vertex -0.0259808 0.005254 0.15
      vertex -0.0274064 0.015127 0.147202
      vertex -0.0274064 0.005254 0.147202
    endloop
  endfacet
  facet normal -0.93358 -1.64034e-15 0.358368
    outer loop
      vertex -0.0274064 0.015127 0.147202
      vertex -0.0285317 0.015127 0.144271
      vertex -0.0274064 0.005254 0.147202
    endloop
  endfacet
  facet normal -0.93358 -1.63927e-15 0.358368
    outer loop
      vertex -0.0274064 0.005254 0.147202
      vertex -0.0285317 0.015127 0.144271
      vertex -0.0285317 0.005254 0.144271
    endloop
  endfacet
  facet normal -0.965926 -1.69717e-15 0.258819
    outer loop
      vertex -0.0285317 0.015127 0.144271
      vertex -0.0293444 0.015127 0.141237
      vertex -0.0285317 0.005254 0.144271
    endloop
  endfacet
  facet normal -0.965926 -1.70757e-15 0.258819
    outer loop
      vertex -0.0285317 0.005254 0.144271
      vertex -0.0293444 0.015127 0.141237
      vertex -0.0293444 0.005254 0.141237
    endloop
  endfacet
  facet normal -0.987688 -1.73541e-15 0.156434
    outer loop
      vertex -0.0293444 0.015127 0.141237
      vertex -0.0298357 0.015127 0.138136
      vertex -0.0293444 0.005254 0.141237
    endloop
  endfacet
  facet normal -0.987688 -1.7349e-15 0.156434
    outer loop
      vertex -0.0293444 0.005254 0.141237
      vertex -0.0298357 0.015127 0.138136
      vertex -0.0298357 0.005254 0.138136
    endloop
  endfacet
  facet normal -0.99863 -1.75463e-15 0.0523359
    outer loop
      vertex -0.0298357 0.015127 0.138136
      vertex -0.03 0.015127 0.135
      vertex -0.0298357 0.005254 0.138136
    endloop
  endfacet
  facet normal -0.99863 -1.75539e-15 0.0523359
    outer loop
      vertex -0.0298357 0.005254 0.138136
      vertex -0.03 0.015127 0.135
      vertex -0.03 0.005254 0.135
    endloop
  endfacet
  facet normal -0.99863 -1.75463e-15 -0.0523359
    outer loop
      vertex -0.03 0.015127 0.135
      vertex -0.0298357 0.015127 0.131864
      vertex -0.03 0.005254 0.135
    endloop
  endfacet
  facet normal -0.99863 -1.75539e-15 -0.0523359
    outer loop
      vertex -0.03 0.005254 0.135
      vertex -0.0298357 0.015127 0.131864
      vertex -0.0298357 0.005254 0.131864
    endloop
  endfacet
  facet normal -0.987688 -1.73541e-15 -0.156434
    outer loop
      vertex -0.0298357 0.015127 0.131864
      vertex -0.0293444 0.015127 0.128763
      vertex -0.0298357 0.005254 0.131864
    endloop
  endfacet
  facet normal -0.987688 -1.7349e-15 -0.156434
    outer loop
      vertex -0.0298357 0.005254 0.131864
      vertex -0.0293444 0.015127 0.128763
      vertex -0.0293444 0.005254 0.128763
    endloop
  endfacet
  facet normal -0.965926 -1.69717e-15 -0.258819
    outer loop
      vertex -0.0293444 0.015127 0.128763
      vertex -0.0285317 0.015127 0.125729
      vertex -0.0293444 0.005254 0.128763
    endloop
  endfacet
  facet normal -0.965926 -1.69391e-15 -0.258819
    outer loop
      vertex -0.0293444 0.005254 0.128763
      vertex -0.0285317 0.015127 0.125729
      vertex -0.0285317 0.005254 0.125729
    endloop
  endfacet
  facet normal -0.93358 -1.64034e-15 -0.358368
    outer loop
      vertex -0.0285317 0.015127 0.125729
      vertex -0.0274064 0.015127 0.122798
      vertex -0.0285317 0.005254 0.125729
    endloop
  endfacet
  facet normal -0.93358 -1.63927e-15 -0.358368
    outer loop
      vertex -0.0285317 0.005254 0.125729
      vertex -0.0274064 0.015127 0.122798
      vertex -0.0274064 0.005254 0.122798
    endloop
  endfacet
  facet normal -0.891007 -1.56553e-15 -0.45399
    outer loop
      vertex -0.0274064 0.015127 0.122798
      vertex -0.0259808 0.015127 0.12
      vertex -0.0274064 0.005254 0.122798
    endloop
  endfacet
  facet normal -0.891007 -1.58463e-15 -0.45399
    outer loop
      vertex -0.0274064 0.005254 0.122798
      vertex -0.0259808 0.015127 0.12
      vertex -0.0259808 0.005254 0.12
    endloop
  endfacet
  facet normal -0.838671 -1.47358e-15 -0.544639
    outer loop
      vertex -0.0259808 0.015127 0.12
      vertex -0.0242705 0.015127 0.117366
      vertex -0.0259808 0.005254 0.12
    endloop
  endfacet
  facet normal -0.838671 -1.47535e-15 -0.544639
    outer loop
      vertex -0.0259808 0.005254 0.12
      vertex -0.0242705 0.015127 0.117366
      vertex -0.0242705 0.005254 0.117366
    endloop
  endfacet
  facet normal -0.777146 -1.36547e-15 -0.62932
    outer loop
      vertex -0.0242705 0.015127 0.117366
      vertex -0.0222943 0.015127 0.114926
      vertex -0.0242705 0.005254 0.117366
    endloop
  endfacet
  facet normal -0.777146 -1.36606e-15 -0.62932
    outer loop
      vertex -0.0242705 0.005254 0.117366
      vertex -0.0222943 0.015127 0.114926
      vertex -0.0222943 0.005254 0.114926
    endloop
  endfacet
  facet normal -0.707107 -1.24241e-15 -0.707107
    outer loop
      vertex -0.0222943 0.015127 0.114926
      vertex -0.0200739 0.015127 0.112706
      vertex -0.0222943 0.005254 0.114926
    endloop
  endfacet
  facet normal -0.707107 -1.22945e-15 -0.707107
    outer loop
      vertex -0.0222943 0.005254 0.114926
      vertex -0.0200739 0.015127 0.112706
      vertex -0.0200739 0.005254 0.112706
    endloop
  endfacet
  facet normal -0.62932 -1.10574e-15 -0.777146
    outer loop
      vertex -0.0200739 0.015127 0.112706
      vertex -0.0176336 0.015127 0.110729
      vertex -0.0200739 0.005254 0.112706
    endloop
  endfacet
  facet normal -0.62932 -1.09285e-15 -0.777146
    outer loop
      vertex -0.0200739 0.005254 0.112706
      vertex -0.0176336 0.015127 0.110729
      vertex -0.0176336 0.005254 0.110729
    endloop
  endfacet
  facet normal -0.544639 -9.56951e-16 -0.838671
    outer loop
      vertex -0.0176336 0.015127 0.110729
      vertex -0.015 0.015127 0.109019
      vertex -0.0176336 0.005254 0.110729
    endloop
  endfacet
  facet normal -0.544639 -9.56242e-16 -0.838671
    outer loop
      vertex -0.0176336 0.005254 0.110729
      vertex -0.015 0.015127 0.109019
      vertex -0.015 0.005254 0.109019
    endloop
  endfacet
  facet normal -0.45399 -7.97678e-16 -0.891007
    outer loop
      vertex -0.015 0.015127 0.109019
      vertex -0.0122021 0.015127 0.107594
      vertex -0.015 0.005254 0.109019
    endloop
  endfacet
  facet normal -0.45399 -8.19636e-16 -0.891007
    outer loop
      vertex -0.015 0.005254 0.109019
      vertex -0.0122021 0.015127 0.107594
      vertex -0.0122021 0.005254 0.107594
    endloop
  endfacet
  facet normal -0.358368 -6.29666e-16 -0.93358
    outer loop
      vertex -0.0122021 0.015127 0.107594
      vertex -0.00927051 0.015127 0.106468
      vertex -0.0122021 0.005254 0.107594
    endloop
  endfacet
  facet normal -0.358368 -6.28388e-16 -0.93358
    outer loop
      vertex -0.0122021 0.005254 0.107594
      vertex -0.00927051 0.015127 0.106468
      vertex -0.00927051 0.005254 0.106468
    endloop
  endfacet
  facet normal -0.258819 -4.54755e-16 -0.965926
    outer loop
      vertex -0.00927051 0.015127 0.106468
      vertex -0.00623735 0.015127 0.105656
      vertex -0.00927051 0.005254 0.106468
    endloop
  endfacet
  facet normal -0.258819 -4.78121e-16 -0.965926
    outer loop
      vertex -0.00927051 0.005254 0.106468
      vertex -0.00623735 0.015127 0.105656
      vertex -0.00623735 0.005254 0.105656
    endloop
  endfacet
  facet normal -0.156434 -2.88604e-16 -0.987688
    outer loop
      vertex -0.00623735 0.015127 0.105656
      vertex -0.00313585 0.015127 0.105164
      vertex -0.00623735 0.005254 0.105656
    endloop
  endfacet
  facet normal -0.156434 -2.86873e-16 -0.987688
    outer loop
      vertex -0.00623735 0.005254 0.105656
      vertex -0.00313585 0.015127 0.105164
      vertex -0.00313585 0.005254 0.105164
    endloop
  endfacet
  facet normal -0.0523359 -9.6554e-17 -0.99863
    outer loop
      vertex -0.00313585 0.015127 0.105164
      vertex -2.16493e-17 0.015127 0.105
      vertex -0.00313585 0.005254 0.105164
    endloop
  endfacet
  facet normal -0.0523359 -5.80575e-17 -0.99863
    outer loop
      vertex -0.00313585 0.005254 0.105164
      vertex -2.16493e-17 0.015127 0.105
      vertex -1.06045e-17 0.005254 0.105
    endloop
  endfacet
  facet normal 0.844773 -0.00116955 -0.535123
    outer loop
      vertex -0.0252475 -0.0360374 0.151204
      vertex -0.0252728 -0.0362434 0.151164
      vertex -0.0259808 -0.014873 0.15
    endloop
  endfacet
  facet normal 0.840513 -0.00172769 -0.541789
    outer loop
      vertex -0.0251275 -0.0354339 0.151389
      vertex -0.0251748 -0.0356319 0.151316
      vertex -0.0259808 -0.014873 0.15
    endloop
  endfacet
  facet normal 0.842062 -0.00151467 -0.539378
    outer loop
      vertex -0.0251748 -0.0356319 0.151316
      vertex -0.0252146 -0.0358321 0.151255
      vertex -0.0259808 -0.014873 0.15
    endloop
  endfacet
  facet normal 0.843455 -0.00133328 -0.537199
    outer loop
      vertex -0.0259808 -0.014873 0.15
      vertex -0.0252146 -0.0358321 0.151255
      vertex -0.0252475 -0.0360374 0.151204
    endloop
  endfacet
  facet normal 0.834707 -0.00263667 -0.550689
    outer loop
      vertex -0.0249426 -0.034869 0.151669
      vertex -0.0250112 -0.0350515 0.151566
      vertex -0.0259808 -0.014873 0.15
    endloop
  endfacet
  facet normal 0.836847 -0.00228107 -0.547432
    outer loop
      vertex -0.0250112 -0.0350515 0.151566
      vertex -0.0250732 -0.0352409 0.151472
      vertex -0.0259808 -0.014873 0.15
    endloop
  endfacet
  facet normal 0.838783 -0.00198016 -0.544463
    outer loop
      vertex -0.0259808 -0.014873 0.15
      vertex -0.0250732 -0.0352409 0.151472
      vertex -0.0251275 -0.0354339 0.151389
    endloop
  endfacet
  facet normal 0.826961 -0.00412109 -0.562244
    outer loop
      vertex -0.0246922 -0.0343559 0.152038
      vertex -0.0247831 -0.0345207 0.151906
      vertex -0.0259808 -0.014873 0.15
    endloop
  endfacet
  facet normal 0.82977 -0.00354747 -0.558094
    outer loop
      vertex -0.0247831 -0.0345207 0.151906
      vertex -0.0248658 -0.0346904 0.151784
      vertex -0.0259808 -0.014873 0.15
    endloop
  endfacet
  facet normal 0.832344 -0.00305673 -0.554251
    outer loop
      vertex -0.0259808 -0.014873 0.15
      vertex -0.0248658 -0.0346904 0.151784
      vertex -0.0249426 -0.034869 0.151669
    endloop
  endfacet
  facet normal 0.85777 -0.000881241 -0.514033
    outer loop
      vertex -0.0253056 -0.036873 0.151113
      vertex -0.0259808 -0.044873 0.15
      vertex -0.0253019 -0.0366622 0.151119
    endloop
  endfacet
  facet normal 0.854915 1.10195e-15 -0.518768
    outer loop
      vertex -0.0259808 -0.044873 0.15
      vertex -0.0259808 -0.014873 0.15
      vertex -0.0253019 -0.0366622 0.151119
    endloop
  endfacet
  facet normal 0.847767 -0.000818294 -0.530369
    outer loop
      vertex -0.0253019 -0.0366622 0.151119
      vertex -0.0259808 -0.014873 0.15
      vertex -0.025291 -0.0364527 0.151136
    endloop
  endfacet
  facet normal 0.846075 -0.0010141 -0.533062
    outer loop
      vertex -0.0259808 -0.014873 0.15
      vertex -0.0252728 -0.0362434 0.151164
      vertex -0.025291 -0.0364527 0.151136
    endloop
  endfacet
  facet normal 0.853086 0.000590457 -0.52177
    outer loop
      vertex -0.0253056 -0.036873 0.151113
      vertex -0.0253019 -0.0370843 0.151119
      vertex -0.0259808 -0.044873 0.15
    endloop
  endfacet
  facet normal 0.850696 0.00135703 -0.525656
    outer loop
      vertex -0.0253019 -0.0370843 0.151119
      vertex -0.025291 -0.0372933 0.151136
      vertex -0.0259808 -0.044873 0.15
    endloop
  endfacet
  facet normal 0.849029 0.00191129 -0.528343
    outer loop
      vertex -0.0259808 -0.044873 0.15
      vertex -0.025291 -0.0372933 0.151136
      vertex -0.0252729 -0.0375021 0.151164
    endloop
  endfacet
  facet normal 0.847637 0.00239683 -0.530571
    outer loop
      vertex -0.0252729 -0.0375021 0.151164
      vertex -0.0252475 -0.0377086 0.151204
      vertex -0.0259808 -0.044873 0.15
    endloop
  endfacet
  facet normal 0.84629 0.002895 -0.532715
    outer loop
      vertex -0.0252475 -0.0377086 0.151204
      vertex -0.0252148 -0.0379129 0.151255
      vertex -0.0259808 -0.044873 0.15
    endloop
  endfacet
  facet normal 0.844894 0.00344661 -0.534923
    outer loop
      vertex -0.0259808 -0.044873 0.15
      vertex -0.0252148 -0.0379129 0.151255
      vertex -0.0251748 -0.0381141 0.151316
    endloop
  endfacet
  facet normal 0.843406 0.00407944 -0.537261
    outer loop
      vertex -0.0251748 -0.0381141 0.151316
      vertex -0.0251273 -0.0383129 0.15139
      vertex -0.0259808 -0.044873 0.15
    endloop
  endfacet
  facet normal 0.84177 0.00483327 -0.539815
    outer loop
      vertex -0.0251273 -0.0383129 0.15139
      vertex -0.0250732 -0.0385051 0.151472
      vertex -0.0259808 -0.044873 0.15
    endloop
  endfacet
  facet normal 0.839994 0.00572217 -0.542565
    outer loop
      vertex -0.0259808 -0.044873 0.15
      vertex -0.0250732 -0.0385051 0.151472
      vertex -0.0250113 -0.0386943 0.151566
    endloop
  endfacet
  facet normal 0.838041 0.00678907 -0.545565
    outer loop
      vertex -0.0250113 -0.0386943 0.151566
      vertex -0.0249426 -0.038877 0.151669
      vertex -0.0259808 -0.044873 0.15
    endloop
  endfacet
  facet normal 0.835907 0.0080623 -0.548811
    outer loop
      vertex -0.0249426 -0.038877 0.151669
      vertex -0.0248658 -0.0390556 0.151784
      vertex -0.0259808 -0.044873 0.15
    endloop
  endfacet
  facet normal 0.833589 0.00957679 -0.552302
    outer loop
      vertex -0.0259808 -0.044873 0.15
      vertex -0.0248658 -0.0390556 0.151784
      vertex -0.0247831 -0.0392253 0.151906
    endloop
  endfacet
  facet normal 0.818053 1.64554e-15 -0.575143
    outer loop
      vertex -0.0244876 -0.0396987 0.152331
      vertex -0.0244876 -0.044873 0.152331
      vertex -0.024595 -0.0395461 0.152178
    endloop
  endfacet
  facet normal 0.842035 0.00150812 -0.53942
    outer loop
      vertex -0.0244876 -0.044873 0.152331
      vertex -0.0259808 -0.044873 0.15
      vertex -0.024595 -0.0395461 0.152178
    endloop
  endfacet
  facet normal 0.828359 0.0134949 -0.560035
    outer loop
      vertex -0.024595 -0.0395461 0.152178
      vertex -0.0259808 -0.044873 0.15
      vertex -0.024692 -0.0393905 0.152038
    endloop
  endfacet
  facet normal 0.831072 0.0113751 -0.556049
    outer loop
      vertex -0.0259808 -0.044873 0.15
      vertex -0.0247831 -0.0392253 0.151906
      vertex -0.024692 -0.0393905 0.152038
    endloop
  endfacet
  facet normal 0.800174 -0.000553596 -0.599768
    outer loop
      vertex -0.0238645 -0.0334388 0.153179
      vertex -0.0241349 -0.0336558 0.152819
      vertex -0.0244876 -0.014873 0.152331
    endloop
  endfacet
  facet normal 0.790894 -0.00142181 -0.611951
    outer loop
      vertex -0.0238645 -0.0334388 0.153179
      vertex -0.0244876 -0.014873 0.152331
      vertex -0.0235686 -0.0332621 0.153561
    endloop
  endfacet
  facet normal 0.788732 -0.000444447 -0.614737
    outer loop
      vertex -0.0227859 -0.014873 0.154514
      vertex -0.0229076 -0.0330372 0.154371
      vertex -0.0244876 -0.014873 0.152331
    endloop
  endfacet
  facet normal 0.76981 -0.00473205 -0.638255
    outer loop
      vertex -0.0229076 -0.0330372 0.154371
      vertex -0.023249 -0.0331277 0.15396
      vertex -0.0244876 -0.014873 0.152331
    endloop
  endfacet
  facet normal 0.780775 -0.0027876 -0.624806
    outer loop
      vertex -0.0244876 -0.014873 0.152331
      vertex -0.023249 -0.0331277 0.15396
      vertex -0.0235686 -0.0332621 0.153561
    endloop
  endfacet
  facet normal 0.808616 -9.81791e-5 -0.588337
    outer loop
      vertex -0.0241349 -0.0336558 0.152819
      vertex -0.0243787 -0.0339105 0.152484
      vertex -0.0244876 -0.014873 0.152331
    endloop
  endfacet
  facet normal 0.814438 6.33806e-16 -0.580251
    outer loop
      vertex -0.0243787 -0.0339105 0.152484
      vertex -0.0244876 -0.0340473 0.152331
      vertex -0.0244876 -0.014873 0.152331
    endloop
  endfacet
  facet normal 0.842036 7.42766e-16 -0.539421
    outer loop
      vertex -0.0244876 -0.014873 0.152331
      vertex -0.0244876 -0.0340473 0.152331
      vertex -0.0259808 -0.014873 0.15
    endloop
  endfacet
  facet normal 0.820642 -0.00555536 -0.571416
    outer loop
      vertex -0.0244876 -0.0340473 0.152331
      vertex -0.024595 -0.0341999 0.152178
      vertex -0.0259808 -0.014873 0.15
    endloop
  endfacet
  facet normal 0.823937 -0.00478335 -0.566662
    outer loop
      vertex -0.0259808 -0.014873 0.15
      vertex -0.024595 -0.0341999 0.152178
      vertex -0.0246922 -0.0343559 0.152038
    endloop
  endfacet
  facet normal 0.719394 -0.000802764 -0.694602
    outer loop
      vertex -0.0213851 -0.0331277 0.15604
      vertex -0.0217819 -0.0330372 0.155629
      vertex -0.0208903 -0.014873 0.156531
    endloop
  endfacet
  facet normal 0.73246 -0.00212945 -0.680807
    outer loop
      vertex -0.0217819 -0.0330372 0.155629
      vertex -0.0221707 -0.0329917 0.15521
      vertex -0.0208903 -0.014873 0.156531
    endloop
  endfacet
  facet normal 0.728713 -0.00157231 -0.684818
    outer loop
      vertex -0.0208903 -0.014873 0.156531
      vertex -0.0221707 -0.0329917 0.15521
      vertex -0.0227859 -0.014873 0.154514
    endloop
  endfacet
  facet normal 0.74533 -0.000311554 -0.666696
    outer loop
      vertex -0.0221707 -0.0329917 0.15521
      vertex -0.0225471 -0.0329917 0.15479
      vertex -0.0227859 -0.014873 0.154514
    endloop
  endfacet
  facet normal 0.757607 6.28769e-5 -0.652711
    outer loop
      vertex -0.0227859 -0.014873 0.154514
      vertex -0.0225471 -0.0329917 0.15479
      vertex -0.0229076 -0.0330372 0.154371
    endloop
  endfacet
  facet normal 0.623835 -2.5311e-18 -0.781556
    outer loop
      vertex -0.018613 -0.0352409 0.158528
      vertex -0.0188168 -0.0349275 0.158365
      vertex -0.0188168 -0.014873 0.158365
    endloop
  endfacet
  facet normal 0.627941 9.224e-18 -0.778261
    outer loop
      vertex -0.0188168 -0.0349275 0.158365
      vertex -0.0188596 -0.034869 0.158331
      vertex -0.0188168 -0.014873 0.158365
    endloop
  endfacet
  facet normal 0.631001 -1.08156e-5 -0.775782
    outer loop
      vertex -0.0188168 -0.014873 0.158365
      vertex -0.0188596 -0.034869 0.158331
      vertex -0.0190005 -0.0346898 0.158216
    endloop
  endfacet
  facet normal 0.635755 -8.41684e-5 -0.771891
    outer loop
      vertex -0.0190005 -0.0346898 0.158216
      vertex -0.0191481 -0.0345207 0.158094
      vertex -0.0188168 -0.014873 0.158365
    endloop
  endfacet
  facet normal 0.643508 -0.00030376 -0.76544
    outer loop
      vertex -0.0191481 -0.0345207 0.158094
      vertex -0.019472 -0.0341999 0.157822
      vertex -0.0188168 -0.014873 0.158365
    endloop
  endfacet
  facet normal 0.654519 -0.000941075 -0.756045
    outer loop
      vertex -0.0188168 -0.014873 0.158365
      vertex -0.019472 -0.0341999 0.157822
      vertex -0.0198245 -0.0339105 0.157516
    endloop
  endfacet
  facet normal 0.66631 -0.00202762 -0.745672
    outer loop
      vertex -0.0198245 -0.0339105 0.157516
      vertex -0.0201987 -0.0336558 0.157181
      vertex -0.0188168 -0.014873 0.158365
    endloop
  endfacet
  facet normal 0.678702 -0.00364939 -0.734405
    outer loop
      vertex -0.0201987 -0.0336558 0.157181
      vertex -0.0205878 -0.0334388 0.156821
      vertex -0.0188168 -0.014873 0.158365
    endloop
  endfacet
  facet normal 0.662491 -0.000883148 -0.74907
    outer loop
      vertex -0.0188168 -0.014873 0.158365
      vertex -0.0205878 -0.0334388 0.156821
      vertex -0.0208903 -0.014873 0.156531
    endloop
  endfacet
  facet normal 0.692924 5.02189e-5 -0.72101
    outer loop
      vertex -0.0205878 -0.0334388 0.156821
      vertex -0.0209853 -0.0332621 0.156439
      vertex -0.0208903 -0.014873 0.156531
    endloop
  endfacet
  facet normal 0.70619 -8.36278e-5 -0.708022
    outer loop
      vertex -0.0208903 -0.014873 0.156531
      vertex -0.0209853 -0.0332621 0.156439
      vertex -0.0213851 -0.0331277 0.15604
    endloop
  endfacet
  facet normal 0.595321 0.00504749 -0.803472
    outer loop
      vertex -0.0182687 -0.0377086 0.158796
      vertex -0.018217 -0.0375026 0.158836
      vertex -0.0165831 -0.044873 0.16
    endloop
  endfacet
  facet normal 0.592277 0.00401679 -0.805725
    outer loop
      vertex -0.018217 -0.0375026 0.158836
      vertex -0.0181796 -0.0372933 0.158864
      vertex -0.0165831 -0.044873 0.16
    endloop
  endfacet
  facet normal 0.588656 0.00285639 -0.808379
    outer loop
      vertex -0.0165831 -0.044873 0.16
      vertex -0.0181796 -0.0372933 0.158864
      vertex -0.0181573 -0.0370848 0.158881
    endloop
  endfacet
  facet normal 0.604113 0.00847298 -0.796853
    outer loop
      vertex -0.0185084 -0.0383136 0.15861
      vertex -0.0184144 -0.0381141 0.158684
      vertex -0.0165831 -0.044873 0.16
    endloop
  endfacet
  facet normal 0.60108 0.00720262 -0.799156
    outer loop
      vertex -0.0184144 -0.0381141 0.158684
      vertex -0.0183357 -0.0379156 0.158745
      vertex -0.0165831 -0.044873 0.16
    endloop
  endfacet
  facet normal 0.598194 0.00608389 -0.801328
    outer loop
      vertex -0.0165831 -0.044873 0.16
      vertex -0.0183357 -0.0379156 0.158745
      vertex -0.0182687 -0.0377086 0.158796
    endloop
  endfacet
  facet normal 0.60936 -0.000366097 -0.792894
    outer loop
      vertex -0.0182687 -0.0360374 0.158796
      vertex -0.0183356 -0.0358305 0.158745
      vertex -0.0188168 -0.014873 0.158365
    endloop
  endfacet
  facet normal 0.583294 0.00121502 -0.81226
    outer loop
      vertex -0.0181573 -0.0370848 0.158881
      vertex -0.0181497 -0.036873 0.158887
      vertex -0.0165831 -0.044873 0.16
    endloop
  endfacet
  facet normal 0.573131 -0.0017768 -0.819462
    outer loop
      vertex -0.0181497 -0.036873 0.158887
      vertex -0.0181573 -0.0366614 0.158881
      vertex -0.0165831 -0.044873 0.16
    endloop
  endfacet
  facet normal 0.579307 3.17806e-16 -0.815109
    outer loop
      vertex -0.0165831 -0.044873 0.16
      vertex -0.0181573 -0.0366614 0.158881
      vertex -0.0165831 -0.014873 0.16
    endloop
  endfacet
  facet normal 0.595269 -0.00174807 -0.803524
    outer loop
      vertex -0.0181573 -0.0366614 0.158881
      vertex -0.0181796 -0.0364527 0.158864
      vertex -0.0165831 -0.014873 0.16
    endloop
  endfacet
  facet normal 0.590627 -0.00122472 -0.806943
    outer loop
      vertex -0.0165831 -0.014873 0.16
      vertex -0.0181796 -0.0364527 0.158864
      vertex -0.0188168 -0.014873 0.158365
    endloop
  endfacet
  facet normal 0.604553 -0.000573489 -0.796565
    outer loop
      vertex -0.0181796 -0.0364527 0.158864
      vertex -0.018217 -0.0362435 0.158836
      vertex -0.0188168 -0.014873 0.158365
    endloop
  endfacet
  facet normal 0.606924 -0.000467216 -0.79476
    outer loop
      vertex -0.0188168 -0.014873 0.158365
      vertex -0.018217 -0.0362435 0.158836
      vertex -0.0182687 -0.0360374 0.158796
    endloop
  endfacet
  facet normal 0.61209 -0.000265293 -0.790788
    outer loop
      vertex -0.0183356 -0.0358305 0.158745
      vertex -0.0184144 -0.0356319 0.158684
      vertex -0.0188168 -0.014873 0.158365
    endloop
  endfacet
  facet normal 0.615145 -0.000169653 -0.788414
    outer loop
      vertex -0.0184144 -0.0356319 0.158684
      vertex -0.0185083 -0.0354325 0.15861
      vertex -0.0188168 -0.014873 0.158365
    endloop
  endfacet
  facet normal 0.6186 -8.55119e-5 -0.785706
    outer loop
      vertex -0.0188168 -0.014873 0.158365
      vertex -0.0185083 -0.0354325 0.15861
      vertex -0.018613 -0.0352409 0.158528
    endloop
  endfacet
  facet normal 0.664412 0.00700294 -0.747334
    outer loop
      vertex -0.0201987 -0.0400902 0.157181
      vertex -0.0198245 -0.0398355 0.157516
      vertex -0.0188168 -0.044873 0.158365
    endloop
  endfacet
  facet normal 0.65346 0.00319136 -0.756954
    outer loop
      vertex -0.0198245 -0.0398355 0.157516
      vertex -0.019472 -0.0395461 0.157822
      vertex -0.0188168 -0.044873 0.158365
    endloop
  endfacet
  facet normal 0.643094 0.00101588 -0.765786
    outer loop
      vertex -0.019472 -0.0395461 0.157822
      vertex -0.0191481 -0.0392253 0.158094
      vertex -0.0188168 -0.044873 0.158365
    endloop
  endfacet
  facet normal 0.635621 0.000279678 -0.772001
    outer loop
      vertex -0.0188168 -0.044873 0.158365
      vertex -0.0191481 -0.0392253 0.158094
      vertex -0.0190005 -0.0390562 0.158216
    endloop
  endfacet
  facet normal 0.630989 3.62639e-5 -0.775792
    outer loop
      vertex -0.0190005 -0.0390562 0.158216
      vertex -0.0188601 -0.0388776 0.15833
      vertex -0.0188168 -0.044873 0.158365
    endloop
  endfacet
  facet normal 0.627948 1.43927e-15 -0.778255
    outer loop
      vertex -0.0188601 -0.0388776 0.15833
      vertex -0.0188168 -0.0388185 0.158365
      vertex -0.0188168 -0.044873 0.158365
    endloop
  endfacet
  facet normal 0.590628 1.3538e-15 -0.806944
    outer loop
      vertex -0.0188168 -0.044873 0.158365
      vertex -0.0188168 -0.0388185 0.158365
      vertex -0.0165831 -0.044873 0.16
    endloop
  endfacet
  facet normal 0.612134 0.0123322 -0.790658
    outer loop
      vertex -0.0188168 -0.0388185 0.158365
      vertex -0.018613 -0.0385051 0.158528
      vertex -0.0165831 -0.044873 0.16
    endloop
  endfacet
  facet normal 0.60736 0.00995349 -0.794364
    outer loop
      vertex -0.0165831 -0.044873 0.16
      vertex -0.018613 -0.0385051 0.158528
      vertex -0.0185084 -0.0383136 0.15861
    endloop
  endfacet
  facet normal 0.745329 0.00137057 -0.666695
    outer loop
      vertex -0.0227859 -0.044873 0.154514
      vertex -0.0225471 -0.0407543 0.15479
      vertex -0.0221707 -0.0407543 0.15521
    endloop
  endfacet
  facet normal 0.728696 0.00691663 -0.684802
    outer loop
      vertex -0.0227859 -0.044873 0.154514
      vertex -0.0221707 -0.0407543 0.15521
      vertex -0.0208903 -0.044873 0.156531
    endloop
  endfacet
  facet normal 0.732052 0.00911873 -0.681188
    outer loop
      vertex -0.0221707 -0.0407543 0.15521
      vertex -0.0217819 -0.0407088 0.155629
      vertex -0.0208903 -0.044873 0.156531
    endloop
  endfacet
  facet normal 0.719107 0.00337742 -0.694892
    outer loop
      vertex -0.0208903 -0.044873 0.156531
      vertex -0.0217819 -0.0407088 0.155629
      vertex -0.0213851 -0.0406183 0.15604
    endloop
  endfacet
  facet normal 0.706147 0.000348818 -0.708065
    outer loop
      vertex -0.0213851 -0.0406183 0.15604
      vertex -0.0209853 -0.040484 0.156439
      vertex -0.0208903 -0.044873 0.156531
    endloop
  endfacet
  facet normal 0.697928 1.63949e-15 -0.716168
    outer loop
      vertex -0.0209853 -0.040484 0.156439
      vertex -0.0208903 -0.0404457 0.156531
      vertex -0.0208903 -0.044873 0.156531
    endloop
  endfacet
  facet normal 0.662491 1.55747e-15 -0.74907
    outer loop
      vertex -0.0208903 -0.044873 0.156531
      vertex -0.0208903 -0.0404457 0.156531
      vertex -0.0188168 -0.044873 0.158365
    endloop
  endfacet
  facet normal 0.686311 0.0202874 -0.727025
    outer loop
      vertex -0.0208903 -0.0404457 0.156531
      vertex -0.0205878 -0.0403072 0.156821
      vertex -0.0188168 -0.044873 0.158365
    endloop
  endfacet
  facet normal 0.675868 0.0128931 -0.73691
    outer loop
      vertex -0.0188168 -0.044873 0.158365
      vertex -0.0205878 -0.0403072 0.156821
      vertex -0.0201987 -0.0400902 0.157181
    endloop
  endfacet
  facet normal 0.814438 1.63826e-15 -0.580251
    outer loop
      vertex -0.0244876 -0.0396987 0.152331
      vertex -0.0243787 -0.0398355 0.152484
      vertex -0.0244876 -0.044873 0.152331
    endloop
  endfacet
  facet normal 0.808712 0.00036493 -0.588204
    outer loop
      vertex -0.0243787 -0.0398355 0.152484
      vertex -0.0241349 -0.0400902 0.152819
      vertex -0.0244876 -0.044873 0.152331
    endloop
  endfacet
  facet normal 0.800613 0.00208151 -0.599178
    outer loop
      vertex -0.0244876 -0.044873 0.152331
      vertex -0.0241349 -0.0400902 0.152819
      vertex -0.0238645 -0.0403072 0.153179
    endloop
  endfacet
  facet normal 0.791782 0.00544246 -0.610779
    outer loop
      vertex -0.0238645 -0.0403072 0.153179
      vertex -0.0235686 -0.0404839 0.153561
      vertex -0.0244876 -0.044873 0.152331
    endloop
  endfacet
  facet normal 0.782068 0.01093 -0.623098
    outer loop
      vertex -0.0235686 -0.0404839 0.153561
      vertex -0.023249 -0.0406183 0.15396
      vertex -0.0244876 -0.044873 0.152331
    endloop
  endfacet
  facet normal 0.788719 0.0057881 -0.614727
    outer loop
      vertex -0.0244876 -0.044873 0.152331
      vertex -0.023249 -0.0406183 0.15396
      vertex -0.0227859 -0.044873 0.154514
    endloop
  endfacet
  facet normal 0.769366 0.000546549 -0.638808
    outer loop
      vertex -0.023249 -0.0406183 0.15396
      vertex -0.0229076 -0.0407088 0.154371
      vertex -0.0227859 -0.044873 0.154514
    endloop
  endfacet
  facet normal 0.757596 -0.000275056 -0.652724
    outer loop
      vertex -0.0227859 -0.044873 0.154514
      vertex -0.0229076 -0.0407088 0.154371
      vertex -0.0225471 -0.0407543 0.15479
    endloop
  endfacet
  facet normal -0.122889 -2.26716e-16 0.99242
    outer loop
      vertex 0.00461904 0.005254 0.108804
      vertex 0.00461904 0.015127 0.108804
      vertex 0.00191 0.005254 0.108469
    endloop
  endfacet
  facet normal -0.122889 -2.23932e-16 0.99242
    outer loop
      vertex 0.00461904 0.015127 0.108804
      vertex 0.00191 0.015127 0.108469
      vertex 0.00191 0.005254 0.108469
    endloop
  endfacet
  facet normal -0.0205314 -3.74272e-17 0.999789
    outer loop
      vertex 0.00191 0.005254 0.108469
      vertex 0.00191 0.015127 0.108469
      vertex -0.000819149 0.005254 0.108413
    endloop
  endfacet
  facet normal -0.0205314 -3.63399e-17 0.999789
    outer loop
      vertex 0.00191 0.015127 0.108469
      vertex -0.000819149 0.015127 0.108413
      vertex -0.000819149 0.005254 0.108413
    endloop
  endfacet
  facet normal 0.082041 1.50456e-16 0.996629
    outer loop
      vertex -0.000819149 0.005254 0.108413
      vertex -0.000819149 0.015127 0.108413
      vertex -0.00353967 0.005254 0.108637
    endloop
  endfacet
  facet normal 0.082041 1.49288e-16 0.996629
    outer loop
      vertex -0.000819149 0.015127 0.108413
      vertex -0.00353967 0.015127 0.108637
      vertex -0.00353967 0.005254 0.108637
    endloop
  endfacet
  facet normal 0.183749 3.38998e-16 0.982973
    outer loop
      vertex -0.00353967 0.005254 0.108637
      vertex -0.00353967 0.015127 0.108637
      vertex -0.00622292 0.005254 0.109138
    endloop
  endfacet
  facet normal 0.183749 3.37863e-16 0.982973
    outer loop
      vertex -0.00353967 0.015127 0.108637
      vertex -0.00622292 0.015127 0.109138
      vertex -0.00622292 0.005254 0.109138
    endloop
  endfacet
  facet normal 0.283523 5.23069e-16 0.958965
    outer loop
      vertex -0.00622292 0.005254 0.109138
      vertex -0.00622292 0.015127 0.109138
      vertex -0.00884064 0.005254 0.109912
    endloop
  endfacet
  facet normal 0.283523 4.87151e-16 0.958965
    outer loop
      vertex -0.00622292 0.015127 0.109138
      vertex -0.00884064 0.015127 0.109912
      vertex -0.00884064 0.005254 0.109912
    endloop
  endfacet
  facet normal 0.380311 6.68221e-16 0.924859
    outer loop
      vertex -0.00884064 0.005254 0.109912
      vertex -0.00884064 0.015127 0.109912
      vertex -0.0113652 0.005254 0.11095
    endloop
  endfacet
  facet normal 0.380311 6.60011e-16 0.924859
    outer loop
      vertex -0.00884064 0.015127 0.109912
      vertex -0.0113652 0.015127 0.11095
      vertex -0.0113652 0.005254 0.11095
    endloop
  endfacet
  facet normal 0.473094 8.31243e-16 0.881012
    outer loop
      vertex -0.0113652 0.005254 0.11095
      vertex -0.0113652 0.015127 0.11095
      vertex -0.0137702 0.005254 0.112242
    endloop
  endfacet
  facet normal 0.473094 8.32871e-16 0.881012
    outer loop
      vertex -0.0113652 0.015127 0.11095
      vertex -0.0137702 0.015127 0.112242
      vertex -0.0137702 0.005254 0.112242
    endloop
  endfacet
  facet normal 0.560894 9.85513e-16 0.827887
    outer loop
      vertex -0.0137702 0.005254 0.112242
      vertex -0.0137702 0.015127 0.112242
      vertex -0.0160301 0.005254 0.113773
    endloop
  endfacet
  facet normal 0.560894 9.90016e-16 0.827887
    outer loop
      vertex -0.0137702 0.015127 0.112242
      vertex -0.0160301 0.015127 0.113773
      vertex -0.0160301 0.005254 0.113773
    endloop
  endfacet
  facet normal 0.642787 1.1294e-15 0.766045
    outer loop
      vertex -0.0160301 0.005254 0.113773
      vertex -0.0160301 0.015127 0.113773
      vertex -0.0181212 0.005254 0.115527
    endloop
  endfacet
  facet normal 0.642787 1.13145e-15 0.766045
    outer loop
      vertex -0.0160301 0.015127 0.113773
      vertex -0.0181212 0.015127 0.115527
      vertex -0.0181212 0.005254 0.115527
    endloop
  endfacet
  facet normal 0.717912 1.2614e-15 0.696134
    outer loop
      vertex -0.0181212 0.005254 0.115527
      vertex -0.0181212 0.015127 0.115527
      vertex -0.0200214 0.005254 0.117487
    endloop
  endfacet
  facet normal 0.717912 1.27288e-15 0.696134
    outer loop
      vertex -0.0181212 0.015127 0.115527
      vertex -0.0200214 0.015127 0.117487
      vertex -0.0200214 0.005254 0.117487
    endloop
  endfacet
  facet normal 0.785476 1.38011e-15 0.618892
    outer loop
      vertex -0.0200214 0.005254 0.117487
      vertex -0.0200214 0.015127 0.117487
      vertex -0.0217108 0.005254 0.119631
    endloop
  endfacet
  facet normal 0.785476 1.38288e-15 0.618892
    outer loop
      vertex -0.0200214 0.015127 0.117487
      vertex -0.0217108 0.015127 0.119631
      vertex -0.0217108 0.005254 0.119631
    endloop
  endfacet
  facet normal 0.844768 1.48429e-15 0.535133
    outer loop
      vertex -0.0217108 0.005254 0.119631
      vertex -0.0217108 0.015127 0.119631
      vertex -0.0231716 0.005254 0.121937
    endloop
  endfacet
  facet normal 0.844768 1.49288e-15 0.535133
    outer loop
      vertex -0.0217108 0.015127 0.119631
      vertex -0.0231716 0.015127 0.121937
      vertex -0.0231716 0.005254 0.121937
    endloop
  endfacet
  facet normal 0.895163 1.57284e-15 0.445739
    outer loop
      vertex -0.0231716 0.005254 0.121937
      vertex -0.0231716 0.015127 0.121937
      vertex -0.0243884 0.005254 0.124381
    endloop
  endfacet
  facet normal 0.895163 1.57145e-15 0.445739
    outer loop
      vertex -0.0231716 0.015127 0.121937
      vertex -0.0243884 0.015127 0.124381
      vertex -0.0243884 0.005254 0.124381
    endloop
  endfacet
  facet normal 0.936132 1.64482e-15 0.351649
    outer loop
      vertex -0.0243884 0.005254 0.124381
      vertex -0.0243884 0.015127 0.124381
      vertex -0.0253483 0.005254 0.126936
    endloop
  endfacet
  facet normal 0.936132 1.63431e-15 0.351649
    outer loop
      vertex -0.0243884 0.015127 0.124381
      vertex -0.0253483 0.015127 0.126936
      vertex -0.0253483 0.005254 0.126936
    endloop
  endfacet
  facet normal 0.967242 1.69948e-15 0.253857
    outer loop
      vertex -0.0253483 0.005254 0.126936
      vertex -0.0253483 0.015127 0.126936
      vertex -0.0260412 0.005254 0.129576
    endloop
  endfacet
  facet normal 0.967242 1.69717e-15 0.253857
    outer loop
      vertex -0.0253483 0.015127 0.126936
      vertex -0.0260412 0.015127 0.129576
      vertex -0.0260412 0.005254 0.129576
    endloop
  endfacet
  facet normal 0.988165 1.73624e-15 0.153392
    outer loop
      vertex -0.0260412 0.005254 0.129576
      vertex -0.0260412 0.015127 0.129576
      vertex -0.0264599 0.005254 0.132274
    endloop
  endfacet
  facet normal 0.988165 1.73646e-15 0.153392
    outer loop
      vertex -0.0260412 0.015127 0.129576
      vertex -0.0264599 0.015127 0.132274
      vertex -0.0264599 0.005254 0.132274
    endloop
  endfacet
  facet normal 0.998683 1.75472e-15 0.0513104
    outer loop
      vertex -0.0264599 0.005254 0.132274
      vertex -0.0264599 0.015127 0.132274
      vertex -0.0266 0.005254 0.135
    endloop
  endfacet
  facet normal 0.998683 1.75414e-15 0.0513104
    outer loop
      vertex -0.0264599 0.015127 0.132274
      vertex -0.0266 0.015127 0.135
      vertex -0.0266 0.005254 0.135
    endloop
  endfacet
  facet normal 0 -0.0541411 -0.998533
    outer loop
      vertex -0.0285831 0.037127 0.157125
      vertex -0.04 0.037127 0.157125
      vertex -0.0285831 0.0373568 0.157113
    endloop
  endfacet
  facet normal 0 -0.0541411 -0.998533
    outer loop
      vertex -0.04 0.037127 0.157125
      vertex -0.04 0.0373568 0.157113
      vertex -0.0285831 0.0373568 0.157113
    endloop
  endfacet
  facet normal 0 -0.161785 -0.986826
    outer loop
      vertex -0.0285831 0.0373568 0.157113
      vertex -0.04 0.0373568 0.157113
      vertex -0.0285831 0.0375838 0.157075
    endloop
  endfacet
  facet normal 0 -0.161785 -0.986826
    outer loop
      vertex -0.04 0.0373568 0.157113
      vertex -0.04 0.0375838 0.157075
      vertex -0.0285831 0.0375838 0.157075
    endloop
  endfacet
  facet normal 0 -0.267525 -0.963551
    outer loop
      vertex -0.0285831 0.0375838 0.157075
      vertex -0.04 0.0375838 0.157075
      vertex -0.0285831 0.0378055 0.157014
    endloop
  endfacet
  facet normal 0 -0.267525 -0.963551
    outer loop
      vertex -0.04 0.0375838 0.157075
      vertex -0.04 0.0378055 0.157014
      vertex -0.0285831 0.0378055 0.157014
    endloop
  endfacet
  facet normal 0 -0.370138 -0.928977
    outer loop
      vertex -0.0285831 0.0378055 0.157014
      vertex -0.04 0.0378055 0.157014
      vertex -0.0285831 0.0380193 0.156929
    endloop
  endfacet
  facet normal 0 -0.370138 -0.928977
    outer loop
      vertex -0.04 0.0378055 0.157014
      vertex -0.04 0.0380193 0.156929
      vertex -0.0285831 0.0380193 0.156929
    endloop
  endfacet
  facet normal 0 -0.468409 -0.883511
    outer loop
      vertex -0.0285831 0.0380193 0.156929
      vertex -0.04 0.0380193 0.156929
      vertex -0.0285831 0.0382226 0.156821
    endloop
  endfacet
  facet normal 0 -0.468409 -0.883511
    outer loop
      vertex -0.04 0.0380193 0.156929
      vertex -0.04 0.0382226 0.156821
      vertex -0.0285831 0.0382226 0.156821
    endloop
  endfacet
  facet normal 0 -0.561184 -0.827691
    outer loop
      vertex -0.0285831 0.0382226 0.156821
      vertex -0.04 0.0382226 0.156821
      vertex -0.0285831 0.038413 0.156692
    endloop
  endfacet
  facet normal 0 -0.561184 -0.827691
    outer loop
      vertex -0.04 0.0382226 0.156821
      vertex -0.04 0.038413 0.156692
      vertex -0.0285831 0.038413 0.156692
    endloop
  endfacet
  facet normal 0 -0.647387 -0.762162
    outer loop
      vertex -0.0285831 0.038413 0.156692
      vertex -0.04 0.038413 0.156692
      vertex -0.0285831 0.0385884 0.156543
    endloop
  endfacet
  facet normal 0 -0.647387 -0.762162
    outer loop
      vertex -0.04 0.038413 0.156692
      vertex -0.04 0.0385884 0.156543
      vertex -0.0285831 0.0385884 0.156543
    endloop
  endfacet
  facet normal 0 -0.725997 -0.687698
    outer loop
      vertex -0.0285831 0.0385884 0.156543
      vertex -0.04 0.0385884 0.156543
      vertex -0.0285831 0.0387466 0.156376
    endloop
  endfacet
  facet normal 0 -0.725997 -0.687698
    outer loop
      vertex -0.04 0.0385884 0.156543
      vertex -0.04 0.0387466 0.156376
      vertex -0.0285831 0.0387466 0.156376
    endloop
  endfacet
  facet normal 0 -0.79609 -0.605179
    outer loop
      vertex -0.0285831 0.0387466 0.156376
      vertex -0.04 0.0387466 0.156376
      vertex -0.0285831 0.0388858 0.156193
    endloop
  endfacet
  facet normal 0 -0.79609 -0.605179
    outer loop
      vertex -0.04 0.0387466 0.156376
      vertex -0.04 0.0388858 0.156193
      vertex -0.0285831 0.0388858 0.156193
    endloop
  endfacet
  facet normal 0 -0.856861 -0.515548
    outer loop
      vertex -0.0285831 0.0388858 0.156193
      vertex -0.04 0.0388858 0.156193
      vertex -0.0285831 0.0390045 0.155995
    endloop
  endfacet
  facet normal 0 -0.856861 -0.515548
    outer loop
      vertex -0.04 0.0388858 0.156193
      vertex -0.04 0.0390045 0.155995
      vertex -0.0285831 0.0390045 0.155995
    endloop
  endfacet
  facet normal 0 -0.907573 -0.419895
    outer loop
      vertex -0.0285831 0.0390045 0.155995
      vertex -0.04 0.0390045 0.155995
      vertex -0.0285831 0.0391011 0.155787
    endloop
  endfacet
  facet normal 0 -0.907573 -0.419895
    outer loop
      vertex -0.04 0.0390045 0.155995
      vertex -0.04 0.0391011 0.155787
      vertex -0.0285831 0.0391011 0.155787
    endloop
  endfacet
  facet normal 0 -0.947653 -0.319301
    outer loop
      vertex -0.0285831 0.0391011 0.155787
      vertex -0.04 0.0391011 0.155787
      vertex -0.0285831 0.0391745 0.155568
    endloop
  endfacet
  facet normal 0 -0.947653 -0.319301
    outer loop
      vertex -0.04 0.0391011 0.155787
      vertex -0.04 0.0391745 0.155568
      vertex -0.0285831 0.0391745 0.155568
    endloop
  endfacet
  facet normal 0 -0.976621 -0.21497
    outer loop
      vertex -0.0285831 0.0391745 0.155568
      vertex -0.04 0.0391745 0.155568
      vertex -0.0285831 0.039224 0.155344
    endloop
  endfacet
  facet normal 0 -0.976621 -0.21497
    outer loop
      vertex -0.04 0.0391745 0.155568
      vertex -0.04 0.039224 0.155344
      vertex -0.0285831 0.039224 0.155344
    endloop
  endfacet
  facet normal 0 -0.994138 -0.108121
    outer loop
      vertex -0.0285831 0.039224 0.155344
      vertex -0.04 0.039224 0.155344
      vertex -0.0285831 0.0392489 0.155115
    endloop
  endfacet
  facet normal 0 -0.994138 -0.108121
    outer loop
      vertex -0.04 0.039224 0.155344
      vertex -0.04 0.0392489 0.155115
      vertex -0.0285831 0.0392489 0.155115
    endloop
  endfacet
  facet normal 0 -1 0
    outer loop
      vertex -0.0285831 0.0392489 0.155115
      vertex -0.04 0.0392489 0.155115
      vertex -0.0285831 0.0392489 0.154885
    endloop
  endfacet
  facet normal 0 -1 0
    outer loop
      vertex -0.04 0.0392489 0.155115
      vertex -0.04 0.0392489 0.154885
      vertex -0.0285831 0.0392489 0.154885
    endloop
  endfacet
  facet normal 0 -0.994138 0.10812
    outer loop
      vertex -0.0285831 0.0392489 0.154885
      vertex -0.04 0.0392489 0.154885
      vertex -0.0285831 0.039224 0.154656
    endloop
  endfacet
  facet normal 0 -0.994138 0.10812
    outer loop
      vertex -0.04 0.0392489 0.154885
      vertex -0.04 0.039224 0.154656
      vertex -0.0285831 0.039224 0.154656
    endloop
  endfacet
  facet normal 0 -0.976621 0.21497
    outer loop
      vertex -0.0285831 0.039224 0.154656
      vertex -0.04 0.039224 0.154656
      vertex -0.0285831 0.0391745 0.154432
    endloop
  endfacet
  facet normal 0 -0.976621 0.21497
    outer loop
      vertex -0.04 0.039224 0.154656
      vertex -0.04 0.0391745 0.154432
      vertex -0.0285831 0.0391745 0.154432
    endloop
  endfacet
  facet normal 0 -0.947653 0.319303
    outer loop
      vertex -0.0285831 0.0391745 0.154432
      vertex -0.04 0.0391745 0.154432
      vertex -0.0285831 0.0391011 0.154213
    endloop
  endfacet
  facet normal 0 -0.947653 0.319303
    outer loop
      vertex -0.04 0.0391745 0.154432
      vertex -0.04 0.0391011 0.154213
      vertex -0.0285831 0.0391011 0.154213
    endloop
  endfacet
  facet normal 0 -0.907574 0.419892
    outer loop
      vertex -0.0285831 0.0391011 0.154213
      vertex -0.04 0.0391011 0.154213
      vertex -0.0285831 0.0390045 0.154005
    endloop
  endfacet
  facet normal 0 -0.907574 0.419892
    outer loop
      vertex -0.04 0.0391011 0.154213
      vertex -0.04 0.0390045 0.154005
      vertex -0.0285831 0.0390045 0.154005
    endloop
  endfacet
  facet normal 0 -0.856859 0.515551
    outer loop
      vertex -0.0285831 0.0390045 0.154005
      vertex -0.04 0.0390045 0.154005
      vertex -0.0285831 0.0388858 0.153807
    endloop
  endfacet
  facet normal 0 -0.856859 0.515551
    outer loop
      vertex -0.04 0.0390045 0.154005
      vertex -0.04 0.0388858 0.153807
      vertex -0.0285831 0.0388858 0.153807
    endloop
  endfacet
  facet normal 0 -0.796093 0.605175
    outer loop
      vertex -0.0285831 0.0388858 0.153807
      vertex -0.04 0.0388858 0.153807
      vertex -0.0285831 0.0387466 0.153624
    endloop
  endfacet
  facet normal 0 -0.796093 0.605175
    outer loop
      vertex -0.04 0.0388858 0.153807
      vertex -0.04 0.0387466 0.153624
      vertex -0.0285831 0.0387466 0.153624
    endloop
  endfacet
  facet normal 0 -0.725993 0.687702
    outer loop
      vertex -0.0285831 0.0387466 0.153624
      vertex -0.04 0.0387466 0.153624
      vertex -0.0285831 0.0385884 0.153457
    endloop
  endfacet
  facet normal 0 -0.725993 0.687702
    outer loop
      vertex -0.04 0.0387466 0.153624
      vertex -0.04 0.0385884 0.153457
      vertex -0.0285831 0.0385884 0.153457
    endloop
  endfacet
  facet normal 0 -0.647387 0.762162
    outer loop
      vertex -0.0285831 0.0385884 0.153457
      vertex -0.04 0.0385884 0.153457
      vertex -0.0285831 0.038413 0.153308
    endloop
  endfacet
  facet normal 0 -0.647387 0.762162
    outer loop
      vertex -0.04 0.0385884 0.153457
      vertex -0.04 0.038413 0.153308
      vertex -0.0285831 0.038413 0.153308
    endloop
  endfacet
  facet normal 0 -0.56119 0.827687
    outer loop
      vertex -0.0285831 0.038413 0.153308
      vertex -0.04 0.038413 0.153308
      vertex -0.0285831 0.0382226 0.153179
    endloop
  endfacet
  facet normal 0 -0.56119 0.827687
    outer loop
      vertex -0.04 0.038413 0.153308
      vertex -0.04 0.0382226 0.153179
      vertex -0.0285831 0.0382226 0.153179
    endloop
  endfacet
  facet normal 0 -0.468409 0.883511
    outer loop
      vertex -0.0285831 0.0382226 0.153179
      vertex -0.04 0.0382226 0.153179
      vertex -0.0285831 0.0380193 0.153071
    endloop
  endfacet
  facet normal 0 -0.468409 0.883511
    outer loop
      vertex -0.04 0.0382226 0.153179
      vertex -0.04 0.0380193 0.153071
      vertex -0.0285831 0.0380193 0.153071
    endloop
  endfacet
  facet normal 0 -0.370138 0.928977
    outer loop
      vertex -0.0285831 0.0380193 0.153071
      vertex -0.04 0.0380193 0.153071
      vertex -0.0285831 0.0378055 0.152986
    endloop
  endfacet
  facet normal 0 -0.370138 0.928977
    outer loop
      vertex -0.04 0.0380193 0.153071
      vertex -0.04 0.0378055 0.152986
      vertex -0.0285831 0.0378055 0.152986
    endloop
  endfacet
  facet normal 0 -0.267525 0.963551
    outer loop
      vertex -0.0285831 0.0378055 0.152986
      vertex -0.04 0.0378055 0.152986
      vertex -0.0285831 0.0375838 0.152925
    endloop
  endfacet
  facet normal 0 -0.267525 0.963551
    outer loop
      vertex -0.04 0.0378055 0.152986
      vertex -0.04 0.0375838 0.152925
      vertex -0.0285831 0.0375838 0.152925
    endloop
  endfacet
  facet normal 0 -0.161785 0.986826
    outer loop
      vertex -0.0285831 0.0375838 0.152925
      vertex -0.04 0.0375838 0.152925
      vertex -0.0285831 0.0373568 0.152887
    endloop
  endfacet
  facet normal 0 -0.161785 0.986826
    outer loop
      vertex -0.04 0.0375838 0.152925
      vertex -0.04 0.0373568 0.152887
      vertex -0.0285831 0.0373568 0.152887
    endloop
  endfacet
  facet normal 0 -0.054133 0.998534
    outer loop
      vertex -0.0285831 0.0373568 0.152887
      vertex -0.04 0.0373568 0.152887
      vertex -0.0285831 0.037127 0.152875
    endloop
  endfacet
  facet normal 0 -0.054133 0.998534
    outer loop
      vertex -0.04 0.0373568 0.152887
      vertex -0.04 0.037127 0.152875
      vertex -0.0285831 0.037127 0.152875
    endloop
  endfacet
  facet normal 0 0.054133 0.998534
    outer loop
      vertex -0.0285831 0.037127 0.152875
      vertex -0.04 0.037127 0.152875
      vertex -0.0285831 0.0368972 0.152887
    endloop
  endfacet
  facet normal 0 0.054133 0.998534
    outer loop
      vertex -0.04 0.037127 0.152875
      vertex -0.04 0.0368972 0.152887
      vertex -0.0285831 0.0368972 0.152887
    endloop
  endfacet
  facet normal 0 0.161785 0.986826
    outer loop
      vertex -0.0285831 0.0368972 0.152887
      vertex -0.04 0.0368972 0.152887
      vertex -0.0285831 0.0366702 0.152925
    endloop
  endfacet
  facet normal 0 0.161785 0.986826
    outer loop
      vertex -0.04 0.0368972 0.152887
      vertex -0.04 0.0366702 0.152925
      vertex -0.0285831 0.0366702 0.152925
    endloop
  endfacet
  facet normal 0 0.267525 0.963551
    outer loop
      vertex -0.0285831 0.0366702 0.152925
      vertex -0.04 0.0366702 0.152925
      vertex -0.0285831 0.0364485 0.152986
    endloop
  endfacet
  facet normal 0 0.267525 0.963551
    outer loop
      vertex -0.04 0.0366702 0.152925
      vertex -0.04 0.0364485 0.152986
      vertex -0.0285831 0.0364485 0.152986
    endloop
  endfacet
  facet normal 0 0.370138 0.928977
    outer loop
      vertex -0.0285831 0.0364485 0.152986
      vertex -0.04 0.0364485 0.152986
      vertex -0.0285831 0.0362347 0.153071
    endloop
  endfacet
  facet normal 0 0.370138 0.928977
    outer loop
      vertex -0.04 0.0364485 0.152986
      vertex -0.04 0.0362347 0.153071
      vertex -0.0285831 0.0362347 0.153071
    endloop
  endfacet
  facet normal 0 0.468409 0.883511
    outer loop
      vertex -0.0285831 0.0362347 0.153071
      vertex -0.04 0.0362347 0.153071
      vertex -0.0285831 0.0360314 0.153179
    endloop
  endfacet
  facet normal 0 0.468409 0.883511
    outer loop
      vertex -0.04 0.0362347 0.153071
      vertex -0.04 0.0360314 0.153179
      vertex -0.0285831 0.0360314 0.153179
    endloop
  endfacet
  facet normal 0 0.56119 0.827687
    outer loop
      vertex -0.0285831 0.0360314 0.153179
      vertex -0.04 0.0360314 0.153179
      vertex -0.0285831 0.035841 0.153308
    endloop
  endfacet
  facet normal 0 0.56119 0.827687
    outer loop
      vertex -0.04 0.0360314 0.153179
      vertex -0.04 0.035841 0.153308
      vertex -0.0285831 0.035841 0.153308
    endloop
  endfacet
  facet normal 0 0.647387 0.762162
    outer loop
      vertex -0.0285831 0.035841 0.153308
      vertex -0.04 0.035841 0.153308
      vertex -0.0285831 0.0356656 0.153457
    endloop
  endfacet
  facet normal 0 0.647387 0.762162
    outer loop
      vertex -0.04 0.035841 0.153308
      vertex -0.04 0.0356656 0.153457
      vertex -0.0285831 0.0356656 0.153457
    endloop
  endfacet
  facet normal 0 0.725993 0.687702
    outer loop
      vertex -0.0285831 0.0356656 0.153457
      vertex -0.04 0.0356656 0.153457
      vertex -0.0285831 0.0355074 0.153624
    endloop
  endfacet
  facet normal 0 0.725993 0.687702
    outer loop
      vertex -0.04 0.0356656 0.153457
      vertex -0.04 0.0355074 0.153624
      vertex -0.0285831 0.0355074 0.153624
    endloop
  endfacet
  facet normal 0 0.796097 0.60517
    outer loop
      vertex -0.0285831 0.0355074 0.153624
      vertex -0.04 0.0355074 0.153624
      vertex -0.0285831 0.0353682 0.153807
    endloop
  endfacet
  facet normal 0 0.796097 0.60517
    outer loop
      vertex -0.04 0.0355074 0.153624
      vertex -0.04 0.0353682 0.153807
      vertex -0.0285831 0.0353682 0.153807
    endloop
  endfacet
  facet normal 0 0.856855 0.515557
    outer loop
      vertex -0.0285831 0.0353682 0.153807
      vertex -0.04 0.0353682 0.153807
      vertex -0.0285831 0.0352495 0.154005
    endloop
  endfacet
  facet normal 0 0.856855 0.515557
    outer loop
      vertex -0.04 0.0353682 0.153807
      vertex -0.04 0.0352495 0.154005
      vertex -0.0285831 0.0352495 0.154005
    endloop
  endfacet
  facet normal 0 0.907574 0.419892
    outer loop
      vertex -0.0285831 0.0352495 0.154005
      vertex -0.04 0.0352495 0.154005
      vertex -0.0285831 0.0351529 0.154213
    endloop
  endfacet
  facet normal 0 0.907574 0.419892
    outer loop
      vertex -0.04 0.0352495 0.154005
      vertex -0.04 0.0351529 0.154213
      vertex -0.0285831 0.0351529 0.154213
    endloop
  endfacet
  facet normal 0 0.947653 0.319303
    outer loop
      vertex -0.0285831 0.0351529 0.154213
      vertex -0.04 0.0351529 0.154213
      vertex -0.0285831 0.0350795 0.154432
    endloop
  endfacet
  facet normal 0 0.947653 0.319303
    outer loop
      vertex -0.04 0.0351529 0.154213
      vertex -0.04 0.0350795 0.154432
      vertex -0.0285831 0.0350795 0.154432
    endloop
  endfacet
  facet normal 0 0.976621 0.21497
    outer loop
      vertex -0.0285831 0.0350795 0.154432
      vertex -0.04 0.0350795 0.154432
      vertex -0.0285831 0.03503 0.154656
    endloop
  endfacet
  facet normal 0 0.976621 0.21497
    outer loop
      vertex -0.04 0.0350795 0.154432
      vertex -0.04 0.03503 0.154656
      vertex -0.0285831 0.03503 0.154656
    endloop
  endfacet
  facet normal 0 0.994139 0.108112
    outer loop
      vertex -0.0285831 0.03503 0.154656
      vertex -0.04 0.03503 0.154656
      vertex -0.0285831 0.0350051 0.154885
    endloop
  endfacet
  facet normal 0 0.994139 0.108112
    outer loop
      vertex -0.04 0.03503 0.154656
      vertex -0.04 0.0350051 0.154885
      vertex -0.0285831 0.0350051 0.154885
    endloop
  endfacet
  facet normal 0 1 0
    outer loop
      vertex -0.0285831 0.0350051 0.154885
      vertex -0.04 0.0350051 0.154885
      vertex -0.0285831 0.0350051 0.155115
    endloop
  endfacet
  facet normal 0 1 0
    outer loop
      vertex -0.04 0.0350051 0.154885
      vertex -0.04 0.0350051 0.155115
      vertex -0.0285831 0.0350051 0.155115
    endloop
  endfacet
  facet normal 0 0.994139 -0.108113
    outer loop
      vertex -0.0285831 0.0350051 0.155115
      vertex -0.04 0.0350051 0.155115
      vertex -0.0285831 0.03503 0.155344
    endloop
  endfacet
  facet normal 0 0.994139 -0.108113
    outer loop
      vertex -0.04 0.0350051 0.155115
      vertex -0.04 0.03503 0.155344
      vertex -0.0285831 0.03503 0.155344
    endloop
  endfacet
  facet normal 0 0.976621 -0.21497
    outer loop
      vertex -0.0285831 0.03503 0.155344
      vertex -0.04 0.03503 0.155344
      vertex -0.0285831 0.0350795 0.155568
    endloop
  endfacet
  facet normal 0 0.976621 -0.21497
    outer loop
      vertex -0.04 0.03503 0.155344
      vertex -0.04 0.0350795 0.155568
      vertex -0.0285831 0.0350795 0.155568
    endloop
  endfacet
  facet normal 0 0.947653 -0.319301
    outer loop
      vertex -0.0285831 0.0350795 0.155568
      vertex -0.04 0.0350795 0.155568
      vertex -0.0285831 0.0351529 0.155787
    endloop
  endfacet
  facet normal 0 0.947653 -0.319301
    outer loop
      vertex -0.04 0.0350795 0.155568
      vertex -0.04 0.0351529 0.155787
      vertex -0.0285831 0.0351529 0.155787
    endloop
  endfacet
  facet normal 0 0.907573 -0.419895
    outer loop
      vertex -0.0285831 0.0351529 0.155787
      vertex -0.04 0.0351529 0.155787
      vertex -0.0285831 0.0352495 0.155995
    endloop
  endfacet
  facet normal 0 0.907573 -0.419895
    outer loop
      vertex -0.04 0.0351529 0.155787
      vertex -0.04 0.0352495 0.155995
      vertex -0.0285831 0.0352495 0.155995
    endloop
  endfacet
  facet normal 0 0.856857 -0.515554
    outer loop
      vertex -0.0285831 0.0352495 0.155995
      vertex -0.04 0.0352495 0.155995
      vertex -0.0285831 0.0353682 0.156193
    endloop
  endfacet
  facet normal 0 0.856857 -0.515554
    outer loop
      vertex -0.04 0.0352495 0.155995
      vertex -0.04 0.0353682 0.156193
      vertex -0.0285831 0.0353682 0.156193
    endloop
  endfacet
  facet normal 0 0.796094 -0.605174
    outer loop
      vertex -0.0285831 0.0353682 0.156193
      vertex -0.04 0.0353682 0.156193
      vertex -0.0285831 0.0355074 0.156376
    endloop
  endfacet
  facet normal 0 0.796094 -0.605174
    outer loop
      vertex -0.04 0.0353682 0.156193
      vertex -0.04 0.0355074 0.156376
      vertex -0.0285831 0.0355074 0.156376
    endloop
  endfacet
  facet normal 0 0.725997 -0.687698
    outer loop
      vertex -0.0285831 0.0355074 0.156376
      vertex -0.04 0.0355074 0.156376
      vertex -0.0285831 0.0356656 0.156543
    endloop
  endfacet
  facet normal 0 0.725997 -0.687698
    outer loop
      vertex -0.04 0.0355074 0.156376
      vertex -0.04 0.0356656 0.156543
      vertex -0.0285831 0.0356656 0.156543
    endloop
  endfacet
  facet normal 0 0.647387 -0.762162
    outer loop
      vertex -0.0285831 0.0356656 0.156543
      vertex -0.04 0.0356656 0.156543
      vertex -0.0285831 0.035841 0.156692
    endloop
  endfacet
  facet normal 0 0.647387 -0.762162
    outer loop
      vertex -0.04 0.0356656 0.156543
      vertex -0.04 0.035841 0.156692
      vertex -0.0285831 0.035841 0.156692
    endloop
  endfacet
  facet normal 0 0.561184 -0.827691
    outer loop
      vertex -0.0285831 0.035841 0.156692
      vertex -0.04 0.035841 0.156692
      vertex -0.0285831 0.0360314 0.156821
    endloop
  endfacet
  facet normal 0 0.561184 -0.827691
    outer loop
      vertex -0.04 0.035841 0.156692
      vertex -0.04 0.0360314 0.156821
      vertex -0.0285831 0.0360314 0.156821
    endloop
  endfacet
  facet normal 0 0.468409 -0.883511
    outer loop
      vertex -0.0285831 0.0360314 0.156821
      vertex -0.04 0.0360314 0.156821
      vertex -0.0285831 0.0362347 0.156929
    endloop
  endfacet
  facet normal 0 0.468409 -0.883511
    outer loop
      vertex -0.04 0.0360314 0.156821
      vertex -0.04 0.0362347 0.156929
      vertex -0.0285831 0.0362347 0.156929
    endloop
  endfacet
  facet normal 0 0.370138 -0.928977
    outer loop
      vertex -0.0285831 0.0362347 0.156929
      vertex -0.04 0.0362347 0.156929
      vertex -0.0285831 0.0364485 0.157014
    endloop
  endfacet
  facet normal 0 0.370138 -0.928977
    outer loop
      vertex -0.04 0.0362347 0.156929
      vertex -0.04 0.0364485 0.157014
      vertex -0.0285831 0.0364485 0.157014
    endloop
  endfacet
  facet normal 0 0.267525 -0.963551
    outer loop
      vertex -0.0285831 0.0364485 0.157014
      vertex -0.04 0.0364485 0.157014
      vertex -0.0285831 0.0366702 0.157075
    endloop
  endfacet
  facet normal 0 0.267525 -0.963551
    outer loop
      vertex -0.04 0.0364485 0.157014
      vertex -0.04 0.0366702 0.157075
      vertex -0.0285831 0.0366702 0.157075
    endloop
  endfacet
  facet normal 0 0.161785 -0.986826
    outer loop
      vertex -0.0285831 0.0366702 0.157075
      vertex -0.04 0.0366702 0.157075
      vertex -0.0285831 0.0368972 0.157113
    endloop
  endfacet
  facet normal 0 0.161785 -0.986826
    outer loop
      vertex -0.04 0.0366702 0.157075
      vertex -0.04 0.0368972 0.157113
      vertex -0.0285831 0.0368972 0.157113
    endloop
  endfacet
  facet normal 0 0.0541411 -0.998533
    outer loop
      vertex -0.0285831 0.0368972 0.157113
      vertex -0.04 0.0368972 0.157113
      vertex -0.0285831 0.037127 0.157125
    endloop
  endfacet
  facet normal 0 0.0541411 -0.998533
    outer loop
      vertex -0.04 0.0368972 0.157113
      vertex -0.04 0.037127 0.157125
      vertex -0.0285831 0.037127 0.157125
    endloop
  endfacet
  facet normal -0.0487877 -8.93727e-17 0.998809
    outer loop
      vertex 3.15026e-17 -0.014873 0.165
      vertex -2.34535e-17 0.015127 0.165
      vertex -0.00292378 0.015127 0.164857
    endloop
  endfacet
  facet normal -0.0487877 -8.92193e-17 0.998809
    outer loop
      vertex 3.15026e-17 -0.014873 0.165
      vertex -0.00292378 0.015127 0.164857
      vertex -0.00292378 -0.014873 0.164857
    endloop
  endfacet
  facet normal -0.145899 -2.67858e-16 0.9893
    outer loop
      vertex -0.00292378 0.015127 0.164857
      vertex -0.00581972 0.015127 0.16443
      vertex -0.00292378 -0.014873 0.164857
    endloop
  endfacet
  facet normal -0.145899 -2.65247e-16 0.9893
    outer loop
      vertex -0.00292378 -0.014873 0.164857
      vertex -0.00581972 0.015127 0.16443
      vertex -0.00581972 -0.014873 0.16443
    endloop
  endfacet
  facet normal -0.241621 -4.40102e-16 0.970371
    outer loop
      vertex -0.00581972 0.015127 0.16443
      vertex -0.00866025 0.015127 0.163723
      vertex -0.00581972 -0.014873 0.16443
    endloop
  endfacet
  facet normal -0.241621 -4.48508e-16 0.970371
    outer loop
      vertex -0.00581972 -0.014873 0.16443
      vertex -0.00866025 0.015127 0.163723
      vertex -0.00866025 -0.014873 0.163723
    endloop
  endfacet
  facet normal -0.335042 -6.19953e-16 0.942203
    outer loop
      vertex -0.00866025 0.015127 0.163723
      vertex -0.0114183 0.015127 0.162742
      vertex -0.00866025 -0.014873 0.163723
    endloop
  endfacet
  facet normal -0.335042 -6.17301e-16 0.942203
    outer loop
      vertex -0.00866025 -0.014873 0.163723
      vertex -0.0114183 0.015127 0.162742
      vertex -0.0114183 -0.014873 0.162742
    endloop
  endfacet
  facet normal -0.425273 -7.86914e-16 0.905065
    outer loop
      vertex -0.0114183 0.015127 0.162742
      vertex -0.0140677 0.015127 0.161497
      vertex -0.0114183 -0.014873 0.162742
    endloop
  endfacet
  facet normal -0.425273 -7.86094e-16 0.905065
    outer loop
      vertex -0.0114183 -0.014873 0.162742
      vertex -0.0140677 0.015127 0.161497
      vertex -0.0140677 -0.014873 0.161497
    endloop
  endfacet
  facet normal -0.511456 -9.46384e-16 0.859309
    outer loop
      vertex -0.0140677 0.015127 0.161497
      vertex -0.0165831 0.015127 0.16
      vertex -0.0140677 -0.014873 0.161497
    endloop
  endfacet
  facet normal -0.511456 -9.45242e-16 0.859309
    outer loop
      vertex -0.0140677 -0.014873 0.161497
      vertex -0.0165831 0.015127 0.16
      vertex -0.0165831 -0.014873 0.16
    endloop
  endfacet
  facet normal 3.44127e-17 1 -1.56339e-16
    outer loop
      vertex -0.0252589 0.015127 0.136579
      vertex -0.025428 0.015127 0.136542
      vertex -0.0274064 0.015127 0.147202
    endloop
  endfacet
  facet normal -2.61218e-16 1 -5.17945e-16
    outer loop
      vertex -0.0298357 0.015127 0.138136
      vertex -0.0293444 0.015127 0.141237
      vertex -0.0260358 0.015127 0.136219
    endloop
  endfacet
  facet normal -3.32344e-17 1 -1.60139e-16
    outer loop
      vertex 0.00475066 0.015127 0.111927
      vertex 0.00458103 0.015127 0.111962
      vertex 0.01 0.015127 0.165
    endloop
  endfacet
  facet normal 0 1 0
    outer loop
      vertex -0.0260358 0.015127 0.136219
      vertex -0.0261616 0.015127 0.1361
      vertex -0.0298357 0.015127 0.138136
    endloop
  endfacet
  facet normal 0 1 0
    outer loop
      vertex -0.0261616 0.015127 0.1361
      vertex -0.0262737 0.015127 0.135968
      vertex -0.0298357 0.015127 0.138136
    endloop
  endfacet
  facet normal 0 1 0
    outer loop
      vertex -0.0298357 0.015127 0.138136
      vertex -0.0262737 0.015127 0.135968
      vertex -0.026371 0.015127 0.135825
    endloop
  endfacet
  facet normal 0 1 0
    outer loop
      vertex -0.026371 0.015127 0.135825
      vertex -0.0264521 0.015127 0.135672
      vertex -0.0298357 0.015127 0.138136
    endloop
  endfacet
  facet normal 0 1 0
    outer loop
      vertex -0.0264521 0.015127 0.135672
      vertex -0.0265162 0.015127 0.135511
      vertex -0.0298357 0.015127 0.138136
    endloop
  endfacet
  facet normal 0 1 0
    outer loop
      vertex -0.0298357 0.015127 0.138136
      vertex -0.0265162 0.015127 0.135511
      vertex -0.03 0.015127 0.135
    endloop
  endfacet
  facet normal 0 1 0
    outer loop
      vertex -0.0265162 0.015127 0.135511
      vertex -0.0265626 0.015127 0.135344
      vertex -0.03 0.015127 0.135
    endloop
  endfacet
  facet normal 4.04696e-16 1 -1.70585e-17
    outer loop
      vertex 0.01 0.015127 0.105
      vertex 0.00593379 0.015127 0.110226
      vertex 0.00594109 0.015127 0.110399
    endloop
  endfacet
  facet normal -2.07932e-16 1 -1.44666e-16
    outer loop
      vertex 0.00570215 0.015127 0.111221
      vertex 0.00560321 0.015127 0.111363
      vertex 0.01 0.015127 0.165
    endloop
  endfacet
  facet normal 2.85764e-16 1 -1.09695e-16
    outer loop
      vertex -0.0274064 0.015127 0.147202
      vertex -0.025428 0.015127 0.136542
      vertex -0.0285317 0.015127 0.144271
    endloop
  endfacet
  facet normal 2.88355e-16 1 -1.10889e-16
    outer loop
      vertex 0.00580131 0.015127 0.109726
      vertex 0.00586349 0.015127 0.109887
      vertex 0.01 0.015127 0.105
    endloop
  endfacet
  facet normal 3.19454e-16 1 -8.45675e-17
    outer loop
      vertex 0.00586349 0.015127 0.109887
      vertex 0.00590782 0.015127 0.110055
      vertex 0.01 0.015127 0.105
    endloop
  endfacet
  facet normal 3.5705e-16 1 -5.41307e-17
    outer loop
      vertex 0.01 0.015127 0.105
      vertex 0.00590782 0.015127 0.110055
      vertex 0.00593379 0.015127 0.110226
    endloop
  endfacet
  facet normal -1.07556e-16 1 -9.1358e-17
    outer loop
      vertex -0.0238384 0.015127 0.1361
      vertex -2.34535e-17 0.015127 0.165
      vertex -0.0237263 0.015127 0.135968
    endloop
  endfacet
  facet normal -1.19883e-16 1 -8.1283e-17
    outer loop
      vertex -2.34535e-17 0.015127 0.165
      vertex -0.023629 0.015127 0.135825
      vertex -0.0237263 0.015127 0.135968
    endloop
  endfacet
  facet normal 6.66126e-17 1 -1.97699e-16
    outer loop
      vertex -0.025428 0.015127 0.136542
      vertex -0.0255922 0.015127 0.136486
      vertex -0.0285317 0.015127 0.144271
    endloop
  endfacet
  facet normal 8.77687e-17 1 -1.8971e-16
    outer loop
      vertex -0.0255922 0.015127 0.136486
      vertex -0.0257495 0.015127 0.136414
      vertex -0.0285317 0.015127 0.144271
    endloop
  endfacet
  facet normal 3.54931e-16 1 -9.51037e-17
    outer loop
      vertex -0.0285317 0.015127 0.144271
      vertex -0.0257495 0.015127 0.136414
      vertex -0.0293444 0.015127 0.141237
    endloop
  endfacet
  facet normal 1.4939e-16 1 -2.48287e-16
    outer loop
      vertex -0.0257495 0.015127 0.136414
      vertex -0.0258979 0.015127 0.136324
      vertex -0.0293444 0.015127 0.141237
    endloop
  endfacet
  facet normal 1.75057e-16 1 -2.30282e-16
    outer loop
      vertex -0.0293444 0.015127 0.141237
      vertex -0.0258979 0.015127 0.136324
      vertex -0.0260358 0.015127 0.136219
    endloop
  endfacet
  facet normal 1.31216e-16 1 -2.74888e-16
    outer loop
      vertex 0.00510762 0.015127 0.108975
      vertex 0.01 0.015127 0.105
      vertex 0.00495127 0.015127 0.108901
    endloop
  endfacet
  facet normal 1.07208e-16 1 -3.05962e-16
    outer loop
      vertex 0.01 0.015127 0.105
      vertex 0.00478778 0.015127 0.108843
      vertex 0.00495127 0.015127 0.108901
    endloop
  endfacet
  facet normal 1.53204e-16 1 -2.47828e-16
    outer loop
      vertex 0.00510762 0.015127 0.108975
      vertex 0.00525498 0.015127 0.109066
      vertex 0.01 0.015127 0.105
    endloop
  endfacet
  facet normal 1.74123e-16 1 -2.23418e-16
    outer loop
      vertex 0.00525498 0.015127 0.109066
      vertex 0.00539163 0.015127 0.109173
      vertex 0.01 0.015127 0.105
    endloop
  endfacet
  facet normal 1.9472e-16 1 -2.00671e-16
    outer loop
      vertex 0.01 0.015127 0.105
      vertex 0.00539163 0.015127 0.109173
      vertex 0.00551596 0.015127 0.109294
    endloop
  endfacet
  facet normal -2.57803e-16 1 -1.4068e-16
    outer loop
      vertex 0.00570215 0.015127 0.111221
      vertex 0.01 0.015127 0.165
      vertex 0.00578513 0.015127 0.111069
    endloop
  endfacet
  facet normal -1.3311e-16 1 -7.05709e-17
    outer loop
      vertex -0.023629 0.015127 0.135825
      vertex -2.34535e-17 0.015127 0.165
      vertex -0.0235479 0.015127 0.135672
    endloop
  endfacet
  facet normal 7.22291e-18 1 -1.83245e-16
    outer loop
      vertex -2.34535e-17 0.015127 0.165
      vertex -2.77112e-17 0.015127 0.1366
      vertex -0.0235479 0.015127 0.135672
    endloop
  endfacet
  facet normal 0 1 0
    outer loop
      vertex -0.0235479 0.015127 0.135672
      vertex -2.77112e-17 0.015127 0.1366
      vertex -0.0234838 0.015127 0.135511
    endloop
  endfacet
  facet normal 0 1 0
    outer loop
      vertex -2.77112e-17 0.015127 0.1366
      vertex -0.00017299 0.015127 0.136591
      vertex -0.0234838 0.015127 0.135511
    endloop
  endfacet
  facet normal 0 1 0
    outer loop
      vertex -0.0234838 0.015127 0.135511
      vertex -0.00017299 0.015127 0.136591
      vertex -0.0234374 0.015127 0.135344
    endloop
  endfacet
  facet normal 1.73777e-17 1 -1.59783e-16
    outer loop
      vertex -0.0252589 0.015127 0.136579
      vertex -0.0274064 0.015127 0.147202
      vertex -0.0250866 0.015127 0.136598
    endloop
  endfacet
  facet normal 2.24619e-16 1 -1.14449e-16
    outer loop
      vertex -0.0274064 0.015127 0.147202
      vertex -0.0259808 0.015127 0.15
      vertex -0.0250866 0.015127 0.136598
    endloop
  endfacet
  facet normal 0 1 -1.29434e-16
    outer loop
      vertex -0.0250866 0.015127 0.136598
      vertex -0.0259808 0.015127 0.15
      vertex -0.0249134 0.015127 0.136598
    endloop
  endfacet
  facet normal -8.53608e-16 1 -1.97417e-16
    outer loop
      vertex -0.0259808 0.015127 0.15
      vertex -0.0244876 0.015127 0.152331
      vertex -0.0249134 0.015127 0.136598
    endloop
  endfacet
  facet normal -2.39124e-17 1 -2.19871e-16
    outer loop
      vertex -0.0249134 0.015127 0.136598
      vertex -0.0244876 0.015127 0.152331
      vertex -0.0247411 0.015127 0.136579
    endloop
  endfacet
  facet normal 2.15682e-16 1 -1.78779e-16
    outer loop
      vertex 0.00551596 0.015127 0.109294
      vertex 0.00562652 0.015127 0.109427
      vertex 0.01 0.015127 0.105
    endloop
  endfacet
  facet normal 2.37703e-16 1 -1.57024e-16
    outer loop
      vertex 0.00562652 0.015127 0.109427
      vertex 0.00572201 0.015127 0.109571
      vertex 0.01 0.015127 0.105
    endloop
  endfacet
  facet normal 2.61585e-16 1 -1.34675e-16
    outer loop
      vertex 0.01 0.015127 0.105
      vertex 0.00572201 0.015127 0.109571
      vertex 0.00580131 0.015127 0.109726
    endloop
  endfacet
  facet normal 4.68721e-16 1 3.10744e-17
    outer loop
      vertex 0.00594109 0.015127 0.110399
      vertex 0.00592963 0.015127 0.110572
      vertex 0.01 0.015127 0.105
    endloop
  endfacet
  facet normal 5.61784e-16 1 9.90587e-17
    outer loop
      vertex 0.00592963 0.015127 0.110572
      vertex 0.00589954 0.015127 0.110743
      vertex 0.01 0.015127 0.105
    endloop
  endfacet
  facet normal 1.80114e-16 1 -1.73472e-16
    outer loop
      vertex 0.01 0.015127 0.105
      vertex 0.00589954 0.015127 0.110743
      vertex 0.01 0.015127 0.165
    endloop
  endfacet
  facet normal -4.36501e-16 1 -1.26872e-16
    outer loop
      vertex 0.00589954 0.015127 0.110743
      vertex 0.00585119 0.015127 0.110909
      vertex 0.01 0.015127 0.165
    endloop
  endfacet
  facet normal -3.27818e-16 1 -1.35208e-16
    outer loop
      vertex 0.01 0.015127 0.165
      vertex 0.00585119 0.015127 0.110909
      vertex 0.00578513 0.015127 0.111069
    endloop
  endfacet
  facet normal -9.05391e-17 1 -1.54661e-16
    outer loop
      vertex 0.0052231 0.015127 0.111715
      vertex 0.00507359 0.015127 0.111802
      vertex 0.01 0.015127 0.165
    endloop
  endfacet
  facet normal -7.0152e-17 1 -1.56549e-16
    outer loop
      vertex 0.00507359 0.015127 0.111802
      vertex 0.00491549 0.015127 0.111873
      vertex 0.01 0.015127 0.165
    endloop
  endfacet
  facet normal -5.12428e-17 1 -1.58358e-16
    outer loop
      vertex 0.01 0.015127 0.165
      vertex 0.00491549 0.015127 0.111873
      vertex 0.00475066 0.015127 0.111927
    endloop
  endfacet
  facet normal -5.38731e-17 1 -1.16445e-16
    outer loop
      vertex -0.0242505 0.015127 0.136414
      vertex -0.0244078 0.015127 0.136486
      vertex -0.0140677 0.015127 0.161497
    endloop
  endfacet
  facet normal -1.69808e-16 1 -1.47791e-16
    outer loop
      vertex 0.00560321 0.015127 0.111363
      vertex 0.00548947 0.015127 0.111494
      vertex 0.01 0.015127 0.165
    endloop
  endfacet
  facet normal -1.39054e-16 1 -1.50383e-16
    outer loop
      vertex 0.00548947 0.015127 0.111494
      vertex 0.00536227 0.015127 0.111612
      vertex 0.01 0.015127 0.165
    endloop
  endfacet
  facet normal -1.13156e-16 1 -1.52633e-16
    outer loop
      vertex 0.01 0.015127 0.165
      vertex 0.00536227 0.015127 0.111612
      vertex 0.0052231 0.015127 0.111715
    endloop
  endfacet
  facet normal 0 1 0
    outer loop
      vertex -0.000510882 0.015127 0.136516
      vertex -0.000671823 0.015127 0.136452
      vertex -0.0234094 0.015127 0.135173
    endloop
  endfacet
  facet normal -2.82494e-16 1 -9.51831e-17
    outer loop
      vertex 0.00154168 0.015127 0.135428
      vertex 0.00148636 0.015127 0.135592
      vertex 0.01 0.015127 0.165
    endloop
  endfacet
  facet normal -2.35279e-16 1 -1.08852e-16
    outer loop
      vertex 0.00148636 0.015127 0.135592
      vertex 0.00141362 0.015127 0.135749
      vertex 0.01 0.015127 0.165
    endloop
  endfacet
  facet normal 8.03115e-17 1 -1.70919e-16
    outer loop
      vertex -0.0140677 0.015127 0.161497
      vertex -0.0114183 0.015127 0.162742
      vertex -0.0242505 0.015127 0.136414
    endloop
  endfacet
  facet normal -7.04139e-16 1 2.11414e-16
    outer loop
      vertex -0.0114183 0.015127 0.162742
      vertex -0.00866025 0.015127 0.163723
      vertex -0.0242505 0.015127 0.136414
    endloop
  endfacet
  facet normal -8.53445e-17 1 -1.41843e-16
    outer loop
      vertex -0.0242505 0.015127 0.136414
      vertex -0.00866025 0.015127 0.163723
      vertex -0.0241021 0.015127 0.136324
    endloop
  endfacet
  facet normal 5.50164e-17 1 -2.20951e-16
    outer loop
      vertex -0.00866025 0.015127 0.163723
      vertex -0.00581972 0.015127 0.16443
      vertex -0.0241021 0.015127 0.136324
    endloop
  endfacet
  facet normal -9.41843e-17 1 -1.23898e-16
    outer loop
      vertex -0.0241021 0.015127 0.136324
      vertex -0.00581972 0.015127 0.16443
      vertex -0.0239642 0.015127 0.136219
    endloop
  endfacet
  facet normal 2.88556e-16 1 -2.249e-16
    outer loop
      vertex -0.0244876 0.015127 0.152331
      vertex -0.0227859 0.015127 0.154514
      vertex -0.0247411 0.015127 0.136579
    endloop
  endfacet
  facet normal 2.32855e-16 1 -2.18828e-16
    outer loop
      vertex -0.0227859 0.015127 0.154514
      vertex -0.0208903 0.015127 0.156531
      vertex -0.0247411 0.015127 0.136579
    endloop
  endfacet
  facet normal -3.67157e-17 1 -1.66801e-16
    outer loop
      vertex -0.0247411 0.015127 0.136579
      vertex -0.0208903 0.015127 0.156531
      vertex -0.024572 0.015127 0.136542
    endloop
  endfacet
  facet normal 1.83371e-16 1 -2.07336e-16
    outer loop
      vertex -0.0208903 0.015127 0.156531
      vertex -0.0188168 0.015127 0.158365
      vertex -0.024572 0.015127 0.136542
    endloop
  endfacet
  facet normal -4.91948e-17 1 -1.46005e-16
    outer loop
      vertex -0.024572 0.015127 0.136542
      vertex -0.0188168 0.015127 0.158365
      vertex -0.0244078 0.015127 0.136486
    endloop
  endfacet
  facet normal 1.42771e-16 1 -1.9506e-16
    outer loop
      vertex -0.0188168 0.015127 0.158365
      vertex -0.0165831 0.015127 0.16
      vertex -0.0244078 0.015127 0.136486
    endloop
  endfacet
  facet normal 1.09511e-16 1 -1.83993e-16
    outer loop
      vertex -0.0244078 0.015127 0.136486
      vertex -0.0165831 0.015127 0.16
      vertex -0.0140677 0.015127 0.161497
    endloop
  endfacet
  facet normal -1.9874e-16 1 -1.19578e-16
    outer loop
      vertex 0.00141362 0.015127 0.135749
      vertex 0.0013243 0.015127 0.135898
      vertex 0.01 0.015127 0.165
    endloop
  endfacet
  facet normal -1.68975e-16 1 -1.28451e-16
    outer loop
      vertex 0.0013243 0.015127 0.135898
      vertex 0.00121946 0.015127 0.136036
      vertex 0.01 0.015127 0.165
    endloop
  endfacet
  facet normal -1.43695e-16 1 -1.36115e-16
    outer loop
      vertex 0.01 0.015127 0.165
      vertex 0.00121946 0.015127 0.136036
      vertex 0.00110032 0.015127 0.136162
    endloop
  endfacet
  facet normal -1.08587e-16 1 -1.14634e-16
    outer loop
      vertex -0.0239642 0.015127 0.136219
      vertex -0.00581972 0.015127 0.16443
      vertex -0.0238384 0.015127 0.1361
    endloop
  endfacet
  facet normal 2.98956e-17 1 -2.02714e-16
    outer loop
      vertex -0.00581972 0.015127 0.16443
      vertex -0.00292378 0.015127 0.164857
      vertex -0.0238384 0.015127 0.1361
    endloop
  endfacet
  facet normal 9.16531e-18 1 -1.87637e-16
    outer loop
      vertex -0.0238384 0.015127 0.1361
      vertex -0.00292378 0.015127 0.164857
      vertex -2.34535e-17 0.015127 0.165
    endloop
  endfacet
  facet normal 0 1 0
    outer loop
      vertex -0.0234374 0.015127 0.135344
      vertex -0.00017299 0.015127 0.136591
      vertex -0.0234094 0.015127 0.135173
    endloop
  endfacet
  facet normal 0 1 0
    outer loop
      vertex -0.00017299 0.015127 0.136591
      vertex -0.000343953 0.015127 0.136563
      vertex -0.0234094 0.015127 0.135173
    endloop
  endfacet
  facet normal 0 1 0
    outer loop
      vertex -0.0234094 0.015127 0.135173
      vertex -0.000343953 0.015127 0.136563
      vertex -0.000510882 0.015127 0.136516
    endloop
  endfacet
  facet normal 1.87171e-16 1 -6.53687e-16
    outer loop
      vertex -0.00110032 0.015127 0.136162
      vertex -0.0221582 0.015127 0.127478
      vertex -0.0228453 0.015127 0.129935
    endloop
  endfacet
  facet normal 0 1 0
    outer loop
      vertex -0.000671823 0.015127 0.136452
      vertex -0.000824886 0.015127 0.136371
      vertex -0.0234094 0.015127 0.135173
    endloop
  endfacet
  facet normal 0 1 0
    outer loop
      vertex -0.000824886 0.015127 0.136371
      vertex -0.000968279 0.015127 0.136274
      vertex -0.0234094 0.015127 0.135173
    endloop
  endfacet
  facet normal 0 1 0
    outer loop
      vertex -0.0234094 0.015127 0.135173
      vertex -0.000968279 0.015127 0.136274
      vertex -0.0234 0.015127 0.135
    endloop
  endfacet
  facet normal 0 1 0
    outer loop
      vertex -0.000968279 0.015127 0.136274
      vertex -0.00110032 0.015127 0.136162
      vertex -0.0234 0.015127 0.135
    endloop
  endfacet
  facet normal 0 1 0
    outer loop
      vertex -0.0234 0.015127 0.135
      vertex -0.00110032 0.015127 0.136162
      vertex -0.0232609 0.015127 0.132453
    endloop
  endfacet
  facet normal 0 1 0
    outer loop
      vertex -0.00110032 0.015127 0.136162
      vertex -0.0228453 0.015127 0.129935
      vertex -0.0232609 0.015127 0.132453
    endloop
  endfacet
  facet normal -1.35181e-16 1 1.2805e-16
    outer loop
      vertex -0.00110032 0.015127 0.136162
      vertex -0.00121946 0.015127 0.136036
      vertex -0.0221582 0.015127 0.127478
    endloop
  endfacet
  facet normal -1.20188e-16 1 9.13643e-17
    outer loop
      vertex -0.00121946 0.015127 0.136036
      vertex -0.0013243 0.015127 0.135898
      vertex -0.0221582 0.015127 0.127478
    endloop
  endfacet
  facet normal -1.10016e-16 1 6.61942e-17
    outer loop
      vertex -0.0221582 0.015127 0.127478
      vertex -0.0013243 0.015127 0.135898
      vertex -0.00141362 0.015127 0.135749
    endloop
  endfacet
  facet normal -1.02538e-16 1 4.7439e-17
    outer loop
      vertex -0.00141362 0.015127 0.135749
      vertex -0.00148636 0.015127 0.135592
      vertex -0.0221582 0.015127 0.127478
    endloop
  endfacet
  facet normal -9.67071e-17 1 3.25844e-17
    outer loop
      vertex -0.00148636 0.015127 0.135592
      vertex -0.00154168 0.015127 0.135428
      vertex -0.0221582 0.015127 0.127478
    endloop
  endfacet
  facet normal -9.19467e-17 1 2.0239e-17
    outer loop
      vertex -0.0221582 0.015127 0.127478
      vertex -0.00154168 0.015127 0.135428
      vertex -0.00157892 0.015127 0.135259
    endloop
  endfacet
  facet normal -4.26432e-17 1 -1.59178e-16
    outer loop
      vertex 0.00458103 0.015127 0.111962
      vertex 0.00154168 0.015127 0.134572
      vertex 0.01 0.015127 0.165
    endloop
  endfacet
  facet normal -2.9559e-15 1 6.50642e-16
    outer loop
      vertex 0.00154168 0.015127 0.134572
      vertex 0.00157892 0.015127 0.134741
      vertex 0.01 0.015127 0.165
    endloop
  endfacet
  facet normal -1.01442e-15 1 1.10325e-16
    outer loop
      vertex 0.01 0.015127 0.165
      vertex 0.00157892 0.015127 0.134741
      vertex 0.00159765 0.015127 0.134913
    endloop
  endfacet
  facet normal 0 1 0
    outer loop
      vertex -0.0265626 0.015127 0.135344
      vertex -0.0265906 0.015127 0.135173
      vertex -0.03 0.015127 0.135
    endloop
  endfacet
  facet normal 0 1 0
    outer loop
      vertex -0.0265906 0.015127 0.135173
      vertex -0.0266 0.015127 0.135
      vertex -0.03 0.015127 0.135
    endloop
  endfacet
  facet normal 0 1 0
    outer loop
      vertex -0.03 0.015127 0.135
      vertex -0.0266 0.015127 0.135
      vertex -0.0298357 0.015127 0.131864
    endloop
  endfacet
  facet normal 0 1 0
    outer loop
      vertex -0.0266 0.015127 0.135
      vertex -0.0264599 0.015127 0.132274
      vertex -0.0298357 0.015127 0.131864
    endloop
  endfacet
  facet normal 6.66058e-17 1 -5.48769e-16
    outer loop
      vertex -0.0298357 0.015127 0.131864
      vertex -0.0264599 0.015127 0.132274
      vertex -0.0293444 0.015127 0.128763
    endloop
  endfacet
  facet normal -5.05819e-16 1 -7.85176e-17
    outer loop
      vertex -0.0264599 0.015127 0.132274
      vertex -0.0260412 0.015127 0.129576
      vertex -0.0293444 0.015127 0.128763
    endloop
  endfacet
  facet normal -4.92642e-16 1 -1.32003e-16
    outer loop
      vertex -0.0293444 0.015127 0.128763
      vertex -0.0260412 0.015127 0.129576
      vertex -0.0285317 0.015127 0.125729
    endloop
  endfacet
  facet normal 2.26502e-16 1 -5.97569e-16
    outer loop
      vertex -0.0260412 0.015127 0.129576
      vertex -0.0253483 0.015127 0.126936
      vertex -0.0285317 0.015127 0.125729
    endloop
  endfacet
  facet normal 0 1 0
    outer loop
      vertex -0.0285317 0.015127 0.125729
      vertex -0.0253483 0.015127 0.126936
      vertex -0.0274064 0.015127 0.122798
    endloop
  endfacet
  facet normal 0 1 0
    outer loop
      vertex -0.0253483 0.015127 0.126936
      vertex -0.0243884 0.015127 0.124381
      vertex -0.0274064 0.015127 0.122798
    endloop
  endfacet
  facet normal 0 1 0
    outer loop
      vertex -0.0274064 0.015127 0.122798
      vertex -0.0243884 0.015127 0.124381
      vertex -0.0259808 0.015127 0.12
    endloop
  endfacet
  facet normal 0 1 0
    outer loop
      vertex -0.0243884 0.015127 0.124381
      vertex -0.0231716 0.015127 0.121937
      vertex -0.0259808 0.015127 0.12
    endloop
  endfacet
  facet normal 3.13739e-16 1 -4.54956e-16
    outer loop
      vertex -0.0259808 0.015127 0.12
      vertex -0.0231716 0.015127 0.121937
      vertex -0.0242705 0.015127 0.117366
    endloop
  endfacet
  facet normal -4.34296e-16 1 -2.75113e-16
    outer loop
      vertex -0.0231716 0.015127 0.121937
      vertex -0.0217108 0.015127 0.119631
      vertex -0.0242705 0.015127 0.117366
    endloop
  endfacet
  facet normal -3.94825e-16 1 -3.19723e-16
    outer loop
      vertex -0.0242705 0.015127 0.117366
      vertex -0.0217108 0.015127 0.119631
      vertex -0.0222943 0.015127 0.114926
    endloop
  endfacet
  facet normal 4.82894e-16 1 -4.28573e-16
    outer loop
      vertex -0.0217108 0.015127 0.119631
      vertex -0.0200214 0.015127 0.117487
      vertex -0.0222943 0.015127 0.114926
    endloop
  endfacet
  facet normal 0 1 0
    outer loop
      vertex -0.0222943 0.015127 0.114926
      vertex -0.0200214 0.015127 0.117487
      vertex -0.0200739 0.015127 0.112706
    endloop
  endfacet
  facet normal 0 1 0
    outer loop
      vertex -0.0200214 0.015127 0.117487
      vertex -0.0181212 0.015127 0.115527
      vertex -0.0200739 0.015127 0.112706
    endloop
  endfacet
  facet normal 0 1 0
    outer loop
      vertex -0.0200739 0.015127 0.112706
      vertex -0.0181212 0.015127 0.115527
      vertex -0.0176336 0.015127 0.110729
    endloop
  endfacet
  facet normal 0 1 0
    outer loop
      vertex -0.0181212 0.015127 0.115527
      vertex -0.0160301 0.015127 0.113773
      vertex -0.0176336 0.015127 0.110729
    endloop
  endfacet
  facet normal 0 1 0
    outer loop
      vertex -0.0176336 0.015127 0.110729
      vertex -0.0160301 0.015127 0.113773
      vertex -0.015 0.015127 0.109019
    endloop
  endfacet
  facet normal 0 1 0
    outer loop
      vertex -0.0160301 0.015127 0.113773
      vertex -0.0137702 0.015127 0.112242
      vertex -0.015 0.015127 0.109019
    endloop
  endfacet
  facet normal 0 1 0
    outer loop
      vertex -0.015 0.015127 0.109019
      vertex -0.0137702 0.015127 0.112242
      vertex -0.0122021 0.015127 0.107594
    endloop
  endfacet
  facet normal 0 1 0
    outer loop
      vertex -0.0137702 0.015127 0.112242
      vertex -0.0113652 0.015127 0.11095
      vertex -0.0122021 0.015127 0.107594
    endloop
  endfacet
  facet normal 5.4005e-16 1 -1.34642e-16
    outer loop
      vertex -0.0122021 0.015127 0.107594
      vertex -0.0113652 0.015127 0.11095
      vertex -0.00927051 0.015127 0.106468
    endloop
  endfacet
  facet normal -1.97024e-16 1 -4.79132e-16
    outer loop
      vertex -0.0113652 0.015127 0.11095
      vertex -0.00884064 0.015127 0.109912
      vertex -0.00927051 0.015127 0.106468
    endloop
  endfacet
  facet normal -1.30605e-16 1 -4.87423e-16
    outer loop
      vertex -0.00927051 0.015127 0.106468
      vertex -0.00884064 0.015127 0.109912
      vertex -0.00623735 0.015127 0.105656
    endloop
  endfacet
  facet normal -1.4709e-16 1 -4.97505e-16
    outer loop
      vertex -0.00884064 0.015127 0.109912
      vertex -0.00622292 0.015127 0.109138
      vertex -0.00623735 0.015127 0.105656
    endloop
  endfacet
  facet normal -7.88417e-17 1 -4.97788e-16
    outer loop
      vertex -0.00623735 0.015127 0.105656
      vertex -0.00622292 0.015127 0.109138
      vertex -0.00313585 0.015127 0.105164
    endloop
  endfacet
  facet normal -9.5467e-17 1 -5.10703e-16
    outer loop
      vertex -0.00622292 0.015127 0.109138
      vertex -0.00353967 0.015127 0.108637
      vertex -0.00313585 0.015127 0.105164
    endloop
  endfacet
  facet normal -2.63435e-17 1 -5.02664e-16
    outer loop
      vertex -0.00313585 0.015127 0.105164
      vertex -0.00353967 0.015127 0.108637
      vertex -2.16493e-17 0.015127 0.105
    endloop
  endfacet
  facet normal 2.09278e-16 1 -1.25919e-16
    outer loop
      vertex 0.0013243 0.015127 0.134102
      vertex 0.00141362 0.015127 0.134251
      vertex 0.00458103 0.015127 0.111962
    endloop
  endfacet
  facet normal 2.5739e-16 1 -1.19081e-16
    outer loop
      vertex 0.00141362 0.015127 0.134251
      vertex 0.00148636 0.015127 0.134408
      vertex 0.00458103 0.015127 0.111962
    endloop
  endfacet
  facet normal 3.25537e-16 1 -1.09686e-16
    outer loop
      vertex 0.00458103 0.015127 0.111962
      vertex 0.00148636 0.015127 0.134408
      vertex 0.00154168 0.015127 0.134572
    endloop
  endfacet
  facet normal -6.19371e-16 1 0
    outer loop
      vertex 0.00159765 0.015127 0.134913
      vertex 0.00159765 0.015127 0.135087
      vertex 0.01 0.015127 0.165
    endloop
  endfacet
  facet normal -4.46494e-16 1 -4.85594e-17
    outer loop
      vertex 0.00159765 0.015127 0.135087
      vertex 0.00157892 0.015127 0.135259
      vertex 0.01 0.015127 0.165
    endloop
  endfacet
  facet normal -3.47696e-16 1 -7.65336e-17
    outer loop
      vertex 0.01 0.015127 0.165
      vertex 0.00157892 0.015127 0.135259
      vertex 0.00154168 0.015127 0.135428
    endloop
  endfacet
  facet normal -1.21448e-16 1 -1.4298e-16
    outer loop
      vertex 0.00110032 0.015127 0.136162
      vertex 0.000968279 0.015127 0.136274
      vertex 0.01 0.015127 0.165
    endloop
  endfacet
  facet normal -1.01249e-16 1 -1.49331e-16
    outer loop
      vertex 0.000968279 0.015127 0.136274
      vertex 0.000824886 0.015127 0.136371
      vertex 0.01 0.015127 0.165
    endloop
  endfacet
  facet normal -8.23769e-17 1 -1.55379e-16
    outer loop
      vertex 0.01 0.015127 0.165
      vertex 0.000824886 0.015127 0.136371
      vertex 0.000671823 0.015127 0.136452
    endloop
  endfacet
  facet normal -6.42665e-17 1 -1.61297e-16
    outer loop
      vertex 0.000671823 0.015127 0.136452
      vertex 0.000510882 0.015127 0.136516
      vertex 0.01 0.015127 0.165
    endloop
  endfacet
  facet normal -4.64334e-17 1 -1.67238e-16
    outer loop
      vertex 0.000510882 0.015127 0.136516
      vertex 0.000343953 0.015127 0.136563
      vertex 0.01 0.015127 0.165
    endloop
  endfacet
  facet normal 0 1 -1.83004e-16
    outer loop
      vertex 0.01 0.015127 0.165
      vertex 0.000343953 0.015127 0.136563
      vertex -2.34535e-17 0.015127 0.165
    endloop
  endfacet
  facet normal -3.00616e-17 1 -1.83368e-16
    outer loop
      vertex 0.000343953 0.015127 0.136563
      vertex 0.00017299 0.015127 0.136591
      vertex -2.34535e-17 0.015127 0.165
    endloop
  endfacet
  facet normal -9.93524e-18 1 -1.83245e-16
    outer loop
      vertex -2.34535e-17 0.015127 0.165
      vertex 0.00017299 0.015127 0.136591
      vertex -2.77112e-17 0.015127 0.1366
    endloop
  endfacet
  facet normal -4.26882e-17 1 -5.18573e-16
    outer loop
      vertex -0.00353967 0.015127 0.108637
      vertex -0.000819149 0.015127 0.108413
      vertex -2.16493e-17 0.015127 0.105
    endloop
  endfacet
  facet normal 1.03877e-17 1 -5.05833e-16
    outer loop
      vertex -0.000819149 0.015127 0.108413
      vertex 0.00191 0.015127 0.108469
      vertex -2.16493e-17 0.015127 0.105
    endloop
  endfacet
  facet normal 0 1 -5.00113e-16
    outer loop
      vertex -2.16493e-17 0.015127 0.105
      vertex 0.00191 0.015127 0.108469
      vertex 0.01 0.015127 0.105
    endloop
  endfacet
  facet normal 4.80505e-17 1 -3.88045e-16
    outer loop
      vertex 0.00191 0.015127 0.108469
      vertex 0.00461904 0.015127 0.108804
      vertex 0.01 0.015127 0.105
    endloop
  endfacet
  facet normal 7.98531e-17 1 -3.43059e-16
    outer loop
      vertex 0.01 0.015127 0.105
      vertex 0.00461904 0.015127 0.108804
      vertex 0.00478778 0.015127 0.108843
    endloop
  endfacet
  facet normal 9.71479e-17 1 -1.43283e-16
    outer loop
      vertex 0.000968279 0.015127 0.133726
      vertex 0.00458103 0.015127 0.111962
      vertex 0.000824886 0.015127 0.133629
    endloop
  endfacet
  facet normal 7.77468e-17 1 -1.46646e-16
    outer loop
      vertex 0.00458103 0.015127 0.111962
      vertex 0.000671823 0.015127 0.133548
      vertex 0.000824886 0.015127 0.133629
    endloop
  endfacet
  facet normal 1.18671e-16 1 -1.3971e-16
    outer loop
      vertex 0.000968279 0.015127 0.133726
      vertex 0.00110032 0.015127 0.133838
      vertex 0.00458103 0.015127 0.111962
    endloop
  endfacet
  facet normal 1.43345e-16 1 -1.35784e-16
    outer loop
      vertex 0.00110032 0.015127 0.133838
      vertex 0.00121946 0.015127 0.133964
      vertex 0.00458103 0.015127 0.111962
    endloop
  endfacet
  facet normal 1.72718e-16 1 -1.31296e-16
    outer loop
      vertex 0.00458103 0.015127 0.111962
      vertex 0.00121946 0.015127 0.133964
      vertex 0.0013243 0.015127 0.134102
    endloop
  endfacet
  facet normal -8.79095e-17 1 9.56078e-18
    outer loop
      vertex -0.00157892 0.015127 0.135259
      vertex -0.00159765 0.015127 0.135087
      vertex -0.0221582 0.015127 0.127478
    endloop
  endfacet
  facet normal -8.43716e-17 1 0
    outer loop
      vertex -0.00159765 0.015127 0.135087
      vertex -0.00159765 0.015127 0.134913
      vertex -0.0221582 0.015127 0.127478
    endloop
  endfacet
  facet normal -8.1179e-17 1 -8.82878e-18
    outer loop
      vertex -0.0221582 0.015127 0.127478
      vertex -0.00159765 0.015127 0.134913
      vertex -0.00157892 0.015127 0.134741
    endloop
  endfacet
  facet normal -1.59071e-17 1 -1.64691e-16
    outer loop
      vertex 0.00440859 0.015127 0.111978
      vertex 0.000343953 0.015127 0.133437
      vertex 0.00458103 0.015127 0.111962
    endloop
  endfacet
  facet normal 4.25253e-17 1 -1.53162e-16
    outer loop
      vertex 0.000343953 0.015127 0.133437
      vertex 0.000510882 0.015127 0.133484
      vertex 0.00458103 0.015127 0.111962
    endloop
  endfacet
  facet normal 5.97291e-17 1 -1.49909e-16
    outer loop
      vertex 0.00458103 0.015127 0.111962
      vertex 0.000510882 0.015127 0.133484
      vertex 0.000671823 0.015127 0.133548
    endloop
  endfacet
  facet normal -7.82185e-17 1 -1.72172e-17
    outer loop
      vertex -0.00157892 0.015127 0.134741
      vertex -0.00154168 0.015127 0.134572
      vertex -0.0221582 0.015127 0.127478
    endloop
  endfacet
  facet normal -7.54011e-17 1 -2.54056e-17
    outer loop
      vertex -0.00154168 0.015127 0.134572
      vertex -0.00148636 0.015127 0.134408
      vertex -0.0221582 0.015127 0.127478
    endloop
  endfacet
  facet normal -7.39631e-17 1 -2.96955e-17
    outer loop
      vertex -0.0221582 0.015127 0.127478
      vertex -0.00148636 0.015127 0.134408
      vertex -0.0212076 0.015127 0.125111
    endloop
  endfacet
  facet normal -7.22124e-17 1 -3.3409e-17
    outer loop
      vertex -0.00148636 0.015127 0.134408
      vertex -0.00141362 0.015127 0.134251
      vertex -0.0212076 0.015127 0.125111
    endloop
  endfacet
  facet normal -7.02906e-17 1 -3.75711e-17
    outer loop
      vertex -0.0212076 0.015127 0.125111
      vertex -0.00141362 0.015127 0.134251
      vertex -0.0200049 0.015127 0.122861
    endloop
  endfacet
  facet normal -6.81771e-17 1 -4.10208e-17
    outer loop
      vertex -0.00141362 0.015127 0.134251
      vertex -0.0013243 0.015127 0.134102
      vertex -0.0200049 0.015127 0.122861
    endloop
  endfacet
  facet normal -6.57825e-17 1 -4.50001e-17
    outer loop
      vertex -0.0200049 0.015127 0.122861
      vertex -0.0013243 0.015127 0.134102
      vertex -0.0185645 0.015127 0.120755
    endloop
  endfacet
  facet normal -6.33426e-17 1 -4.81518e-17
    outer loop
      vertex -0.0013243 0.015127 0.134102
      vertex -0.00121946 0.015127 0.133964
      vertex -0.0185645 0.015127 0.120755
    endloop
  endfacet
  facet normal -6.04925e-17 1 -5.18942e-17
    outer loop
      vertex -0.0185645 0.015127 0.120755
      vertex -0.00121946 0.015127 0.133964
      vertex -0.0169033 0.015127 0.118819
    endloop
  endfacet
  facet normal -5.77653e-17 1 -5.47183e-17
    outer loop
      vertex -0.00121946 0.015127 0.133964
      vertex -0.00110032 0.015127 0.133838
      vertex -0.0169033 0.015127 0.118819
    endloop
  endfacet
  facet normal 4.14734e-16 1 -5.51855e-16
    outer loop
      vertex -0.0169033 0.015127 0.118819
      vertex -0.00110032 0.015127 0.133838
      vertex -0.0150412 0.015127 0.117075
    endloop
  endfacet
  facet normal -1.03022e-16 1 -1.21287e-16
    outer loop
      vertex -0.00110032 0.015127 0.133838
      vertex -0.000968279 0.015127 0.133726
      vertex -0.0150412 0.015127 0.117075
    endloop
  endfacet
  facet normal -9.56532e-17 1 -1.27514e-16
    outer loop
      vertex -0.0150412 0.015127 0.117075
      vertex -0.000968279 0.015127 0.133726
      vertex -0.0130003 0.015127 0.115544
    endloop
  endfacet
  facet normal -8.93049e-17 1 -1.31715e-16
    outer loop
      vertex -0.000968279 0.015127 0.133726
      vertex -0.000824886 0.015127 0.133629
      vertex -0.0130003 0.015127 0.115544
    endloop
  endfacet
  facet normal -8.12026e-17 1 -1.3717e-16
    outer loop
      vertex -0.0130003 0.015127 0.115544
      vertex -0.000824886 0.015127 0.133629
      vertex -0.0108049 0.015127 0.114244
    endloop
  endfacet
  facet normal -7.4541e-17 1 -1.40599e-16
    outer loop
      vertex -0.000824886 0.015127 0.133629
      vertex -0.000671823 0.015127 0.133548
      vertex -0.0108049 0.015127 0.114244
    endloop
  endfacet
  facet normal -6.57868e-17 1 -1.45194e-16
    outer loop
      vertex -0.0108049 0.015127 0.114244
      vertex -0.000671823 0.015127 0.133548
      vertex -0.00848105 0.015127 0.113191
    endloop
  endfacet
  facet normal -5.89029e-17 1 -1.47835e-16
    outer loop
      vertex -0.000671823 0.015127 0.133548
      vertex -0.000510882 0.015127 0.133484
      vertex -0.00848105 0.015127 0.113191
    endloop
  endfacet
  facet normal -4.95889e-17 1 -1.51493e-16
    outer loop
      vertex -0.00848105 0.015127 0.113191
      vertex -0.000510882 0.015127 0.133484
      vertex -0.00605637 0.015127 0.112397
    endloop
  endfacet
  facet normal -4.25742e-17 1 -1.53338e-16
    outer loop
      vertex -0.000510882 0.015127 0.133484
      vertex -0.000343953 0.015127 0.133437
      vertex -0.00605637 0.015127 0.112397
    endloop
  endfacet
  facet normal -3.28015e-17 1 -1.55991e-16
    outer loop
      vertex -0.00605637 0.015127 0.112397
      vertex -0.000343953 0.015127 0.133437
      vertex -0.00355969 0.015127 0.111872
    endloop
  endfacet
  facet normal -2.57459e-17 1 -1.57044e-16
    outer loop
      vertex -0.000343953 0.015127 0.133437
      vertex -0.00017299 0.015127 0.133409
      vertex -0.00355969 0.015127 0.111872
    endloop
  endfacet
  facet normal -1.56241e-17 1 -1.58635e-16
    outer loop
      vertex -0.00355969 0.015127 0.111872
      vertex -0.00017299 0.015127 0.133409
      vertex -0.00102069 0.015127 0.111622
    endloop
  endfacet
  facet normal -8.6157e-18 1 -1.58908e-16
    outer loop
      vertex -0.00017299 0.015127 0.133409
      vertex -2.72122e-17 0.015127 0.1334
      vertex -0.00102069 0.015127 0.111622
    endloop
  endfacet
  facet normal 1.73879e-18 1 -1.59393e-16
    outer loop
      vertex -0.00102069 0.015127 0.111622
      vertex -2.72122e-17 0.015127 0.1334
      vertex 0.00153043 0.015127 0.11165
    endloop
  endfacet
  facet normal 8.61578e-18 1 -1.58909e-16
    outer loop
      vertex -2.72122e-17 0.015127 0.1334
      vertex 0.00017299 0.015127 0.133409
      vertex 0.00153043 0.015127 0.11165
    endloop
  endfacet
  facet normal 1.90811e-17 1 -1.58256e-16
    outer loop
      vertex 0.00153043 0.015127 0.11165
      vertex 0.00017299 0.015127 0.133409
      vertex 0.00406337 0.015127 0.111955
    endloop
  endfacet
  facet normal 2.57466e-17 1 -1.57048e-16
    outer loop
      vertex 0.00017299 0.015127 0.133409
      vertex 0.000343953 0.015127 0.133437
      vertex 0.00406337 0.015127 0.111955
    endloop
  endfacet
  facet normal 1.91331e-17 1 -1.58193e-16
    outer loop
      vertex 0.00406337 0.015127 0.111955
      vertex 0.000343953 0.015127 0.133437
      vertex 0.00423536 0.015127 0.111976
    endloop
  endfacet
  facet normal 1.94086e-18 1 -1.6131e-16
    outer loop
      vertex 0.000343953 0.015127 0.133437
      vertex 0.00440859 0.015127 0.111978
      vertex 0.00423536 0.015127 0.111976
    endloop
  endfacet
  facet normal 0.998534 1.75446e-15 -0.054134
    outer loop
      vertex -0.0266 0.005254 0.135
      vertex -0.0266 0.015127 0.135
      vertex -0.0265906 0.005254 0.135173
    endloop
  endfacet
  facet normal 0.998534 1.7544e-15 -0.054134
    outer loop
      vertex -0.0266 0.015127 0.135
      vertex -0.0265906 0.015127 0.135173
      vertex -0.0265906 0.005254 0.135173
    endloop
  endfacet
  facet normal 0.986825 1.73389e-15 -0.161789
    outer loop
      vertex -0.0265906 0.005254 0.135173
      vertex -0.0265906 0.015127 0.135173
      vertex -0.0265626 0.005254 0.135344
    endloop
  endfacet
  facet normal 0.986825 1.73373e-15 -0.161789
    outer loop
      vertex -0.0265906 0.015127 0.135173
      vertex -0.0265626 0.015127 0.135344
      vertex -0.0265626 0.005254 0.135344
    endloop
  endfacet
  facet normal 0.963552 1.693e-15 -0.26752
    outer loop
      vertex -0.0265626 0.005254 0.135344
      vertex -0.0265626 0.015127 0.135344
      vertex -0.0265162 0.005254 0.135511
    endloop
  endfacet
  facet normal 0.963552 1.69262e-15 -0.26752
    outer loop
      vertex -0.0265626 0.015127 0.135344
      vertex -0.0265162 0.015127 0.135511
      vertex -0.0265162 0.005254 0.135511
    endloop
  endfacet
  facet normal 0.928975 1.63224e-15 -0.370143
    outer loop
      vertex -0.0265162 0.005254 0.135511
      vertex -0.0265162 0.015127 0.135511
      vertex -0.0264521 0.005254 0.135672
    endloop
  endfacet
  facet normal 0.928975 1.63265e-15 -0.370143
    outer loop
      vertex -0.0265162 0.015127 0.135511
      vertex -0.0264521 0.015127 0.135672
      vertex -0.0264521 0.005254 0.135672
    endloop
  endfacet
  facet normal 0.883515 1.55237e-15 -0.468403
    outer loop
      vertex -0.0264521 0.005254 0.135672
      vertex -0.0264521 0.015127 0.135672
      vertex -0.026371 0.005254 0.135825
    endloop
  endfacet
  facet normal 0.883515 1.55238e-15 -0.468403
    outer loop
      vertex -0.0264521 0.015127 0.135672
      vertex -0.026371 0.015127 0.135825
      vertex -0.026371 0.005254 0.135825
    endloop
  endfacet
  facet normal 0.827689 1.45428e-15 -0.561187
    outer loop
      vertex -0.026371 0.005254 0.135825
      vertex -0.026371 0.015127 0.135825
      vertex -0.0262737 0.005254 0.135968
    endloop
  endfacet
  facet normal 0.827689 1.45469e-15 -0.561187
    outer loop
      vertex -0.026371 0.015127 0.135825
      vertex -0.0262737 0.015127 0.135968
      vertex -0.0262737 0.005254 0.135968
    endloop
  endfacet
  facet normal 0.762159 1.33914e-15 -0.64739
    outer loop
      vertex -0.0262737 0.005254 0.135968
      vertex -0.0262737 0.015127 0.135968
      vertex -0.0261616 0.005254 0.1361
    endloop
  endfacet
  facet normal 0.762159 1.33958e-15 -0.64739
    outer loop
      vertex -0.0262737 0.015127 0.135968
      vertex -0.0261616 0.015127 0.1361
      vertex -0.0261616 0.005254 0.1361
    endloop
  endfacet
  facet normal 0.687699 1.20831e-15 -0.725996
    outer loop
      vertex -0.0261616 0.005254 0.1361
      vertex -0.0261616 0.015127 0.1361
      vertex -0.0260358 0.005254 0.136219
    endloop
  endfacet
  facet normal 0.687699 1.20901e-15 -0.725996
    outer loop
      vertex -0.0261616 0.015127 0.1361
      vertex -0.0260358 0.015127 0.136219
      vertex -0.0260358 0.005254 0.136219
    endloop
  endfacet
  facet normal 0.605177 1.06332e-15 -0.796091
    outer loop
      vertex -0.0260358 0.005254 0.136219
      vertex -0.0260358 0.015127 0.136219
      vertex -0.0258979 0.005254 0.136324
    endloop
  endfacet
  facet normal 0.605177 1.06297e-15 -0.796091
    outer loop
      vertex -0.0260358 0.015127 0.136219
      vertex -0.0258979 0.015127 0.136324
      vertex -0.0258979 0.005254 0.136324
    endloop
  endfacet
  facet normal 0.515555 9.05849e-16 -0.856857
    outer loop
      vertex -0.0258979 0.005254 0.136324
      vertex -0.0258979 0.015127 0.136324
      vertex -0.0257495 0.005254 0.136414
    endloop
  endfacet
  facet normal 0.515555 9.05313e-16 -0.856857
    outer loop
      vertex -0.0258979 0.015127 0.136324
      vertex -0.0257495 0.015127 0.136414
      vertex -0.0257495 0.005254 0.136414
    endloop
  endfacet
  facet normal 0.419887 7.37758e-16 -0.907576
    outer loop
      vertex -0.0257495 0.005254 0.136414
      vertex -0.0257495 0.015127 0.136414
      vertex -0.0255922 0.005254 0.136486
    endloop
  endfacet
  facet normal 0.419887 7.37979e-16 -0.907576
    outer loop
      vertex -0.0257495 0.015127 0.136414
      vertex -0.0255922 0.015127 0.136486
      vertex -0.0255922 0.005254 0.136486
    endloop
  endfacet
  facet normal 0.319302 5.61025e-16 -0.947653
    outer loop
      vertex -0.0255922 0.005254 0.136486
      vertex -0.0255922 0.015127 0.136486
      vertex -0.025428 0.005254 0.136542
    endloop
  endfacet
  facet normal 0.319302 5.60984e-16 -0.947653
    outer loop
      vertex -0.0255922 0.015127 0.136486
      vertex -0.025428 0.015127 0.136542
      vertex -0.025428 0.005254 0.136542
    endloop
  endfacet
  facet normal 0.214969 3.77709e-16 -0.976621
    outer loop
      vertex -0.025428 0.005254 0.136542
      vertex -0.025428 0.015127 0.136542
      vertex -0.0252589 0.005254 0.136579
    endloop
  endfacet
  facet normal 0.214969 3.77694e-16 -0.976621
    outer loop
      vertex -0.025428 0.015127 0.136542
      vertex -0.0252589 0.015127 0.136579
      vertex -0.0252589 0.005254 0.136579
    endloop
  endfacet
  facet normal 0.10812 1.89971e-16 -0.994138
    outer loop
      vertex -0.0252589 0.005254 0.136579
      vertex -0.0252589 0.015127 0.136579
      vertex -0.0250866 0.005254 0.136598
    endloop
  endfacet
  facet normal 0.10812 1.90059e-16 -0.994138
    outer loop
      vertex -0.0252589 0.015127 0.136579
      vertex -0.0250866 0.015127 0.136598
      vertex -0.0250866 0.005254 0.136598
    endloop
  endfacet
  facet normal 0 0 -1
    outer loop
      vertex -0.0250866 0.005254 0.136598
      vertex -0.0250866 0.015127 0.136598
      vertex -0.0249134 0.005254 0.136598
    endloop
  endfacet
  facet normal 0 0 -1
    outer loop
      vertex -0.0250866 0.015127 0.136598
      vertex -0.0249134 0.015127 0.136598
      vertex -0.0249134 0.005254 0.136598
    endloop
  endfacet
  facet normal -0.108119 -1.89969e-16 -0.994138
    outer loop
      vertex -0.0249134 0.005254 0.136598
      vertex -0.0249134 0.015127 0.136598
      vertex -0.0247411 0.005254 0.136579
    endloop
  endfacet
  facet normal -0.108119 -1.90057e-16 -0.994138
    outer loop
      vertex -0.0249134 0.015127 0.136598
      vertex -0.0247411 0.015127 0.136579
      vertex -0.0247411 0.005254 0.136579
    endloop
  endfacet
  facet normal -0.214971 -3.77713e-16 -0.97662
    outer loop
      vertex -0.0247411 0.005254 0.136579
      vertex -0.0247411 0.015127 0.136579
      vertex -0.024572 0.005254 0.136542
    endloop
  endfacet
  facet normal -0.214971 -3.77698e-16 -0.97662
    outer loop
      vertex -0.0247411 0.015127 0.136579
      vertex -0.024572 0.015127 0.136542
      vertex -0.024572 0.005254 0.136542
    endloop
  endfacet
  facet normal -0.319302 -5.61025e-16 -0.947653
    outer loop
      vertex -0.024572 0.005254 0.136542
      vertex -0.024572 0.015127 0.136542
      vertex -0.0244078 0.005254 0.136486
    endloop
  endfacet
  facet normal -0.319302 -5.60984e-16 -0.947653
    outer loop
      vertex -0.024572 0.015127 0.136542
      vertex -0.0244078 0.015127 0.136486
      vertex -0.0244078 0.005254 0.136486
    endloop
  endfacet
  facet normal -0.419887 -7.37758e-16 -0.907576
    outer loop
      vertex -0.0244078 0.005254 0.136486
      vertex -0.0244078 0.015127 0.136486
      vertex -0.0242505 0.005254 0.136414
    endloop
  endfacet
  facet normal -0.419887 -7.37979e-16 -0.907576
    outer loop
      vertex -0.0244078 0.015127 0.136486
      vertex -0.0242505 0.015127 0.136414
      vertex -0.0242505 0.005254 0.136414
    endloop
  endfacet
  facet normal -0.515555 -9.05849e-16 -0.856857
    outer loop
      vertex -0.0242505 0.005254 0.136414
      vertex -0.0242505 0.015127 0.136414
      vertex -0.0241021 0.005254 0.136324
    endloop
  endfacet
  facet normal -0.515555 -9.05313e-16 -0.856857
    outer loop
      vertex -0.0242505 0.015127 0.136414
      vertex -0.0241021 0.015127 0.136324
      vertex -0.0241021 0.005254 0.136324
    endloop
  endfacet
  facet normal -0.605172 -1.06331e-15 -0.796095
    outer loop
      vertex -0.0241021 0.005254 0.136324
      vertex -0.0241021 0.015127 0.136324
      vertex -0.0239642 0.005254 0.136219
    endloop
  endfacet
  facet normal -0.605172 -1.06296e-15 -0.796095
    outer loop
      vertex -0.0241021 0.015127 0.136324
      vertex -0.0239642 0.015127 0.136219
      vertex -0.0239642 0.005254 0.136219
    endloop
  endfacet
  facet normal -0.687699 -1.20831e-15 -0.725996
    outer loop
      vertex -0.0239642 0.005254 0.136219
      vertex -0.0239642 0.015127 0.136219
      vertex -0.0238384 0.005254 0.1361
    endloop
  endfacet
  facet normal -0.687699 -1.20901e-15 -0.725996
    outer loop
      vertex -0.0239642 0.015127 0.136219
      vertex -0.0238384 0.015127 0.1361
      vertex -0.0238384 0.005254 0.1361
    endloop
  endfacet
  facet normal -0.762164 -1.33915e-15 -0.647384
    outer loop
      vertex -0.0238384 0.005254 0.1361
      vertex -0.0238384 0.015127 0.1361
      vertex -0.0237263 0.005254 0.135968
    endloop
  endfacet
  facet normal -0.762164 -1.33959e-15 -0.647384
    outer loop
      vertex -0.0238384 0.015127 0.1361
      vertex -0.0237263 0.015127 0.135968
      vertex -0.0237263 0.005254 0.135968
    endloop
  endfacet
  facet normal -0.827689 -1.45428e-15 -0.561187
    outer loop
      vertex -0.0237263 0.005254 0.135968
      vertex -0.0237263 0.015127 0.135968
      vertex -0.023629 0.005254 0.135825
    endloop
  endfacet
  facet normal -0.827689 -1.45469e-15 -0.561187
    outer loop
      vertex -0.0237263 0.015127 0.135968
      vertex -0.023629 0.015127 0.135825
      vertex -0.023629 0.005254 0.135825
    endloop
  endfacet
  facet normal -0.88351 -1.55236e-15 -0.468411
    outer loop
      vertex -0.023629 0.005254 0.135825
      vertex -0.023629 0.015127 0.135825
      vertex -0.0235479 0.005254 0.135672
    endloop
  endfacet
  facet normal -0.88351 -1.55237e-15 -0.468411
    outer loop
      vertex -0.023629 0.015127 0.135825
      vertex -0.0235479 0.015127 0.135672
      vertex -0.0235479 0.005254 0.135672
    endloop
  endfacet
  facet normal -0.928979 -1.63225e-15 -0.370133
    outer loop
      vertex -0.0235479 0.005254 0.135672
      vertex -0.0235479 0.015127 0.135672
      vertex -0.0234838 0.005254 0.135511
    endloop
  endfacet
  facet normal -0.928979 -1.63266e-15 -0.370133
    outer loop
      vertex -0.0235479 0.015127 0.135672
      vertex -0.0234838 0.015127 0.135511
      vertex -0.0234838 0.005254 0.135511
    endloop
  endfacet
  facet normal -0.963549 -1.69299e-15 -0.26753
    outer loop
      vertex -0.0234838 0.005254 0.135511
      vertex -0.0234838 0.015127 0.135511
      vertex -0.0234374 0.005254 0.135344
    endloop
  endfacet
  facet normal -0.963549 -1.69262e-15 -0.26753
    outer loop
      vertex -0.0234838 0.015127 0.135511
      vertex -0.0234374 0.015127 0.135344
      vertex -0.0234374 0.005254 0.135344
    endloop
  endfacet
  facet normal -0.986827 -1.73389e-15 -0.161779
    outer loop
      vertex -0.0234374 0.005254 0.135344
      vertex -0.0234374 0.015127 0.135344
      vertex -0.0234094 0.005254 0.135173
    endloop
  endfacet
  facet normal -0.986827 -1.73373e-15 -0.161779
    outer loop
      vertex -0.0234374 0.015127 0.135344
      vertex -0.0234094 0.015127 0.135173
      vertex -0.0234094 0.005254 0.135173
    endloop
  endfacet
  facet normal -0.998533 -1.75446e-15 -0.0541447
    outer loop
      vertex -0.0234094 0.005254 0.135173
      vertex -0.0234094 0.015127 0.135173
      vertex -0.0234 0.005254 0.135
    endloop
  endfacet
  facet normal -0.998533 -1.7544e-15 -0.0541447
    outer loop
      vertex -0.0234094 0.015127 0.135173
      vertex -0.0234 0.015127 0.135
      vertex -0.0234 0.005254 0.135
    endloop
  endfacet
  facet normal -0.998513 -1.75443e-15 -0.0545146
    outer loop
      vertex -0.0234 0.005254 0.135
      vertex -0.0234 0.015127 0.135
      vertex -0.0232609 0.015127 0.132453
    endloop
  endfacet
  facet normal -0.998513 -1.75493e-15 -0.0545146
    outer loop
      vertex -0.0234 0.005254 0.135
      vertex -0.0232609 0.015127 0.132453
      vertex -0.0232609 0.005254 0.132453
    endloop
  endfacet
  facet normal -0.986643 -1.73357e-15 -0.162895
    outer loop
      vertex -0.0232609 0.015127 0.132453
      vertex -0.0228453 0.015127 0.129935
      vertex -0.0232609 0.005254 0.132453
    endloop
  endfacet
  facet normal -0.986643 -1.73181e-15 -0.162895
    outer loop
      vertex -0.0232609 0.005254 0.132453
      vertex -0.0228453 0.015127 0.129935
      vertex -0.0228453 0.005254 0.129935
    endloop
  endfacet
  facet normal -0.963045 -1.69211e-15 -0.26934
    outer loop
      vertex -0.0228453 0.015127 0.129935
      vertex -0.0221582 0.015127 0.127478
      vertex -0.0228453 0.005254 0.129935
    endloop
  endfacet
  facet normal -0.963045 -1.68978e-15 -0.26934
    outer loop
      vertex -0.0228453 0.005254 0.129935
      vertex -0.0221582 0.015127 0.127478
      vertex -0.0221582 0.005254 0.127478
    endloop
  endfacet
  facet normal -0.927999 -1.63053e-15 -0.372583
    outer loop
      vertex -0.0221582 0.015127 0.127478
      vertex -0.0212076 0.015127 0.125111
      vertex -0.0221582 0.005254 0.127478
    endloop
  endfacet
  facet normal -0.927999 -1.63093e-15 -0.372583
    outer loop
      vertex -0.0221582 0.005254 0.127478
      vertex -0.0212076 0.015127 0.125111
      vertex -0.0212076 0.005254 0.125111
    endloop
  endfacet
  facet normal -0.881921 -1.54957e-15 -0.471397
    outer loop
      vertex -0.0212076 0.015127 0.125111
      vertex -0.0200049 0.015127 0.122861
      vertex -0.0212076 0.005254 0.125111
    endloop
  endfacet
  facet normal -0.881921 -1.54686e-15 -0.471397
    outer loop
      vertex -0.0212076 0.005254 0.125111
      vertex -0.0200049 0.015127 0.122861
      vertex -0.0200049 0.005254 0.122861
    endloop
  endfacet
  facet normal -0.82536 -1.45019e-15 -0.564607
    outer loop
      vertex -0.0200049 0.015127 0.122861
      vertex -0.0185645 0.015127 0.120755
      vertex -0.0200049 0.005254 0.122861
    endloop
  endfacet
  facet normal -0.82536 -1.46279e-15 -0.564607
    outer loop
      vertex -0.0200049 0.005254 0.122861
      vertex -0.0185645 0.015127 0.120755
      vertex -0.0185645 0.005254 0.120755
    endloop
  endfacet
  facet normal -0.758987 -1.33357e-15 -0.651105
    outer loop
      vertex -0.0185645 0.015127 0.120755
      vertex -0.0169033 0.015127 0.118819
      vertex -0.0185645 0.005254 0.120755
    endloop
  endfacet
  facet normal -0.758987 -1.32828e-15 -0.651105
    outer loop
      vertex -0.0185645 0.005254 0.120755
      vertex -0.0169033 0.015127 0.118819
      vertex -0.0169033 0.005254 0.118819
    endloop
  endfacet
  facet normal -0.683592 -1.2011e-15 -0.729864
    outer loop
      vertex -0.0169033 0.015127 0.118819
      vertex -0.0150412 0.015127 0.117075
      vertex -0.0169033 0.005254 0.118819
    endloop
  endfacet
  facet normal -0.683592 -1.19377e-15 -0.729864
    outer loop
      vertex -0.0169033 0.005254 0.118819
      vertex -0.0150412 0.015127 0.117075
      vertex -0.0150412 0.005254 0.117075
    endloop
  endfacet
  facet normal -0.600071 -1.05435e-15 -0.799947
    outer loop
      vertex -0.0150412 0.015127 0.117075
      vertex -0.0130003 0.015127 0.115544
      vertex -0.0150412 0.005254 0.117075
    endloop
  endfacet
  facet normal -0.600071 -1.04245e-15 -0.799947
    outer loop
      vertex -0.0150412 0.005254 0.117075
      vertex -0.0130003 0.015127 0.115544
      vertex -0.0130003 0.005254 0.115544
    endloop
  endfacet
  facet normal -0.509417 -8.95065e-16 -0.86052
    outer loop
      vertex -0.0130003 0.015127 0.115544
      vertex -0.0108049 0.015127 0.114244
      vertex -0.0130003 0.005254 0.115544
    endloop
  endfacet
  facet normal -0.509417 -8.91126e-16 -0.86052
    outer loop
      vertex -0.0130003 0.005254 0.115544
      vertex -0.0108049 0.015127 0.114244
      vertex -0.0108049 0.005254 0.114244
    endloop
  endfacet
  facet normal -0.412707 -7.25142e-16 -0.910864
    outer loop
      vertex -0.0108049 0.015127 0.114244
      vertex -0.00848105 0.015127 0.113191
      vertex -0.0108049 0.005254 0.114244
    endloop
  endfacet
  facet normal -0.412707 -7.22989e-16 -0.910864
    outer loop
      vertex -0.0108049 0.005254 0.114244
      vertex -0.00848105 0.015127 0.113191
      vertex -0.00848105 0.005254 0.113191
    endloop
  endfacet
  facet normal -0.311091 -5.46599e-16 -0.95038
    outer loop
      vertex -0.00848105 0.015127 0.113191
      vertex -0.00605637 0.015127 0.112397
      vertex -0.00848105 0.005254 0.113191
    endloop
  endfacet
  facet normal -0.311091 -5.71666e-16 -0.95038
    outer loop
      vertex -0.00848105 0.005254 0.113191
      vertex -0.00605637 0.015127 0.112397
      vertex -0.00605637 0.005254 0.112397
    endloop
  endfacet
  facet normal -0.205778 -3.79637e-16 -0.978599
    outer loop
      vertex -0.00605637 0.015127 0.112397
      vertex -0.00355969 0.015127 0.111872
      vertex -0.00605637 0.005254 0.112397
    endloop
  endfacet
  facet normal -0.205778 -3.78308e-16 -0.978599
    outer loop
      vertex -0.00605637 0.005254 0.112397
      vertex -0.00355969 0.015127 0.111872
      vertex -0.00355969 0.005254 0.111872
    endloop
  endfacet
  facet normal -0.0980166 -1.8083e-16 -0.995185
    outer loop
      vertex -0.00355969 0.015127 0.111872
      vertex -0.00102069 0.015127 0.111622
      vertex -0.00355969 0.005254 0.111872
    endloop
  endfacet
  facet normal -0.0980166 -1.76544e-16 -0.995185
    outer loop
      vertex -0.00355969 0.005254 0.111872
      vertex -0.00102069 0.015127 0.111622
      vertex -0.00102069 0.005254 0.111622
    endloop
  endfacet
  facet normal 0.0109082 1.98848e-17 -0.999941
    outer loop
      vertex -0.00102069 0.015127 0.111622
      vertex 0.00153043 0.015127 0.11165
      vertex -0.00102069 0.005254 0.111622
    endloop
  endfacet
  facet normal 0.0109082 1.99663e-17 -0.999941
    outer loop
      vertex -0.00102069 0.005254 0.111622
      vertex 0.00153043 0.015127 0.11165
      vertex 0.00153043 0.005254 0.11165
    endloop
  endfacet
  facet normal 0.119704 2.18211e-16 -0.99281
    outer loop
      vertex 0.00153043 0.015127 0.11165
      vertex 0.00406337 0.015127 0.111955
      vertex 0.00153043 0.005254 0.11165
    endloop
  endfacet
  facet normal 0.119704 2.18578e-16 -0.99281
    outer loop
      vertex 0.00153043 0.005254 0.11165
      vertex 0.00406337 0.015127 0.111955
      vertex 0.00406337 0.005254 0.111955
    endloop
  endfacet
  facet normal 0.120073 2.21522e-16 -0.992765
    outer loop
      vertex 0.00406337 0.005254 0.111955
      vertex 0.00406337 0.015127 0.111955
      vertex 0.00423536 0.005254 0.111976
    endloop
  endfacet
  facet normal 0.120073 2.21492e-16 -0.992765
    outer loop
      vertex 0.00406337 0.015127 0.111955
      vertex 0.00423536 0.015127 0.111976
      vertex 0.00423536 0.005254 0.111976
    endloop
  endfacet
  facet normal 0.012031 2.21958e-17 -0.999928
    outer loop
      vertex 0.00423536 0.005254 0.111976
      vertex 0.00423536 0.015127 0.111976
      vertex 0.00440859 0.005254 0.111978
    endloop
  endfacet
  facet normal 0.012031 2.21854e-17 -0.999928
    outer loop
      vertex 0.00423536 0.015127 0.111976
      vertex 0.00440859 0.015127 0.111978
      vertex 0.00440859 0.005254 0.111978
    endloop
  endfacet
  facet normal -0.0961404 -1.77368e-16 -0.995368
    outer loop
      vertex 0.00440859 0.005254 0.111978
      vertex 0.00440859 0.015127 0.111978
      vertex 0.00458103 0.005254 0.111962
    endloop
  endfacet
  facet normal -0.0961404 -1.77484e-16 -0.995368
    outer loop
      vertex 0.00440859 0.015127 0.111978
      vertex 0.00458103 0.015127 0.111962
      vertex 0.00458103 0.005254 0.111962
    endloop
  endfacet
  facet normal -0.203204 -3.74889e-16 -0.979136
    outer loop
      vertex 0.00458103 0.005254 0.111962
      vertex 0.00458103 0.015127 0.111962
      vertex 0.00475066 0.005254 0.111927
    endloop
  endfacet
  facet normal -0.203204 -3.74794e-16 -0.979136
    outer loop
      vertex 0.00458103 0.015127 0.111962
      vertex 0.00475066 0.015127 0.111927
      vertex 0.00475066 0.005254 0.111927
    endloop
  endfacet
  facet normal -0.30787 -5.67987e-16 -0.951428
    outer loop
      vertex 0.00475066 0.005254 0.111927
      vertex 0.00475066 0.015127 0.111927
      vertex 0.00491549 0.005254 0.111873
    endloop
  endfacet
  facet normal -0.30787 -5.67754e-16 -0.951428
    outer loop
      vertex 0.00475066 0.015127 0.111927
      vertex 0.00491549 0.015127 0.111873
      vertex 0.00491549 0.005254 0.111873
    endloop
  endfacet
  facet normal -0.408935 -7.54439e-16 -0.912564
    outer loop
      vertex 0.00491549 0.005254 0.111873
      vertex 0.00491549 0.015127 0.111873
      vertex 0.00507359 0.005254 0.111802
    endloop
  endfacet
  facet normal -0.408935 -7.54425e-16 -0.912564
    outer loop
      vertex 0.00491549 0.015127 0.111873
      vertex 0.00507359 0.015127 0.111802
      vertex 0.00507359 0.005254 0.111802
    endloop
  endfacet
  facet normal -0.505204 -9.32046e-16 -0.863
    outer loop
      vertex 0.00507359 0.005254 0.111802
      vertex 0.00507359 0.015127 0.111802
      vertex 0.0052231 0.005254 0.111715
    endloop
  endfacet
  facet normal -0.505204 -9.32393e-16 -0.863
    outer loop
      vertex 0.00507359 0.015127 0.111802
      vertex 0.0052231 0.015127 0.111715
      vertex 0.0052231 0.005254 0.111715
    endloop
  endfacet
  facet normal -0.595549 -1.09872e-15 -0.803319
    outer loop
      vertex 0.0052231 0.005254 0.111715
      vertex 0.0052231 0.015127 0.111715
      vertex 0.00536227 0.005254 0.111612
    endloop
  endfacet
  facet normal -0.595549 -1.09875e-15 -0.803319
    outer loop
      vertex 0.0052231 0.015127 0.111715
      vertex 0.00536227 0.015127 0.111612
      vertex 0.00536227 0.005254 0.111612
    endloop
  endfacet
  facet normal -0.678909 -1.25251e-15 -0.734223
    outer loop
      vertex 0.00536227 0.005254 0.111612
      vertex 0.00536227 0.015127 0.111612
      vertex 0.00548947 0.005254 0.111494
    endloop
  endfacet
  facet normal -0.678909 -1.25351e-15 -0.734223
    outer loop
      vertex 0.00536227 0.015127 0.111612
      vertex 0.00548947 0.015127 0.111494
      vertex 0.00548947 0.005254 0.111494
    endloop
  endfacet
  facet normal -0.754316 -1.39163e-15 -0.656512
    outer loop
      vertex 0.00548947 0.005254 0.111494
      vertex 0.00548947 0.015127 0.111494
      vertex 0.00560321 0.005254 0.111363
    endloop
  endfacet
  facet normal -0.754316 -1.39182e-15 -0.656512
    outer loop
      vertex 0.00548947 0.015127 0.111494
      vertex 0.00560321 0.015127 0.111363
      vertex 0.00560321 0.005254 0.111363
    endloop
  endfacet
  facet normal -0.820873 -1.51442e-15 -0.571111
    outer loop
      vertex 0.00560321 0.005254 0.111363
      vertex 0.00560321 0.015127 0.111363
      vertex 0.00570215 0.005254 0.111221
    endloop
  endfacet
  facet normal -0.820873 -1.51466e-15 -0.571111
    outer loop
      vertex 0.00560321 0.015127 0.111363
      vertex 0.00570215 0.015127 0.111221
      vertex 0.00570215 0.005254 0.111221
    endloop
  endfacet
  facet normal -0.877809 -1.61946e-15 -0.479011
    outer loop
      vertex 0.00570215 0.005254 0.111221
      vertex 0.00570215 0.015127 0.111221
      vertex 0.00578513 0.005254 0.111069
    endloop
  endfacet
  facet normal -0.877809 -1.62008e-15 -0.479011
    outer loop
      vertex 0.00570215 0.015127 0.111221
      vertex 0.00578513 0.015127 0.111069
      vertex 0.00578513 0.005254 0.111069
    endloop
  endfacet
  facet normal -0.924455 -1.70552e-15 -0.38129
    outer loop
      vertex 0.00578513 0.005254 0.111069
      vertex 0.00578513 0.015127 0.111069
      vertex 0.00585119 0.005254 0.110909
    endloop
  endfacet
  facet normal -0.924455 -1.70519e-15 -0.38129
    outer loop
      vertex 0.00578513 0.015127 0.111069
      vertex 0.00585119 0.015127 0.110909
      vertex 0.00585119 0.005254 0.110909
    endloop
  endfacet
  facet normal -0.96026 -1.77157e-15 -0.279106
    outer loop
      vertex 0.00585119 0.005254 0.110909
      vertex 0.00585119 0.015127 0.110909
      vertex 0.00589954 0.005254 0.110743
    endloop
  endfacet
  facet normal -0.96026 -1.77096e-15 -0.279106
    outer loop
      vertex 0.00585119 0.015127 0.110909
      vertex 0.00589954 0.015127 0.110743
      vertex 0.00589954 0.005254 0.110743
    endloop
  endfacet
  facet normal -0.984807 -1.81686e-15 -0.17365
    outer loop
      vertex 0.00589954 0.005254 0.110743
      vertex 0.00589954 0.015127 0.110743
      vertex 0.00592963 0.005254 0.110572
    endloop
  endfacet
  facet normal -0.984807 -1.81693e-15 -0.17365
    outer loop
      vertex 0.00589954 0.015127 0.110743
      vertex 0.00592963 0.015127 0.110572
      vertex 0.00592963 0.005254 0.110572
    endloop
  endfacet
  facet normal -0.99781 -1.84085e-15 -0.066151
    outer loop
      vertex 0.00592963 0.005254 0.110572
      vertex 0.00592963 0.015127 0.110572
      vertex 0.00594109 0.005254 0.110399
    endloop
  endfacet
  facet normal -0.99781 -1.84083e-15 -0.066151
    outer loop
      vertex 0.00592963 0.015127 0.110572
      vertex 0.00594109 0.015127 0.110399
      vertex 0.00594109 0.005254 0.110399
    endloop
  endfacet
  facet normal -0.999113 -1.84325e-15 0.042114
    outer loop
      vertex 0.00594109 0.005254 0.110399
      vertex 0.00594109 0.015127 0.110399
      vertex 0.00593379 0.005254 0.110226
    endloop
  endfacet
  facet normal -0.999113 -1.84327e-15 0.042114
    outer loop
      vertex 0.00594109 0.015127 0.110399
      vertex 0.00593379 0.015127 0.110226
      vertex 0.00593379 0.005254 0.110226
    endloop
  endfacet
  facet normal -0.988702 -1.82405e-15 0.149893
    outer loop
      vertex 0.00593379 0.005254 0.110226
      vertex 0.00593379 0.015127 0.110226
      vertex 0.00590782 0.005254 0.110055
    endloop
  endfacet
  facet normal -0.988702 -1.82416e-15 0.149893
    outer loop
      vertex 0.00593379 0.015127 0.110226
      vertex 0.00590782 0.015127 0.110055
      vertex 0.00590782 0.005254 0.110055
    endloop
  endfacet
  facet normal -0.966701 -1.78346e-15 0.25591
    outer loop
      vertex 0.00590782 0.005254 0.110055
      vertex 0.00590782 0.015127 0.110055
      vertex 0.00586349 0.005254 0.109887
    endloop
  endfacet
  facet normal -0.966701 -1.78305e-15 0.25591
    outer loop
      vertex 0.00590782 0.015127 0.110055
      vertex 0.00586349 0.015127 0.109887
      vertex 0.00586349 0.005254 0.109887
    endloop
  endfacet
  facet normal -0.933364 -1.72195e-15 0.358932
    outer loop
      vertex 0.00586349 0.005254 0.109887
      vertex 0.00586349 0.015127 0.109887
      vertex 0.00580131 0.005254 0.109726
    endloop
  endfacet
  facet normal -0.933364 -1.72164e-15 0.358932
    outer loop
      vertex 0.00586349 0.015127 0.109887
      vertex 0.00580131 0.015127 0.109726
      vertex 0.00580131 0.005254 0.109726
    endloop
  endfacet
  facet normal -0.889087 -1.64027e-15 0.457738
    outer loop
      vertex 0.00580131 0.005254 0.109726
      vertex 0.00580131 0.015127 0.109726
      vertex 0.00572201 0.005254 0.109571
    endloop
  endfacet
  facet normal -0.889087 -1.64039e-15 0.457738
    outer loop
      vertex 0.00580131 0.015127 0.109726
      vertex 0.00572201 0.015127 0.109571
      vertex 0.00572201 0.005254 0.109571
    endloop
  endfacet
  facet normal -0.834384 -1.53935e-15 0.551183
    outer loop
      vertex 0.00572201 0.005254 0.109571
      vertex 0.00572201 0.015127 0.109571
      vertex 0.00562652 0.005254 0.109427
    endloop
  endfacet
  facet normal -0.834384 -1.53883e-15 0.551183
    outer loop
      vertex 0.00572201 0.015127 0.109571
      vertex 0.00562652 0.015127 0.109427
      vertex 0.00562652 0.005254 0.109427
    endloop
  endfacet
  facet normal -0.769898 -1.42038e-15 0.638167
    outer loop
      vertex 0.00562652 0.005254 0.109427
      vertex 0.00562652 0.015127 0.109427
      vertex 0.00551596 0.005254 0.109294
    endloop
  endfacet
  facet normal -0.769898 -1.41987e-15 0.638167
    outer loop
      vertex 0.00562652 0.015127 0.109427
      vertex 0.00551596 0.015127 0.109294
      vertex 0.00551596 0.005254 0.109294
    endloop
  endfacet
  facet normal -0.696387 -1.28476e-15 0.717667
    outer loop
      vertex 0.00551596 0.005254 0.109294
      vertex 0.00551596 0.015127 0.109294
      vertex 0.00539163 0.005254 0.109173
    endloop
  endfacet
  facet normal -0.696387 -1.28446e-15 0.717667
    outer loop
      vertex 0.00551596 0.015127 0.109294
      vertex 0.00539163 0.015127 0.109173
      vertex 0.00539163 0.005254 0.109173
    endloop
  endfacet
  facet normal -0.614718 -1.13409e-15 0.788747
    outer loop
      vertex 0.00539163 0.005254 0.109173
      vertex 0.00539163 0.015127 0.109173
      vertex 0.00525498 0.005254 0.109066
    endloop
  endfacet
  facet normal -0.614718 -1.13357e-15 0.788747
    outer loop
      vertex 0.00539163 0.015127 0.109173
      vertex 0.00525498 0.015127 0.109066
      vertex 0.00525498 0.005254 0.109066
    endloop
  endfacet
  facet normal -0.525826 -9.70091e-16 0.850592
    outer loop
      vertex 0.00525498 0.005254 0.109066
      vertex 0.00525498 0.015127 0.109066
      vertex 0.00510762 0.005254 0.108975
    endloop
  endfacet
  facet normal -0.525826 -9.69147e-16 0.850592
    outer loop
      vertex 0.00525498 0.015127 0.109066
      vertex 0.00510762 0.015127 0.108975
      vertex 0.00510762 0.005254 0.108975
    endloop
  endfacet
  facet normal -0.430782 -7.94746e-16 0.902456
    outer loop
      vertex 0.00510762 0.005254 0.108975
      vertex 0.00510762 0.015127 0.108975
      vertex 0.00495127 0.005254 0.108901
    endloop
  endfacet
  facet normal -0.430782 -7.95049e-16 0.902456
    outer loop
      vertex 0.00510762 0.015127 0.108975
      vertex 0.00495127 0.015127 0.108901
      vertex 0.00495127 0.005254 0.108901
    endloop
  endfacet
  facet normal -0.330685 -6.10078e-16 0.943741
    outer loop
      vertex 0.00495127 0.005254 0.108901
      vertex 0.00495127 0.015127 0.108901
      vertex 0.00478778 0.005254 0.108843
    endloop
  endfacet
  facet normal -0.330685 -6.10311e-16 0.943741
    outer loop
      vertex 0.00495127 0.015127 0.108901
      vertex 0.00478778 0.015127 0.108843
      vertex 0.00478778 0.005254 0.108843
    endloop
  endfacet
  facet normal -0.226707 -4.18249e-16 0.973963
    outer loop
      vertex 0.00478778 0.005254 0.108843
      vertex 0.00478778 0.015127 0.108843
      vertex 0.00461904 0.005254 0.108804
    endloop
  endfacet
  facet normal -0.226707 -4.18319e-16 0.973963
    outer loop
      vertex 0.00478778 0.015127 0.108843
      vertex 0.00461904 0.015127 0.108804
      vertex 0.00461904 0.005254 0.108804
    endloop
  endfacet
  facet normal -0.0541387 -9.9175e-17 -0.998533
    outer loop
      vertex -9.62513e-18 0.005254 0.1366
      vertex -2.77112e-17 0.015127 0.1366
      vertex 0.00017299 0.005254 0.136591
    endloop
  endfacet
  facet normal -0.0541387 -9.91392e-17 -0.998533
    outer loop
      vertex -2.77112e-17 0.015127 0.1366
      vertex 0.00017299 0.015127 0.136591
      vertex 0.00017299 0.005254 0.136591
    endloop
  endfacet
  facet normal -0.161782 -2.96249e-16 -0.986827
    outer loop
      vertex 0.00017299 0.005254 0.136591
      vertex 0.00017299 0.015127 0.136591
      vertex 0.000343953 0.005254 0.136563
    endloop
  endfacet
  facet normal -0.161782 -2.96934e-16 -0.986827
    outer loop
      vertex 0.00017299 0.015127 0.136591
      vertex 0.000343953 0.015127 0.136563
      vertex 0.000343953 0.005254 0.136563
    endloop
  endfacet
  facet normal -0.267528 -4.90623e-16 -0.96355
    outer loop
      vertex 0.000343953 0.005254 0.136563
      vertex 0.000343953 0.015127 0.136563
      vertex 0.000510882 0.005254 0.136516
    endloop
  endfacet
  facet normal -0.267528 -4.90376e-16 -0.96355
    outer loop
      vertex 0.000343953 0.015127 0.136563
      vertex 0.000510882 0.015127 0.136516
      vertex 0.000510882 0.005254 0.136516
    endloop
  endfacet
  facet normal -0.370138 -6.78799e-16 -0.928977
    outer loop
      vertex 0.000510882 0.005254 0.136516
      vertex 0.000510882 0.015127 0.136516
      vertex 0.000671823 0.005254 0.136452
    endloop
  endfacet
  facet normal -0.370138 -6.78983e-16 -0.928977
    outer loop
      vertex 0.000510882 0.015127 0.136516
      vertex 0.000671823 0.015127 0.136452
      vertex 0.000671823 0.005254 0.136452
    endloop
  endfacet
  facet normal -0.468409 -8.59019e-16 -0.883512
    outer loop
      vertex 0.000671823 0.005254 0.136452
      vertex 0.000671823 0.015127 0.136452
      vertex 0.000824886 0.005254 0.136371
    endloop
  endfacet
  facet normal -0.468409 -8.58884e-16 -0.883512
    outer loop
      vertex 0.000671823 0.015127 0.136452
      vertex 0.000824886 0.015127 0.136371
      vertex 0.000824886 0.005254 0.136371
    endloop
  endfacet
  facet normal -0.561187 -1.02917e-15 -0.827689
    outer loop
      vertex 0.000824886 0.005254 0.136371
      vertex 0.000824886 0.015127 0.136371
      vertex 0.000968279 0.005254 0.136274
    endloop
  endfacet
  facet normal -0.561187 -1.02911e-15 -0.827689
    outer loop
      vertex 0.000824886 0.015127 0.136371
      vertex 0.000968279 0.015127 0.136274
      vertex 0.000968279 0.005254 0.136274
    endloop
  endfacet
  facet normal -0.647386 -1.18725e-15 -0.762162
    outer loop
      vertex 0.000968279 0.005254 0.136274
      vertex 0.000968279 0.015127 0.136274
      vertex 0.00110032 0.005254 0.136162
    endloop
  endfacet
  facet normal -0.647386 -1.18e-15 -0.762162
    outer loop
      vertex 0.000968279 0.015127 0.136274
      vertex 0.00110032 0.015127 0.136162
      vertex 0.00110032 0.005254 0.136162
    endloop
  endfacet
  facet normal -0.725995 -1.32344e-15 -0.6877
    outer loop
      vertex 0.00110032 0.005254 0.136162
      vertex 0.00110032 0.015127 0.136162
      vertex 0.00121946 0.005254 0.136036
    endloop
  endfacet
  facet normal -0.725995 -1.32315e-15 -0.6877
    outer loop
      vertex 0.00110032 0.015127 0.136162
      vertex 0.00121946 0.015127 0.136036
      vertex 0.00121946 0.005254 0.136036
    endloop
  endfacet
  facet normal -0.796093 -1.45122e-15 -0.605174
    outer loop
      vertex 0.00121946 0.005254 0.136036
      vertex 0.00121946 0.015127 0.136036
      vertex 0.0013243 0.005254 0.135898
    endloop
  endfacet
  facet normal -0.796093 -1.45082e-15 -0.605174
    outer loop
      vertex 0.00121946 0.015127 0.136036
      vertex 0.0013243 0.015127 0.135898
      vertex 0.0013243 0.005254 0.135898
    endloop
  endfacet
  facet normal -0.856857 -1.56199e-15 -0.515554
    outer loop
      vertex 0.0013243 0.005254 0.135898
      vertex 0.0013243 0.015127 0.135898
      vertex 0.00141362 0.005254 0.135749
    endloop
  endfacet
  facet normal -0.856857 -1.56205e-15 -0.515554
    outer loop
      vertex 0.0013243 0.015127 0.135898
      vertex 0.00141362 0.015127 0.135749
      vertex 0.00141362 0.005254 0.135749
    endloop
  endfacet
  facet normal -0.907575 -1.65444e-15 -0.419889
    outer loop
      vertex 0.00141362 0.005254 0.135749
      vertex 0.00141362 0.015127 0.135749
      vertex 0.00148636 0.005254 0.135592
    endloop
  endfacet
  facet normal -0.907575 -1.65393e-15 -0.419889
    outer loop
      vertex 0.00141362 0.015127 0.135749
      vertex 0.00148636 0.015127 0.135592
      vertex 0.00148636 0.005254 0.135592
    endloop
  endfacet
  facet normal -0.947653 -1.7275e-15 -0.319301
    outer loop
      vertex 0.00148636 0.005254 0.135592
      vertex 0.00148636 0.015127 0.135592
      vertex 0.00154168 0.005254 0.135428
    endloop
  endfacet
  facet normal -0.947653 -1.72841e-15 -0.319301
    outer loop
      vertex 0.00148636 0.015127 0.135592
      vertex 0.00154168 0.015127 0.135428
      vertex 0.00154168 0.005254 0.135428
    endloop
  endfacet
  facet normal -0.976621 -1.78031e-15 -0.21497
    outer loop
      vertex 0.00154168 0.005254 0.135428
      vertex 0.00154168 0.015127 0.135428
      vertex 0.00157892 0.005254 0.135259
    endloop
  endfacet
  facet normal -0.976621 -1.78064e-15 -0.21497
    outer loop
      vertex 0.00154168 0.015127 0.135428
      vertex 0.00157892 0.015127 0.135259
      vertex 0.00157892 0.005254 0.135259
    endloop
  endfacet
  facet normal -0.994138 -1.81224e-15 -0.108119
    outer loop
      vertex 0.00157892 0.005254 0.135259
      vertex 0.00157892 0.015127 0.135259
      vertex 0.00159765 0.005254 0.135087
    endloop
  endfacet
  facet normal -0.994138 -1.81207e-15 -0.108119
    outer loop
      vertex 0.00157892 0.015127 0.135259
      vertex 0.00159765 0.015127 0.135087
      vertex 0.00159765 0.005254 0.135087
    endloop
  endfacet
  facet normal -1 -1.82293e-15 0
    outer loop
      vertex 0.00159765 0.005254 0.135087
      vertex 0.00159765 0.015127 0.135087
      vertex 0.00159765 0.005254 0.134913
    endloop
  endfacet
  facet normal -1 -1.82293e-15 0
    outer loop
      vertex 0.00159765 0.015127 0.135087
      vertex 0.00159765 0.015127 0.134913
      vertex 0.00159765 0.005254 0.134913
    endloop
  endfacet
  facet normal -0.994138 -1.81224e-15 0.108119
    outer loop
      vertex 0.00159765 0.005254 0.134913
      vertex 0.00159765 0.015127 0.134913
      vertex 0.00157892 0.005254 0.134741
    endloop
  endfacet
  facet normal -0.994138 -1.81231e-15 0.108119
    outer loop
      vertex 0.00159765 0.015127 0.134913
      vertex 0.00157892 0.015127 0.134741
      vertex 0.00157892 0.005254 0.134741
    endloop
  endfacet
  facet normal -0.976621 -1.78031e-15 0.21497
    outer loop
      vertex 0.00157892 0.005254 0.134741
      vertex 0.00157892 0.015127 0.134741
      vertex 0.00154168 0.005254 0.134572
    endloop
  endfacet
  facet normal -0.976621 -1.78015e-15 0.21497
    outer loop
      vertex 0.00157892 0.015127 0.134741
      vertex 0.00154168 0.015127 0.134572
      vertex 0.00154168 0.005254 0.134572
    endloop
  endfacet
  facet normal -0.947653 -1.7275e-15 0.319301
    outer loop
      vertex 0.00154168 0.005254 0.134572
      vertex 0.00154168 0.015127 0.134572
      vertex 0.00148636 0.005254 0.134408
    endloop
  endfacet
  facet normal -0.947653 -1.72744e-15 0.319301
    outer loop
      vertex 0.00154168 0.015127 0.134572
      vertex 0.00148636 0.015127 0.134408
      vertex 0.00148636 0.005254 0.134408
    endloop
  endfacet
  facet normal -0.907575 -1.65444e-15 0.419889
    outer loop
      vertex 0.00148636 0.005254 0.134408
      vertex 0.00148636 0.015127 0.134408
      vertex 0.00141362 0.005254 0.134251
    endloop
  endfacet
  facet normal -0.907575 -1.6549e-15 0.419889
    outer loop
      vertex 0.00148636 0.015127 0.134408
      vertex 0.00141362 0.015127 0.134251
      vertex 0.00141362 0.005254 0.134251
    endloop
  endfacet
  facet normal -0.856857 -1.56199e-15 0.515554
    outer loop
      vertex 0.00141362 0.005254 0.134251
      vertex 0.00141362 0.015127 0.134251
      vertex 0.0013243 0.005254 0.134102
    endloop
  endfacet
  facet normal -0.856857 -1.56205e-15 0.515554
    outer loop
      vertex 0.00141362 0.015127 0.134251
      vertex 0.0013243 0.015127 0.134102
      vertex 0.0013243 0.005254 0.134102
    endloop
  endfacet
  facet normal -0.796093 -1.45122e-15 0.605174
    outer loop
      vertex 0.0013243 0.005254 0.134102
      vertex 0.0013243 0.015127 0.134102
      vertex 0.00121946 0.005254 0.133964
    endloop
  endfacet
  facet normal -0.796093 -1.45179e-15 0.605174
    outer loop
      vertex 0.0013243 0.015127 0.134102
      vertex 0.00121946 0.015127 0.133964
      vertex 0.00121946 0.005254 0.133964
    endloop
  endfacet
  facet normal -0.725995 -1.32344e-15 0.6877
    outer loop
      vertex 0.00121946 0.005254 0.133964
      vertex 0.00121946 0.015127 0.133964
      vertex 0.00110032 0.005254 0.133838
    endloop
  endfacet
  facet normal -0.725995 -1.32508e-15 0.6877
    outer loop
      vertex 0.00121946 0.015127 0.133964
      vertex 0.00110032 0.015127 0.133838
      vertex 0.00110032 0.005254 0.133838
    endloop
  endfacet
  facet normal -0.647386 -1.18014e-15 0.762162
    outer loop
      vertex 0.00110032 0.005254 0.133838
      vertex 0.00110032 0.015127 0.133838
      vertex 0.000968279 0.005254 0.133726
    endloop
  endfacet
  facet normal -0.647386 -1.18774e-15 0.762162
    outer loop
      vertex 0.00110032 0.015127 0.133838
      vertex 0.000968279 0.015127 0.133726
      vertex 0.000968279 0.005254 0.133726
    endloop
  endfacet
  facet normal -0.561187 -1.02917e-15 0.827689
    outer loop
      vertex 0.000968279 0.005254 0.133726
      vertex 0.000968279 0.015127 0.133726
      vertex 0.000824886 0.005254 0.133629
    endloop
  endfacet
  facet normal -0.561187 -1.02911e-15 0.827689
    outer loop
      vertex 0.000968279 0.015127 0.133726
      vertex 0.000824886 0.015127 0.133629
      vertex 0.000824886 0.005254 0.133629
    endloop
  endfacet
  facet normal -0.468409 -8.59019e-16 0.883512
    outer loop
      vertex 0.000824886 0.005254 0.133629
      vertex 0.000824886 0.015127 0.133629
      vertex 0.000671823 0.005254 0.133548
    endloop
  endfacet
  facet normal -0.468409 -8.59851e-16 0.883512
    outer loop
      vertex 0.000824886 0.015127 0.133629
      vertex 0.000671823 0.015127 0.133548
      vertex 0.000671823 0.005254 0.133548
    endloop
  endfacet
  facet normal -0.370138 -6.78799e-16 0.928977
    outer loop
      vertex 0.000671823 0.005254 0.133548
      vertex 0.000671823 0.015127 0.133548
      vertex 0.000510882 0.005254 0.133484
    endloop
  endfacet
  facet normal -0.370138 -6.78016e-16 0.928977
    outer loop
      vertex 0.000671823 0.015127 0.133548
      vertex 0.000510882 0.015127 0.133484
      vertex 0.000510882 0.005254 0.133484
    endloop
  endfacet
  facet normal -0.267528 -4.90623e-16 0.96355
    outer loop
      vertex 0.000510882 0.005254 0.133484
      vertex 0.000510882 0.015127 0.133484
      vertex 0.000343953 0.005254 0.133437
    endloop
  endfacet
  facet normal -0.267528 -4.90376e-16 0.96355
    outer loop
      vertex 0.000510882 0.015127 0.133484
      vertex 0.000343953 0.015127 0.133437
      vertex 0.000343953 0.005254 0.133437
    endloop
  endfacet
  facet normal -0.161782 -2.96693e-16 0.986827
    outer loop
      vertex 0.000343953 0.005254 0.133437
      vertex 0.000343953 0.015127 0.133437
      vertex 0.00017299 0.005254 0.133409
    endloop
  endfacet
  facet normal -0.161782 -2.95967e-16 0.986827
    outer loop
      vertex 0.000343953 0.015127 0.133437
      vertex 0.00017299 0.015127 0.133409
      vertex 0.00017299 0.005254 0.133409
    endloop
  endfacet
  facet normal -0.0541387 -9.91368e-17 0.998533
    outer loop
      vertex 0.00017299 0.005254 0.133409
      vertex 0.00017299 0.015127 0.133409
      vertex -9.51801e-18 0.005254 0.1334
    endloop
  endfacet
  facet normal -0.0541387 -9.6963e-17 0.998533
    outer loop
      vertex 0.00017299 0.015127 0.133409
      vertex -2.72122e-17 0.015127 0.1334
      vertex -9.51801e-18 0.005254 0.1334
    endloop
  endfacet
  facet normal 0.0541387 9.7026e-17 0.998533
    outer loop
      vertex -9.51801e-18 0.005254 0.1334
      vertex -2.72122e-17 0.015127 0.1334
      vertex -0.00017299 0.005254 0.133409
    endloop
  endfacet
  facet normal 0.0541387 9.91392e-17 0.998533
    outer loop
      vertex -2.72122e-17 0.015127 0.1334
      vertex -0.00017299 0.015127 0.133409
      vertex -0.00017299 0.005254 0.133409
    endloop
  endfacet
  facet normal 0.161782 2.96249e-16 0.986827
    outer loop
      vertex -0.00017299 0.005254 0.133409
      vertex -0.00017299 0.015127 0.133409
      vertex -0.000343953 0.005254 0.133437
    endloop
  endfacet
  facet normal 0.161782 2.96451e-16 0.986827
    outer loop
      vertex -0.00017299 0.015127 0.133409
      vertex -0.000343953 0.015127 0.133437
      vertex -0.000343953 0.005254 0.133437
    endloop
  endfacet
  facet normal 0.267528 4.90623e-16 0.96355
    outer loop
      vertex -0.000343953 0.005254 0.133437
      vertex -0.000343953 0.015127 0.133437
      vertex -0.000510882 0.005254 0.133484
    endloop
  endfacet
  facet normal 0.267528 4.90376e-16 0.96355
    outer loop
      vertex -0.000343953 0.015127 0.133437
      vertex -0.000510882 0.015127 0.133484
      vertex -0.000510882 0.005254 0.133484
    endloop
  endfacet
  facet normal 0.370138 6.78799e-16 0.928977
    outer loop
      vertex -0.000510882 0.005254 0.133484
      vertex -0.000510882 0.015127 0.133484
      vertex -0.000671823 0.005254 0.133548
    endloop
  endfacet
  facet normal 0.370138 6.78016e-16 0.928977
    outer loop
      vertex -0.000510882 0.015127 0.133484
      vertex -0.000671823 0.015127 0.133548
      vertex -0.000671823 0.005254 0.133548
    endloop
  endfacet
  facet normal 0.468409 8.59019e-16 0.883512
    outer loop
      vertex -0.000671823 0.005254 0.133548
      vertex -0.000671823 0.015127 0.133548
      vertex -0.000824886 0.005254 0.133629
    endloop
  endfacet
  facet normal 0.468409 8.59851e-16 0.883512
    outer loop
      vertex -0.000671823 0.015127 0.133548
      vertex -0.000824886 0.015127 0.133629
      vertex -0.000824886 0.005254 0.133629
    endloop
  endfacet
  facet normal 0.561187 1.02917e-15 0.827689
    outer loop
      vertex -0.000824886 0.005254 0.133629
      vertex -0.000824886 0.015127 0.133629
      vertex -0.000968279 0.005254 0.133726
    endloop
  endfacet
  facet normal 0.561187 1.02911e-15 0.827689
    outer loop
      vertex -0.000824886 0.015127 0.133629
      vertex -0.000968279 0.015127 0.133726
      vertex -0.000968279 0.005254 0.133726
    endloop
  endfacet
  facet normal 0.647386 1.18725e-15 0.762162
    outer loop
      vertex -0.000968279 0.005254 0.133726
      vertex -0.000968279 0.015127 0.133726
      vertex -0.00110032 0.005254 0.133838
    endloop
  endfacet
  facet normal 0.647386 1.18e-15 0.762162
    outer loop
      vertex -0.000968279 0.015127 0.133726
      vertex -0.00110032 0.015127 0.133838
      vertex -0.00110032 0.005254 0.133838
    endloop
  endfacet
  facet normal 0.725995 1.32344e-15 0.6877
    outer loop
      vertex -0.00110032 0.005254 0.133838
      vertex -0.00110032 0.015127 0.133838
      vertex -0.00121946 0.005254 0.133964
    endloop
  endfacet
  facet normal 0.725995 1.32508e-15 0.6877
    outer loop
      vertex -0.00110032 0.015127 0.133838
      vertex -0.00121946 0.015127 0.133964
      vertex -0.00121946 0.005254 0.133964
    endloop
  endfacet
  facet normal 0.796093 1.45122e-15 0.605174
    outer loop
      vertex -0.00121946 0.005254 0.133964
      vertex -0.00121946 0.015127 0.133964
      vertex -0.0013243 0.005254 0.134102
    endloop
  endfacet
  facet normal 0.796093 1.45179e-15 0.605174
    outer loop
      vertex -0.00121946 0.015127 0.133964
      vertex -0.0013243 0.015127 0.134102
      vertex -0.0013243 0.005254 0.134102
    endloop
  endfacet
  facet normal 0.856857 1.56199e-15 0.515554
    outer loop
      vertex -0.0013243 0.005254 0.134102
      vertex -0.0013243 0.015127 0.134102
      vertex -0.00141362 0.005254 0.134251
    endloop
  endfacet
  facet normal 0.856857 1.56205e-15 0.515554
    outer loop
      vertex -0.0013243 0.015127 0.134102
      vertex -0.00141362 0.015127 0.134251
      vertex -0.00141362 0.005254 0.134251
    endloop
  endfacet
  facet normal 0.907575 1.65444e-15 0.419889
    outer loop
      vertex -0.00141362 0.005254 0.134251
      vertex -0.00141362 0.015127 0.134251
      vertex -0.00148636 0.005254 0.134408
    endloop
  endfacet
  facet normal 0.907575 1.6549e-15 0.419889
    outer loop
      vertex -0.00141362 0.015127 0.134251
      vertex -0.00148636 0.015127 0.134408
      vertex -0.00148636 0.005254 0.134408
    endloop
  endfacet
  facet normal 0.947653 1.7275e-15 0.319301
    outer loop
      vertex -0.00148636 0.005254 0.134408
      vertex -0.00148636 0.015127 0.134408
      vertex -0.00154168 0.005254 0.134572
    endloop
  endfacet
  facet normal 0.947653 1.72744e-15 0.319301
    outer loop
      vertex -0.00148636 0.015127 0.134408
      vertex -0.00154168 0.015127 0.134572
      vertex -0.00154168 0.005254 0.134572
    endloop
  endfacet
  facet normal 0.976621 1.78031e-15 0.21497
    outer loop
      vertex -0.00154168 0.005254 0.134572
      vertex -0.00154168 0.015127 0.134572
      vertex -0.00157892 0.005254 0.134741
    endloop
  endfacet
  facet normal 0.976621 1.78015e-15 0.21497
    outer loop
      vertex -0.00154168 0.015127 0.134572
      vertex -0.00157892 0.015127 0.134741
      vertex -0.00157892 0.005254 0.134741
    endloop
  endfacet
  facet normal 0.994138 1.81224e-15 0.108119
    outer loop
      vertex -0.00157892 0.005254 0.134741
      vertex -0.00157892 0.015127 0.134741
      vertex -0.00159765 0.005254 0.134913
    endloop
  endfacet
  facet normal 0.994138 1.81231e-15 0.108119
    outer loop
      vertex -0.00157892 0.015127 0.134741
      vertex -0.00159765 0.015127 0.134913
      vertex -0.00159765 0.005254 0.134913
    endloop
  endfacet
  facet normal 1 1.82293e-15 0
    outer loop
      vertex -0.00159765 0.005254 0.134913
      vertex -0.00159765 0.015127 0.134913
      vertex -0.00159765 0.005254 0.135087
    endloop
  endfacet
  facet normal 1 1.82293e-15 0
    outer loop
      vertex -0.00159765 0.015127 0.134913
      vertex -0.00159765 0.015127 0.135087
      vertex -0.00159765 0.005254 0.135087
    endloop
  endfacet
  facet normal 0.994138 1.81224e-15 -0.108119
    outer loop
      vertex -0.00159765 0.005254 0.135087
      vertex -0.00159765 0.015127 0.135087
      vertex -0.00157892 0.005254 0.135259
    endloop
  endfacet
  facet normal 0.994138 1.81207e-15 -0.108119
    outer loop
      vertex -0.00159765 0.015127 0.135087
      vertex -0.00157892 0.015127 0.135259
      vertex -0.00157892 0.005254 0.135259
    endloop
  endfacet
  facet normal 0.976621 1.78031e-15 -0.21497
    outer loop
      vertex -0.00157892 0.005254 0.135259
      vertex -0.00157892 0.015127 0.135259
      vertex -0.00154168 0.005254 0.135428
    endloop
  endfacet
  facet normal 0.976621 1.78064e-15 -0.21497
    outer loop
      vertex -0.00157892 0.015127 0.135259
      vertex -0.00154168 0.015127 0.135428
      vertex -0.00154168 0.005254 0.135428
    endloop
  endfacet
  facet normal 0.947653 1.7275e-15 -0.319301
    outer loop
      vertex -0.00154168 0.005254 0.135428
      vertex -0.00154168 0.015127 0.135428
      vertex -0.00148636 0.005254 0.135592
    endloop
  endfacet
  facet normal 0.947653 1.72841e-15 -0.319301
    outer loop
      vertex -0.00154168 0.015127 0.135428
      vertex -0.00148636 0.015127 0.135592
      vertex -0.00148636 0.005254 0.135592
    endloop
  endfacet
  facet normal 0.907575 1.65444e-15 -0.419889
    outer loop
      vertex -0.00148636 0.005254 0.135592
      vertex -0.00148636 0.015127 0.135592
      vertex -0.00141362 0.005254 0.135749
    endloop
  endfacet
  facet normal 0.907575 1.65393e-15 -0.419889
    outer loop
      vertex -0.00148636 0.015127 0.135592
      vertex -0.00141362 0.015127 0.135749
      vertex -0.00141362 0.005254 0.135749
    endloop
  endfacet
  facet normal 0.856857 1.56199e-15 -0.515554
    outer loop
      vertex -0.00141362 0.005254 0.135749
      vertex -0.00141362 0.015127 0.135749
      vertex -0.0013243 0.005254 0.135898
    endloop
  endfacet
  facet normal 0.856857 1.56205e-15 -0.515554
    outer loop
      vertex -0.00141362 0.015127 0.135749
      vertex -0.0013243 0.015127 0.135898
      vertex -0.0013243 0.005254 0.135898
    endloop
  endfacet
  facet normal 0.796093 1.45122e-15 -0.605174
    outer loop
      vertex -0.0013243 0.005254 0.135898
      vertex -0.0013243 0.015127 0.135898
      vertex -0.00121946 0.005254 0.136036
    endloop
  endfacet
  facet normal 0.796093 1.45082e-15 -0.605174
    outer loop
      vertex -0.0013243 0.015127 0.135898
      vertex -0.00121946 0.015127 0.136036
      vertex -0.00121946 0.005254 0.136036
    endloop
  endfacet
  facet normal 0.725995 1.32344e-15 -0.6877
    outer loop
      vertex -0.00121946 0.005254 0.136036
      vertex -0.00121946 0.015127 0.136036
      vertex -0.00110032 0.005254 0.136162
    endloop
  endfacet
  facet normal 0.725995 1.32315e-15 -0.6877
    outer loop
      vertex -0.00121946 0.015127 0.136036
      vertex -0.00110032 0.015127 0.136162
      vertex -0.00110032 0.005254 0.136162
    endloop
  endfacet
  facet normal 0.647386 1.18014e-15 -0.762162
    outer loop
      vertex -0.00110032 0.005254 0.136162
      vertex -0.00110032 0.015127 0.136162
      vertex -0.000968279 0.005254 0.136274
    endloop
  endfacet
  facet normal 0.647386 1.18677e-15 -0.762162
    outer loop
      vertex -0.00110032 0.015127 0.136162
      vertex -0.000968279 0.015127 0.136274
      vertex -0.000968279 0.005254 0.136274
    endloop
  endfacet
  facet normal 0.561187 1.02917e-15 -0.827689
    outer loop
      vertex -0.000968279 0.005254 0.136274
      vertex -0.000968279 0.015127 0.136274
      vertex -0.000824886 0.005254 0.136371
    endloop
  endfacet
  facet normal 0.561187 1.02911e-15 -0.827689
    outer loop
      vertex -0.000968279 0.015127 0.136274
      vertex -0.000824886 0.015127 0.136371
      vertex -0.000824886 0.005254 0.136371
    endloop
  endfacet
  facet normal 0.468409 8.59019e-16 -0.883512
    outer loop
      vertex -0.000824886 0.005254 0.136371
      vertex -0.000824886 0.015127 0.136371
      vertex -0.000671823 0.005254 0.136452
    endloop
  endfacet
  facet normal 0.468409 8.58884e-16 -0.883512
    outer loop
      vertex -0.000824886 0.015127 0.136371
      vertex -0.000671823 0.015127 0.136452
      vertex -0.000671823 0.005254 0.136452
    endloop
  endfacet
  facet normal 0.370138 6.78799e-16 -0.928977
    outer loop
      vertex -0.000671823 0.005254 0.136452
      vertex -0.000671823 0.015127 0.136452
      vertex -0.000510882 0.005254 0.136516
    endloop
  endfacet
  facet normal 0.370138 6.78983e-16 -0.928977
    outer loop
      vertex -0.000671823 0.015127 0.136452
      vertex -0.000510882 0.015127 0.136516
      vertex -0.000510882 0.005254 0.136516
    endloop
  endfacet
  facet normal 0.267528 4.90623e-16 -0.96355
    outer loop
      vertex -0.000510882 0.005254 0.136516
      vertex -0.000510882 0.015127 0.136516
      vertex -0.000343953 0.005254 0.136563
    endloop
  endfacet
  facet normal 0.267528 4.90376e-16 -0.96355
    outer loop
      vertex -0.000510882 0.015127 0.136516
      vertex -0.000343953 0.015127 0.136563
      vertex -0.000343953 0.005254 0.136563
    endloop
  endfacet
  facet normal 0.161782 2.96693e-16 -0.986827
    outer loop
      vertex -0.000343953 0.005254 0.136563
      vertex -0.000343953 0.015127 0.136563
      vertex -0.00017299 0.005254 0.136591
    endloop
  endfacet
  facet normal 0.161782 2.96451e-16 -0.986827
    outer loop
      vertex -0.000343953 0.015127 0.136563
      vertex -0.00017299 0.015127 0.136591
      vertex -0.00017299 0.005254 0.136591
    endloop
  endfacet
  facet normal 0.0541387 9.91368e-17 -0.998533
    outer loop
      vertex -0.00017299 0.005254 0.136591
      vertex -0.00017299 0.015127 0.136591
      vertex -9.62513e-18 0.005254 0.1366
    endloop
  endfacet
  facet normal 0.0541387 9.91392e-17 -0.998533
    outer loop
      vertex -0.00017299 0.015127 0.136591
      vertex -2.77112e-17 0.015127 0.1366
      vertex -9.62513e-18 0.005254 0.1366
    endloop
  endfacet
  facet normal 1 1.75704e-15 -2.70931e-31
    outer loop
      vertex 0.01 0.005254 0.105
      vertex 0.01 0.015127 0.105
      vertex 0.01 0.005254 0.15
    endloop
  endfacet
  facet normal 1 1.75704e-15 -3.04797e-31
    outer loop
      vertex 0.01 0.015127 0.105
      vertex 0.01 0.015127 0.165
      vertex 0.01 0.005254 0.15
    endloop
  endfacet
  facet normal 1 1.86093e-15 -6.83806e-17
    outer loop
      vertex 0.01 0.005254 0.15
      vertex 0.01 0.015127 0.165
      vertex 0.01 -0.005 0.15
    endloop
  endfacet
  facet normal 1 1.85037e-15 -5.4216e-17
    outer loop
      vertex 0.01 0.015127 0.165
      vertex 0.01 -0.014873 0.165
      vertex 0.01 -0.005 0.15
    endloop
  endfacet
  facet normal 1 1.93274e-15 -2.98024e-31
    outer loop
      vertex 0.01 -0.005 0.15
      vertex 0.01 -0.014873 0.165
      vertex 0.01 -0.005 0.105
    endloop
  endfacet
  facet normal 1 1.93274e-15 -2.23518e-31
    outer loop
      vertex 0.01 -0.014873 0.165
      vertex 0.01 -0.014873 0.105
      vertex 0.01 -0.005 0.105
    endloop
  endfacet
  facet normal 0 0 1
    outer loop
      vertex 3.15026e-17 -0.014873 0.165
      vertex 0.01 -0.014873 0.165
      vertex -2.34535e-17 0.015127 0.165
    endloop
  endfacet
  facet normal 0 0 1
    outer loop
      vertex 0.01 -0.014873 0.165
      vertex 0.01 0.015127 0.165
      vertex -2.34535e-17 0.015127 0.165
    endloop
  endfacet
  facet normal 0 -1.40563e-15 -1
    outer loop
      vertex 0.01 -0.005 0.105
      vertex 0.01 -0.014873 0.105
      vertex 8.17952e-18 -0.005 0.105
    endloop
  endfacet
  facet normal 0 -1.40563e-15 -1
    outer loop
      vertex 0.01 -0.014873 0.105
      vertex 3.33067e-17 -0.014873 0.105
      vertex 8.17952e-18 -0.005 0.105
    endloop
  endfacet
  facet normal -0.0541876 -9.7141e-17 0.998531
    outer loop
      vertex -5.23991e-18 0.005 0.1334
      vertex 1.26869e-17 -0.005 0.1334
      vertex 0.00017299 0.005 0.133409
    endloop
  endfacet
  facet normal -0.0541876 -9.93123e-17 0.998531
    outer loop
      vertex 1.26869e-17 -0.005 0.1334
      vertex 0.00017299 -0.005 0.133409
      vertex 0.00017299 0.005 0.133409
    endloop
  endfacet
  facet normal -0.161789 -2.96446e-16 0.986825
    outer loop
      vertex 0.00017299 0.005 0.133409
      vertex 0.00017299 -0.005 0.133409
      vertex 0.000343953 0.005 0.133437
    endloop
  endfacet
  facet normal -0.161789 -2.96505e-16 0.986825
    outer loop
      vertex 0.00017299 -0.005 0.133409
      vertex 0.000343953 -0.005 0.133437
      vertex 0.000343953 0.005 0.133437
    endloop
  endfacet
  facet normal -0.2675 -4.90141e-16 0.963558
    outer loop
      vertex 0.000343953 0.005 0.133437
      vertex 0.000343953 -0.005 0.133437
      vertex 0.000510882 0.005 0.133484
    endloop
  endfacet
  facet normal -0.2675 -4.87017e-16 0.963558
    outer loop
      vertex 0.000343953 -0.005 0.133437
      vertex 0.000510882 -0.005 0.133484
      vertex 0.000510882 0.005 0.133484
    endloop
  endfacet
  facet normal -0.370115 -6.74149e-16 0.928986
    outer loop
      vertex 0.000510882 0.005 0.133484
      vertex 0.000510882 -0.005 0.133484
      vertex 0.000671823 0.005 0.133548
    endloop
  endfacet
  facet normal -0.370115 -6.74186e-16 0.928986
    outer loop
      vertex 0.000510882 -0.005 0.133484
      vertex 0.000671823 -0.005 0.133548
      vertex 0.000671823 0.005 0.133548
    endloop
  endfacet
  facet normal -0.46842 -8.53208e-16 0.883506
    outer loop
      vertex 0.000671823 0.005 0.133548
      vertex 0.000671823 -0.005 0.133548
      vertex 0.000824886 0.005 0.133629
    endloop
  endfacet
  facet normal -0.46842 -8.537e-16 0.883506
    outer loop
      vertex 0.000671823 -0.005 0.133548
      vertex 0.000824886 -0.005 0.133629
      vertex 0.000824886 0.005 0.133629
    endloop
  endfacet
  facet normal -0.561217 -1.02223e-15 0.827669
    outer loop
      vertex 0.000824886 0.005 0.133629
      vertex 0.000824886 -0.005 0.133629
      vertex 0.000968279 0.005 0.133726
    endloop
  endfacet
  facet normal -0.561217 -1.02175e-15 0.827669
    outer loop
      vertex 0.000824886 -0.005 0.133629
      vertex 0.000968279 -0.005 0.133726
      vertex 0.000968279 0.005 0.133726
    endloop
  endfacet
  facet normal -0.647353 -1.17913e-15 0.76219
    outer loop
      vertex 0.000968279 0.005 0.133726
      vertex 0.000968279 -0.005 0.133726
      vertex 0.00110032 0.005 0.133838
    endloop
  endfacet
  facet normal -0.647353 -1.17938e-15 0.76219
    outer loop
      vertex 0.000968279 -0.005 0.133726
      vertex 0.00110032 -0.005 0.133838
      vertex 0.00110032 0.005 0.133838
    endloop
  endfacet
  facet normal -0.726011 -1.3224e-15 0.687683
    outer loop
      vertex 0.00110032 0.005 0.133838
      vertex 0.00110032 -0.005 0.133838
      vertex 0.00121946 0.005 0.133964
    endloop
  endfacet
  facet normal -0.726011 -1.3235e-15 0.687683
    outer loop
      vertex 0.00110032 -0.005 0.133838
      vertex 0.00121946 -0.005 0.133964
      vertex 0.00121946 0.005 0.133964
    endloop
  endfacet
  facet normal -0.796107 -1.45008e-15 0.605156
    outer loop
      vertex 0.00121946 0.005 0.133964
      vertex 0.00121946 -0.005 0.133964
      vertex 0.0013243 0.005 0.134102
    endloop
  endfacet
  facet normal -0.796107 -1.45049e-15 0.605156
    outer loop
      vertex 0.00121946 -0.005 0.133964
      vertex 0.0013243 -0.005 0.134102
      vertex 0.0013243 0.005 0.134102
    endloop
  endfacet
  facet normal -0.856857 -1.56073e-15 0.515555
    outer loop
      vertex 0.0013243 0.005 0.134102
      vertex 0.0013243 -0.005 0.134102
      vertex 0.00141362 0.005 0.134251
    endloop
  endfacet
  facet normal -0.856857 -1.56131e-15 0.515555
    outer loop
      vertex 0.0013243 -0.005 0.134102
      vertex 0.00141362 -0.005 0.134251
      vertex 0.00141362 0.005 0.134251
    endloop
  endfacet
  facet normal -0.907565 -1.65309e-15 0.419912
    outer loop
      vertex 0.00141362 0.005 0.134251
      vertex 0.00141362 -0.005 0.134251
      vertex 0.00148636 0.005 0.134408
    endloop
  endfacet
  facet normal -0.907565 -1.65307e-15 0.419912
    outer loop
      vertex 0.00141362 -0.005 0.134251
      vertex 0.00148636 -0.005 0.134408
      vertex 0.00148636 0.005 0.134408
    endloop
  endfacet
  facet normal -0.947656 -1.72612e-15 0.319292
    outer loop
      vertex 0.00148636 0.005 0.134408
      vertex 0.00148636 -0.005 0.134408
      vertex 0.00154168 0.005 0.134572
    endloop
  endfacet
  facet normal -0.947656 -1.72551e-15 0.319292
    outer loop
      vertex 0.00148636 -0.005 0.134408
      vertex 0.00154168 -0.005 0.134572
      vertex 0.00154168 0.005 0.134572
    endloop
  endfacet
  facet normal -0.976619 -1.77887e-15 0.214978
    outer loop
      vertex 0.00154168 0.005 0.134572
      vertex 0.00154168 -0.005 0.134572
      vertex 0.00157892 0.005 0.134741
    endloop
  endfacet
  facet normal -0.976619 -1.77862e-15 0.214978
    outer loop
      vertex 0.00154168 -0.005 0.134572
      vertex 0.00157892 -0.005 0.134741
      vertex 0.00157892 0.005 0.134741
    endloop
  endfacet
  facet normal -0.994139 -1.81078e-15 0.108111
    outer loop
      vertex 0.00157892 0.005 0.134741
      vertex 0.00157892 -0.005 0.134741
      vertex 0.00159765 0.005 0.134913
    endloop
  endfacet
  facet normal -0.994139 -1.81088e-15 0.108111
    outer loop
      vertex 0.00157892 -0.005 0.134741
      vertex 0.00159765 -0.005 0.134913
      vertex 0.00159765 0.005 0.134913
    endloop
  endfacet
  facet normal -1 -1.82146e-15 0
    outer loop
      vertex 0.00159765 0.005 0.134913
      vertex 0.00159765 -0.005 0.134913
      vertex 0.00159765 0.005 0.135087
    endloop
  endfacet
  facet normal -1 -1.82146e-15 0
    outer loop
      vertex 0.00159765 -0.005 0.134913
      vertex 0.00159765 -0.005 0.135087
      vertex 0.00159765 0.005 0.135087
    endloop
  endfacet
  facet normal -0.994138 -1.81078e-15 -0.10812
    outer loop
      vertex 0.00159765 0.005 0.135087
      vertex 0.00159765 -0.005 0.135087
      vertex 0.00157892 0.005 0.135259
    endloop
  endfacet
  facet normal -0.994138 -1.8108e-15 -0.10812
    outer loop
      vertex 0.00159765 -0.005 0.135087
      vertex 0.00157892 -0.005 0.135259
      vertex 0.00157892 0.005 0.135259
    endloop
  endfacet
  facet normal -0.976619 -1.77887e-15 -0.214978
    outer loop
      vertex 0.00157892 0.005 0.135259
      vertex 0.00157892 -0.005 0.135259
      vertex 0.00154168 0.005 0.135428
    endloop
  endfacet
  facet normal -0.976619 -1.7791e-15 -0.214978
    outer loop
      vertex 0.00157892 -0.005 0.135259
      vertex 0.00154168 -0.005 0.135428
      vertex 0.00154168 0.005 0.135428
    endloop
  endfacet
  facet normal -0.947656 -1.72612e-15 -0.319292
    outer loop
      vertex 0.00154168 0.005 0.135428
      vertex 0.00154168 -0.005 0.135428
      vertex 0.00148636 0.005 0.135592
    endloop
  endfacet
  facet normal -0.947656 -1.72646e-15 -0.319292
    outer loop
      vertex 0.00154168 -0.005 0.135428
      vertex 0.00148636 -0.005 0.135592
      vertex 0.00148636 0.005 0.135592
    endloop
  endfacet
  facet normal -0.90758 -1.65312e-15 -0.419879
    outer loop
      vertex 0.00148636 0.005 0.135592
      vertex 0.00148636 -0.005 0.135592
      vertex 0.00141362 0.005 0.135749
    endloop
  endfacet
  facet normal -0.90758 -1.65294e-15 -0.419879
    outer loop
      vertex 0.00148636 -0.005 0.135592
      vertex 0.00141362 -0.005 0.135749
      vertex 0.00141362 0.005 0.135749
    endloop
  endfacet
  facet normal -0.856857 -1.56073e-15 -0.515555
    outer loop
      vertex 0.00141362 0.005 0.135749
      vertex 0.00141362 -0.005 0.135749
      vertex 0.0013243 0.005 0.135898
    endloop
  endfacet
  facet normal -0.856857 -1.56036e-15 -0.515555
    outer loop
      vertex 0.00141362 -0.005 0.135749
      vertex 0.0013243 -0.005 0.135898
      vertex 0.0013243 0.005 0.135898
    endloop
  endfacet
  facet normal -0.796075 -1.45002e-15 -0.605198
    outer loop
      vertex 0.0013243 0.005 0.135898
      vertex 0.0013243 -0.005 0.135898
      vertex 0.00121946 0.005 0.136036
    endloop
  endfacet
  facet normal -0.796075 -1.44964e-15 -0.605198
    outer loop
      vertex 0.0013243 -0.005 0.135898
      vertex 0.00121946 -0.005 0.136036
      vertex 0.00121946 0.005 0.136036
    endloop
  endfacet
  facet normal -0.726011 -1.3224e-15 -0.687683
    outer loop
      vertex 0.00121946 0.005 0.136036
      vertex 0.00121946 -0.005 0.136036
      vertex 0.00110032 0.005 0.136162
    endloop
  endfacet
  facet normal -0.726011 -1.32159e-15 -0.687683
    outer loop
      vertex 0.00121946 -0.005 0.136036
      vertex 0.00110032 -0.005 0.136162
      vertex 0.00110032 0.005 0.136162
    endloop
  endfacet
  facet normal -0.647353 -1.17913e-15 -0.76219
    outer loop
      vertex 0.00110032 0.005 0.136162
      vertex 0.00110032 -0.005 0.136162
      vertex 0.000968279 0.005 0.136274
    endloop
  endfacet
  facet normal -0.647353 -1.17938e-15 -0.76219
    outer loop
      vertex 0.00110032 -0.005 0.136162
      vertex 0.000968279 -0.005 0.136274
      vertex 0.000968279 0.005 0.136274
    endloop
  endfacet
  facet normal -0.561217 -1.02223e-15 -0.827669
    outer loop
      vertex 0.000968279 0.005 0.136274
      vertex 0.000968279 -0.005 0.136274
      vertex 0.000824886 0.005 0.136371
    endloop
  endfacet
  facet normal -0.561217 -1.0227e-15 -0.827669
    outer loop
      vertex 0.000968279 -0.005 0.136274
      vertex 0.000824886 -0.005 0.136371
      vertex 0.000824886 0.005 0.136371
    endloop
  endfacet
  facet normal -0.46842 -8.53208e-16 -0.883506
    outer loop
      vertex 0.000824886 0.005 0.136371
      vertex 0.000824886 -0.005 0.136371
      vertex 0.000671823 0.005 0.136452
    endloop
  endfacet
  facet normal -0.46842 -8.52745e-16 -0.883506
    outer loop
      vertex 0.000824886 -0.005 0.136371
      vertex 0.000671823 -0.005 0.136452
      vertex 0.000671823 0.005 0.136452
    endloop
  endfacet
  facet normal -0.370115 -6.74149e-16 -0.928986
    outer loop
      vertex 0.000671823 0.005 0.136452
      vertex 0.000671823 -0.005 0.136452
      vertex 0.000510882 0.005 0.136516
    endloop
  endfacet
  facet normal -0.370115 -6.74186e-16 -0.928986
    outer loop
      vertex 0.000671823 -0.005 0.136452
      vertex 0.000510882 -0.005 0.136516
      vertex 0.000510882 0.005 0.136516
    endloop
  endfacet
  facet normal -0.2675 -4.87241e-16 -0.963558
    outer loop
      vertex 0.000510882 0.005 0.136516
      vertex 0.000510882 -0.005 0.136516
      vertex 0.000343953 0.005 0.136563
    endloop
  endfacet
  facet normal -0.2675 -4.89882e-16 -0.963558
    outer loop
      vertex 0.000510882 -0.005 0.136516
      vertex 0.000343953 -0.005 0.136563
      vertex 0.000343953 0.005 0.136563
    endloop
  endfacet
  facet normal -0.161789 -2.96446e-16 -0.986825
    outer loop
      vertex 0.000343953 0.005 0.136563
      vertex 0.000343953 -0.005 0.136563
      vertex 0.00017299 0.005 0.136591
    endloop
  endfacet
  facet normal -0.161789 -2.96505e-16 -0.986825
    outer loop
      vertex 0.000343953 -0.005 0.136563
      vertex 0.00017299 -0.005 0.136591
      vertex 0.00017299 0.005 0.136591
    endloop
  endfacet
  facet normal -0.0541876 -9.92881e-17 -0.998531
    outer loop
      vertex 0.00017299 0.005 0.136591
      vertex 0.00017299 -0.005 0.136591
      vertex -4.95514e-18 0.005 0.1366
    endloop
  endfacet
  facet normal -0.0541876 -9.93123e-17 -0.998531
    outer loop
      vertex 0.00017299 -0.005 0.136591
      vertex 1.33635e-17 -0.005 0.1366
      vertex -4.95514e-18 0.005 0.1366
    endloop
  endfacet
  facet normal 0.0541876 9.92646e-17 -0.998531
    outer loop
      vertex -4.95514e-18 0.005 0.1366
      vertex 1.33635e-17 -0.005 0.1366
      vertex -0.00017299 0.005 0.136591
    endloop
  endfacet
  facet normal 0.0541876 9.93123e-17 -0.998531
    outer loop
      vertex 1.33635e-17 -0.005 0.1366
      vertex -0.00017299 -0.005 0.136591
      vertex -0.00017299 0.005 0.136591
    endloop
  endfacet
  facet normal 0.161789 2.96446e-16 -0.986825
    outer loop
      vertex -0.00017299 0.005 0.136591
      vertex -0.00017299 -0.005 0.136591
      vertex -0.000343953 0.005 0.136563
    endloop
  endfacet
  facet normal 0.161789 2.96505e-16 -0.986825
    outer loop
      vertex -0.00017299 -0.005 0.136591
      vertex -0.000343953 -0.005 0.136563
      vertex -0.000343953 0.005 0.136563
    endloop
  endfacet
  facet normal 0.2675 4.90141e-16 -0.963558
    outer loop
      vertex -0.000343953 0.005 0.136563
      vertex -0.000343953 -0.005 0.136563
      vertex -0.000510882 0.005 0.136516
    endloop
  endfacet
  facet normal 0.2675 4.87017e-16 -0.963558
    outer loop
      vertex -0.000343953 -0.005 0.136563
      vertex -0.000510882 -0.005 0.136516
      vertex -0.000510882 0.005 0.136516
    endloop
  endfacet
  facet normal 0.370115 6.74149e-16 -0.928986
    outer loop
      vertex -0.000510882 0.005 0.136516
      vertex -0.000510882 -0.005 0.136516
      vertex -0.000671823 0.005 0.136452
    endloop
  endfacet
  facet normal 0.370115 6.74186e-16 -0.928986
    outer loop
      vertex -0.000510882 -0.005 0.136516
      vertex -0.000671823 -0.005 0.136452
      vertex -0.000671823 0.005 0.136452
    endloop
  endfacet
  facet normal 0.46842 8.53208e-16 -0.883506
    outer loop
      vertex -0.000671823 0.005 0.136452
      vertex -0.000671823 -0.005 0.136452
      vertex -0.000824886 0.005 0.136371
    endloop
  endfacet
  facet normal 0.46842 8.52745e-16 -0.883506
    outer loop
      vertex -0.000671823 -0.005 0.136452
      vertex -0.000824886 -0.005 0.136371
      vertex -0.000824886 0.005 0.136371
    endloop
  endfacet
  facet normal 0.561217 1.02223e-15 -0.827669
    outer loop
      vertex -0.000824886 0.005 0.136371
      vertex -0.000824886 -0.005 0.136371
      vertex -0.000968279 0.005 0.136274
    endloop
  endfacet
  facet normal 0.561217 1.0227e-15 -0.827669
    outer loop
      vertex -0.000824886 -0.005 0.136371
      vertex -0.000968279 -0.005 0.136274
      vertex -0.000968279 0.005 0.136274
    endloop
  endfacet
  facet normal 0.647353 1.17913e-15 -0.76219
    outer loop
      vertex -0.000968279 0.005 0.136274
      vertex -0.000968279 -0.005 0.136274
      vertex -0.00110032 0.005 0.136162
    endloop
  endfacet
  facet normal 0.647353 1.17938e-15 -0.76219
    outer loop
      vertex -0.000968279 -0.005 0.136274
      vertex -0.00110032 -0.005 0.136162
      vertex -0.00110032 0.005 0.136162
    endloop
  endfacet
  facet normal 0.726011 1.3224e-15 -0.687683
    outer loop
      vertex -0.00110032 0.005 0.136162
      vertex -0.00110032 -0.005 0.136162
      vertex -0.00121946 0.005 0.136036
    endloop
  endfacet
  facet normal 0.726011 1.32159e-15 -0.687683
    outer loop
      vertex -0.00110032 -0.005 0.136162
      vertex -0.00121946 -0.005 0.136036
      vertex -0.00121946 0.005 0.136036
    endloop
  endfacet
  facet normal 0.796075 1.45002e-15 -0.605198
    outer loop
      vertex -0.00121946 0.005 0.136036
      vertex -0.00121946 -0.005 0.136036
      vertex -0.0013243 0.005 0.135898
    endloop
  endfacet
  facet normal 0.796075 1.44964e-15 -0.605198
    outer loop
      vertex -0.00121946 -0.005 0.136036
      vertex -0.0013243 -0.005 0.135898
      vertex -0.0013243 0.005 0.135898
    endloop
  endfacet
  facet normal 0.856857 1.56073e-15 -0.515555
    outer loop
      vertex -0.0013243 0.005 0.135898
      vertex -0.0013243 -0.005 0.135898
      vertex -0.00141362 0.005 0.135749
    endloop
  endfacet
  facet normal 0.856857 1.56036e-15 -0.515555
    outer loop
      vertex -0.0013243 -0.005 0.135898
      vertex -0.00141362 -0.005 0.135749
      vertex -0.00141362 0.005 0.135749
    endloop
  endfacet
  facet normal 0.90758 1.65312e-15 -0.419879
    outer loop
      vertex -0.00141362 0.005 0.135749
      vertex -0.00141362 -0.005 0.135749
      vertex -0.00148636 0.005 0.135592
    endloop
  endfacet
  facet normal 0.90758 1.65294e-15 -0.419879
    outer loop
      vertex -0.00141362 -0.005 0.135749
      vertex -0.00148636 -0.005 0.135592
      vertex -0.00148636 0.005 0.135592
    endloop
  endfacet
  facet normal 0.947656 1.72612e-15 -0.319292
    outer loop
      vertex -0.00148636 0.005 0.135592
      vertex -0.00148636 -0.005 0.135592
      vertex -0.00154168 0.005 0.135428
    endloop
  endfacet
  facet normal 0.947656 1.72646e-15 -0.319292
    outer loop
      vertex -0.00148636 -0.005 0.135592
      vertex -0.00154168 -0.005 0.135428
      vertex -0.00154168 0.005 0.135428
    endloop
  endfacet
  facet normal 0.976619 1.77887e-15 -0.214978
    outer loop
      vertex -0.00154168 0.005 0.135428
      vertex -0.00154168 -0.005 0.135428
      vertex -0.00157892 0.005 0.135259
    endloop
  endfacet
  facet normal 0.976619 1.7791e-15 -0.214978
    outer loop
      vertex -0.00154168 -0.005 0.135428
      vertex -0.00157892 -0.005 0.135259
      vertex -0.00157892 0.005 0.135259
    endloop
  endfacet
  facet normal 0.994138 1.81078e-15 -0.10812
    outer loop
      vertex -0.00157892 0.005 0.135259
      vertex -0.00157892 -0.005 0.135259
      vertex -0.00159765 0.005 0.135087
    endloop
  endfacet
  facet normal 0.994138 1.8108e-15 -0.10812
    outer loop
      vertex -0.00157892 -0.005 0.135259
      vertex -0.00159765 -0.005 0.135087
      vertex -0.00159765 0.005 0.135087
    endloop
  endfacet
  facet normal 1 1.82146e-15 0
    outer loop
      vertex -0.00159765 0.005 0.135087
      vertex -0.00159765 -0.005 0.135087
      vertex -0.00159765 0.005 0.134913
    endloop
  endfacet
  facet normal 1 1.82146e-15 0
    outer loop
      vertex -0.00159765 -0.005 0.135087
      vertex -0.00159765 -0.005 0.134913
      vertex -0.00159765 0.005 0.134913
    endloop
  endfacet
  facet normal 0.994139 1.81078e-15 0.108111
    outer loop
      vertex -0.00159765 0.005 0.134913
      vertex -0.00159765 -0.005 0.134913
      vertex -0.00157892 0.005 0.134741
    endloop
  endfacet
  facet normal 0.994139 1.81088e-15 0.108111
    outer loop
      vertex -0.00159765 -0.005 0.134913
      vertex -0.00157892 -0.005 0.134741
      vertex -0.00157892 0.005 0.134741
    endloop
  endfacet
  facet normal 0.976619 1.77887e-15 0.214978
    outer loop
      vertex -0.00157892 0.005 0.134741
      vertex -0.00157892 -0.005 0.134741
      vertex -0.00154168 0.005 0.134572
    endloop
  endfacet
  facet normal 0.976619 1.77862e-15 0.214978
    outer loop
      vertex -0.00157892 -0.005 0.134741
      vertex -0.00154168 -0.005 0.134572
      vertex -0.00154168 0.005 0.134572
    endloop
  endfacet
  facet normal 0.947656 1.72612e-15 0.319292
    outer loop
      vertex -0.00154168 0.005 0.134572
      vertex -0.00154168 -0.005 0.134572
      vertex -0.00148636 0.005 0.134408
    endloop
  endfacet
  facet normal 0.947656 1.72551e-15 0.319292
    outer loop
      vertex -0.00154168 -0.005 0.134572
      vertex -0.00148636 -0.005 0.134408
      vertex -0.00148636 0.005 0.134408
    endloop
  endfacet
  facet normal 0.907565 1.65309e-15 0.419912
    outer loop
      vertex -0.00148636 0.005 0.134408
      vertex -0.00148636 -0.005 0.134408
      vertex -0.00141362 0.005 0.134251
    endloop
  endfacet
  facet normal 0.907565 1.65307e-15 0.419912
    outer loop
      vertex -0.00148636 -0.005 0.134408
      vertex -0.00141362 -0.005 0.134251
      vertex -0.00141362 0.005 0.134251
    endloop
  endfacet
  facet normal 0.856857 1.56073e-15 0.515555
    outer loop
      vertex -0.00141362 0.005 0.134251
      vertex -0.00141362 -0.005 0.134251
      vertex -0.0013243 0.005 0.134102
    endloop
  endfacet
  facet normal 0.856857 1.56131e-15 0.515555
    outer loop
      vertex -0.00141362 -0.005 0.134251
      vertex -0.0013243 -0.005 0.134102
      vertex -0.0013243 0.005 0.134102
    endloop
  endfacet
  facet normal 0.796107 1.45008e-15 0.605156
    outer loop
      vertex -0.0013243 0.005 0.134102
      vertex -0.0013243 -0.005 0.134102
      vertex -0.00121946 0.005 0.133964
    endloop
  endfacet
  facet normal 0.796107 1.45049e-15 0.605156
    outer loop
      vertex -0.0013243 -0.005 0.134102
      vertex -0.00121946 -0.005 0.133964
      vertex -0.00121946 0.005 0.133964
    endloop
  endfacet
  facet normal 0.726011 1.3224e-15 0.687683
    outer loop
      vertex -0.00121946 0.005 0.133964
      vertex -0.00121946 -0.005 0.133964
      vertex -0.00110032 0.005 0.133838
    endloop
  endfacet
  facet normal 0.726011 1.3235e-15 0.687683
    outer loop
      vertex -0.00121946 -0.005 0.133964
      vertex -0.00110032 -0.005 0.133838
      vertex -0.00110032 0.005 0.133838
    endloop
  endfacet
  facet normal 0.647353 1.17913e-15 0.76219
    outer loop
      vertex -0.00110032 0.005 0.133838
      vertex -0.00110032 -0.005 0.133838
      vertex -0.000968279 0.005 0.133726
    endloop
  endfacet
  facet normal 0.647353 1.17938e-15 0.76219
    outer loop
      vertex -0.00110032 -0.005 0.133838
      vertex -0.000968279 -0.005 0.133726
      vertex -0.000968279 0.005 0.133726
    endloop
  endfacet
  facet normal 0.561217 1.02223e-15 0.827669
    outer loop
      vertex -0.000968279 0.005 0.133726
      vertex -0.000968279 -0.005 0.133726
      vertex -0.000824886 0.005 0.133629
    endloop
  endfacet
  facet normal 0.561217 1.02175e-15 0.827669
    outer loop
      vertex -0.000968279 -0.005 0.133726
      vertex -0.000824886 -0.005 0.133629
      vertex -0.000824886 0.005 0.133629
    endloop
  endfacet
  facet normal 0.46842 8.53208e-16 0.883506
    outer loop
      vertex -0.000824886 0.005 0.133629
      vertex -0.000824886 -0.005 0.133629
      vertex -0.000671823 0.005 0.133548
    endloop
  endfacet
  facet normal 0.46842 8.537e-16 0.883506
    outer loop
      vertex -0.000824886 -0.005 0.133629
      vertex -0.000671823 -0.005 0.133548
      vertex -0.000671823 0.005 0.133548
    endloop
  endfacet
  facet normal 0.370115 6.74149e-16 0.928986
    outer loop
      vertex -0.000671823 0.005 0.133548
      vertex -0.000671823 -0.005 0.133548
      vertex -0.000510882 0.005 0.133484
    endloop
  endfacet
  facet normal 0.370115 6.74186e-16 0.928986
    outer loop
      vertex -0.000671823 -0.005 0.133548
      vertex -0.000510882 -0.005 0.133484
      vertex -0.000510882 0.005 0.133484
    endloop
  endfacet
  facet normal 0.2675 4.87241e-16 0.963558
    outer loop
      vertex -0.000510882 0.005 0.133484
      vertex -0.000510882 -0.005 0.133484
      vertex -0.000343953 0.005 0.133437
    endloop
  endfacet
  facet normal 0.2675 4.89882e-16 0.963558
    outer loop
      vertex -0.000510882 -0.005 0.133484
      vertex -0.000343953 -0.005 0.133437
      vertex -0.000343953 0.005 0.133437
    endloop
  endfacet
  facet normal 0.161789 2.96446e-16 0.986825
    outer loop
      vertex -0.000343953 0.005 0.133437
      vertex -0.000343953 -0.005 0.133437
      vertex -0.00017299 0.005 0.133409
    endloop
  endfacet
  facet normal 0.161789 2.96505e-16 0.986825
    outer loop
      vertex -0.000343953 -0.005 0.133437
      vertex -0.00017299 -0.005 0.133409
      vertex -0.00017299 0.005 0.133409
    endloop
  endfacet
  facet normal 0.0541876 9.92881e-17 0.998531
    outer loop
      vertex -0.00017299 0.005 0.133409
      vertex -0.00017299 -0.005 0.133409
      vertex -5.23991e-18 0.005 0.1334
    endloop
  endfacet
  facet normal 0.0541876 9.71637e-17 0.998531
    outer loop
      vertex -0.00017299 -0.005 0.133409
      vertex 1.26869e-17 -0.005 0.1334
      vertex -5.23991e-18 0.005 0.1334
    endloop
  endfacet
  facet normal -0.0541447 -9.70641e-17 0.998533
    outer loop
      vertex -2.89803e-18 0.005 0.1084
      vertex 1.50288e-17 -0.005 0.1084
      vertex 0.00017299 0.005 0.108409
    endloop
  endfacet
  facet normal -0.0541447 -9.91932e-17 0.998533
    outer loop
      vertex 1.50288e-17 -0.005 0.1084
      vertex 0.00017299 -0.005 0.108409
      vertex 0.00017299 0.005 0.108409
    endloop
  endfacet
  facet normal -0.161747 -2.96369e-16 0.986832
    outer loop
      vertex 0.00017299 0.005 0.108409
      vertex 0.00017299 -0.005 0.108409
      vertex 0.000343953 0.005 0.108437
    endloop
  endfacet
  facet normal -0.161747 -2.96507e-16 0.986832
    outer loop
      vertex 0.00017299 -0.005 0.108409
      vertex 0.000343953 -0.005 0.108437
      vertex 0.000343953 0.005 0.108437
    endloop
  endfacet
  facet normal -0.26754 -4.90215e-16 0.963547
    outer loop
      vertex 0.000343953 0.005 0.108437
      vertex 0.000343953 -0.005 0.108437
      vertex 0.000510882 0.005 0.108484
    endloop
  endfacet
  facet normal -0.26754 -4.87967e-16 0.963547
    outer loop
      vertex 0.000343953 -0.005 0.108437
      vertex 0.000510882 -0.005 0.108484
      vertex 0.000510882 0.005 0.108484
    endloop
  endfacet
  facet normal -0.370152 -6.74217e-16 0.928971
    outer loop
      vertex 0.000510882 0.005 0.108484
      vertex 0.000510882 -0.005 0.108484
      vertex 0.000671823 0.005 0.108548
    endloop
  endfacet
  facet normal -0.370152 -6.74176e-16 0.928971
    outer loop
      vertex 0.000510882 -0.005 0.108484
      vertex 0.000671823 -0.005 0.108548
      vertex 0.000671823 0.005 0.108548
    endloop
  endfacet
  facet normal -0.468386 -8.53147e-16 0.883524
    outer loop
      vertex 0.000671823 0.005 0.108548
      vertex 0.000671823 -0.005 0.108548
      vertex 0.000824886 0.005 0.108629
    endloop
  endfacet
  facet normal -0.468386 -8.53717e-16 0.883524
    outer loop
      vertex 0.000671823 -0.005 0.108548
      vertex 0.000824886 -0.005 0.108629
      vertex 0.000824886 0.005 0.108629
    endloop
  endfacet
  facet normal -0.561187 -1.02218e-15 0.827689
    outer loop
      vertex 0.000824886 0.005 0.108629
      vertex 0.000824886 -0.005 0.108629
      vertex 0.000968279 0.005 0.108726
    endloop
  endfacet
  facet normal -0.561187 -1.02177e-15 0.827689
    outer loop
      vertex 0.000824886 -0.005 0.108629
      vertex 0.000968279 -0.005 0.108726
      vertex 0.000968279 0.005 0.108726
    endloop
  endfacet
  facet normal -0.647403 -1.17922e-15 0.762148
    outer loop
      vertex 0.000968279 0.005 0.108726
      vertex 0.000968279 -0.005 0.108726
      vertex 0.00110032 0.005 0.108838
    endloop
  endfacet
  facet normal -0.647403 -1.17932e-15 0.762148
    outer loop
      vertex 0.000968279 -0.005 0.108726
      vertex 0.00110032 -0.005 0.108838
      vertex 0.00110032 0.005 0.108838
    endloop
  endfacet
  facet normal -0.725991 -1.32236e-15 0.687704
    outer loop
      vertex 0.00110032 0.005 0.108838
      vertex 0.00110032 -0.005 0.108838
      vertex 0.00121946 0.005 0.108964
    endloop
  endfacet
  facet normal -0.725991 -1.32354e-15 0.687704
    outer loop
      vertex 0.00110032 -0.005 0.108838
      vertex 0.00121946 -0.005 0.108964
      vertex 0.00121946 0.005 0.108964
    endloop
  endfacet
  facet normal -0.796091 -1.45005e-15 0.605177
    outer loop
      vertex 0.00121946 0.005 0.108964
      vertex 0.00121946 -0.005 0.108964
      vertex 0.0013243 0.005 0.109102
    endloop
  endfacet
  facet normal -0.796091 -1.45054e-15 0.605177
    outer loop
      vertex 0.00121946 -0.005 0.108964
      vertex 0.0013243 -0.005 0.109102
      vertex 0.0013243 0.005 0.109102
    endloop
  endfacet
  facet normal -0.856857 -1.56073e-15 0.515555
    outer loop
      vertex 0.0013243 0.005 0.109102
      vertex 0.0013243 -0.005 0.109102
      vertex 0.00141362 0.005 0.109251
    endloop
  endfacet
  facet normal -0.856857 -1.56131e-15 0.515555
    outer loop
      vertex 0.0013243 -0.005 0.109102
      vertex 0.00141362 -0.005 0.109251
      vertex 0.00141362 0.005 0.109251
    endloop
  endfacet
  facet normal -0.90758 -1.65312e-15 0.419879
    outer loop
      vertex 0.00141362 0.005 0.109251
      vertex 0.00141362 -0.005 0.109251
      vertex 0.00148636 0.005 0.109408
    endloop
  endfacet
  facet normal -0.90758 -1.6539e-15 0.419879
    outer loop
      vertex 0.00141362 -0.005 0.109251
      vertex 0.00148636 -0.005 0.109408
      vertex 0.00148636 0.005 0.109408
    endloop
  endfacet
  facet normal -0.947652 -1.72611e-15 0.319305
    outer loop
      vertex 0.00148636 0.005 0.109408
      vertex 0.00148636 -0.005 0.109408
      vertex 0.00154168 0.005 0.109572
    endloop
  endfacet
  facet normal -0.947652 -1.72558e-15 0.319305
    outer loop
      vertex 0.00148636 -0.005 0.109408
      vertex 0.00154168 -0.005 0.109572
      vertex 0.00154168 0.005 0.109572
    endloop
  endfacet
  facet normal -0.976621 -1.77888e-15 0.214969
    outer loop
      vertex 0.00154168 0.005 0.109572
      vertex 0.00154168 -0.005 0.109572
      vertex 0.00157892 0.005 0.109741
    endloop
  endfacet
  facet normal -0.976621 -1.77854e-15 0.214969
    outer loop
      vertex 0.00154168 -0.005 0.109572
      vertex 0.00157892 -0.005 0.109741
      vertex 0.00157892 0.005 0.109741
    endloop
  endfacet
  facet normal -0.994138 -1.81078e-15 0.10812
    outer loop
      vertex 0.00157892 0.005 0.109741
      vertex 0.00157892 -0.005 0.109741
      vertex 0.00159765 0.005 0.109913
    endloop
  endfacet
  facet normal -0.994138 -1.8108e-15 0.10812
    outer loop
      vertex 0.00157892 -0.005 0.109741
      vertex 0.00159765 -0.005 0.109913
      vertex 0.00159765 0.005 0.109913
    endloop
  endfacet
  facet normal -1 -1.82146e-15 0
    outer loop
      vertex 0.00159765 0.005 0.109913
      vertex 0.00159765 -0.005 0.109913
      vertex 0.00159765 0.005 0.110087
    endloop
  endfacet
  facet normal -1 -1.82146e-15 0
    outer loop
      vertex 0.00159765 -0.005 0.109913
      vertex 0.00159765 -0.005 0.110087
      vertex 0.00159765 0.005 0.110087
    endloop
  endfacet
  facet normal -0.994138 -1.81078e-15 -0.10812
    outer loop
      vertex 0.00159765 0.005 0.110087
      vertex 0.00159765 -0.005 0.110087
      vertex 0.00157892 0.005 0.110259
    endloop
  endfacet
  facet normal -0.994138 -1.8108e-15 -0.10812
    outer loop
      vertex 0.00159765 -0.005 0.110087
      vertex 0.00157892 -0.005 0.110259
      vertex 0.00157892 0.005 0.110259
    endloop
  endfacet
  facet normal -0.976621 -1.77888e-15 -0.214969
    outer loop
      vertex 0.00157892 0.005 0.110259
      vertex 0.00157892 -0.005 0.110259
      vertex 0.00154168 0.005 0.110428
    endloop
  endfacet
  facet normal -0.976621 -1.77902e-15 -0.214969
    outer loop
      vertex 0.00157892 -0.005 0.110259
      vertex 0.00154168 -0.005 0.110428
      vertex 0.00154168 0.005 0.110428
    endloop
  endfacet
  facet normal -0.947656 -1.72612e-15 -0.319292
    outer loop
      vertex 0.00154168 0.005 0.110428
      vertex 0.00154168 -0.005 0.110428
      vertex 0.00148636 0.005 0.110592
    endloop
  endfacet
  facet normal -0.947656 -1.72646e-15 -0.319292
    outer loop
      vertex 0.00154168 -0.005 0.110428
      vertex 0.00148636 -0.005 0.110592
      vertex 0.00148636 0.005 0.110592
    endloop
  endfacet
  facet normal -0.907572 -1.65311e-15 -0.419896
    outer loop
      vertex 0.00148636 0.005 0.110592
      vertex 0.00148636 -0.005 0.110592
      vertex 0.00141362 0.005 0.110749
    endloop
  endfacet
  facet normal -0.907572 -1.65301e-15 -0.419896
    outer loop
      vertex 0.00148636 -0.005 0.110592
      vertex 0.00141362 -0.005 0.110749
      vertex 0.00141362 0.005 0.110749
    endloop
  endfacet
  facet normal -0.856857 -1.56073e-15 -0.515555
    outer loop
      vertex 0.00141362 0.005 0.110749
      vertex 0.00141362 -0.005 0.110749
      vertex 0.0013243 0.005 0.110898
    endloop
  endfacet
  facet normal -0.856857 -1.56036e-15 -0.515555
    outer loop
      vertex 0.00141362 -0.005 0.110749
      vertex 0.0013243 -0.005 0.110898
      vertex 0.0013243 0.005 0.110898
    endloop
  endfacet
  facet normal -0.796091 -1.45005e-15 -0.605177
    outer loop
      vertex 0.0013243 0.005 0.110898
      vertex 0.0013243 -0.005 0.110898
      vertex 0.00121946 0.005 0.111036
    endloop
  endfacet
  facet normal -0.796091 -1.44959e-15 -0.605177
    outer loop
      vertex 0.0013243 -0.005 0.110898
      vertex 0.00121946 -0.005 0.111036
      vertex 0.00121946 0.005 0.111036
    endloop
  endfacet
  facet normal -0.725991 -1.32236e-15 -0.687704
    outer loop
      vertex 0.00121946 0.005 0.111036
      vertex 0.00121946 -0.005 0.111036
      vertex 0.00110032 0.005 0.111162
    endloop
  endfacet
  facet normal -0.725991 -1.32163e-15 -0.687704
    outer loop
      vertex 0.00121946 -0.005 0.111036
      vertex 0.00110032 -0.005 0.111162
      vertex 0.00110032 0.005 0.111162
    endloop
  endfacet
  facet normal -0.647403 -1.17922e-15 -0.762148
    outer loop
      vertex 0.00110032 0.005 0.111162
      vertex 0.00110032 -0.005 0.111162
      vertex 0.000968279 0.005 0.111274
    endloop
  endfacet
  facet normal -0.647403 -1.17932e-15 -0.762148
    outer loop
      vertex 0.00110032 -0.005 0.111162
      vertex 0.000968279 -0.005 0.111274
      vertex 0.000968279 0.005 0.111274
    endloop
  endfacet
  facet normal -0.561187 -1.02218e-15 -0.827689
    outer loop
      vertex 0.000968279 0.005 0.111274
      vertex 0.000968279 -0.005 0.111274
      vertex 0.000824886 0.005 0.111371
    endloop
  endfacet
  facet normal -0.561187 -1.02177e-15 -0.827689
    outer loop
      vertex 0.000968279 -0.005 0.111274
      vertex 0.000824886 -0.005 0.111371
      vertex 0.000824886 0.005 0.111371
    endloop
  endfacet
  facet normal -0.468386 -8.53147e-16 -0.883524
    outer loop
      vertex 0.000824886 0.005 0.111371
      vertex 0.000824886 -0.005 0.111371
      vertex 0.000671823 0.005 0.111452
    endloop
  endfacet
  facet normal -0.468386 -8.52762e-16 -0.883524
    outer loop
      vertex 0.000824886 -0.005 0.111371
      vertex 0.000671823 -0.005 0.111452
      vertex 0.000671823 0.005 0.111452
    endloop
  endfacet
  facet normal -0.370152 -6.74217e-16 -0.928971
    outer loop
      vertex 0.000671823 0.005 0.111452
      vertex 0.000671823 -0.005 0.111452
      vertex 0.000510882 0.005 0.111516
    endloop
  endfacet
  facet normal -0.370152 -6.74176e-16 -0.928971
    outer loop
      vertex 0.000671823 -0.005 0.111452
      vertex 0.000510882 -0.005 0.111516
      vertex 0.000510882 0.005 0.111516
    endloop
  endfacet
  facet normal -0.26754 -4.87314e-16 -0.963547
    outer loop
      vertex 0.000510882 0.005 0.111516
      vertex 0.000510882 -0.005 0.111516
      vertex 0.000343953 0.005 0.111563
    endloop
  endfacet
  facet normal -0.26754 -4.90832e-16 -0.963547
    outer loop
      vertex 0.000510882 -0.005 0.111516
      vertex 0.000343953 -0.005 0.111563
      vertex 0.000343953 0.005 0.111563
    endloop
  endfacet
  facet normal -0.161789 -2.96446e-16 -0.986825
    outer loop
      vertex 0.000343953 0.005 0.111563
      vertex 0.000343953 -0.005 0.111563
      vertex 0.00017299 0.005 0.111591
    endloop
  endfacet
  facet normal -0.161789 -2.96505e-16 -0.986825
    outer loop
      vertex 0.000343953 -0.005 0.111563
      vertex 0.00017299 -0.005 0.111591
      vertex 0.00017299 0.005 0.111591
    endloop
  endfacet
  facet normal -0.0541019 -9.91309e-17 -0.998535
    outer loop
      vertex 0.00017299 0.005 0.111591
      vertex 0.00017299 -0.005 0.111591
      vertex -2.61327e-18 0.005 0.1116
    endloop
  endfacet
  facet normal -0.0541019 -9.9074e-17 -0.998535
    outer loop
      vertex 0.00017299 -0.005 0.111591
      vertex 1.57054e-17 -0.005 0.1116
      vertex -2.61327e-18 0.005 0.1116
    endloop
  endfacet
  facet normal 0.0541019 9.91075e-17 -0.998535
    outer loop
      vertex -2.61327e-18 0.005 0.1116
      vertex 1.57054e-17 -0.005 0.1116
      vertex -0.00017299 0.005 0.111591
    endloop
  endfacet
  facet normal 0.0541019 9.91934e-17 -0.998535
    outer loop
      vertex 1.57054e-17 -0.005 0.1116
      vertex -0.00017299 -0.005 0.111591
      vertex -0.00017299 0.005 0.111591
    endloop
  endfacet
  facet normal 0.161789 2.96446e-16 -0.986825
    outer loop
      vertex -0.00017299 0.005 0.111591
      vertex -0.00017299 -0.005 0.111591
      vertex -0.000343953 0.005 0.111563
    endloop
  endfacet
  facet normal 0.161789 2.96505e-16 -0.986825
    outer loop
      vertex -0.00017299 -0.005 0.111591
      vertex -0.000343953 -0.005 0.111563
      vertex -0.000343953 0.005 0.111563
    endloop
  endfacet
  facet normal 0.26754 4.90215e-16 -0.963547
    outer loop
      vertex -0.000343953 0.005 0.111563
      vertex -0.000343953 -0.005 0.111563
      vertex -0.000510882 0.005 0.111516
    endloop
  endfacet
  facet normal 0.26754 4.87967e-16 -0.963547
    outer loop
      vertex -0.000343953 -0.005 0.111563
      vertex -0.000510882 -0.005 0.111516
      vertex -0.000510882 0.005 0.111516
    endloop
  endfacet
  facet normal 0.370152 6.74217e-16 -0.928971
    outer loop
      vertex -0.000510882 0.005 0.111516
      vertex -0.000510882 -0.005 0.111516
      vertex -0.000671823 0.005 0.111452
    endloop
  endfacet
  facet normal 0.370152 6.74176e-16 -0.928971
    outer loop
      vertex -0.000510882 -0.005 0.111516
      vertex -0.000671823 -0.005 0.111452
      vertex -0.000671823 0.005 0.111452
    endloop
  endfacet
  facet normal 0.468386 8.53147e-16 -0.883524
    outer loop
      vertex -0.000671823 0.005 0.111452
      vertex -0.000671823 -0.005 0.111452
      vertex -0.000824886 0.005 0.111371
    endloop
  endfacet
  facet normal 0.468386 8.52762e-16 -0.883524
    outer loop
      vertex -0.000671823 -0.005 0.111452
      vertex -0.000824886 -0.005 0.111371
      vertex -0.000824886 0.005 0.111371
    endloop
  endfacet
  facet normal 0.561187 1.02218e-15 -0.827689
    outer loop
      vertex -0.000824886 0.005 0.111371
      vertex -0.000824886 -0.005 0.111371
      vertex -0.000968279 0.005 0.111274
    endloop
  endfacet
  facet normal 0.561187 1.02273e-15 -0.827689
    outer loop
      vertex -0.000824886 -0.005 0.111371
      vertex -0.000968279 -0.005 0.111274
      vertex -0.000968279 0.005 0.111274
    endloop
  endfacet
  facet normal 0.647403 1.17922e-15 -0.762148
    outer loop
      vertex -0.000968279 0.005 0.111274
      vertex -0.000968279 -0.005 0.111274
      vertex -0.00110032 0.005 0.111162
    endloop
  endfacet
  facet normal 0.647403 1.17932e-15 -0.762148
    outer loop
      vertex -0.000968279 -0.005 0.111274
      vertex -0.00110032 -0.005 0.111162
      vertex -0.00110032 0.005 0.111162
    endloop
  endfacet
  facet normal 0.725991 1.32236e-15 -0.687704
    outer loop
      vertex -0.00110032 0.005 0.111162
      vertex -0.00110032 -0.005 0.111162
      vertex -0.00121946 0.005 0.111036
    endloop
  endfacet
  facet normal 0.725991 1.32163e-15 -0.687704
    outer loop
      vertex -0.00110032 -0.005 0.111162
      vertex -0.00121946 -0.005 0.111036
      vertex -0.00121946 0.005 0.111036
    endloop
  endfacet
  facet normal 0.796091 1.45005e-15 -0.605177
    outer loop
      vertex -0.00121946 0.005 0.111036
      vertex -0.00121946 -0.005 0.111036
      vertex -0.0013243 0.005 0.110898
    endloop
  endfacet
  facet normal 0.796091 1.44959e-15 -0.605177
    outer loop
      vertex -0.00121946 -0.005 0.111036
      vertex -0.0013243 -0.005 0.110898
      vertex -0.0013243 0.005 0.110898
    endloop
  endfacet
  facet normal 0.856857 1.56073e-15 -0.515555
    outer loop
      vertex -0.0013243 0.005 0.110898
      vertex -0.0013243 -0.005 0.110898
      vertex -0.00141362 0.005 0.110749
    endloop
  endfacet
  facet normal 0.856857 1.56036e-15 -0.515555
    outer loop
      vertex -0.0013243 -0.005 0.110898
      vertex -0.00141362 -0.005 0.110749
      vertex -0.00141362 0.005 0.110749
    endloop
  endfacet
  facet normal 0.907572 1.65311e-15 -0.419896
    outer loop
      vertex -0.00141362 0.005 0.110749
      vertex -0.00141362 -0.005 0.110749
      vertex -0.00148636 0.005 0.110592
    endloop
  endfacet
  facet normal 0.907572 1.65301e-15 -0.419896
    outer loop
      vertex -0.00141362 -0.005 0.110749
      vertex -0.00148636 -0.005 0.110592
      vertex -0.00148636 0.005 0.110592
    endloop
  endfacet
  facet normal 0.947656 1.72612e-15 -0.319292
    outer loop
      vertex -0.00148636 0.005 0.110592
      vertex -0.00148636 -0.005 0.110592
      vertex -0.00154168 0.005 0.110428
    endloop
  endfacet
  facet normal 0.947656 1.72646e-15 -0.319292
    outer loop
      vertex -0.00148636 -0.005 0.110592
      vertex -0.00154168 -0.005 0.110428
      vertex -0.00154168 0.005 0.110428
    endloop
  endfacet
  facet normal 0.976621 1.77888e-15 -0.214969
    outer loop
      vertex -0.00154168 0.005 0.110428
      vertex -0.00154168 -0.005 0.110428
      vertex -0.00157892 0.005 0.110259
    endloop
  endfacet
  facet normal 0.976621 1.77902e-15 -0.214969
    outer loop
      vertex -0.00154168 -0.005 0.110428
      vertex -0.00157892 -0.005 0.110259
      vertex -0.00157892 0.005 0.110259
    endloop
  endfacet
  facet normal 0.994138 1.81078e-15 -0.10812
    outer loop
      vertex -0.00157892 0.005 0.110259
      vertex -0.00157892 -0.005 0.110259
      vertex -0.00159765 0.005 0.110087
    endloop
  endfacet
  facet normal 0.994138 1.8108e-15 -0.10812
    outer loop
      vertex -0.00157892 -0.005 0.110259
      vertex -0.00159765 -0.005 0.110087
      vertex -0.00159765 0.005 0.110087
    endloop
  endfacet
  facet normal 1 1.82146e-15 0
    outer loop
      vertex -0.00159765 0.005 0.110087
      vertex -0.00159765 -0.005 0.110087
      vertex -0.00159765 0.005 0.109913
    endloop
  endfacet
  facet normal 1 1.82146e-15 0
    outer loop
      vertex -0.00159765 -0.005 0.110087
      vertex -0.00159765 -0.005 0.109913
      vertex -0.00159765 0.005 0.109913
    endloop
  endfacet
  facet normal 0.994138 1.81078e-15 0.10812
    outer loop
      vertex -0.00159765 0.005 0.109913
      vertex -0.00159765 -0.005 0.109913
      vertex -0.00157892 0.005 0.109741
    endloop
  endfacet
  facet normal 0.994138 1.8108e-15 0.10812
    outer loop
      vertex -0.00159765 -0.005 0.109913
      vertex -0.00157892 -0.005 0.109741
      vertex -0.00157892 0.005 0.109741
    endloop
  endfacet
  facet normal 0.976621 1.77888e-15 0.214969
    outer loop
      vertex -0.00157892 0.005 0.109741
      vertex -0.00157892 -0.005 0.109741
      vertex -0.00154168 0.005 0.109572
    endloop
  endfacet
  facet normal 0.976621 1.77854e-15 0.214969
    outer loop
      vertex -0.00157892 -0.005 0.109741
      vertex -0.00154168 -0.005 0.109572
      vertex -0.00154168 0.005 0.109572
    endloop
  endfacet
  facet normal 0.947652 1.72611e-15 0.319305
    outer loop
      vertex -0.00154168 0.005 0.109572
      vertex -0.00154168 -0.005 0.109572
      vertex -0.00148636 0.005 0.109408
    endloop
  endfacet
  facet normal 0.947652 1.72558e-15 0.319305
    outer loop
      vertex -0.00154168 -0.005 0.109572
      vertex -0.00148636 -0.005 0.109408
      vertex -0.00148636 0.005 0.109408
    endloop
  endfacet
  facet normal 0.90758 1.65312e-15 0.419879
    outer loop
      vertex -0.00148636 0.005 0.109408
      vertex -0.00148636 -0.005 0.109408
      vertex -0.00141362 0.005 0.109251
    endloop
  endfacet
  facet normal 0.90758 1.6539e-15 0.419879
    outer loop
      vertex -0.00148636 -0.005 0.109408
      vertex -0.00141362 -0.005 0.109251
      vertex -0.00141362 0.005 0.109251
    endloop
  endfacet
  facet normal 0.856857 1.56073e-15 0.515555
    outer loop
      vertex -0.00141362 0.005 0.109251
      vertex -0.00141362 -0.005 0.109251
      vertex -0.0013243 0.005 0.109102
    endloop
  endfacet
  facet normal 0.856857 1.56131e-15 0.515555
    outer loop
      vertex -0.00141362 -0.005 0.109251
      vertex -0.0013243 -0.005 0.109102
      vertex -0.0013243 0.005 0.109102
    endloop
  endfacet
  facet normal 0.796091 1.45005e-15 0.605177
    outer loop
      vertex -0.0013243 0.005 0.109102
      vertex -0.0013243 -0.005 0.109102
      vertex -0.00121946 0.005 0.108964
    endloop
  endfacet
  facet normal 0.796091 1.45054e-15 0.605177
    outer loop
      vertex -0.0013243 -0.005 0.109102
      vertex -0.00121946 -0.005 0.108964
      vertex -0.00121946 0.005 0.108964
    endloop
  endfacet
  facet normal 0.725991 1.32236e-15 0.687704
    outer loop
      vertex -0.00121946 0.005 0.108964
      vertex -0.00121946 -0.005 0.108964
      vertex -0.00110032 0.005 0.108838
    endloop
  endfacet
  facet normal 0.725991 1.32354e-15 0.687704
    outer loop
      vertex -0.00121946 -0.005 0.108964
      vertex -0.00110032 -0.005 0.108838
      vertex -0.00110032 0.005 0.108838
    endloop
  endfacet
  facet normal 0.647403 1.17922e-15 0.762148
    outer loop
      vertex -0.00110032 0.005 0.108838
      vertex -0.00110032 -0.005 0.108838
      vertex -0.000968279 0.005 0.108726
    endloop
  endfacet
  facet normal 0.647403 1.17932e-15 0.762148
    outer loop
      vertex -0.00110032 -0.005 0.108838
      vertex -0.000968279 -0.005 0.108726
      vertex -0.000968279 0.005 0.108726
    endloop
  endfacet
  facet normal 0.561187 1.02218e-15 0.827689
    outer loop
      vertex -0.000968279 0.005 0.108726
      vertex -0.000968279 -0.005 0.108726
      vertex -0.000824886 0.005 0.108629
    endloop
  endfacet
  facet normal 0.561187 1.02177e-15 0.827689
    outer loop
      vertex -0.000968279 -0.005 0.108726
      vertex -0.000824886 -0.005 0.108629
      vertex -0.000824886 0.005 0.108629
    endloop
  endfacet
  facet normal 0.468386 8.53147e-16 0.883524
    outer loop
      vertex -0.000824886 0.005 0.108629
      vertex -0.000824886 -0.005 0.108629
      vertex -0.000671823 0.005 0.108548
    endloop
  endfacet
  facet normal 0.468386 8.53717e-16 0.883524
    outer loop
      vertex -0.000824886 -0.005 0.108629
      vertex -0.000671823 -0.005 0.108548
      vertex -0.000671823 0.005 0.108548
    endloop
  endfacet
  facet normal 0.370152 6.74217e-16 0.928971
    outer loop
      vertex -0.000671823 0.005 0.108548
      vertex -0.000671823 -0.005 0.108548
      vertex -0.000510882 0.005 0.108484
    endloop
  endfacet
  facet normal 0.370152 6.74176e-16 0.928971
    outer loop
      vertex -0.000671823 -0.005 0.108548
      vertex -0.000510882 -0.005 0.108484
      vertex -0.000510882 0.005 0.108484
    endloop
  endfacet
  facet normal 0.26754 4.87314e-16 0.963547
    outer loop
      vertex -0.000510882 0.005 0.108484
      vertex -0.000510882 -0.005 0.108484
      vertex -0.000343953 0.005 0.108437
    endloop
  endfacet
  facet normal 0.26754 4.90832e-16 0.963547
    outer loop
      vertex -0.000510882 -0.005 0.108484
      vertex -0.000343953 -0.005 0.108437
      vertex -0.000343953 0.005 0.108437
    endloop
  endfacet
  facet normal 0.161747 2.96369e-16 0.986832
    outer loop
      vertex -0.000343953 0.005 0.108437
      vertex -0.000343953 -0.005 0.108437
      vertex -0.00017299 0.005 0.108409
    endloop
  endfacet
  facet normal 0.161747 2.9603e-16 0.986832
    outer loop
      vertex -0.000343953 -0.005 0.108437
      vertex -0.00017299 -0.005 0.108409
      vertex -0.00017299 0.005 0.108409
    endloop
  endfacet
  facet normal 0.0541447 9.92095e-17 0.998533
    outer loop
      vertex -0.00017299 0.005 0.108409
      vertex -0.00017299 -0.005 0.108409
      vertex -2.89803e-18 0.005 0.1084
    endloop
  endfacet
  facet normal 0.0541447 9.69252e-17 0.998533
    outer loop
      vertex -0.00017299 -0.005 0.108409
      vertex 1.50288e-17 -0.005 0.1084
      vertex -2.89803e-18 0.005 0.1084
    endloop
  endfacet
  facet normal -0.99863 -0.0523353 2.77175e-17
    outer loop
      vertex -0.01 -0.003 0.14
      vertex -0.01 -0.003 0.015
      vertex -0.00998904 -0.00320906 0.015
    endloop
  endfacet
  facet normal -0.99863 -0.0523353 2.77223e-17
    outer loop
      vertex -0.01 -0.003 0.14
      vertex -0.00998904 -0.00320906 0.015
      vertex -0.00998904 -0.00320906 0.14
    endloop
  endfacet
  facet normal -0.987689 -0.156432 2.74139e-17
    outer loop
      vertex -0.00998904 -0.00320906 0.015
      vertex -0.0099563 -0.00341582 0.015
      vertex -0.00998904 -0.00320906 0.14
    endloop
  endfacet
  facet normal -0.987689 -0.156432 2.74379e-17
    outer loop
      vertex -0.00998904 -0.00320906 0.14
      vertex -0.0099563 -0.00341582 0.015
      vertex -0.0099563 -0.00341582 0.14
    endloop
  endfacet
  facet normal -0.965925 -0.25882 2.68098e-17
    outer loop
      vertex -0.0099563 -0.00341582 0.015
      vertex -0.00990211 -0.00361803 0.015
      vertex -0.0099563 -0.00341582 0.14
    endloop
  endfacet
  facet normal -0.965925 -0.25882 2.68056e-17
    outer loop
      vertex -0.0099563 -0.00341582 0.14
      vertex -0.00990211 -0.00361803 0.015
      vertex -0.00990211 -0.00361803 0.14
    endloop
  endfacet
  facet normal -0.933581 -0.358367 2.59121e-17
    outer loop
      vertex -0.00990211 -0.00361803 0.015
      vertex -0.00982709 -0.00381347 0.015
      vertex -0.00990211 -0.00361803 0.14
    endloop
  endfacet
  facet normal -0.933581 -0.358367 2.59206e-17
    outer loop
      vertex -0.00990211 -0.00361803 0.14
      vertex -0.00982709 -0.00381347 0.015
      vertex -0.00982709 -0.00381347 0.14
    endloop
  endfacet
  facet normal -0.891006 -0.453992 2.47304e-17
    outer loop
      vertex -0.00982709 -0.00381347 0.015
      vertex -0.00973205 -0.004 0.015
      vertex -0.00982709 -0.00381347 0.14
    endloop
  endfacet
  facet normal -0.891006 -0.453992 2.46561e-17
    outer loop
      vertex -0.00982709 -0.00381347 0.14
      vertex -0.00973205 -0.004 0.015
      vertex -0.00973205 -0.004 0.14
    endloop
  endfacet
  facet normal -0.838669 -0.544641 2.32777e-17
    outer loop
      vertex -0.00973205 -0.004 0.015
      vertex -0.00961803 -0.00417557 0.015
      vertex -0.00973205 -0.004 0.14
    endloop
  endfacet
  facet normal -0.838669 -0.544641 2.32653e-17
    outer loop
      vertex -0.00973205 -0.004 0.14
      vertex -0.00961803 -0.00417557 0.015
      vertex -0.00961803 -0.00417557 0.14
    endloop
  endfacet
  facet normal -0.777147 -0.629319 2.15702e-17
    outer loop
      vertex -0.00961803 -0.00417557 0.015
      vertex -0.00948629 -0.00433826 0.015
      vertex -0.00961803 -0.00417557 0.14
    endloop
  endfacet
  facet normal -0.777147 -0.629319 2.14951e-17
    outer loop
      vertex -0.00961803 -0.00417557 0.14
      vertex -0.00948629 -0.00433826 0.015
      vertex -0.00948629 -0.00433826 0.14
    endloop
  endfacet
  facet normal -0.707108 -0.707106 1.96262e-17
    outer loop
      vertex -0.00948629 -0.00433826 0.015
      vertex -0.00933826 -0.00448629 0.015
      vertex -0.00948629 -0.00433826 0.14
    endloop
  endfacet
  facet normal -0.707108 -0.707106 1.95985e-17
    outer loop
      vertex -0.00948629 -0.00433826 0.14
      vertex -0.00933826 -0.00448629 0.015
      vertex -0.00933826 -0.00448629 0.14
    endloop
  endfacet
  facet normal -0.629319 -0.777147 1.74671e-17
    outer loop
      vertex -0.00933826 -0.00448629 0.015
      vertex -0.00917557 -0.00461803 0.015
      vertex -0.00933826 -0.00448629 0.14
    endloop
  endfacet
  facet normal -0.629319 -0.777147 1.7449e-17
    outer loop
      vertex -0.00933826 -0.00448629 0.14
      vertex -0.00917557 -0.00461803 0.015
      vertex -0.00917557 -0.00461803 0.14
    endloop
  endfacet
  facet normal -0.544639 -0.838671 1.51168e-17
    outer loop
      vertex -0.00917557 -0.00461803 0.015
      vertex -0.009 -0.00473205 0.015
      vertex -0.00917557 -0.00461803 0.14
    endloop
  endfacet
  facet normal -0.544639 -0.838671 1.50465e-17
    outer loop
      vertex -0.00917557 -0.00461803 0.14
      vertex -0.009 -0.00473205 0.015
      vertex -0.009 -0.00473205 0.14
    endloop
  endfacet
  facet normal -0.453991 -0.891006 1.26008e-17
    outer loop
      vertex -0.009 -0.00473205 0.015
      vertex -0.00881347 -0.00482709 0.015
      vertex -0.009 -0.00473205 0.14
    endloop
  endfacet
  facet normal -0.453991 -0.891006 1.25178e-17
    outer loop
      vertex -0.009 -0.00473205 0.14
      vertex -0.00881347 -0.00482709 0.015
      vertex -0.00881347 -0.00482709 0.14
    endloop
  endfacet
  facet normal -0.358369 -0.93358 9.94674e-18
    outer loop
      vertex -0.00881347 -0.00482709 0.015
      vertex -0.00861803 -0.00490211 0.015
      vertex -0.00881347 -0.00482709 0.14
    endloop
  endfacet
  facet normal -0.358369 -0.93358 9.92568e-18
    outer loop
      vertex -0.00881347 -0.00482709 0.14
      vertex -0.00861803 -0.00490211 0.015
      vertex -0.00861803 -0.00490211 0.14
    endloop
  endfacet
  facet normal -0.258818 -0.965926 7.18365e-18
    outer loop
      vertex -0.00861803 -0.00490211 0.015
      vertex -0.00841582 -0.0049563 0.015
      vertex -0.00861803 -0.00490211 0.14
    endloop
  endfacet
  facet normal -0.258818 -0.965926 7.14395e-18
    outer loop
      vertex -0.00861803 -0.00490211 0.14
      vertex -0.00841582 -0.0049563 0.015
      vertex -0.00841582 -0.0049563 0.14
    endloop
  endfacet
  facet normal -0.156434 -0.987688 4.34192e-18
    outer loop
      vertex -0.00841582 -0.0049563 0.015
      vertex -0.00820906 -0.00498904 0.015
      vertex -0.00841582 -0.0049563 0.14
    endloop
  endfacet
  facet normal -0.156434 -0.987688 4.33062e-18
    outer loop
      vertex -0.00841582 -0.0049563 0.14
      vertex -0.00820906 -0.00498904 0.015
      vertex -0.00820906 -0.00498904 0.14
    endloop
  endfacet
  facet normal -0.0523354 -0.99863 1.4526e-18
    outer loop
      vertex -0.00820906 -0.00498904 0.015
      vertex -0.008 -0.005 0.015
      vertex -0.00820906 -0.00498904 0.14
    endloop
  endfacet
  facet normal -0.0523354 -0.99863 1.45408e-18
    outer loop
      vertex -0.00820906 -0.00498904 0.14
      vertex -0.008 -0.005 0.015
      vertex -0.008 -0.005 0.14
    endloop
  endfacet
  facet normal 0.99863 -0.0523353 -2.77175e-17
    outer loop
      vertex 0.01 -0.003 0.015
      vertex 0.01 -0.003 0.14
      vertex 0.00998904 -0.00320906 0.14
    endloop
  endfacet
  facet normal 0.99863 -0.0523353 -2.77223e-17
    outer loop
      vertex 0.01 -0.003 0.015
      vertex 0.00998904 -0.00320906 0.14
      vertex 0.00998904 -0.00320906 0.015
    endloop
  endfacet
  facet normal 0.987689 -0.156432 -2.74139e-17
    outer loop
      vertex 0.00998904 -0.00320906 0.14
      vertex 0.0099563 -0.00341582 0.14
      vertex 0.00998904 -0.00320906 0.015
    endloop
  endfacet
  facet normal 0.987689 -0.156432 -2.74062e-17
    outer loop
      vertex 0.00998904 -0.00320906 0.015
      vertex 0.0099563 -0.00341582 0.14
      vertex 0.0099563 -0.00341582 0.015
    endloop
  endfacet
  facet normal 0.965925 -0.25882 -2.68098e-17
    outer loop
      vertex 0.0099563 -0.00341582 0.14
      vertex 0.00990211 -0.00361803 0.14
      vertex 0.0099563 -0.00341582 0.015
    endloop
  endfacet
  facet normal 0.965925 -0.25882 -2.68056e-17
    outer loop
      vertex 0.0099563 -0.00341582 0.015
      vertex 0.00990211 -0.00361803 0.14
      vertex 0.00990211 -0.00361803 0.015
    endloop
  endfacet
  facet normal 0.933581 -0.358367 -2.59121e-17
    outer loop
      vertex 0.00990211 -0.00361803 0.14
      vertex 0.00982709 -0.00381347 0.14
      vertex 0.00990211 -0.00361803 0.015
    endloop
  endfacet
  facet normal 0.933581 -0.358367 -2.59206e-17
    outer loop
      vertex 0.00990211 -0.00361803 0.015
      vertex 0.00982709 -0.00381347 0.14
      vertex 0.00982709 -0.00381347 0.015
    endloop
  endfacet
  facet normal 0.891006 -0.453992 -2.47304e-17
    outer loop
      vertex 0.00982709 -0.00381347 0.14
      vertex 0.00973205 -0.004 0.14
      vertex 0.00982709 -0.00381347 0.015
    endloop
  endfacet
  facet normal 0.891006 -0.453992 -2.46561e-17
    outer loop
      vertex 0.00982709 -0.00381347 0.015
      vertex 0.00973205 -0.004 0.14
      vertex 0.00973205 -0.004 0.015
    endloop
  endfacet
  facet normal 0.838669 -0.544641 -2.32777e-17
    outer loop
      vertex 0.00973205 -0.004 0.14
      vertex 0.00961803 -0.00417557 0.14
      vertex 0.00973205 -0.004 0.015
    endloop
  endfacet
  facet normal 0.838669 -0.544641 -2.32653e-17
    outer loop
      vertex 0.00973205 -0.004 0.015
      vertex 0.00961803 -0.00417557 0.14
      vertex 0.00961803 -0.00417557 0.015
    endloop
  endfacet
  facet normal 0.777147 -0.629319 -2.15702e-17
    outer loop
      vertex 0.00961803 -0.00417557 0.14
      vertex 0.00948629 -0.00433826 0.14
      vertex 0.00961803 -0.00417557 0.015
    endloop
  endfacet
  facet normal 0.777147 -0.629319 -2.16215e-17
    outer loop
      vertex 0.00961803 -0.00417557 0.015
      vertex 0.00948629 -0.00433826 0.14
      vertex 0.00948629 -0.00433826 0.015
    endloop
  endfacet
  facet normal 0.707108 -0.707106 -1.96262e-17
    outer loop
      vertex 0.00948629 -0.00433826 0.14
      vertex 0.00933826 -0.00448629 0.14
      vertex 0.00948629 -0.00433826 0.015
    endloop
  endfacet
  facet normal 0.707108 -0.707106 -1.95985e-17
    outer loop
      vertex 0.00948629 -0.00433826 0.015
      vertex 0.00933826 -0.00448629 0.14
      vertex 0.00933826 -0.00448629 0.015
    endloop
  endfacet
  facet normal 0.629319 -0.777147 -1.74671e-17
    outer loop
      vertex 0.00933826 -0.00448629 0.14
      vertex 0.00917557 -0.00461803 0.14
      vertex 0.00933826 -0.00448629 0.015
    endloop
  endfacet
  facet normal 0.629319 -0.777147 -1.7449e-17
    outer loop
      vertex 0.00933826 -0.00448629 0.015
      vertex 0.00917557 -0.00461803 0.14
      vertex 0.00917557 -0.00461803 0.015
    endloop
  endfacet
  facet normal 0.544639 -0.838671 -1.51168e-17
    outer loop
      vertex 0.00917557 -0.00461803 0.14
      vertex 0.009 -0.00473205 0.14
      vertex 0.00917557 -0.00461803 0.015
    endloop
  endfacet
  facet normal 0.544639 -0.838671 -1.50465e-17
    outer loop
      vertex 0.00917557 -0.00461803 0.015
      vertex 0.009 -0.00473205 0.14
      vertex 0.009 -0.00473205 0.015
    endloop
  endfacet
  facet normal 0.453991 -0.891006 -1.26008e-17
    outer loop
      vertex 0.009 -0.00473205 0.14
      vertex 0.00881347 -0.00482709 0.14
      vertex 0.009 -0.00473205 0.015
    endloop
  endfacet
  facet normal 0.453991 -0.891006 -1.25178e-17
    outer loop
      vertex 0.009 -0.00473205 0.015
      vertex 0.00881347 -0.00482709 0.14
      vertex 0.00881347 -0.00482709 0.015
    endloop
  endfacet
  facet normal 0.358369 -0.93358 -9.94674e-18
    outer loop
      vertex 0.00881347 -0.00482709 0.14
      vertex 0.00861803 -0.00490211 0.14
      vertex 0.00881347 -0.00482709 0.015
    endloop
  endfacet
  facet normal 0.358369 -0.93358 -9.92568e-18
    outer loop
      vertex 0.00881347 -0.00482709 0.015
      vertex 0.00861803 -0.00490211 0.14
      vertex 0.00861803 -0.00490211 0.015
    endloop
  endfacet
  facet normal 0.258818 -0.965926 -7.18365e-18
    outer loop
      vertex 0.00861803 -0.00490211 0.14
      vertex 0.00841582 -0.0049563 0.14
      vertex 0.00861803 -0.00490211 0.015
    endloop
  endfacet
  facet normal 0.258818 -0.965926 -7.14395e-18
    outer loop
      vertex 0.00861803 -0.00490211 0.015
      vertex 0.00841582 -0.0049563 0.14
      vertex 0.00841582 -0.0049563 0.015
    endloop
  endfacet
  facet normal 0.156434 -0.987688 -4.34192e-18
    outer loop
      vertex 0.00841582 -0.0049563 0.14
      vertex 0.00820906 -0.00498904 0.14
      vertex 0.00841582 -0.0049563 0.015
    endloop
  endfacet
  facet normal 0.156434 -0.987688 -4.33062e-18
    outer loop
      vertex 0.00841582 -0.0049563 0.015
      vertex 0.00820906 -0.00498904 0.14
      vertex 0.00820906 -0.00498904 0.015
    endloop
  endfacet
  facet normal 0.0523354 -0.99863 -1.4526e-18
    outer loop
      vertex 0.00820906 -0.00498904 0.14
      vertex 0.008 -0.005 0.14
      vertex 0.00820906 -0.00498904 0.015
    endloop
  endfacet
  facet normal 0.0523354 -0.99863 -1.45408e-18
    outer loop
      vertex 0.00820906 -0.00498904 0.015
      vertex 0.008 -0.005 0.14
      vertex 0.008 -0.005 0.015
    endloop
  endfacet
  facet normal -0.99863 0.0523353 2.77175e-17
    outer loop
      vertex -0.01 0.003 0.015
      vertex -0.01 0.003 0.14
      vertex -0.00998904 0.00320906 0.14
    endloop
  endfacet
  facet normal -0.99863 0.0523353 2.77223e-17
    outer loop
      vertex -0.01 0.003 0.015
      vertex -0.00998904 0.00320906 0.14
      vertex -0.00998904 0.00320906 0.015
    endloop
  endfacet
  facet normal -0.987689 0.156432 2.74139e-17
    outer loop
      vertex -0.00998904 0.00320906 0.14
      vertex -0.0099563 0.00341582 0.14
      vertex -0.00998904 0.00320906 0.015
    endloop
  endfacet
  facet normal -0.987689 0.156432 2.74379e-17
    outer loop
      vertex -0.00998904 0.00320906 0.015
      vertex -0.0099563 0.00341582 0.14
      vertex -0.0099563 0.00341582 0.015
    endloop
  endfacet
  facet normal -0.965925 0.25882 2.68098e-17
    outer loop
      vertex -0.0099563 0.00341582 0.14
      vertex -0.00990211 0.00361803 0.14
      vertex -0.0099563 0.00341582 0.015
    endloop
  endfacet
  facet normal -0.965925 0.25882 2.68056e-17
    outer loop
      vertex -0.0099563 0.00341582 0.015
      vertex -0.00990211 0.00361803 0.14
      vertex -0.00990211 0.00361803 0.015
    endloop
  endfacet
  facet normal -0.933581 0.358367 2.59121e-17
    outer loop
      vertex -0.00990211 0.00361803 0.14
      vertex -0.00982709 0.00381347 0.14
      vertex -0.00990211 0.00361803 0.015
    endloop
  endfacet
  facet normal -0.933581 0.358367 2.59206e-17
    outer loop
      vertex -0.00990211 0.00361803 0.015
      vertex -0.00982709 0.00381347 0.14
      vertex -0.00982709 0.00381347 0.015
    endloop
  endfacet
  facet normal -0.891006 0.453992 2.47304e-17
    outer loop
      vertex -0.00982709 0.00381347 0.14
      vertex -0.00973205 0.004 0.14
      vertex -0.00982709 0.00381347 0.015
    endloop
  endfacet
  facet normal -0.891006 0.453992 2.47825e-17
    outer loop
      vertex -0.00982709 0.00381347 0.015
      vertex -0.00973205 0.004 0.14
      vertex -0.00973205 0.004 0.015
    endloop
  endfacet
  facet normal -0.838669 0.544641 2.32777e-17
    outer loop
      vertex -0.00973205 0.004 0.14
      vertex -0.00961803 0.00417557 0.14
      vertex -0.00973205 0.004 0.015
    endloop
  endfacet
  facet normal -0.838669 0.544641 2.32653e-17
    outer loop
      vertex -0.00973205 0.004 0.015
      vertex -0.00961803 0.00417557 0.14
      vertex -0.00961803 0.00417557 0.015
    endloop
  endfacet
  facet normal -0.777147 0.629319 2.15702e-17
    outer loop
      vertex -0.00961803 0.00417557 0.14
      vertex -0.00948629 0.00433826 0.14
      vertex -0.00961803 0.00417557 0.015
    endloop
  endfacet
  facet normal -0.777147 0.629319 2.14951e-17
    outer loop
      vertex -0.00961803 0.00417557 0.015
      vertex -0.00948629 0.00433826 0.14
      vertex -0.00948629 0.00433826 0.015
    endloop
  endfacet
  facet normal -0.707108 0.707106 1.96262e-17
    outer loop
      vertex -0.00948629 0.00433826 0.14
      vertex -0.00933826 0.00448629 0.14
      vertex -0.00948629 0.00433826 0.015
    endloop
  endfacet
  facet normal -0.707108 0.707106 1.97249e-17
    outer loop
      vertex -0.00948629 0.00433826 0.015
      vertex -0.00933826 0.00448629 0.14
      vertex -0.00933826 0.00448629 0.015
    endloop
  endfacet
  facet normal -0.629319 0.777147 1.74671e-17
    outer loop
      vertex -0.00933826 0.00448629 0.14
      vertex -0.00917557 0.00461803 0.14
      vertex -0.00933826 0.00448629 0.015
    endloop
  endfacet
  facet normal -0.629319 0.777147 1.7449e-17
    outer loop
      vertex -0.00933826 0.00448629 0.015
      vertex -0.00917557 0.00461803 0.14
      vertex -0.00917557 0.00461803 0.015
    endloop
  endfacet
  facet normal -0.544639 0.838671 1.51168e-17
    outer loop
      vertex -0.00917557 0.00461803 0.14
      vertex -0.009 0.00473205 0.14
      vertex -0.00917557 0.00461803 0.015
    endloop
  endfacet
  facet normal -0.544639 0.838671 1.5173e-17
    outer loop
      vertex -0.00917557 0.00461803 0.015
      vertex -0.009 0.00473205 0.14
      vertex -0.009 0.00473205 0.015
    endloop
  endfacet
  facet normal -0.453991 0.891006 1.26008e-17
    outer loop
      vertex -0.009 0.00473205 0.14
      vertex -0.00881347 0.00482709 0.14
      vertex -0.009 0.00473205 0.015
    endloop
  endfacet
  facet normal -0.453991 0.891006 1.26442e-17
    outer loop
      vertex -0.009 0.00473205 0.015
      vertex -0.00881347 0.00482709 0.14
      vertex -0.00881347 0.00482709 0.015
    endloop
  endfacet
  facet normal -0.358369 0.93358 9.94674e-18
    outer loop
      vertex -0.00881347 0.00482709 0.14
      vertex -0.00861803 0.00490211 0.14
      vertex -0.00881347 0.00482709 0.015
    endloop
  endfacet
  facet normal -0.358369 0.93358 9.9889e-18
    outer loop
      vertex -0.00881347 0.00482709 0.015
      vertex -0.00861803 0.00490211 0.14
      vertex -0.00861803 0.00490211 0.015
    endloop
  endfacet
  facet normal -0.258818 0.965926 7.18365e-18
    outer loop
      vertex -0.00861803 0.00490211 0.14
      vertex -0.00841582 0.0049563 0.14
      vertex -0.00861803 0.00490211 0.015
    endloop
  endfacet
  facet normal -0.258818 0.965926 7.20718e-18
    outer loop
      vertex -0.00861803 0.00490211 0.015
      vertex -0.00841582 0.0049563 0.14
      vertex -0.00841582 0.0049563 0.015
    endloop
  endfacet
  facet normal -0.156434 0.987688 4.34192e-18
    outer loop
      vertex -0.00841582 0.0049563 0.14
      vertex -0.00820906 0.00498904 0.14
      vertex -0.00841582 0.0049563 0.015
    endloop
  endfacet
  facet normal -0.156434 0.987688 4.36223e-18
    outer loop
      vertex -0.00841582 0.0049563 0.015
      vertex -0.00820906 0.00498904 0.14
      vertex -0.00820906 0.00498904 0.015
    endloop
  endfacet
  facet normal -0.0523354 0.99863 1.4526e-18
    outer loop
      vertex -0.00820906 0.00498904 0.14
      vertex -0.008 0.005 0.14
      vertex -0.00820906 0.00498904 0.015
    endloop
  endfacet
  facet normal -0.0523354 0.99863 1.45408e-18
    outer loop
      vertex -0.00820906 0.00498904 0.015
      vertex -0.008 0.005 0.14
      vertex -0.008 0.005 0.015
    endloop
  endfacet
  facet normal 0.99863 0.0523353 -2.77175e-17
    outer loop
      vertex 0.01 0.003 0.14
      vertex 0.01 0.003 0.015
      vertex 0.00998904 0.00320906 0.015
    endloop
  endfacet
  facet normal 0.99863 0.0523353 -2.77223e-17
    outer loop
      vertex 0.01 0.003 0.14
      vertex 0.00998904 0.00320906 0.015
      vertex 0.00998904 0.00320906 0.14
    endloop
  endfacet
  facet normal 0.987689 0.156432 -2.74139e-17
    outer loop
      vertex 0.00998904 0.00320906 0.015
      vertex 0.0099563 0.00341582 0.015
      vertex 0.00998904 0.00320906 0.14
    endloop
  endfacet
  facet normal 0.987689 0.156432 -2.74062e-17
    outer loop
      vertex 0.00998904 0.00320906 0.14
      vertex 0.0099563 0.00341582 0.015
      vertex 0.0099563 0.00341582 0.14
    endloop
  endfacet
  facet normal 0.965925 0.25882 -2.68098e-17
    outer loop
      vertex 0.0099563 0.00341582 0.015
      vertex 0.00990211 0.00361803 0.015
      vertex 0.0099563 0.00341582 0.14
    endloop
  endfacet
  facet normal 0.965925 0.25882 -2.68056e-17
    outer loop
      vertex 0.0099563 0.00341582 0.14
      vertex 0.00990211 0.00361803 0.015
      vertex 0.00990211 0.00361803 0.14
    endloop
  endfacet
  facet normal 0.933581 0.358367 -2.59121e-17
    outer loop
      vertex 0.00990211 0.00361803 0.015
      vertex 0.00982709 0.00381347 0.015
      vertex 0.00990211 0.00361803 0.14
    endloop
  endfacet
  facet normal 0.933581 0.358367 -2.59206e-17
    outer loop
      vertex 0.00990211 0.00361803 0.14
      vertex 0.00982709 0.00381347 0.015
      vertex 0.00982709 0.00381347 0.14
    endloop
  endfacet
  facet normal 0.891006 0.453992 -2.47304e-17
    outer loop
      vertex 0.00982709 0.00381347 0.015
      vertex 0.00973205 0.004 0.015
      vertex 0.00982709 0.00381347 0.14
    endloop
  endfacet
  facet normal 0.891006 0.453992 -2.47825e-17
    outer loop
      vertex 0.00982709 0.00381347 0.14
      vertex 0.00973205 0.004 0.015
      vertex 0.00973205 0.004 0.14
    endloop
  endfacet
  facet normal 0.838669 0.544641 -2.32777e-17
    outer loop
      vertex 0.00973205 0.004 0.015
      vertex 0.00961803 0.00417557 0.015
      vertex 0.00973205 0.004 0.14
    endloop
  endfacet
  facet normal 0.838669 0.544641 -2.32653e-17
    outer loop
      vertex 0.00973205 0.004 0.14
      vertex 0.00961803 0.00417557 0.015
      vertex 0.00961803 0.00417557 0.14
    endloop
  endfacet
  facet normal 0.777147 0.629319 -2.15702e-17
    outer loop
      vertex 0.00961803 0.00417557 0.015
      vertex 0.00948629 0.00433826 0.015
      vertex 0.00961803 0.00417557 0.14
    endloop
  endfacet
  facet normal 0.777147 0.629319 -2.16215e-17
    outer loop
      vertex 0.00961803 0.00417557 0.14
      vertex 0.00948629 0.00433826 0.015
      vertex 0.00948629 0.00433826 0.14
    endloop
  endfacet
  facet normal 0.707108 0.707106 -1.96262e-17
    outer loop
      vertex 0.00948629 0.00433826 0.015
      vertex 0.00933826 0.00448629 0.015
      vertex 0.00948629 0.00433826 0.14
    endloop
  endfacet
  facet normal 0.707108 0.707106 -1.97249e-17
    outer loop
      vertex 0.00948629 0.00433826 0.14
      vertex 0.00933826 0.00448629 0.015
      vertex 0.00933826 0.00448629 0.14
    endloop
  endfacet
  facet normal 0.629319 0.777147 -1.74671e-17
    outer loop
      vertex 0.00933826 0.00448629 0.015
      vertex 0.00917557 0.00461803 0.015
      vertex 0.00933826 0.00448629 0.14
    endloop
  endfacet
  facet normal 0.629319 0.777147 -1.7449e-17
    outer loop
      vertex 0.00933826 0.00448629 0.14
      vertex 0.00917557 0.00461803 0.015
      vertex 0.00917557 0.00461803 0.14
    endloop
  endfacet
  facet normal 0.544639 0.838671 -1.51168e-17
    outer loop
      vertex 0.00917557 0.00461803 0.015
      vertex 0.009 0.00473205 0.015
      vertex 0.00917557 0.00461803 0.14
    endloop
  endfacet
  facet normal 0.544639 0.838671 -1.5173e-17
    outer loop
      vertex 0.00917557 0.00461803 0.14
      vertex 0.009 0.00473205 0.015
      vertex 0.009 0.00473205 0.14
    endloop
  endfacet
  facet normal 0.453991 0.891006 -1.26008e-17
    outer loop
      vertex 0.009 0.00473205 0.015
      vertex 0.00881347 0.00482709 0.015
      vertex 0.009 0.00473205 0.14
    endloop
  endfacet
  facet normal 0.453991 0.891006 -1.26442e-17
    outer loop
      vertex 0.009 0.00473205 0.14
      vertex 0.00881347 0.00482709 0.015
      vertex 0.00881347 0.00482709 0.14
    endloop
  endfacet
  facet normal 0.358369 0.93358 -9.94674e-18
    outer loop
      vertex 0.00881347 0.00482709 0.015
      vertex 0.00861803 0.00490211 0.015
      vertex 0.00881347 0.00482709 0.14
    endloop
  endfacet
  facet normal 0.358369 0.93358 -9.9889e-18
    outer loop
      vertex 0.00881347 0.00482709 0.14
      vertex 0.00861803 0.00490211 0.015
      vertex 0.00861803 0.00490211 0.14
    endloop
  endfacet
  facet normal 0.258818 0.965926 -7.18365e-18
    outer loop
      vertex 0.00861803 0.00490211 0.015
      vertex 0.00841582 0.0049563 0.015
      vertex 0.00861803 0.00490211 0.14
    endloop
  endfacet
  facet normal 0.258818 0.965926 -7.20718e-18
    outer loop
      vertex 0.00861803 0.00490211 0.14
      vertex 0.00841582 0.0049563 0.015
      vertex 0.00841582 0.0049563 0.14
    endloop
  endfacet
  facet normal 0.156434 0.987688 -4.34192e-18
    outer loop
      vertex 0.00841582 0.0049563 0.015
      vertex 0.00820906 0.00498904 0.015
      vertex 0.00841582 0.0049563 0.14
    endloop
  endfacet
  facet normal 0.156434 0.987688 -4.36223e-18
    outer loop
      vertex 0.00841582 0.0049563 0.14
      vertex 0.00820906 0.00498904 0.015
      vertex 0.00820906 0.00498904 0.14
    endloop
  endfacet
  facet normal 0.0523354 0.99863 -1.4526e-18
    outer loop
      vertex 0.00820906 0.00498904 0.015
      vertex 0.008 0.005 0.015
      vertex 0.00820906 0.00498904 0.14
    endloop
  endfacet
  facet normal 0.0523354 0.99863 -1.45408e-18
    outer loop
      vertex 0.00820906 0.00498904 0.14
      vertex 0.008 0.005 0.015
      vertex 0.008 0.005 0.14
    endloop
  endfacet
  facet normal 0 0 1
    outer loop
      vertex -0.01 0.003 0.14
      vertex -0.01 -0.003 0.14
      vertex 0.01 -0.003 0.14
    endloop
  endfacet
  facet normal 0 0 1
    outer loop
      vertex -0.00820906 -0.00498904 0.14
      vertex -0.008 -0.005 0.14
      vertex -0.0099563 -0.00341582 0.14
    endloop
  endfacet
  facet normal 0 0 1
    outer loop
      vertex 0.009 0.00473205 0.14
      vertex 0.00881347 0.00482709 0.14
      vertex 0.00861803 0.00490211 0.14
    endloop
  endfacet
  facet normal 0 0 1
    outer loop
      vertex -0.0099563 -0.00341582 0.14
      vertex -0.008 -0.005 0.14
      vertex -0.00998904 -0.00320906 0.14
    endloop
  endfacet
  facet normal 0 0 1
    outer loop
      vertex 0.00861803 0.00490211 0.14
      vertex 0.01 0.003 0.14
      vertex 0.00998904 0.00320906 0.14
    endloop
  endfacet
  facet normal 0 0 1
    outer loop
      vertex 0.01 -0.003 0.14
      vertex 0.01 0.003 0.14
      vertex -0.01 0.003 0.14
    endloop
  endfacet
  facet normal 0 0 1
    outer loop
      vertex 0.01 0.003 0.14
      vertex 0.008 0.005 0.14
      vertex -0.01 0.003 0.14
    endloop
  endfacet
  facet normal 0 0 1
    outer loop
      vertex -0.01 0.003 0.14
      vertex 0.008 0.005 0.14
      vertex -0.008 0.005 0.14
    endloop
  endfacet
  facet normal 0 0 1
    outer loop
      vertex 0.00861803 0.00490211 0.14
      vertex 0.00841582 0.0049563 0.14
      vertex 0.01 0.003 0.14
    endloop
  endfacet
  facet normal 0 0 1
    outer loop
      vertex 0.00841582 0.0049563 0.14
      vertex 0.00820906 0.00498904 0.14
      vertex 0.01 0.003 0.14
    endloop
  endfacet
  facet normal 0 0 1
    outer loop
      vertex 0.01 0.003 0.14
      vertex 0.00820906 0.00498904 0.14
      vertex 0.008 0.005 0.14
    endloop
  endfacet
  facet normal 0 0 1
    outer loop
      vertex -0.00973205 -0.004 0.14
      vertex -0.00961803 -0.00417557 0.14
      vertex -0.00841582 -0.0049563 0.14
    endloop
  endfacet
  facet normal 0 0 1
    outer loop
      vertex 0.0099563 -0.00341582 0.14
      vertex 0.00998904 -0.00320906 0.14
      vertex 0.008 -0.005 0.14
    endloop
  endfacet
  facet normal 0 0 1
    outer loop
      vertex 0.00998904 -0.00320906 0.14
      vertex 0.01 -0.003 0.14
      vertex 0.008 -0.005 0.14
    endloop
  endfacet
  facet normal 0 0 1
    outer loop
      vertex 0.008 -0.005 0.14
      vertex 0.01 -0.003 0.14
      vertex -0.008 -0.005 0.14
    endloop
  endfacet
  facet normal 0 0 1
    outer loop
      vertex 0.01 -0.003 0.14
      vertex -0.01 -0.003 0.14
      vertex -0.008 -0.005 0.14
    endloop
  endfacet
  facet normal 0 0 1
    outer loop
      vertex -0.008 -0.005 0.14
      vertex -0.01 -0.003 0.14
      vertex -0.00998904 -0.00320906 0.14
    endloop
  endfacet
  facet normal 0 0 1
    outer loop
      vertex -0.008 0.005 0.14
      vertex -0.00820906 0.00498904 0.14
      vertex -0.01 0.003 0.14
    endloop
  endfacet
  facet normal 0 0 1
    outer loop
      vertex -0.00820906 0.00498904 0.14
      vertex -0.00841582 0.0049563 0.14
      vertex -0.01 0.003 0.14
    endloop
  endfacet
  facet normal 0 0 1
    outer loop
      vertex -0.01 0.003 0.14
      vertex -0.00841582 0.0049563 0.14
      vertex -0.00861803 0.00490211 0.14
    endloop
  endfacet
  facet normal 0 0 1
    outer loop
      vertex -0.00973205 -0.004 0.14
      vertex -0.00841582 -0.0049563 0.14
      vertex -0.00982709 -0.00381347 0.14
    endloop
  endfacet
  facet normal 0 0 1
    outer loop
      vertex 0.00998904 0.00320906 0.14
      vertex 0.0099563 0.00341582 0.14
      vertex 0.00861803 0.00490211 0.14
    endloop
  endfacet
  facet normal 0 0 1
    outer loop
      vertex 0.0099563 0.00341582 0.14
      vertex 0.00990211 0.00361803 0.14
      vertex 0.00861803 0.00490211 0.14
    endloop
  endfacet
  facet normal 0 0 1
    outer loop
      vertex 0.00861803 0.00490211 0.14
      vertex 0.00990211 0.00361803 0.14
      vertex 0.00982709 0.00381347 0.14
    endloop
  endfacet
  facet normal 0 0 1
    outer loop
      vertex 0.00982709 0.00381347 0.14
      vertex 0.00973205 0.004 0.14
      vertex 0.00861803 0.00490211 0.14
    endloop
  endfacet
  facet normal 0 0 1
    outer loop
      vertex 0.00973205 0.004 0.14
      vertex 0.00961803 0.00417557 0.14
      vertex 0.00861803 0.00490211 0.14
    endloop
  endfacet
  facet normal 0 0 1
    outer loop
      vertex 0.00861803 0.00490211 0.14
      vertex 0.00961803 0.00417557 0.14
      vertex 0.00948629 0.00433826 0.14
    endloop
  endfacet
  facet normal 0 0 1
    outer loop
      vertex -0.00881347 0.00482709 0.14
      vertex -0.009 0.00473205 0.14
      vertex -0.00973205 0.004 0.14
    endloop
  endfacet
  facet normal 0 0 1
    outer loop
      vertex -0.009 0.00473205 0.14
      vertex -0.00917557 0.00461803 0.14
      vertex -0.00973205 0.004 0.14
    endloop
  endfacet
  facet normal 0 0 1
    outer loop
      vertex -0.00973205 0.004 0.14
      vertex -0.00917557 0.00461803 0.14
      vertex -0.00961803 0.00417557 0.14
    endloop
  endfacet
  facet normal 0 0 1
    outer loop
      vertex -0.00917557 0.00461803 0.14
      vertex -0.00933826 0.00448629 0.14
      vertex -0.00961803 0.00417557 0.14
    endloop
  endfacet
  facet normal 0 0 1
    outer loop
      vertex -0.00961803 0.00417557 0.14
      vertex -0.00933826 0.00448629 0.14
      vertex -0.00948629 0.00433826 0.14
    endloop
  endfacet
  facet normal 0 0 1
    outer loop
      vertex -0.00881347 0.00482709 0.14
      vertex -0.00973205 0.004 0.14
      vertex -0.00861803 0.00490211 0.14
    endloop
  endfacet
  facet normal 0 0 1
    outer loop
      vertex -0.00973205 0.004 0.14
      vertex -0.00982709 0.00381347 0.14
      vertex -0.00861803 0.00490211 0.14
    endloop
  endfacet
  facet normal 0 0 1
    outer loop
      vertex -0.00861803 0.00490211 0.14
      vertex -0.00982709 0.00381347 0.14
      vertex -0.00990211 0.00361803 0.14
    endloop
  endfacet
  facet normal 0 0 1
    outer loop
      vertex -0.00990211 0.00361803 0.14
      vertex -0.0099563 0.00341582 0.14
      vertex -0.00861803 0.00490211 0.14
    endloop
  endfacet
  facet normal 0 0 1
    outer loop
      vertex -0.0099563 0.00341582 0.14
      vertex -0.00998904 0.00320906 0.14
      vertex -0.00861803 0.00490211 0.14
    endloop
  endfacet
  facet normal 0 0 1
    outer loop
      vertex -0.00861803 0.00490211 0.14
      vertex -0.00998904 0.00320906 0.14
      vertex -0.01 0.003 0.14
    endloop
  endfacet
  facet normal 0 0 1
    outer loop
      vertex -0.00820906 -0.00498904 0.14
      vertex -0.0099563 -0.00341582 0.14
      vertex -0.00841582 -0.0049563 0.14
    endloop
  endfacet
  facet normal 0 0 1
    outer loop
      vertex -0.0099563 -0.00341582 0.14
      vertex -0.00990211 -0.00361803 0.14
      vertex -0.00841582 -0.0049563 0.14
    endloop
  endfacet
  facet normal 0 0 1
    outer loop
      vertex -0.00841582 -0.0049563 0.14
      vertex -0.00990211 -0.00361803 0.14
      vertex -0.00982709 -0.00381347 0.14
    endloop
  endfacet
  facet normal 0 0 1
    outer loop
      vertex -0.00961803 -0.00417557 0.14
      vertex -0.00948629 -0.00433826 0.14
      vertex -0.00841582 -0.0049563 0.14
    endloop
  endfacet
  facet normal 0 0 1
    outer loop
      vertex -0.00948629 -0.00433826 0.14
      vertex -0.00933826 -0.00448629 0.14
      vertex -0.00841582 -0.0049563 0.14
    endloop
  endfacet
  facet normal 0 0 1
    outer loop
      vertex -0.00841582 -0.0049563 0.14
      vertex -0.00933826 -0.00448629 0.14
      vertex -0.00917557 -0.00461803 0.14
    endloop
  endfacet
  facet normal 0 0 1
    outer loop
      vertex -0.00917557 -0.00461803 0.14
      vertex -0.009 -0.00473205 0.14
      vertex -0.00841582 -0.0049563 0.14
    endloop
  endfacet
  facet normal 0 0 1
    outer loop
      vertex -0.009 -0.00473205 0.14
      vertex -0.00881347 -0.00482709 0.14
      vertex -0.00841582 -0.0049563 0.14
    endloop
  endfacet
  facet normal 0 0 1
    outer loop
      vertex -0.00841582 -0.0049563 0.14
      vertex -0.00881347 -0.00482709 0.14
      vertex -0.00861803 -0.00490211 0.14
    endloop
  endfacet
  facet normal 0 0 1
    outer loop
      vertex 0.00841582 -0.0049563 0.14
      vertex 0.00917557 -0.00461803 0.14
      vertex 0.00933826 -0.00448629 0.14
    endloop
  endfacet
  facet normal 0 0 1
    outer loop
      vertex 0.00841582 -0.0049563 0.14
      vertex 0.00973205 -0.004 0.14
      vertex 0.00982709 -0.00381347 0.14
    endloop
  endfacet
  facet normal 0 0 1
    outer loop
      vertex 0.00948629 0.00433826 0.14
      vertex 0.00933826 0.00448629 0.14
      vertex 0.00861803 0.00490211 0.14
    endloop
  endfacet
  facet normal 0 0 1
    outer loop
      vertex 0.00933826 0.00448629 0.14
      vertex 0.00917557 0.00461803 0.14
      vertex 0.00861803 0.00490211 0.14
    endloop
  endfacet
  facet normal 0 0 1
    outer loop
      vertex 0.00861803 0.00490211 0.14
      vertex 0.00917557 0.00461803 0.14
      vertex 0.009 0.00473205 0.14
    endloop
  endfacet
  facet normal 0 0 1
    outer loop
      vertex 0.00861803 -0.00490211 0.14
      vertex 0.00881347 -0.00482709 0.14
      vertex 0.00841582 -0.0049563 0.14
    endloop
  endfacet
  facet normal 0 0 1
    outer loop
      vertex 0.00881347 -0.00482709 0.14
      vertex 0.009 -0.00473205 0.14
      vertex 0.00841582 -0.0049563 0.14
    endloop
  endfacet
  facet normal 0 0 1
    outer loop
      vertex 0.00841582 -0.0049563 0.14
      vertex 0.009 -0.00473205 0.14
      vertex 0.00917557 -0.00461803 0.14
    endloop
  endfacet
  facet normal 0 0 1
    outer loop
      vertex 0.00933826 -0.00448629 0.14
      vertex 0.00948629 -0.00433826 0.14
      vertex 0.00841582 -0.0049563 0.14
    endloop
  endfacet
  facet normal 0 0 1
    outer loop
      vertex 0.00948629 -0.00433826 0.14
      vertex 0.00961803 -0.00417557 0.14
      vertex 0.00841582 -0.0049563 0.14
    endloop
  endfacet
  facet normal 0 0 1
    outer loop
      vertex 0.00841582 -0.0049563 0.14
      vertex 0.00961803 -0.00417557 0.14
      vertex 0.00973205 -0.004 0.14
    endloop
  endfacet
  facet normal 0 0 1
    outer loop
      vertex 0.008 -0.005 0.14
      vertex 0.00820906 -0.00498904 0.14
      vertex 0.0099563 -0.00341582 0.14
    endloop
  endfacet
  facet normal 0 0 1
    outer loop
      vertex 0.00820906 -0.00498904 0.14
      vertex 0.00841582 -0.0049563 0.14
      vertex 0.0099563 -0.00341582 0.14
    endloop
  endfacet
  facet normal 0 0 1
    outer loop
      vertex 0.0099563 -0.00341582 0.14
      vertex 0.00841582 -0.0049563 0.14
      vertex 0.00990211 -0.00361803 0.14
    endloop
  endfacet
  facet normal 0 0 1
    outer loop
      vertex 0.00841582 -0.0049563 0.14
      vertex 0.00982709 -0.00381347 0.14
      vertex 0.00990211 -0.00361803 0.14
    endloop
  endfacet
  facet normal 0.99863 0.0523352 0
    outer loop
      vertex 0.025 0.02 0.015
      vertex 0.025 0.02 -4.44089e-18
      vertex 0.0249726 0.0205226 -4.55694e-18
    endloop
  endfacet
  facet normal 0.99863 0.0523352 0
    outer loop
      vertex 0.025 0.02 0.015
      vertex 0.0249726 0.0205226 -4.55694e-18
      vertex 0.0249726 0.0205226 0.015
    endloop
  endfacet
  facet normal 0.987688 0.156437 0
    outer loop
      vertex 0.0249726 0.0205226 -4.55694e-18
      vertex 0.0248907 0.0210396 -4.67172e-18
      vertex 0.0249726 0.0205226 0.015
    endloop
  endfacet
  facet normal 0.987688 0.156437 0
    outer loop
      vertex 0.0249726 0.0205226 0.015
      vertex 0.0248907 0.0210396 -4.67172e-18
      vertex 0.0248907 0.0210396 0.015
    endloop
  endfacet
  facet normal 0.965926 0.258819 0
    outer loop
      vertex 0.0248907 0.0210396 -4.67172e-18
      vertex 0.0247553 0.0215451 -4.78397e-18
      vertex 0.0248907 0.0210396 0.015
    endloop
  endfacet
  facet normal 0.965926 0.258819 0
    outer loop
      vertex 0.0248907 0.0210396 0.015
      vertex 0.0247553 0.0215451 -4.78397e-18
      vertex 0.0247553 0.0215451 0.015
    endloop
  endfacet
  facet normal 0.933581 0.358367 0
    outer loop
      vertex 0.0247553 0.0215451 -4.78397e-18
      vertex 0.0245677 0.0220337 -4.89246e-18
      vertex 0.0247553 0.0215451 0.015
    endloop
  endfacet
  facet normal 0.933581 0.358367 0
    outer loop
      vertex 0.0247553 0.0215451 0.015
      vertex 0.0245677 0.0220337 -4.89246e-18
      vertex 0.0245677 0.0220337 0.015
    endloop
  endfacet
  facet normal 0.891006 0.453991 0
    outer loop
      vertex 0.0245677 0.0220337 -4.89246e-18
      vertex 0.0243301 0.0225 -4.996e-18
      vertex 0.0245677 0.0220337 0.015
    endloop
  endfacet
  facet normal 0.891006 0.453991 0
    outer loop
      vertex 0.0245677 0.0220337 0.015
      vertex 0.0243301 0.0225 -4.996e-18
      vertex 0.0243301 0.0225 0.015
    endloop
  endfacet
  facet normal 0.838671 0.544638 0
    outer loop
      vertex 0.0243301 0.0225 -4.996e-18
      vertex 0.0240451 0.0229389 -5.09346e-18
      vertex 0.0243301 0.0225 0.015
    endloop
  endfacet
  facet normal 0.838671 0.544638 0
    outer loop
      vertex 0.0243301 0.0225 0.015
      vertex 0.0240451 0.0229389 -5.09346e-18
      vertex 0.0240451 0.0229389 0.015
    endloop
  endfacet
  facet normal 0.777145 0.629322 0
    outer loop
      vertex 0.0240451 0.0229389 -5.09346e-18
      vertex 0.0237157 0.0233457 -5.18378e-18
      vertex 0.0240451 0.0229389 0.015
    endloop
  endfacet
  facet normal 0.777145 0.629322 0
    outer loop
      vertex 0.0240451 0.0229389 0.015
      vertex 0.0237157 0.0233457 -5.18378e-18
      vertex 0.0237157 0.0233457 0.015
    endloop
  endfacet
  facet normal 0.707107 0.707107 0
    outer loop
      vertex 0.0237157 0.0233457 -5.18378e-18
      vertex 0.0233457 0.0237157 -5.26595e-18
      vertex 0.0237157 0.0233457 0.015
    endloop
  endfacet
  facet normal 0.707107 0.707107 0
    outer loop
      vertex 0.0237157 0.0233457 0.015
      vertex 0.0233457 0.0237157 -5.26595e-18
      vertex 0.0233457 0.0237157 0.015
    endloop
  endfacet
  facet normal 0.629322 0.777145 0
    outer loop
      vertex 0.0233457 0.0237157 -5.26595e-18
      vertex 0.0229389 0.0240451 -5.33908e-18
      vertex 0.0233457 0.0237157 0.015
    endloop
  endfacet
  facet normal 0.629322 0.777145 0
    outer loop
      vertex 0.0233457 0.0237157 0.015
      vertex 0.0229389 0.0240451 -5.33908e-18
      vertex 0.0229389 0.0240451 0.015
    endloop
  endfacet
  facet normal 0.544638 0.838671 0
    outer loop
      vertex 0.0229389 0.0240451 -5.33908e-18
      vertex 0.0225 0.0243301 -5.40237e-18
      vertex 0.0229389 0.0240451 0.015
    endloop
  endfacet
  facet normal 0.544638 0.838671 0
    outer loop
      vertex 0.0229389 0.0240451 0.015
      vertex 0.0225 0.0243301 -5.40237e-18
      vertex 0.0225 0.0243301 0.015
    endloop
  endfacet
  facet normal 0.453991 0.891006 0
    outer loop
      vertex 0.0225 0.0243301 -5.40237e-18
      vertex 0.0220337 0.0245677 -5.45513e-18
      vertex 0.0225 0.0243301 0.015
    endloop
  endfacet
  facet normal 0.453991 0.891006 0
    outer loop
      vertex 0.0225 0.0243301 0.015
      vertex 0.0220337 0.0245677 -5.45513e-18
      vertex 0.0220337 0.0245677 0.015
    endloop
  endfacet
  facet normal 0.358367 0.933581 0
    outer loop
      vertex 0.0220337 0.0245677 -5.45513e-18
      vertex 0.0215451 0.0247553 -5.49678e-18
      vertex 0.0220337 0.0245677 0.015
    endloop
  endfacet
  facet normal 0.358367 0.933581 0
    outer loop
      vertex 0.0220337 0.0245677 0.015
      vertex 0.0215451 0.0247553 -5.49678e-18
      vertex 0.0215451 0.0247553 0.015
    endloop
  endfacet
  facet normal 0.258819 0.965926 0
    outer loop
      vertex 0.0215451 0.0247553 -5.49678e-18
      vertex 0.0210396 0.0248907 -5.52685e-18
      vertex 0.0215451 0.0247553 0.015
    endloop
  endfacet
  facet normal 0.258819 0.965926 0
    outer loop
      vertex 0.0215451 0.0247553 0.015
      vertex 0.0210396 0.0248907 -5.52685e-18
      vertex 0.0210396 0.0248907 0.015
    endloop
  endfacet
  facet normal 0.156437 0.987688 0
    outer loop
      vertex 0.0210396 0.0248907 -5.52685e-18
      vertex 0.0205226 0.0249726 -5.54503e-18
      vertex 0.0210396 0.0248907 0.015
    endloop
  endfacet
  facet normal 0.156437 0.987688 0
    outer loop
      vertex 0.0210396 0.0248907 0.015
      vertex 0.0205226 0.0249726 -5.54503e-18
      vertex 0.0205226 0.0249726 0.015
    endloop
  endfacet
  facet normal 0.0523352 0.99863 0
    outer loop
      vertex 0.0205226 0.0249726 -5.54503e-18
      vertex 0.02 0.025 -5.55112e-18
      vertex 0.0205226 0.0249726 0.015
    endloop
  endfacet
  facet normal 0.0523352 0.99863 0
    outer loop
      vertex 0.0205226 0.0249726 0.015
      vertex 0.02 0.025 -5.55112e-18
      vertex 0.02 0.025 0.015
    endloop
  endfacet
  facet normal 0 -1 0
    outer loop
      vertex -0.02 -0.025 5.55112e-18
      vertex 0.02 -0.025 5.55112e-18
      vertex -0.02 -0.025 0.015
    endloop
  endfacet
  facet normal 0 -1 0
    outer loop
      vertex 0.02 -0.025 5.55112e-18
      vertex 0.02 -0.025 0.015
      vertex -0.02 -0.025 0.015
    endloop
  endfacet
  facet normal -1 -1.9082e-15 0
    outer loop
      vertex -0.025 0.02 -4.44089e-18
      vertex -0.025 -0.02 4.44089e-18
      vertex -0.025 0.02 0.015
    endloop
  endfacet
  facet normal -1 -1.9082e-15 0
    outer loop
      vertex -0.025 -0.02 4.44089e-18
      vertex -0.025 -0.02 0.015
      vertex -0.025 0.02 0.015
    endloop
  endfacet
  facet normal 0 0 1
    outer loop
      vertex -0.02 0.025 0.015
      vertex -8.66223e-5 0.0215977 0.015
      vertex 0.02 0.025 0.015
    endloop
  endfacet
  facet normal 0 0 1
    outer loop
      vertex -8.66223e-5 0.0215977 0.015
      vertex 8.66223e-5 0.0215977 0.015
      vertex 0.02 0.025 0.015
    endloop
  endfacet
  facet normal 0 0 1
    outer loop
      vertex 0.02 0.025 0.015
      vertex 8.66223e-5 0.0215977 0.015
      vertex 0.000258851 0.0215789 0.015
    endloop
  endfacet
  facet normal 1.53129e-16 1.04344e-14 1
    outer loop
      vertex 0.00151625 -0.0194891 0.015
      vertex 0.00156259 -0.019656 0.015
      vertex 0.025 -0.02 0.015
    endloop
  endfacet
  facet normal 0 0 1
    outer loop
      vertex 0.00156259 -0.019656 0.015
      vertex 0.00159062 -0.019827 0.015
      vertex 0.025 -0.02 0.015
    endloop
  endfacet
  facet normal 0 0 1
    outer loop
      vertex 0.025 -0.02 0.015
      vertex 0.00159062 -0.019827 0.015
      vertex 0.0016 -0.02 0.015
    endloop
  endfacet
  facet normal 0 0 1
    outer loop
      vertex 0.000897899 -0.0213243 0.015
      vertex 0.000749453 -0.0214136 0.015
      vertex 0.02 -0.025 0.015
    endloop
  endfacet
  facet normal 0 0 1
    outer loop
      vertex 0.000749453 -0.0214136 0.015
      vertex 0.000592221 -0.0214864 0.015
      vertex 0.02 -0.025 0.015
    endloop
  endfacet
  facet normal 0 0 1
    outer loop
      vertex 0.02 -0.025 0.015
      vertex 8.66223e-5 -0.0215977 0.015
      vertex -0.02 -0.025 0.015
    endloop
  endfacet
  facet normal 0 0 1
    outer loop
      vertex 8.66223e-5 -0.0215977 0.015
      vertex -8.66223e-5 -0.0215977 0.015
      vertex -0.02 -0.025 0.015
    endloop
  endfacet
  facet normal 0 0 1
    outer loop
      vertex -0.02 -0.025 0.015
      vertex -8.66223e-5 -0.0215977 0.015
      vertex -0.000258851 -0.0215789 0.015
    endloop
  endfacet
  facet normal -2.13408e-16 2.63537e-16 1
    outer loop
      vertex 0.00933826 -0.00448629 0.015
      vertex 0.00917557 -0.00461803 0.015
      vertex 0.000258851 -0.0184211 0.015
    endloop
  endfacet
  facet normal 3.36317e-17 9.98161e-17 1
    outer loop
      vertex 0.000428045 -0.0184583 0.015
      vertex 0.000592221 -0.0185136 0.015
      vertex 0.00961803 -0.00417557 0.015
    endloop
  endfacet
  facet normal 4.33497e-17 9.36986e-17 1
    outer loop
      vertex 0.000592221 -0.0185136 0.015
      vertex 0.000749453 -0.0185864 0.015
      vertex 0.00961803 -0.00417557 0.015
    endloop
  endfacet
  facet normal -3.54056e-15 2.29928e-15 1
    outer loop
      vertex 0.00961803 -0.00417557 0.015
      vertex 0.000749453 -0.0185864 0.015
      vertex 0.00973205 -0.004 0.015
    endloop
  endfacet
  facet normal 0 0 1
    outer loop
      vertex 0.00145212 -0.0206718 0.015
      vertex 0.00137097 -0.0208249 0.015
      vertex 0.02 -0.025 0.015
    endloop
  endfacet
  facet normal 0 0 1
    outer loop
      vertex 0.00137097 -0.0208249 0.015
      vertex 0.00127375 -0.0209683 0.015
      vertex 0.02 -0.025 0.015
    endloop
  endfacet
  facet normal 0 0 1
    outer loop
      vertex 0.000592221 -0.0214864 0.015
      vertex 0.000428045 -0.0215417 0.015
      vertex 0.02 -0.025 0.015
    endloop
  endfacet
  facet normal 0 0 1
    outer loop
      vertex 0.000428045 -0.0215417 0.015
      vertex 0.000258851 -0.0215789 0.015
      vertex 0.02 -0.025 0.015
    endloop
  endfacet
  facet normal 0 0 1
    outer loop
      vertex 0.02 -0.025 0.015
      vertex 0.000258851 -0.0215789 0.015
      vertex 8.66223e-5 -0.0215977 0.015
    endloop
  endfacet
  facet normal 1.41658e-14 6.4588e-15 1
    outer loop
      vertex 0.00156259 0.019656 0.015
      vertex 0.00151625 0.0194891 0.015
      vertex 0.008 0.005 0.015
    endloop
  endfacet
  facet normal -5.81515e-17 9.66478e-17 1
    outer loop
      vertex 0.000897899 0.0186757 0.015
      vertex 0.000749453 0.0185864 0.015
      vertex 0.008 0.005 0.015
    endloop
  endfacet
  facet normal -1.33637e-16 1.41079e-16 1
    outer loop
      vertex -0.00116159 -0.0188997 0.015
      vertex -0.00103582 -0.0187805 0.015
      vertex -0.025 0.02 0.015
    endloop
  endfacet
  facet normal 0 0 1
    outer loop
      vertex 0.000258851 0.0215789 0.015
      vertex 0.000428045 0.0215417 0.015
      vertex 0.02 0.025 0.015
    endloop
  endfacet
  facet normal 0 0 1
    outer loop
      vertex 0.000428045 0.0215417 0.015
      vertex 0.000592221 0.0214864 0.015
      vertex 0.02 0.025 0.015
    endloop
  endfacet
  facet normal 0 0 1
    outer loop
      vertex 0.02 0.025 0.015
      vertex 0.000592221 0.0214864 0.015
      vertex 0.000749453 0.0214136 0.015
    endloop
  endfacet
  facet normal 0 1.29434e-16 1
    outer loop
      vertex -0.008 -0.005 0.015
      vertex -8.66223e-5 -0.0184023 0.015
      vertex 0.008 -0.005 0.015
    endloop
  endfacet
  facet normal 0 1.29434e-16 1
    outer loop
      vertex -8.66223e-5 -0.0184023 0.015
      vertex 8.66223e-5 -0.0184023 0.015
      vertex 0.008 -0.005 0.015
    endloop
  endfacet
  facet normal -6.99989e-18 1.33567e-16 1
    outer loop
      vertex 0.008 -0.005 0.015
      vertex 8.66223e-5 -0.0184023 0.015
      vertex 0.00820906 -0.00498904 0.015
    endloop
  endfacet
  facet normal 1.31961e-17 1.21338e-16 1
    outer loop
      vertex 8.66223e-5 -0.0184023 0.015
      vertex 0.000258851 -0.0184211 0.015
      vertex 0.00820906 -0.00498904 0.015
    endloop
  endfacet
  facet normal -2.25709e-17 1.42508e-16 1
    outer loop
      vertex 0.00820906 -0.00498904 0.015
      vertex 0.000258851 -0.0184211 0.015
      vertex 0.00841582 -0.0049563 0.015
    endloop
  endfacet
  facet normal -4.12103e-17 1.53799e-16 1
    outer loop
      vertex 0.000258851 -0.0184211 0.015
      vertex 0.00861803 -0.00490211 0.015
      vertex 0.00841582 -0.0049563 0.015
    endloop
  endfacet
  facet normal 1.1568e-16 1.52175e-16 1
    outer loop
      vertex 0.000897899 -0.0186757 0.015
      vertex 0.00103582 -0.0187805 0.015
      vertex 0.025 0.02 0.015
    endloop
  endfacet
  facet normal 1.33637e-16 1.41079e-16 1
    outer loop
      vertex 0.00103582 -0.0187805 0.015
      vertex 0.00116159 -0.0188997 0.015
      vertex 0.025 0.02 0.015
    endloop
  endfacet
  facet normal 0 0 1
    outer loop
      vertex 0.0247553 -0.0215451 0.015
      vertex 0.0016 -0.02 0.015
      vertex 0.0245677 -0.0220337 0.015
    endloop
  endfacet
  facet normal 0 0 1
    outer loop
      vertex 0.0016 -0.02 0.015
      vertex 0.00159062 -0.020173 0.015
      vertex 0.0245677 -0.0220337 0.015
    endloop
  endfacet
  facet normal 0 0 1
    outer loop
      vertex 0.00127375 -0.0209683 0.015
      vertex 0.00116159 -0.0211003 0.015
      vertex 0.02 -0.025 0.015
    endloop
  endfacet
  facet normal 0 0 1
    outer loop
      vertex 0.00116159 -0.0211003 0.015
      vertex 0.00103582 -0.0212195 0.015
      vertex 0.02 -0.025 0.015
    endloop
  endfacet
  facet normal 0 0 1
    outer loop
      vertex 0.02 -0.025 0.015
      vertex 0.00103582 -0.0212195 0.015
      vertex 0.000897899 -0.0213243 0.015
    endloop
  endfacet
  facet normal -3.92465e-16 6.43411e-17 1
    outer loop
      vertex 0.00156259 0.019656 0.015
      vertex 0.008 0.005 0.015
      vertex 0.00159062 0.019827 0.015
    endloop
  endfacet
  facet normal 0 0 1
    outer loop
      vertex 0.000749453 0.0214136 0.015
      vertex 0.000897899 0.0213243 0.015
      vertex 0.02 0.025 0.015
    endloop
  endfacet
  facet normal 0 0 1
    outer loop
      vertex 0.000897899 0.0213243 0.015
      vertex 0.00103582 0.0212195 0.015
      vertex 0.02 0.025 0.015
    endloop
  endfacet
  facet normal 0 0 1
    outer loop
      vertex 0.02 0.025 0.015
      vertex 0.00103582 0.0212195 0.015
      vertex 0.00116159 0.0211003 0.015
    endloop
  endfacet
  facet normal 0 0 1
    outer loop
      vertex 0.00116159 0.0211003 0.015
      vertex 0.00127375 0.0209683 0.015
      vertex 0.02 0.025 0.015
    endloop
  endfacet
  facet normal 0 0 1
    outer loop
      vertex 0.00127375 0.0209683 0.015
      vertex 0.00137097 0.0208249 0.015
      vertex 0.02 0.025 0.015
    endloop
  endfacet
  facet normal 0 0 1
    outer loop
      vertex 0.02 0.025 0.015
      vertex 0.00137097 0.0208249 0.015
      vertex 0.00145212 0.0206718 0.015
    endloop
  endfacet
  facet normal 0 0 1
    outer loop
      vertex 0.00159062 0.020173 0.015
      vertex 0.0243301 0.0225 0.015
      vertex 0.0240451 0.0229389 0.015
    endloop
  endfacet
  facet normal 2.67052e-16 7.15569e-17 1
    outer loop
      vertex 0.00990211 0.00361803 0.015
      vertex 0.0099563 0.00341582 0.015
      vertex 0.025 0.02 0.015
    endloop
  endfacet
  facet normal 2.34174e-17 1.06388e-16 1
    outer loop
      vertex 0.000428045 -0.0184583 0.015
      vertex 0.00961803 -0.00417557 0.015
      vertex 0.000258851 -0.0184211 0.015
    endloop
  endfacet
  facet normal -7.97003e-16 6.45398e-16 1
    outer loop
      vertex 0.00961803 -0.00417557 0.015
      vertex 0.00948629 -0.00433826 0.015
      vertex 0.000258851 -0.0184211 0.015
    endloop
  endfacet
  facet normal -3.57282e-16 3.57281e-16 1
    outer loop
      vertex 0.000258851 -0.0184211 0.015
      vertex 0.00948629 -0.00433826 0.015
      vertex 0.00933826 -0.00448629 0.015
    endloop
  endfacet
  facet normal -1.40599e-16 2.16503e-16 1
    outer loop
      vertex 0.00917557 -0.00461803 0.015
      vertex 0.009 -0.00473205 0.015
      vertex 0.000258851 -0.0184211 0.015
    endloop
  endfacet
  facet normal -9.57088e-17 1.87839e-16 1
    outer loop
      vertex 0.009 -0.00473205 0.015
      vertex 0.00881347 -0.00482709 0.015
      vertex 0.000258851 -0.0184211 0.015
    endloop
  endfacet
  facet normal -6.45867e-17 1.68254e-16 1
    outer loop
      vertex 0.000258851 -0.0184211 0.015
      vertex 0.00881347 -0.00482709 0.015
      vertex 0.00861803 -0.00490211 0.015
    endloop
  endfacet
  facet normal 3.7726e-16 -1.97711e-17 1
    outer loop
      vertex 0.01 -0.003 0.015
      vertex 0.00998904 -0.00320906 0.015
      vertex 0.025 0.02 0.015
    endloop
  endfacet
  facet normal 4.59122e-16 -7.27166e-17 1
    outer loop
      vertex 0.00998904 -0.00320906 0.015
      vertex 0.0099563 -0.00341582 0.015
      vertex 0.025 0.02 0.015
    endloop
  endfacet
  facet normal 5.93445e-16 -1.59014e-16 1
    outer loop
      vertex 0.025 0.02 0.015
      vertex 0.0099563 -0.00341582 0.015
      vertex 0.00990211 -0.00361803 0.015
    endloop
  endfacet
  facet normal 1.5249e-16 1.29525e-16 1
    outer loop
      vertex 0.00116159 -0.0188997 0.015
      vertex 0.00127375 -0.0190317 0.015
      vertex 0.025 0.02 0.015
    endloop
  endfacet
  facet normal 1.72814e-16 1.17171e-16 1
    outer loop
      vertex 0.00127375 -0.0190317 0.015
      vertex 0.00137097 -0.0191751 0.015
      vertex 0.025 0.02 0.015
    endloop
  endfacet
  facet normal -6.43311e-17 2.60209e-16 1
    outer loop
      vertex 0.025 0.02 0.015
      vertex 0.00137097 -0.0191751 0.015
      vertex 0.025 -0.02 0.015
    endloop
  endfacet
  facet normal -7.47993e-17 -3.96563e-17 1
    outer loop
      vertex 0.00137097 -0.0191751 0.015
      vertex 0.00145212 -0.0193282 0.015
      vertex 0.025 -0.02 0.015
    endloop
  endfacet
  facet normal -7.4515e-17 -2.96895e-17 1
    outer loop
      vertex 0.025 -0.02 0.015
      vertex 0.00145212 -0.0193282 0.015
      vertex 0.00151625 -0.0194891 0.015
    endloop
  endfacet
  facet normal 0 0 1
    outer loop
      vertex 0.0247553 -0.0215451 0.015
      vertex 0.0248907 -0.0210396 0.015
      vertex 0.0016 -0.02 0.015
    endloop
  endfacet
  facet normal 0 0 1
    outer loop
      vertex 0.0248907 -0.0210396 0.015
      vertex 0.0249726 -0.0205226 0.015
      vertex 0.0016 -0.02 0.015
    endloop
  endfacet
  facet normal 0 0 1
    outer loop
      vertex 0.0016 -0.02 0.015
      vertex 0.0249726 -0.0205226 0.015
      vertex 0.025 -0.02 0.015
    endloop
  endfacet
  facet normal 0 0 1
    outer loop
      vertex 0.0205226 -0.0249726 0.015
      vertex 0.00156259 -0.020344 0.015
      vertex 0.02 -0.025 0.015
    endloop
  endfacet
  facet normal 0 0 1
    outer loop
      vertex 0.00156259 -0.020344 0.015
      vertex 0.00151625 -0.0205109 0.015
      vertex 0.02 -0.025 0.015
    endloop
  endfacet
  facet normal 0 0 1
    outer loop
      vertex 0.02 -0.025 0.015
      vertex 0.00151625 -0.0205109 0.015
      vertex 0.00145212 -0.0206718 0.015
    endloop
  endfacet
  facet normal -1.41532e-16 5.63916e-17 1
    outer loop
      vertex 0.00151625 0.0194891 0.015
      vertex 0.00145212 0.0193282 0.015
      vertex 0.008 0.005 0.015
    endloop
  endfacet
  facet normal -1.22645e-16 6.50228e-17 1
    outer loop
      vertex 0.00145212 0.0193282 0.015
      vertex 0.00137097 0.0191751 0.015
      vertex 0.008 0.005 0.015
    endloop
  endfacet
  facet normal -1.06818e-16 7.24245e-17 1
    outer loop
      vertex 0.008 0.005 0.015
      vertex 0.00137097 0.0191751 0.015
      vertex 0.00127375 0.0190317 0.015
    endloop
  endfacet
  facet normal -4.73749e-17 1.02399e-16 1
    outer loop
      vertex -0.008 -0.005 0.015
      vertex -0.000749453 -0.0185864 0.015
      vertex -0.000592221 -0.0185136 0.015
    endloop
  endfacet
  facet normal 0 0 1
    outer loop
      vertex -0.000897899 0.0213243 0.015
      vertex -0.000749453 0.0214136 0.015
      vertex -0.02 0.025 0.015
    endloop
  endfacet
  facet normal 0 0 1
    outer loop
      vertex -0.000749453 0.0214136 0.015
      vertex -0.000592221 0.0214864 0.015
      vertex -0.02 0.025 0.015
    endloop
  endfacet
  facet normal 0 0 1
    outer loop
      vertex 0.0210396 0.0248907 0.015
      vertex 0.0205226 0.0249726 0.015
      vertex 0.00156259 0.020344 0.015
    endloop
  endfacet
  facet normal 0 0 1
    outer loop
      vertex 0.0205226 0.0249726 0.015
      vertex 0.02 0.025 0.015
      vertex 0.00156259 0.020344 0.015
    endloop
  endfacet
  facet normal 0 0 1
    outer loop
      vertex 0.00156259 0.020344 0.015
      vertex 0.02 0.025 0.015
      vertex 0.00151625 0.0205109 0.015
    endloop
  endfacet
  facet normal 0 0 1
    outer loop
      vertex 0.02 0.025 0.015
      vertex 0.00145212 0.0206718 0.015
      vertex 0.00151625 0.0205109 0.015
    endloop
  endfacet
  facet normal 5.63624e-17 1.46829e-16 1
    outer loop
      vertex 0.00881347 0.00482709 0.015
      vertex 0.0243301 0.0225 0.015
      vertex 0.00861803 0.00490211 0.015
    endloop
  endfacet
  facet normal 4.26282e-17 1.59091e-16 1
    outer loop
      vertex 0.0243301 0.0225 0.015
      vertex 0.00841582 0.0049563 0.015
      vertex 0.00861803 0.00490211 0.015
    endloop
  endfacet
  facet normal 2.94514e-16 4.66458e-17 1
    outer loop
      vertex 0.0099563 0.00341582 0.015
      vertex 0.00998904 0.00320906 0.015
      vertex 0.025 0.02 0.015
    endloop
  endfacet
  facet normal 3.27493e-16 1.7163e-17 1
    outer loop
      vertex 0.00998904 0.00320906 0.015
      vertex 0.01 0.003 0.015
      vertex 0.025 0.02 0.015
    endloop
  endfacet
  facet normal 3.46945e-16 5.34981e-31 1
    outer loop
      vertex 0.025 0.02 0.015
      vertex 0.01 0.003 0.015
      vertex 0.01 -0.003 0.015
    endloop
  endfacet
  facet normal 8.62787e-16 -3.31192e-16 1
    outer loop
      vertex 0.00990211 -0.00361803 0.015
      vertex 0.00982709 -0.00381347 0.015
      vertex 0.025 0.02 0.015
    endloop
  endfacet
  facet normal -7.1156e-14 4.5556e-14 1
    outer loop
      vertex 0.00982709 -0.00381347 0.015
      vertex 0.00973205 -0.004 0.015
      vertex 0.025 0.02 0.015
    endloop
  endfacet
  facet normal 4.99658e-15 -2.88953e-15 1
    outer loop
      vertex 0.025 0.02 0.015
      vertex 0.00973205 -0.004 0.015
      vertex 0.000897899 -0.0186757 0.015
    endloop
  endfacet
  facet normal 5.22111e-17 8.67749e-17 1
    outer loop
      vertex 0.00973205 -0.004 0.015
      vertex 0.000749453 -0.0185864 0.015
      vertex 0.000897899 -0.0186757 0.015
    endloop
  endfacet
  facet normal 0 0 1
    outer loop
      vertex 0.0205226 -0.0249726 0.015
      vertex 0.0210396 -0.0248907 0.015
      vertex 0.00156259 -0.020344 0.015
    endloop
  endfacet
  facet normal 0 0 1
    outer loop
      vertex 0.0210396 -0.0248907 0.015
      vertex 0.0215451 -0.0247553 0.015
      vertex 0.00156259 -0.020344 0.015
    endloop
  endfacet
  facet normal 0 0 1
    outer loop
      vertex 0.00156259 -0.020344 0.015
      vertex 0.0215451 -0.0247553 0.015
      vertex 0.00159062 -0.020173 0.015
    endloop
  endfacet
  facet normal 0 0 1
    outer loop
      vertex 0.0215451 -0.0247553 0.015
      vertex 0.0220337 -0.0245677 0.015
      vertex 0.00159062 -0.020173 0.015
    endloop
  endfacet
  facet normal 0 0 1
    outer loop
      vertex 0.00159062 -0.020173 0.015
      vertex 0.0220337 -0.0245677 0.015
      vertex 0.0225 -0.0243301 0.015
    endloop
  endfacet
  facet normal 0 0 1
    outer loop
      vertex 0.0225 -0.0243301 0.015
      vertex 0.0229389 -0.0240451 0.015
      vertex 0.00159062 -0.020173 0.015
    endloop
  endfacet
  facet normal 0 0 1
    outer loop
      vertex 0.0229389 -0.0240451 0.015
      vertex 0.0233457 -0.0237157 0.015
      vertex 0.00159062 -0.020173 0.015
    endloop
  endfacet
  facet normal 0 0 1
    outer loop
      vertex 0.00159062 -0.020173 0.015
      vertex 0.0233457 -0.0237157 0.015
      vertex 0.0237157 -0.0233457 0.015
    endloop
  endfacet
  facet normal 0 0 1
    outer loop
      vertex 0.0237157 -0.0233457 0.015
      vertex 0.0240451 -0.0229389 0.015
      vertex 0.00159062 -0.020173 0.015
    endloop
  endfacet
  facet normal 0 0 1
    outer loop
      vertex 0.0240451 -0.0229389 0.015
      vertex 0.0243301 -0.0225 0.015
      vertex 0.00159062 -0.020173 0.015
    endloop
  endfacet
  facet normal 0 0 1
    outer loop
      vertex 0.00159062 -0.020173 0.015
      vertex 0.0243301 -0.0225 0.015
      vertex 0.0245677 -0.0220337 0.015
    endloop
  endfacet
  facet normal -9.30404e-17 7.90288e-17 1
    outer loop
      vertex 0.00127375 0.0190317 0.015
      vertex 0.00116159 0.0188997 0.015
      vertex 0.008 0.005 0.015
    endloop
  endfacet
  facet normal -8.06394e-17 8.51299e-17 1
    outer loop
      vertex 0.00116159 0.0188997 0.015
      vertex 0.00103582 0.0187805 0.015
      vertex 0.008 0.005 0.015
    endloop
  endfacet
  facet normal -6.91339e-17 9.09444e-17 1
    outer loop
      vertex 0.008 0.005 0.015
      vertex 0.00103582 0.0187805 0.015
      vertex 0.000897899 0.0186757 0.015
    endloop
  endfacet
  facet normal -5.81515e-17 9.66478e-17 1
    outer loop
      vertex -0.000749453 -0.0185864 0.015
      vertex -0.008 -0.005 0.015
      vertex -0.000897899 -0.0186757 0.015
    endloop
  endfacet
  facet normal -3.65089e-17 1.08355e-16 1
    outer loop
      vertex -0.000592221 -0.0185136 0.015
      vertex -0.000428045 -0.0184583 0.015
      vertex -0.008 -0.005 0.015
    endloop
  endfacet
  facet normal -2.52452e-17 1.14692e-16 1
    outer loop
      vertex -0.000428045 -0.0184583 0.015
      vertex -0.000258851 -0.0184211 0.015
      vertex -0.008 -0.005 0.015
    endloop
  endfacet
  facet normal -1.32273e-17 1.21624e-16 1
    outer loop
      vertex -0.008 -0.005 0.015
      vertex -0.000258851 -0.0184211 0.015
      vertex -8.66223e-5 -0.0184023 0.015
    endloop
  endfacet
  facet normal -1.36815e-16 -2.9572e-16 1
    outer loop
      vertex -0.000592221 0.0185136 0.015
      vertex -0.000749453 0.0185864 0.015
      vertex -0.0237157 0.0233457 0.015
    endloop
  endfacet
  facet normal -1.15215e-16 -1.91488e-16 1
    outer loop
      vertex -0.000749453 0.0185864 0.015
      vertex -0.000897899 0.0186757 0.015
      vertex -0.0237157 0.0233457 0.015
    endloop
  endfacet
  facet normal -1.04034e-16 -1.36855e-16 1
    outer loop
      vertex -0.0237157 0.0233457 0.015
      vertex -0.000897899 0.0186757 0.015
      vertex -0.00103582 0.0187805 0.015
    endloop
  endfacet
  facet normal 0 0 1
    outer loop
      vertex -0.000592221 0.0214864 0.015
      vertex -0.000428045 0.0215417 0.015
      vertex -0.02 0.025 0.015
    endloop
  endfacet
  facet normal 0 0 1
    outer loop
      vertex -0.000428045 0.0215417 0.015
      vertex -0.000258851 0.0215789 0.015
      vertex -0.02 0.025 0.015
    endloop
  endfacet
  facet normal 0 0 1
    outer loop
      vertex -0.02 0.025 0.015
      vertex -0.000258851 0.0215789 0.015
      vertex -8.66223e-5 0.0215977 0.015
    endloop
  endfacet
  facet normal 0 0 1
    outer loop
      vertex 0.0240451 0.0229389 0.015
      vertex 0.0237157 0.0233457 0.015
      vertex 0.00159062 0.020173 0.015
    endloop
  endfacet
  facet normal 0 0 1
    outer loop
      vertex 0.0237157 0.0233457 0.015
      vertex 0.0233457 0.0237157 0.015
      vertex 0.00159062 0.020173 0.015
    endloop
  endfacet
  facet normal 0 0 1
    outer loop
      vertex 0.00159062 0.020173 0.015
      vertex 0.0233457 0.0237157 0.015
      vertex 0.0229389 0.0240451 0.015
    endloop
  endfacet
  facet normal 0 0 1
    outer loop
      vertex 0.0229389 0.0240451 0.015
      vertex 0.0225 0.0243301 0.015
      vertex 0.00159062 0.020173 0.015
    endloop
  endfacet
  facet normal 0 0 1
    outer loop
      vertex 0.0225 0.0243301 0.015
      vertex 0.0220337 0.0245677 0.015
      vertex 0.00159062 0.020173 0.015
    endloop
  endfacet
  facet normal 0 0 1
    outer loop
      vertex 0.00159062 0.020173 0.015
      vertex 0.0220337 0.0245677 0.015
      vertex 0.00156259 0.020344 0.015
    endloop
  endfacet
  facet normal 0 0 1
    outer loop
      vertex 0.0220337 0.0245677 0.015
      vertex 0.0215451 0.0247553 0.015
      vertex 0.00156259 0.020344 0.015
    endloop
  endfacet
  facet normal 0 0 1
    outer loop
      vertex 0.00156259 0.020344 0.015
      vertex 0.0215451 0.0247553 0.015
      vertex 0.0210396 0.0248907 0.015
    endloop
  endfacet
  facet normal 2.73873e-17 1.72917e-16 1
    outer loop
      vertex 0.00841582 0.0049563 0.015
      vertex 0.0243301 0.0225 0.015
      vertex 0.00820906 0.00498904 0.015
    endloop
  endfacet
  facet normal -2.23841e-17 2.18738e-16 1
    outer loop
      vertex 0.0243301 0.0225 0.015
      vertex 0.00159062 0.020173 0.015
      vertex 0.00820906 0.00498904 0.015
    endloop
  endfacet
  facet normal 1.22547e-17 2.33836e-16 1
    outer loop
      vertex 0.00820906 0.00498904 0.015
      vertex 0.00159062 0.020173 0.015
      vertex 0.008 0.005 0.015
    endloop
  endfacet
  facet normal -6.21016e-16 -3.36702e-17 1
    outer loop
      vertex 0.00159062 0.020173 0.015
      vertex 0.0016 0.02 0.015
      vertex 0.008 0.005 0.015
    endloop
  endfacet
  facet normal -4.80981e-16 2.60781e-17 1
    outer loop
      vertex 0.008 0.005 0.015
      vertex 0.0016 0.02 0.015
      vertex 0.00159062 0.019827 0.015
    endloop
  endfacet
  facet normal 0 0 1
    outer loop
      vertex -0.000258851 -0.0215789 0.015
      vertex -0.000428045 -0.0215417 0.015
      vertex -0.02 -0.025 0.015
    endloop
  endfacet
  facet normal 0 0 1
    outer loop
      vertex -0.000428045 -0.0215417 0.015
      vertex -0.000592221 -0.0214864 0.015
      vertex -0.02 -0.025 0.015
    endloop
  endfacet
  facet normal 0 0 1
    outer loop
      vertex -0.02 -0.025 0.015
      vertex -0.000592221 -0.0214864 0.015
      vertex -0.000749453 -0.0214136 0.015
    endloop
  endfacet
  facet normal 0 0 1
    outer loop
      vertex -0.000749453 -0.0214136 0.015
      vertex -0.000897899 -0.0213243 0.015
      vertex -0.02 -0.025 0.015
    endloop
  endfacet
  facet normal 0 0 1
    outer loop
      vertex -0.000897899 -0.0213243 0.015
      vertex -0.00103582 -0.0212195 0.015
      vertex -0.02 -0.025 0.015
    endloop
  endfacet
  facet normal 0 0 1
    outer loop
      vertex -0.02 -0.025 0.015
      vertex -0.00103582 -0.0212195 0.015
      vertex -0.00116159 -0.0211003 0.015
    endloop
  endfacet
  facet normal -8.61604e-17 -4.56796e-17 1
    outer loop
      vertex -0.0237157 0.0233457 0.015
      vertex -0.00137097 0.0191751 0.015
      vertex -0.00145212 0.0193282 0.015
    endloop
  endfacet
  facet normal -9.85229e-17 1.93362e-16 1
    outer loop
      vertex -0.009 0.00473205 0.015
      vertex -0.00881347 0.00482709 0.015
      vertex 0.000258851 0.0184211 0.015
    endloop
  endfacet
  facet normal -6.58561e-17 1.71561e-16 1
    outer loop
      vertex -0.00881347 0.00482709 0.015
      vertex -0.00861803 0.00490211 0.015
      vertex 0.000258851 0.0184211 0.015
    endloop
  endfacet
  facet normal -4.17234e-17 1.55714e-16 1
    outer loop
      vertex 0.000258851 0.0184211 0.015
      vertex -0.00861803 0.00490211 0.015
      vertex -0.00841582 0.0049563 0.015
    endloop
  endfacet
  facet normal 0 0 1
    outer loop
      vertex -0.00116159 -0.0211003 0.015
      vertex -0.00127375 -0.0209683 0.015
      vertex -0.02 -0.025 0.015
    endloop
  endfacet
  facet normal 0 0 1
    outer loop
      vertex -0.00127375 -0.0209683 0.015
      vertex -0.00137097 -0.0208249 0.015
      vertex -0.02 -0.025 0.015
    endloop
  endfacet
  facet normal 0 0 1
    outer loop
      vertex -0.02 -0.025 0.015
      vertex -0.00137097 -0.0208249 0.015
      vertex -0.00145212 -0.0206718 0.015
    endloop
  endfacet
  facet normal 0 0 1
    outer loop
      vertex -0.025 -0.02 0.015
      vertex -0.00159062 -0.019827 0.015
      vertex -0.00156259 -0.019656 0.015
    endloop
  endfacet
  facet normal -1.5249e-16 1.29525e-16 1
    outer loop
      vertex -0.00116159 -0.0188997 0.015
      vertex -0.025 0.02 0.015
      vertex -0.00127375 -0.0190317 0.015
    endloop
  endfacet
  facet normal -6.49219e-17 4.21607e-17 1
    outer loop
      vertex -0.0240451 0.0229389 0.015
      vertex -0.0243301 0.0225 0.015
      vertex -0.000258851 0.0184211 0.015
    endloop
  endfacet
  facet normal -6.63384e-17 3.38012e-17 1
    outer loop
      vertex -0.0243301 0.0225 0.015
      vertex -0.0245677 0.0220337 0.015
      vertex -0.000258851 0.0184211 0.015
    endloop
  endfacet
  facet normal -6.32079e-17 5.11849e-17 1
    outer loop
      vertex -0.0240451 0.0229389 0.015
      vertex -0.000258851 0.0184211 0.015
      vertex -0.0237157 0.0233457 0.015
    endloop
  endfacet
  facet normal -1.60049e-15 -7.27125e-15 1
    outer loop
      vertex -0.000258851 0.0184211 0.015
      vertex -0.000428045 0.0184583 0.015
      vertex -0.0237157 0.0233457 0.015
    endloop
  endfacet
  facet normal -1.97521e-16 -5.86225e-16 1
    outer loop
      vertex -0.0237157 0.0233457 0.015
      vertex -0.000428045 0.0184583 0.015
      vertex -0.000592221 0.0185136 0.015
    endloop
  endfacet
  facet normal -9.71258e-17 -1.02534e-16 1
    outer loop
      vertex -0.00103582 0.0187805 0.015
      vertex -0.00116159 0.0188997 0.015
      vertex -0.0237157 0.0233457 0.015
    endloop
  endfacet
  facet normal -9.23821e-17 -7.84697e-17 1
    outer loop
      vertex -0.00116159 0.0188997 0.015
      vertex -0.00127375 0.0190317 0.015
      vertex -0.0237157 0.0233457 0.015
    endloop
  endfacet
  facet normal -8.88825e-17 -6.0264e-17 1
    outer loop
      vertex -0.0237157 0.0233457 0.015
      vertex -0.00127375 0.0190317 0.015
      vertex -0.00137097 0.0191751 0.015
    endloop
  endfacet
  facet normal 0 0 1
    outer loop
      vertex -0.00145212 0.0206718 0.015
      vertex -0.00137097 0.0208249 0.015
      vertex -0.02 0.025 0.015
    endloop
  endfacet
  facet normal 0 0 1
    outer loop
      vertex -0.00137097 0.0208249 0.015
      vertex -0.00127375 0.0209683 0.015
      vertex -0.02 0.025 0.015
    endloop
  endfacet
  facet normal 1.23046e-16 9.96405e-17 1
    outer loop
      vertex 0.025 0.02 0.015
      vertex 0.00948629 0.00433826 0.015
      vertex 0.00961803 0.00417557 0.015
    endloop
  endfacet
  facet normal -3.99924e-16 3.99923e-16 1
    outer loop
      vertex -0.00948629 0.00433826 0.015
      vertex -0.00933826 0.00448629 0.015
      vertex 0.000258851 0.0184211 0.015
    endloop
  endfacet
  facet normal -2.27924e-16 2.81463e-16 1
    outer loop
      vertex -0.00933826 0.00448629 0.015
      vertex -0.00917557 0.00461803 0.015
      vertex 0.000258851 0.0184211 0.015
    endloop
  endfacet
  facet normal -1.46757e-16 2.25985e-16 1
    outer loop
      vertex 0.000258851 0.0184211 0.015
      vertex -0.00917557 0.00461803 0.015
      vertex -0.009 0.00473205 0.015
    endloop
  endfacet
  facet normal -1.53129e-16 1.04344e-14 1
    outer loop
      vertex -0.00156259 -0.019656 0.015
      vertex -0.00151625 -0.0194891 0.015
      vertex -0.025 -0.02 0.015
    endloop
  endfacet
  facet normal 7.4515e-17 -2.96895e-17 1
    outer loop
      vertex -0.00151625 -0.0194891 0.015
      vertex -0.00145212 -0.0193282 0.015
      vertex -0.025 -0.02 0.015
    endloop
  endfacet
  facet normal 6.62442e-17 2.60209e-16 1
    outer loop
      vertex -0.025 -0.02 0.015
      vertex -0.00145212 -0.0193282 0.015
      vertex -0.025 0.02 0.015
    endloop
  endfacet
  facet normal -1.95358e-16 1.03573e-16 1
    outer loop
      vertex -0.00145212 -0.0193282 0.015
      vertex -0.00137097 -0.0191751 0.015
      vertex -0.025 0.02 0.015
    endloop
  endfacet
  facet normal -1.72814e-16 1.17171e-16 1
    outer loop
      vertex -0.025 0.02 0.015
      vertex -0.00137097 -0.0191751 0.015
      vertex -0.00127375 -0.0190317 0.015
    endloop
  endfacet
  facet normal 0 0 1
    outer loop
      vertex -0.00127375 0.0209683 0.015
      vertex -0.00116159 0.0211003 0.015
      vertex -0.02 0.025 0.015
    endloop
  endfacet
  facet normal 0 0 1
    outer loop
      vertex -0.00116159 0.0211003 0.015
      vertex -0.00103582 0.0212195 0.015
      vertex -0.02 0.025 0.015
    endloop
  endfacet
  facet normal 0 0 1
    outer loop
      vertex -0.02 0.025 0.015
      vertex -0.00103582 0.0212195 0.015
      vertex -0.000897899 0.0213243 0.015
    endloop
  endfacet
  facet normal 6.91103e-17 1.35636e-16 1
    outer loop
      vertex 0.00881347 0.00482709 0.015
      vertex 0.009 0.00473205 0.015
      vertex 0.0243301 0.0225 0.015
    endloop
  endfacet
  facet normal 8.127e-17 1.25145e-16 1
    outer loop
      vertex 0.009 0.00473205 0.015
      vertex 0.00917557 0.00461803 0.015
      vertex 0.0243301 0.0225 0.015
    endloop
  endfacet
  facet normal 1.42976e-16 7.28502e-17 1
    outer loop
      vertex 0.0243301 0.0225 0.015
      vertex 0.00917557 0.00461803 0.015
      vertex 0.0245677 0.0220337 0.015
    endloop
  endfacet
  facet normal 9.40261e-17 1.16113e-16 1
    outer loop
      vertex 0.00917557 0.00461803 0.015
      vertex 0.00933826 0.00448629 0.015
      vertex 0.0245677 0.0220337 0.015
    endloop
  endfacet
  facet normal 1.57952e-16 6.06317e-17 1
    outer loop
      vertex 0.0245677 0.0220337 0.015
      vertex 0.00933826 0.00448629 0.015
      vertex 0.0247553 0.0215451 0.015
    endloop
  endfacet
  facet normal 1.73577e-16 4.65099e-17 1
    outer loop
      vertex 0.00933826 0.00448629 0.015
      vertex 0.0248907 0.0210396 0.015
      vertex 0.0247553 0.0215451 0.015
    endloop
  endfacet
  facet normal 1.11288e-16 1.11288e-16 1
    outer loop
      vertex 0.00948629 0.00433826 0.015
      vertex 0.025 0.02 0.015
      vertex 0.00933826 0.00448629 0.015
    endloop
  endfacet
  facet normal 2.10592e-16 1.10365e-17 1
    outer loop
      vertex 0.025 0.02 0.015
      vertex 0.0249726 0.0205226 0.015
      vertex 0.00933826 0.00448629 0.015
    endloop
  endfacet
  facet normal 1.90899e-16 3.02358e-17 1
    outer loop
      vertex 0.00933826 0.00448629 0.015
      vertex 0.0249726 0.0205226 0.015
      vertex 0.0248907 0.0210396 0.015
    endloop
  endfacet
  facet normal 1.35216e-16 8.78108e-17 1
    outer loop
      vertex 0.00961803 0.00417557 0.015
      vertex 0.00973205 0.004 0.015
      vertex 0.025 0.02 0.015
    endloop
  endfacet
  facet normal -6.20539e-15 6.13831e-15 1
    outer loop
      vertex 0.00973205 0.004 0.015
      vertex 0.00982709 0.00381347 0.015
      vertex 0.025 0.02 0.015
    endloop
  endfacet
  facet normal 2.43341e-16 9.34095e-17 1
    outer loop
      vertex 0.025 0.02 0.015
      vertex 0.00982709 0.00381347 0.015
      vertex 0.00990211 0.00361803 0.015
    endloop
  endfacet
  facet normal -4.73749e-17 1.02399e-16 1
    outer loop
      vertex 0.000749453 0.0185864 0.015
      vertex 0.000592221 0.0185136 0.015
      vertex 0.008 0.005 0.015
    endloop
  endfacet
  facet normal -3.65089e-17 1.08355e-16 1
    outer loop
      vertex 0.000592221 0.0185136 0.015
      vertex 0.000428045 0.0184583 0.015
      vertex 0.008 0.005 0.015
    endloop
  endfacet
  facet normal 0 1.28896e-16 1
    outer loop
      vertex 0.008 0.005 0.015
      vertex 0.000428045 0.0184583 0.015
      vertex -0.008 0.005 0.015
    endloop
  endfacet
  facet normal -3.29076e-17 1.49504e-16 1
    outer loop
      vertex 0.000428045 0.0184583 0.015
      vertex 0.000258851 0.0184211 0.015
      vertex -0.008 0.005 0.015
    endloop
  endfacet
  facet normal -6.99955e-18 1.33561e-16 1
    outer loop
      vertex -0.008 0.005 0.015
      vertex 0.000258851 0.0184211 0.015
      vertex -0.00820906 0.00498904 0.015
    endloop
  endfacet
  facet normal -2.2724e-17 1.43474e-16 1
    outer loop
      vertex 0.000258851 0.0184211 0.015
      vertex -0.00841582 0.0049563 0.015
      vertex -0.00820906 0.00498904 0.015
    endloop
  endfacet
  facet normal -4.59122e-16 -7.27166e-17 1
    outer loop
      vertex -0.00998904 -0.00320906 0.015
      vertex -0.025 0.02 0.015
      vertex -0.0099563 -0.00341582 0.015
    endloop
  endfacet
  facet normal -5.93445e-16 -1.59014e-16 1
    outer loop
      vertex -0.025 0.02 0.015
      vertex -0.00990211 -0.00361803 0.015
      vertex -0.0099563 -0.00341582 0.015
    endloop
  endfacet
  facet normal -8.39536e-17 -3.34502e-17 1
    outer loop
      vertex -0.00145212 0.0193282 0.015
      vertex -0.00151625 0.0194891 0.015
      vertex -0.0237157 0.0233457 0.015
    endloop
  endfacet
  facet normal 1.81469e-15 1.08958e-14 1
    outer loop
      vertex -0.00151625 0.0194891 0.015
      vertex -0.00156259 0.019656 0.015
      vertex -0.0237157 0.0233457 0.015
    endloop
  endfacet
  facet normal 0 0 1
    outer loop
      vertex -0.0237157 0.0233457 0.015
      vertex -0.00156259 0.019656 0.015
      vertex -0.00159062 0.019827 0.015
    endloop
  endfacet
  facet normal 0 0 1
    outer loop
      vertex -0.00159062 0.020173 0.015
      vertex -0.0225 0.0243301 0.015
      vertex -0.0229389 0.0240451 0.015
    endloop
  endfacet
  facet normal 0 0 1
    outer loop
      vertex -0.0205226 0.0249726 0.015
      vertex -0.00156259 0.020344 0.015
      vertex -0.02 0.025 0.015
    endloop
  endfacet
  facet normal 0 0 1
    outer loop
      vertex -0.00156259 0.020344 0.015
      vertex -0.00151625 0.0205109 0.015
      vertex -0.02 0.025 0.015
    endloop
  endfacet
  facet normal 0 0 1
    outer loop
      vertex -0.02 0.025 0.015
      vertex -0.00151625 0.0205109 0.015
      vertex -0.00145212 0.0206718 0.015
    endloop
  endfacet
  facet normal 0 0 1
    outer loop
      vertex -0.0210396 -0.0248907 0.015
      vertex -0.0205226 -0.0249726 0.015
      vertex -0.00156259 -0.020344 0.015
    endloop
  endfacet
  facet normal 0 0 1
    outer loop
      vertex -0.0205226 -0.0249726 0.015
      vertex -0.02 -0.025 0.015
      vertex -0.00156259 -0.020344 0.015
    endloop
  endfacet
  facet normal 0 0 1
    outer loop
      vertex -0.00156259 -0.020344 0.015
      vertex -0.02 -0.025 0.015
      vertex -0.00151625 -0.0205109 0.015
    endloop
  endfacet
  facet normal 0 0 1
    outer loop
      vertex -0.02 -0.025 0.015
      vertex -0.00145212 -0.0206718 0.015
      vertex -0.00151625 -0.0205109 0.015
    endloop
  endfacet
  facet normal -6.91339e-17 9.09444e-17 1
    outer loop
      vertex -0.000897899 -0.0186757 0.015
      vertex -0.008 -0.005 0.015
      vertex -0.00103582 -0.0187805 0.015
    endloop
  endfacet
  facet normal 6.7766e-18 1.29307e-16 1
    outer loop
      vertex -0.008 -0.005 0.015
      vertex -0.00820906 -0.00498904 0.015
      vertex -0.00103582 -0.0187805 0.015
    endloop
  endfacet
  facet normal 2.17104e-17 1.37074e-16 1
    outer loop
      vertex -0.00103582 -0.0187805 0.015
      vertex -0.00820906 -0.00498904 0.015
      vertex -0.00841582 -0.0049563 0.015
    endloop
  endfacet
  facet normal -6.75105e-17 2.59148e-17 1
    outer loop
      vertex -0.0245677 0.0220337 0.015
      vertex -0.0247553 0.0215451 0.015
      vertex -0.000258851 0.0184211 0.015
    endloop
  endfacet
  facet normal -6.84755e-17 1.8348e-17 1
    outer loop
      vertex -0.0247553 0.0215451 0.015
      vertex -0.0248907 0.0210396 0.015
      vertex -0.000258851 0.0184211 0.015
    endloop
  endfacet
  facet normal -6.92598e-17 1.09698e-17 1
    outer loop
      vertex -0.000258851 0.0184211 0.015
      vertex -0.0248907 0.0210396 0.015
      vertex -0.0249726 0.0205226 0.015
    endloop
  endfacet
  facet normal 0 0 1
    outer loop
      vertex -0.0205226 0.0249726 0.015
      vertex -0.0210396 0.0248907 0.015
      vertex -0.00156259 0.020344 0.015
    endloop
  endfacet
  facet normal 0 0 1
    outer loop
      vertex -0.0210396 0.0248907 0.015
      vertex -0.0215451 0.0247553 0.015
      vertex -0.00156259 0.020344 0.015
    endloop
  endfacet
  facet normal 0 0 1
    outer loop
      vertex -0.00156259 0.020344 0.015
      vertex -0.0215451 0.0247553 0.015
      vertex -0.00159062 0.020173 0.015
    endloop
  endfacet
  facet normal 0 0 1
    outer loop
      vertex -0.0215451 0.0247553 0.015
      vertex -0.0220337 0.0245677 0.015
      vertex -0.00159062 0.020173 0.015
    endloop
  endfacet
  facet normal 0 0 1
    outer loop
      vertex -0.00159062 0.020173 0.015
      vertex -0.0220337 0.0245677 0.015
      vertex -0.0225 0.0243301 0.015
    endloop
  endfacet
  facet normal 0 0 1
    outer loop
      vertex -0.00159062 0.019827 0.015
      vertex -0.0016 0.02 0.015
      vertex -0.0237157 0.0233457 0.015
    endloop
  endfacet
  facet normal 0 0 1
    outer loop
      vertex -0.0016 0.02 0.015
      vertex -0.00159062 0.020173 0.015
      vertex -0.0237157 0.0233457 0.015
    endloop
  endfacet
  facet normal 0 0 1
    outer loop
      vertex -0.0237157 0.0233457 0.015
      vertex -0.00159062 0.020173 0.015
      vertex -0.0233457 0.0237157 0.015
    endloop
  endfacet
  facet normal 0 0 1
    outer loop
      vertex -0.00159062 0.020173 0.015
      vertex -0.0229389 0.0240451 0.015
      vertex -0.0233457 0.0237157 0.015
    endloop
  endfacet
  facet normal -2.94514e-16 4.66458e-17 1
    outer loop
      vertex -0.00998904 0.00320906 0.015
      vertex -0.0099563 0.00341582 0.015
      vertex -0.025 0.02 0.015
    endloop
  endfacet
  facet normal -2.67052e-16 7.15569e-17 1
    outer loop
      vertex -0.0099563 0.00341582 0.015
      vertex -0.00990211 0.00361803 0.015
      vertex -0.025 0.02 0.015
    endloop
  endfacet
  facet normal -2.43341e-16 9.34095e-17 1
    outer loop
      vertex -0.025 0.02 0.015
      vertex -0.00990211 0.00361803 0.015
      vertex -0.00982709 0.00381347 0.015
    endloop
  endfacet
  facet normal 0 0 1
    outer loop
      vertex -0.0240451 -0.0229389 0.015
      vertex -0.0237157 -0.0233457 0.015
      vertex -0.00159062 -0.020173 0.015
    endloop
  endfacet
  facet normal 0 0 1
    outer loop
      vertex -0.0237157 -0.0233457 0.015
      vertex -0.0233457 -0.0237157 0.015
      vertex -0.00159062 -0.020173 0.015
    endloop
  endfacet
  facet normal 0 0 1
    outer loop
      vertex -0.00159062 -0.020173 0.015
      vertex -0.0233457 -0.0237157 0.015
      vertex -0.0229389 -0.0240451 0.015
    endloop
  endfacet
  facet normal 0 0 1
    outer loop
      vertex -0.0229389 -0.0240451 0.015
      vertex -0.0225 -0.0243301 0.015
      vertex -0.00159062 -0.020173 0.015
    endloop
  endfacet
  facet normal 0 0 1
    outer loop
      vertex -0.0225 -0.0243301 0.015
      vertex -0.0220337 -0.0245677 0.015
      vertex -0.00159062 -0.020173 0.015
    endloop
  endfacet
  facet normal 0 0 1
    outer loop
      vertex -0.00159062 -0.020173 0.015
      vertex -0.0220337 -0.0245677 0.015
      vertex -0.00156259 -0.020344 0.015
    endloop
  endfacet
  facet normal 0 0 1
    outer loop
      vertex -0.0220337 -0.0245677 0.015
      vertex -0.0215451 -0.0247553 0.015
      vertex -0.00156259 -0.020344 0.015
    endloop
  endfacet
  facet normal 0 0 1
    outer loop
      vertex -0.00156259 -0.020344 0.015
      vertex -0.0215451 -0.0247553 0.015
      vertex -0.0210396 -0.0248907 0.015
    endloop
  endfacet
  facet normal 0 0 1
    outer loop
      vertex -0.00159062 -0.019827 0.015
      vertex -0.025 -0.02 0.015
      vertex -0.0016 -0.02 0.015
    endloop
  endfacet
  facet normal 0 0 1
    outer loop
      vertex -0.025 -0.02 0.015
      vertex -0.0249726 -0.0205226 0.015
      vertex -0.0016 -0.02 0.015
    endloop
  endfacet
  facet normal 0 0 1
    outer loop
      vertex -0.0016 -0.02 0.015
      vertex -0.0249726 -0.0205226 0.015
      vertex -0.0248907 -0.0210396 0.015
    endloop
  endfacet
  facet normal 0 0 1
    outer loop
      vertex -0.0248907 -0.0210396 0.015
      vertex -0.0247553 -0.0215451 0.015
      vertex -0.0016 -0.02 0.015
    endloop
  endfacet
  facet normal 0 0 1
    outer loop
      vertex -0.0247553 -0.0215451 0.015
      vertex -0.0245677 -0.0220337 0.015
      vertex -0.0016 -0.02 0.015
    endloop
  endfacet
  facet normal 0 0 1
    outer loop
      vertex -0.0016 -0.02 0.015
      vertex -0.0245677 -0.0220337 0.015
      vertex -0.00159062 -0.020173 0.015
    endloop
  endfacet
  facet normal 0 0 1
    outer loop
      vertex -0.0245677 -0.0220337 0.015
      vertex -0.0243301 -0.0225 0.015
      vertex -0.00159062 -0.020173 0.015
    endloop
  endfacet
  facet normal 0 0 1
    outer loop
      vertex -0.00159062 -0.020173 0.015
      vertex -0.0243301 -0.0225 0.015
      vertex -0.0240451 -0.0229389 0.015
    endloop
  endfacet
  facet normal -3.7726e-16 -1.97711e-17 1
    outer loop
      vertex -0.00998904 -0.00320906 0.015
      vertex -0.01 -0.003 0.015
      vertex -0.025 0.02 0.015
    endloop
  endfacet
  facet normal -3.46945e-16 -6.01853e-31 1
    outer loop
      vertex -0.01 -0.003 0.015
      vertex -0.01 0.003 0.015
      vertex -0.025 0.02 0.015
    endloop
  endfacet
  facet normal -3.27493e-16 1.7163e-17 1
    outer loop
      vertex -0.025 0.02 0.015
      vertex -0.01 0.003 0.015
      vertex -0.00998904 0.00320906 0.015
    endloop
  endfacet
  facet normal -1.04574e-15 8.46817e-16 1
    outer loop
      vertex -0.00948629 0.00433826 0.015
      vertex 0.000258851 0.0184211 0.015
      vertex -0.00961803 0.00417557 0.015
    endloop
  endfacet
  facet normal -1.43235e-17 1.31704e-16 1
    outer loop
      vertex 0.000258851 0.0184211 0.015
      vertex 8.66223e-5 0.0184023 0.015
      vertex -0.00961803 0.00417557 0.015
    endloop
  endfacet
  facet normal 0 1.21934e-16 1
    outer loop
      vertex -0.00961803 0.00417557 0.015
      vertex 8.66223e-5 0.0184023 0.015
      vertex -8.66223e-5 0.0184023 0.015
    endloop
  endfacet
  facet normal 3.92357e-17 1.4643e-16 1
    outer loop
      vertex -0.00841582 -0.0049563 0.015
      vertex -0.00861803 -0.00490211 0.015
      vertex -0.00103582 -0.0187805 0.015
    endloop
  endfacet
  facet normal 6.07137e-17 1.58164e-16 1
    outer loop
      vertex -0.00861803 -0.00490211 0.015
      vertex -0.00881347 -0.00482709 0.015
      vertex -0.00103582 -0.0187805 0.015
    endloop
  endfacet
  facet normal 8.84726e-17 1.73637e-16 1
    outer loop
      vertex -0.00103582 -0.0187805 0.015
      vertex -0.00881347 -0.00482709 0.015
      vertex -0.009 -0.00473205 0.015
    endloop
  endfacet
  facet normal 1.26913e-16 1.95429e-16 1
    outer loop
      vertex -0.009 -0.00473205 0.015
      vertex -0.00917557 -0.00461803 0.015
      vertex -0.00103582 -0.0187805 0.015
    endloop
  endfacet
  facet normal 1.85541e-16 2.29125e-16 1
    outer loop
      vertex -0.00917557 -0.00461803 0.015
      vertex -0.00933826 -0.00448629 0.015
      vertex -0.00103582 -0.0187805 0.015
    endloop
  endfacet
  facet normal 2.89518e-16 2.89517e-16 1
    outer loop
      vertex -0.00103582 -0.0187805 0.015
      vertex -0.00933826 -0.00448629 0.015
      vertex -0.00948629 -0.00433826 0.015
    endloop
  endfacet
  facet normal 5.34648e-16 4.32948e-16 1
    outer loop
      vertex -0.00948629 -0.00433826 0.015
      vertex -0.00961803 -0.00417557 0.015
      vertex -0.00103582 -0.0187805 0.015
    endloop
  endfacet
  facet normal 1.92232e-15 1.24838e-15 1
    outer loop
      vertex -0.00961803 -0.00417557 0.015
      vertex -0.00973205 -0.004 0.015
      vertex -0.00103582 -0.0187805 0.015
    endloop
  endfacet
  facet normal -3.59263e-15 -1.99638e-15 1
    outer loop
      vertex -0.00103582 -0.0187805 0.015
      vertex -0.00973205 -0.004 0.015
      vertex -0.025 0.02 0.015
    endloop
  endfacet
  facet normal 7.1156e-14 4.5556e-14 1
    outer loop
      vertex -0.00973205 -0.004 0.015
      vertex -0.00982709 -0.00381347 0.015
      vertex -0.025 0.02 0.015
    endloop
  endfacet
  facet normal -8.62787e-16 -3.31192e-16 1
    outer loop
      vertex -0.025 0.02 0.015
      vertex -0.00982709 -0.00381347 0.015
      vertex -0.00990211 -0.00361803 0.015
    endloop
  endfacet
  facet normal 6.20539e-15 6.13831e-15 1
    outer loop
      vertex -0.00982709 0.00381347 0.015
      vertex -0.00973205 0.004 0.015
      vertex -0.025 0.02 0.015
    endloop
  endfacet
  facet normal -1.35216e-16 8.78108e-17 1
    outer loop
      vertex -0.00973205 0.004 0.015
      vertex -0.00961803 0.00417557 0.015
      vertex -0.025 0.02 0.015
    endloop
  endfacet
  facet normal -2.14014e-16 1.12159e-17 1
    outer loop
      vertex -0.025 0.02 0.015
      vertex -0.00961803 0.00417557 0.015
      vertex -0.0249726 0.0205226 0.015
    endloop
  endfacet
  facet normal -5.61149e-17 1.59529e-16 1
    outer loop
      vertex -0.00961803 0.00417557 0.015
      vertex -8.66223e-5 0.0184023 0.015
      vertex -0.0249726 0.0205226 0.015
    endloop
  endfacet
  facet normal -3.21846e-16 -2.95937e-15 1
    outer loop
      vertex -0.0249726 0.0205226 0.015
      vertex -8.66223e-5 0.0184023 0.015
      vertex -0.000258851 0.0184211 0.015
    endloop
  endfacet
  facet normal -1.40794e-31 -2.22045e-16 -1
    outer loop
      vertex 8.66223e-5 0.0184023 -4.08614e-18
      vertex 0.000258851 0.0184211 -4.0903e-18
      vertex 0.000258851 -0.0184211 4.0903e-18
    endloop
  endfacet
  facet normal -2.24823e-31 -2.22045e-16 -1
    outer loop
      vertex -0.00103582 0.0212195 -4.71167e-18
      vertex -0.02 0.025 -5.55112e-18
      vertex -0.000897899 0.0213243 -4.73495e-18
    endloop
  endfacet
  facet normal -3.34102e-31 -2.22045e-16 -1
    outer loop
      vertex -0.02 0.025 -5.55112e-18
      vertex -0.000749453 0.0214136 -4.75478e-18
      vertex -0.000897899 0.0213243 -4.73495e-18
    endloop
  endfacet
  facet normal 0 -2.22045e-16 -1
    outer loop
      vertex -0.00151625 -0.0194891 4.32745e-18
      vertex -0.00156259 -0.019656 4.36452e-18
      vertex -0.025 -0.02 4.44089e-18
    endloop
  endfacet
  facet normal -6.61664e-32 -2.22045e-16 -1
    outer loop
      vertex -0.00156259 -0.019656 4.36452e-18
      vertex -0.00159062 -0.019827 4.40248e-18
      vertex -0.025 -0.02 4.44089e-18
    endloop
  endfacet
  facet normal -3.29219e-32 -2.22045e-16 -1
    outer loop
      vertex -0.025 -0.02 4.44089e-18
      vertex -0.00159062 -0.019827 4.40248e-18
      vertex -0.0016 -0.02 4.44089e-18
    endloop
  endfacet
  facet normal -3.85186e-32 -2.22045e-16 -1
    outer loop
      vertex 0.02 0.025 -5.55112e-18
      vertex 8.66223e-5 0.0215977 -4.79564e-18
      vertex -0.02 0.025 -5.55112e-18
    endloop
  endfacet
  facet normal 0 -2.22045e-16 -1
    outer loop
      vertex 8.66223e-5 0.0215977 -4.79564e-18
      vertex -8.66223e-5 0.0215977 -4.79564e-18
      vertex -0.02 0.025 -5.55112e-18
    endloop
  endfacet
  facet normal 0 -2.22045e-16 -1
    outer loop
      vertex -0.02 0.025 -5.55112e-18
      vertex -8.66223e-5 0.0215977 -4.79564e-18
      vertex -0.000258851 0.0215789 -4.79148e-18
    endloop
  endfacet
  facet normal -1.2971e-31 -2.22045e-16 -1
    outer loop
      vertex -0.000258851 0.0215789 -4.79148e-18
      vertex -0.000428045 0.0215417 -4.78321e-18
      vertex -0.02 0.025 -5.55112e-18
    endloop
  endfacet
  facet normal 1.45652e-30 -2.22045e-16 -1
    outer loop
      vertex -0.000428045 0.0215417 -4.78321e-18
      vertex -0.000592221 0.0214864 -4.77093e-18
      vertex -0.02 0.025 -5.55112e-18
    endloop
  endfacet
  facet normal -1.91502e-31 -2.22045e-16 -1
    outer loop
      vertex -0.02 0.025 -5.55112e-18
      vertex -0.000592221 0.0214864 -4.77093e-18
      vertex -0.000749453 0.0214136 -4.75478e-18
    endloop
  endfacet
  facet normal -2.35817e-31 -2.22045e-16 -1
    outer loop
      vertex -0.02 0.025 -5.55112e-18
      vertex -0.00137097 0.0208249 -4.62405e-18
      vertex -0.00145212 0.0206718 -4.59007e-18
    endloop
  endfacet
  facet normal -2.53407e-31 -2.22045e-16 -1
    outer loop
      vertex -0.000258851 -0.0184211 4.0903e-18
      vertex -0.000428045 -0.0184583 4.09857e-18
      vertex -0.025 0.02 -4.44089e-18
    endloop
  endfacet
  facet normal -3.67669e-31 -2.22045e-16 -1
    outer loop
      vertex -0.000428045 -0.0184583 4.09857e-18
      vertex -0.000592221 -0.0185136 4.11085e-18
      vertex -0.025 0.02 -4.44089e-18
    endloop
  endfacet
  facet normal 6.14833e-30 -2.22045e-16 -1
    outer loop
      vertex -0.025 0.02 -4.44089e-18
      vertex -0.000592221 -0.0185136 4.11085e-18
      vertex -0.000749453 -0.0185864 4.12701e-18
    endloop
  endfacet
  facet normal -5.9564e-31 -2.22045e-16 -1
    outer loop
      vertex -0.000749453 -0.0185864 4.12701e-18
      vertex -0.000897899 -0.0186757 4.14684e-18
      vertex -0.025 0.02 -4.44089e-18
    endloop
  endfacet
  facet normal -6.9384e-31 -2.22045e-16 -1
    outer loop
      vertex -0.000897899 -0.0186757 4.14684e-18
      vertex -0.00103582 -0.0187805 4.17012e-18
      vertex -0.025 0.02 -4.44089e-18
    endloop
  endfacet
  facet normal 0 -2.22045e-16 -1
    outer loop
      vertex -0.025 0.02 -4.44089e-18
      vertex -0.00103582 -0.0187805 4.17012e-18
      vertex -0.00116159 -0.0188997 4.19657e-18
    endloop
  endfacet
  facet normal -9.26561e-31 -2.22045e-16 -1
    outer loop
      vertex -0.00116159 -0.0188997 4.19657e-18
      vertex -0.00127375 -0.0190317 4.22589e-18
      vertex -0.025 0.02 -4.44089e-18
    endloop
  endfacet
  facet normal 3.13599e-30 -2.22045e-16 -1
    outer loop
      vertex -0.00127375 -0.0190317 4.22589e-18
      vertex -0.00137097 -0.0191751 4.25773e-18
      vertex -0.025 0.02 -4.44089e-18
    endloop
  endfacet
  facet normal -5.09418e-32 -2.22045e-16 -1
    outer loop
      vertex -0.025 0.02 -4.44089e-18
      vertex -0.00137097 -0.0191751 4.25773e-18
      vertex -0.025 -0.02 4.44089e-18
    endloop
  endfacet
  facet normal 0 -2.22045e-16 -1
    outer loop
      vertex -0.00137097 -0.0191751 4.25773e-18
      vertex -0.00145212 -0.0193282 4.29172e-18
      vertex -0.025 -0.02 4.44089e-18
    endloop
  endfacet
  facet normal 0 -2.22045e-16 -1
    outer loop
      vertex -0.025 -0.02 4.44089e-18
      vertex -0.00145212 -0.0193282 4.29172e-18
      vertex -0.00151625 -0.0194891 4.32745e-18
    endloop
  endfacet
  facet normal -2.364e-31 -2.22045e-16 -1
    outer loop
      vertex -0.00103582 0.0212195 -4.71167e-18
      vertex -0.00116159 0.0211003 -4.68521e-18
      vertex -0.02 0.025 -5.55112e-18
    endloop
  endfacet
  facet normal -2.41142e-31 -2.22045e-16 -1
    outer loop
      vertex -0.00116159 0.0211003 -4.68521e-18
      vertex -0.00127375 0.0209683 -4.65589e-18
      vertex -0.02 0.025 -5.55112e-18
    endloop
  endfacet
  facet normal 7.3345e-31 -2.22045e-16 -1
    outer loop
      vertex -0.02 0.025 -5.55112e-18
      vertex -0.00127375 0.0209683 -4.65589e-18
      vertex -0.00137097 0.0208249 -4.62405e-18
    endloop
  endfacet
  facet normal 2.21078e-31 -2.22045e-16 -1
    outer loop
      vertex -0.00145212 -0.0206718 4.59007e-18
      vertex -0.00137097 -0.0208249 4.62405e-18
      vertex -0.02 -0.025 5.55112e-18
    endloop
  endfacet
  facet normal 1.59249e-31 -2.22045e-16 -1
    outer loop
      vertex -0.00103582 -0.0212195 4.71167e-18
      vertex -0.000897899 -0.0213243 4.73495e-18
      vertex -0.02 -0.025 5.55112e-18
    endloop
  endfacet
  facet normal 1.5139e-31 -2.22045e-16 -1
    outer loop
      vertex -0.000897899 -0.0213243 4.73495e-18
      vertex -0.000749453 -0.0214136 4.75478e-18
      vertex -0.02 -0.025 5.55112e-18
    endloop
  endfacet
  facet normal 1.91502e-31 -2.22045e-16 -1
    outer loop
      vertex -0.02 -0.025 5.55112e-18
      vertex -0.000749453 -0.0214136 4.75478e-18
      vertex -0.000592221 -0.0214864 4.77093e-18
    endloop
  endfacet
  facet normal -3.85186e-32 -2.22045e-16 -1
    outer loop
      vertex -0.02 -0.025 5.55112e-18
      vertex -8.66223e-5 -0.0215977 4.79564e-18
      vertex 0.02 -0.025 5.55112e-18
    endloop
  endfacet
  facet normal 0 -2.22045e-16 -1
    outer loop
      vertex -8.66223e-5 -0.0215977 4.79564e-18
      vertex 8.66223e-5 -0.0215977 4.79564e-18
      vertex 0.02 -0.025 5.55112e-18
    endloop
  endfacet
  facet normal 0 -2.22045e-16 -1
    outer loop
      vertex 0.02 -0.025 5.55112e-18
      vertex 8.66223e-5 -0.0215977 4.79564e-18
      vertex 0.000258851 -0.0215789 4.79148e-18
    endloop
  endfacet
  facet normal 2.61159e-30 -2.22045e-16 -1
    outer loop
      vertex -0.00137097 0.0191751 -4.25773e-18
      vertex -0.000258851 -0.0184211 4.0903e-18
      vertex -0.00145212 0.0193282 -4.29172e-18
    endloop
  endfacet
  facet normal 0 -2.22045e-16 -1
    outer loop
      vertex -0.000258851 -0.0184211 4.0903e-18
      vertex -0.00151625 0.0194891 -4.32745e-18
      vertex -0.00145212 0.0193282 -4.29172e-18
    endloop
  endfacet
  facet normal -6.2411e-30 -2.22045e-16 -1
    outer loop
      vertex -0.00137097 0.0191751 -4.25773e-18
      vertex -0.00127375 0.0190317 -4.22589e-18
      vertex -0.000258851 -0.0184211 4.0903e-18
    endloop
  endfacet
  facet normal 1.61876e-30 -2.22045e-16 -1
    outer loop
      vertex -0.00127375 0.0190317 -4.22589e-18
      vertex -0.00116159 0.0188997 -4.19657e-18
      vertex -0.000258851 -0.0184211 4.0903e-18
    endloop
  endfacet
  facet normal 0 -2.22045e-16 -1
    outer loop
      vertex -0.000258851 -0.0184211 4.0903e-18
      vertex -0.00116159 0.0188997 -4.19657e-18
      vertex -0.00103582 0.0187805 -4.17012e-18
    endloop
  endfacet
  facet normal 1.0057e-30 -2.22045e-16 -1
    outer loop
      vertex -0.00103582 0.0187805 -4.17012e-18
      vertex -0.000897899 0.0186757 -4.14684e-18
      vertex -0.000258851 -0.0184211 4.0903e-18
    endloop
  endfacet
  facet normal 8.11015e-31 -2.22045e-16 -1
    outer loop
      vertex -0.000897899 0.0186757 -4.14684e-18
      vertex -0.000749453 0.0185864 -4.12701e-18
      vertex -0.000258851 -0.0184211 4.0903e-18
    endloop
  endfacet
  facet normal -8.3257e-30 -2.22045e-16 -1
    outer loop
      vertex -0.000258851 -0.0184211 4.0903e-18
      vertex -0.000749453 0.0185864 -4.12701e-18
      vertex -0.000592221 0.0185136 -4.11085e-18
    endloop
  endfacet
  facet normal 1.41009e-31 -2.22045e-16 -1
    outer loop
      vertex 8.66223e-5 -0.0184023 4.08614e-18
      vertex -0.000258851 0.0184211 -4.0903e-18
      vertex 0.000258851 -0.0184211 4.0903e-18
    endloop
  endfacet
  facet normal 1.41009e-31 -2.22045e-16 -1
    outer loop
      vertex -0.000258851 0.0184211 -4.0903e-18
      vertex -8.66223e-5 0.0184023 -4.08614e-18
      vertex 0.000258851 -0.0184211 4.0903e-18
    endloop
  endfacet
  facet normal 0 -2.22045e-16 -1
    outer loop
      vertex 0.000258851 -0.0184211 4.0903e-18
      vertex -8.66223e-5 0.0184023 -4.08614e-18
      vertex 8.66223e-5 0.0184023 -4.08614e-18
    endloop
  endfacet
  facet normal 4.3556e-31 -2.22045e-16 -1
    outer loop
      vertex -0.000592221 0.0185136 -4.11085e-18
      vertex -0.000428045 0.0184583 -4.09857e-18
      vertex -0.000258851 -0.0184211 4.0903e-18
    endloop
  endfacet
  facet normal 2.86638e-31 -2.22045e-16 -1
    outer loop
      vertex -0.000428045 0.0184583 -4.09857e-18
      vertex -0.000258851 0.0184211 -4.0903e-18
      vertex -0.000258851 -0.0184211 4.0903e-18
    endloop
  endfacet
  facet normal -1.40794e-31 -2.22045e-16 -1
    outer loop
      vertex -0.000258851 -0.0184211 4.0903e-18
      vertex -0.000258851 0.0184211 -4.0903e-18
      vertex -8.66223e-5 -0.0184023 4.08614e-18
    endloop
  endfacet
  facet normal 0 -2.22045e-16 -1
    outer loop
      vertex -0.000258851 0.0184211 -4.0903e-18
      vertex 8.66223e-5 -0.0184023 4.08614e-18
      vertex -8.66223e-5 -0.0184023 4.08614e-18
    endloop
  endfacet
  facet normal -1.0057e-30 -2.22045e-16 -1
    outer loop
      vertex 0.00103582 0.0187805 -4.17012e-18
      vertex 0.000258851 -0.0184211 4.0903e-18
      vertex 0.000897899 0.0186757 -4.14684e-18
    endloop
  endfacet
  facet normal 0 -2.22045e-16 -1
    outer loop
      vertex 0.000258851 -0.0184211 4.0903e-18
      vertex 0.000749453 0.0185864 -4.12701e-18
      vertex 0.000897899 0.0186757 -4.14684e-18
    endloop
  endfacet
  facet normal -1.2813e-31 -2.22045e-16 -1
    outer loop
      vertex -0.0210396 0.0248907 -5.52685e-18
      vertex -0.0205226 0.0249726 -5.54503e-18
      vertex -0.00156259 0.020344 -4.51726e-18
    endloop
  endfacet
  facet normal -5.80055e-32 -2.22045e-16 -1
    outer loop
      vertex -0.0205226 0.0249726 -5.54503e-18
      vertex -0.02 0.025 -5.55112e-18
      vertex -0.00156259 0.020344 -4.51726e-18
    endloop
  endfacet
  facet normal -3.14078e-31 -2.22045e-16 -1
    outer loop
      vertex -0.00156259 0.020344 -4.51726e-18
      vertex -0.02 0.025 -5.55112e-18
      vertex -0.00151625 0.0205109 -4.55433e-18
    endloop
  endfacet
  facet normal -4.61171e-31 -2.22045e-16 -1
    outer loop
      vertex -0.02 0.025 -5.55112e-18
      vertex -0.00145212 0.0206718 -4.59007e-18
      vertex -0.00151625 0.0205109 -4.55433e-18
    endloop
  endfacet
  facet normal -3.15705e-32 -2.22045e-16 -1
    outer loop
      vertex -0.0248907 0.0210396 -4.67172e-18
      vertex -0.0247553 0.0215451 -4.78397e-18
      vertex -0.0016 0.02 -4.44089e-18
    endloop
  endfacet
  facet normal -1.29671e-31 -2.22045e-16 -1
    outer loop
      vertex -0.0247553 0.0215451 -4.78397e-18
      vertex -0.0245677 0.0220337 -4.89246e-18
      vertex -0.0016 0.02 -4.44089e-18
    endloop
  endfacet
  facet normal -1.32498e-31 -2.22045e-16 -1
    outer loop
      vertex -0.0016 0.02 -4.44089e-18
      vertex -0.0245677 0.0220337 -4.89246e-18
      vertex -0.00159062 0.020173 -4.4793e-18
    endloop
  endfacet
  facet normal 0 -2.22045e-16 -1
    outer loop
      vertex -0.0245677 0.0220337 -4.89246e-18
      vertex -0.0243301 0.0225 -4.996e-18
      vertex -0.00159062 0.020173 -4.4793e-18
    endloop
  endfacet
  facet normal 0 -2.22045e-16 -1
    outer loop
      vertex -0.00159062 0.020173 -4.4793e-18
      vertex -0.0243301 0.0225 -4.996e-18
      vertex -0.0240451 0.0229389 -5.09346e-18
    endloop
  endfacet
  facet normal -1.5135e-30 -2.22045e-16 -1
    outer loop
      vertex -0.000592221 -0.0214864 4.77093e-18
      vertex -0.000428045 -0.0215417 4.78321e-18
      vertex -0.02 -0.025 5.55112e-18
    endloop
  endfacet
  facet normal 8.94553e-32 -2.22045e-16 -1
    outer loop
      vertex -0.000428045 -0.0215417 4.78321e-18
      vertex -0.000258851 -0.0215789 4.79148e-18
      vertex -0.02 -0.025 5.55112e-18
    endloop
  endfacet
  facet normal 0 -2.22045e-16 -1
    outer loop
      vertex -0.02 -0.025 5.55112e-18
      vertex -0.000258851 -0.0215789 4.79148e-18
      vertex -8.66223e-5 -0.0215977 4.79564e-18
    endloop
  endfacet
  facet normal 6.59383e-29 -2.22045e-16 -1
    outer loop
      vertex -0.0016 0.02 -4.44089e-18
      vertex -0.00159062 0.019827 -4.40248e-18
      vertex -0.000258851 -0.0184211 4.0903e-18
    endloop
  endfacet
  facet normal -2.49487e-29 -2.22045e-16 -1
    outer loop
      vertex -0.00159062 0.019827 -4.40248e-18
      vertex -0.00156259 0.019656 -4.36452e-18
      vertex -0.000258851 -0.0184211 4.0903e-18
    endloop
  endfacet
  facet normal 0 -2.22045e-16 -1
    outer loop
      vertex -0.000258851 -0.0184211 4.0903e-18
      vertex -0.00156259 0.019656 -4.36452e-18
      vertex -0.00151625 0.0194891 -4.32745e-18
    endloop
  endfacet
  facet normal -2.86638e-31 -2.22045e-16 -1
    outer loop
      vertex 0.000258851 0.0184211 -4.0903e-18
      vertex 0.000428045 0.0184583 -4.09857e-18
      vertex 0.000258851 -0.0184211 4.0903e-18
    endloop
  endfacet
  facet normal -4.3556e-31 -2.22045e-16 -1
    outer loop
      vertex 0.000428045 0.0184583 -4.09857e-18
      vertex 0.000592221 0.0185136 -4.11085e-18
      vertex 0.000258851 -0.0184211 4.0903e-18
    endloop
  endfacet
  facet normal 8.3257e-30 -2.22045e-16 -1
    outer loop
      vertex 0.000258851 -0.0184211 4.0903e-18
      vertex 0.000592221 0.0185136 -4.11085e-18
      vertex 0.000749453 0.0185864 -4.12701e-18
    endloop
  endfacet
  facet normal -3.54452e-30 -2.22045e-16 -1
    outer loop
      vertex 0.00151625 0.0194891 -4.32745e-18
      vertex 0.000258851 -0.0184211 4.0903e-18
      vertex 0.00145212 0.0193282 -4.29172e-18
    endloop
  endfacet
  facet normal -1.67142e-29 -2.22045e-16 -1
    outer loop
      vertex 0.000258851 -0.0184211 4.0903e-18
      vertex 0.00137097 0.0191751 -4.25773e-18
      vertex 0.00145212 0.0193282 -4.29172e-18
    endloop
  endfacet
  facet normal -5.34882e-30 -2.22045e-16 -1
    outer loop
      vertex 0.00151625 0.0194891 -4.32745e-18
      vertex 0.00156259 0.019656 -4.36452e-18
      vertex 0.000258851 -0.0184211 4.0903e-18
    endloop
  endfacet
  facet normal 2.47259e-29 -2.22045e-16 -1
    outer loop
      vertex 0.00156259 0.019656 -4.36452e-18
      vertex 0.00159062 0.019827 -4.40248e-18
      vertex 0.000258851 -0.0184211 4.0903e-18
    endloop
  endfacet
  facet normal 0 -2.22045e-16 -1
    outer loop
      vertex 0.000258851 -0.0184211 4.0903e-18
      vertex 0.00159062 0.019827 -4.40248e-18
      vertex 0.0016 0.02 -4.44089e-18
    endloop
  endfacet
  facet normal -1.07109e-31 -2.22045e-16 -1
    outer loop
      vertex -0.000258851 -0.0184211 4.0903e-18
      vertex -0.025 0.02 -4.44089e-18
      vertex -0.0016 0.02 -4.44089e-18
    endloop
  endfacet
  facet normal -3.29219e-32 -2.22045e-16 -1
    outer loop
      vertex -0.025 0.02 -4.44089e-18
      vertex -0.0249726 0.0205226 -4.55694e-18
      vertex -0.0016 0.02 -4.44089e-18
    endloop
  endfacet
  facet normal -3.29638e-32 -2.22045e-16 -1
    outer loop
      vertex -0.0016 0.02 -4.44089e-18
      vertex -0.0249726 0.0205226 -4.55694e-18
      vertex -0.0248907 0.0210396 -4.67172e-18
    endloop
  endfacet
  facet normal 4.40042e-32 -2.22045e-16 -1
    outer loop
      vertex -0.0205226 -0.0249726 5.54503e-18
      vertex -0.00156259 -0.020344 4.51726e-18
      vertex -0.02 -0.025 5.55112e-18
    endloop
  endfacet
  facet normal 2.35559e-31 -2.22045e-16 -1
    outer loop
      vertex -0.00156259 -0.020344 4.51726e-18
      vertex -0.00151625 -0.0205109 4.55433e-18
      vertex -0.02 -0.025 5.55112e-18
    endloop
  endfacet
  facet normal 2.30585e-31 -2.22045e-16 -1
    outer loop
      vertex -0.02 -0.025 5.55112e-18
      vertex -0.00151625 -0.0205109 4.55433e-18
      vertex -0.00145212 -0.0206718 4.59007e-18
    endloop
  endfacet
  facet normal -8.32771e-31 -2.22045e-16 -1
    outer loop
      vertex -0.00137097 -0.0208249 4.62405e-18
      vertex -0.00127375 -0.0209683 4.65589e-18
      vertex -0.02 -0.025 5.55112e-18
    endloop
  endfacet
  facet normal 1.76838e-31 -2.22045e-16 -1
    outer loop
      vertex -0.00127375 -0.0209683 4.65589e-18
      vertex -0.00116159 -0.0211003 4.68521e-18
      vertex -0.02 -0.025 5.55112e-18
    endloop
  endfacet
  facet normal 1.37542e-31 -2.22045e-16 -1
    outer loop
      vertex -0.02 -0.025 5.55112e-18
      vertex -0.00116159 -0.0211003 4.68521e-18
      vertex -0.00103582 -0.0212195 4.71167e-18
    endloop
  endfacet
  facet normal -2.24823e-31 -2.22045e-16 -1
    outer loop
      vertex 0.00103582 -0.0212195 4.71167e-18
      vertex 0.02 -0.025 5.55112e-18
      vertex 0.000897899 -0.0213243 4.73495e-18
    endloop
  endfacet
  facet normal -3.34102e-31 -2.22045e-16 -1
    outer loop
      vertex 0.02 -0.025 5.55112e-18
      vertex 0.000749453 -0.0214136 4.75478e-18
      vertex 0.000897899 -0.0213243 4.73495e-18
    endloop
  endfacet
  facet normal 3.67591e-34 -2.22045e-16 -1
    outer loop
      vertex 0.00159062 -0.019827 4.40248e-18
      vertex 0.00156259 -0.019656 4.36452e-18
      vertex 0.025 -0.02 4.44089e-18
    endloop
  endfacet
  facet normal 1.5139e-31 -2.22045e-16 -1
    outer loop
      vertex 0.000897899 0.0213243 -4.73495e-18
      vertex 0.000749453 0.0214136 -4.75478e-18
      vertex 0.02 0.025 -5.55112e-18
    endloop
  endfacet
  facet normal 1.43626e-31 -2.22045e-16 -1
    outer loop
      vertex 0.000749453 0.0214136 -4.75478e-18
      vertex 0.000592221 0.0214864 -4.77093e-18
      vertex 0.02 0.025 -5.55112e-18
    endloop
  endfacet
  facet normal -1.27123e-30 -2.22045e-16 -1
    outer loop
      vertex 0.00103582 0.0187805 -4.17012e-18
      vertex 0.00116159 0.0188997 -4.19657e-18
      vertex 0.000258851 -0.0184211 4.0903e-18
    endloop
  endfacet
  facet normal -1.61876e-30 -2.22045e-16 -1
    outer loop
      vertex 0.00116159 0.0188997 -4.19657e-18
      vertex 0.00127375 0.0190317 -4.22589e-18
      vertex 0.000258851 -0.0184211 4.0903e-18
    endloop
  endfacet
  facet normal 0 -2.22045e-16 -1
    outer loop
      vertex 0.000258851 -0.0184211 4.0903e-18
      vertex 0.00127375 0.0190317 -4.22589e-18
      vertex 0.00137097 0.0191751 -4.25773e-18
    endloop
  endfacet
  facet normal 2.34073e-32 -2.22045e-16 -1
    outer loop
      vertex -0.0240451 0.0229389 -5.09346e-18
      vertex -0.0237157 0.0233457 -5.18378e-18
      vertex -0.00159062 0.020173 -4.4793e-18
    endloop
  endfacet
  facet normal -2.10942e-31 -2.22045e-16 -1
    outer loop
      vertex -0.0237157 0.0233457 -5.18378e-18
      vertex -0.0233457 0.0237157 -5.26595e-18
      vertex -0.00159062 0.020173 -4.4793e-18
    endloop
  endfacet
  facet normal 8.74155e-32 -2.22045e-16 -1
    outer loop
      vertex -0.00159062 0.020173 -4.4793e-18
      vertex -0.0233457 0.0237157 -5.26595e-18
      vertex -0.0229389 0.0240451 -5.33908e-18
    endloop
  endfacet
  facet normal -2.23481e-31 -2.22045e-16 -1
    outer loop
      vertex -0.0229389 0.0240451 -5.33908e-18
      vertex -0.0225 0.0243301 -5.40237e-18
      vertex -0.00159062 0.020173 -4.4793e-18
    endloop
  endfacet
  facet normal 2.51893e-31 -2.22045e-16 -1
    outer loop
      vertex -0.0225 0.0243301 -5.40237e-18
      vertex -0.0220337 0.0245677 -5.45513e-18
      vertex -0.00159062 0.020173 -4.4793e-18
    endloop
  endfacet
  facet normal 6.10791e-31 -2.22045e-16 -1
    outer loop
      vertex -0.00159062 0.020173 -4.4793e-18
      vertex -0.0220337 0.0245677 -5.45513e-18
      vertex -0.00156259 0.020344 -4.51726e-18
    endloop
  endfacet
  facet normal -1.95146e-31 -2.22045e-16 -1
    outer loop
      vertex -0.0220337 0.0245677 -5.45513e-18
      vertex -0.0215451 0.0247553 -5.49678e-18
      vertex -0.00156259 0.020344 -4.51726e-18
    endloop
  endfacet
  facet normal -1.5239e-31 -2.22045e-16 -1
    outer loop
      vertex -0.00156259 0.020344 -4.51726e-18
      vertex -0.0215451 0.0247553 -5.49678e-18
      vertex -0.0210396 0.0248907 -5.52685e-18
    endloop
  endfacet
  facet normal 6.48356e-32 -2.22045e-16 -1
    outer loop
      vertex -0.0247553 -0.0215451 4.78397e-18
      vertex -0.0016 -0.02 4.44089e-18
      vertex -0.0245677 -0.0220337 4.89246e-18
    endloop
  endfacet
  facet normal 6.77214e-32 -2.22045e-16 -1
    outer loop
      vertex -0.0016 -0.02 4.44089e-18
      vertex -0.00159062 -0.020173 4.4793e-18
      vertex -0.0245677 -0.0220337 4.89246e-18
    endloop
  endfacet
  facet normal -1.2971e-31 -2.22045e-16 -1
    outer loop
      vertex 0.000258851 -0.0215789 4.79148e-18
      vertex 0.000428045 -0.0215417 4.78321e-18
      vertex 0.02 -0.025 5.55112e-18
    endloop
  endfacet
  facet normal 1.45652e-30 -2.22045e-16 -1
    outer loop
      vertex 0.000428045 -0.0215417 4.78321e-18
      vertex 0.000592221 -0.0214864 4.77093e-18
      vertex 0.02 -0.025 5.55112e-18
    endloop
  endfacet
  facet normal -1.91502e-31 -2.22045e-16 -1
    outer loop
      vertex 0.02 -0.025 5.55112e-18
      vertex 0.000592221 -0.0214864 4.77093e-18
      vertex 0.000749453 -0.0214136 4.75478e-18
    endloop
  endfacet
  facet normal -2.35817e-31 -2.22045e-16 -1
    outer loop
      vertex 0.02 -0.025 5.55112e-18
      vertex 0.00137097 -0.0208249 4.62405e-18
      vertex 0.00145212 -0.0206718 4.59007e-18
    endloop
  endfacet
  facet normal -1.5135e-30 -2.22045e-16 -1
    outer loop
      vertex 0.000592221 0.0214864 -4.77093e-18
      vertex 0.000428045 0.0215417 -4.78321e-18
      vertex 0.02 0.025 -5.55112e-18
    endloop
  endfacet
  facet normal 8.94553e-32 -2.22045e-16 -1
    outer loop
      vertex 0.000428045 0.0215417 -4.78321e-18
      vertex 0.000258851 0.0215789 -4.79148e-18
      vertex 0.02 0.025 -5.55112e-18
    endloop
  endfacet
  facet normal 0 -2.22045e-16 -1
    outer loop
      vertex 0.02 0.025 -5.55112e-18
      vertex 0.000258851 0.0215789 -4.79148e-18
      vertex 8.66223e-5 0.0215977 -4.79564e-18
    endloop
  endfacet
  facet normal -3.55168e-32 -2.22045e-16 -1
    outer loop
      vertex -0.0247553 -0.0215451 4.78397e-18
      vertex -0.0248907 -0.0210396 4.67172e-18
      vertex -0.0016 -0.02 4.44089e-18
    endloop
  endfacet
  facet normal -3.29638e-32 -2.22045e-16 -1
    outer loop
      vertex -0.0248907 -0.0210396 4.67172e-18
      vertex -0.0249726 -0.0205226 4.55694e-18
      vertex -0.0016 -0.02 4.44089e-18
    endloop
  endfacet
  facet normal -3.29219e-32 -2.22045e-16 -1
    outer loop
      vertex -0.0016 -0.02 4.44089e-18
      vertex -0.0249726 -0.0205226 4.55694e-18
      vertex -0.025 -0.02 4.44089e-18
    endloop
  endfacet
  facet normal 9.53522e-32 -2.22045e-16 -1
    outer loop
      vertex -0.0205226 -0.0249726 5.54503e-18
      vertex -0.0210396 -0.0248907 5.52685e-18
      vertex -0.00156259 -0.020344 4.51726e-18
    endloop
  endfacet
  facet normal 1.28579e-31 -2.22045e-16 -1
    outer loop
      vertex -0.0210396 -0.0248907 5.52685e-18
      vertex -0.0215451 -0.0247553 5.49678e-18
      vertex -0.00156259 -0.020344 4.51726e-18
    endloop
  endfacet
  facet normal -7.37202e-31 -2.22045e-16 -1
    outer loop
      vertex -0.00156259 -0.020344 4.51726e-18
      vertex -0.0215451 -0.0247553 5.49678e-18
      vertex -0.00159062 -0.020173 4.4793e-18
    endloop
  endfacet
  facet normal 1.69009e-31 -2.22045e-16 -1
    outer loop
      vertex -0.0215451 -0.0247553 5.49678e-18
      vertex -0.0220337 -0.0245677 5.45513e-18
      vertex -0.00159062 -0.020173 4.4793e-18
    endloop
  endfacet
  facet normal -3.2678e-31 -2.22045e-16 -1
    outer loop
      vertex -0.00159062 -0.020173 4.4793e-18
      vertex -0.0220337 -0.0245677 5.45513e-18
      vertex -0.0225 -0.0243301 5.40237e-18
    endloop
  endfacet
  facet normal 1.69121e-31 -2.22045e-16 -1
    outer loop
      vertex -0.0225 -0.0243301 5.40237e-18
      vertex -0.0229389 -0.0240451 5.33908e-18
      vertex -0.00159062 -0.020173 4.4793e-18
    endloop
  endfacet
  facet normal -1.69368e-31 -2.22045e-16 -1
    outer loop
      vertex -0.0229389 -0.0240451 5.33908e-18
      vertex -0.0233457 -0.0237157 5.26595e-18
      vertex -0.00159062 -0.020173 4.4793e-18
    endloop
  endfacet
  facet normal 1.60718e-31 -2.22045e-16 -1
    outer loop
      vertex -0.00159062 -0.020173 4.4793e-18
      vertex -0.0233457 -0.0237157 5.26595e-18
      vertex -0.0237157 -0.0233457 5.18378e-18
    endloop
  endfacet
  facet normal -8.89477e-32 -2.22045e-16 -1
    outer loop
      vertex -0.0237157 -0.0233457 5.18378e-18
      vertex -0.0240451 -0.0229389 5.09346e-18
      vertex -0.00159062 -0.020173 4.4793e-18
    endloop
  endfacet
  facet normal -7.06783e-32 -2.22045e-16 -1
    outer loop
      vertex -0.0240451 -0.0229389 5.09346e-18
      vertex -0.0243301 -0.0225 4.996e-18
      vertex -0.00159062 -0.020173 4.4793e-18
    endloop
  endfacet
  facet normal -6.74317e-32 -2.22045e-16 -1
    outer loop
      vertex -0.00159062 -0.020173 4.4793e-18
      vertex -0.0243301 -0.0225 4.996e-18
      vertex -0.0245677 -0.0220337 4.89246e-18
    endloop
  endfacet
  facet normal -2.364e-31 -2.22045e-16 -1
    outer loop
      vertex 0.00103582 -0.0212195 4.71167e-18
      vertex 0.00116159 -0.0211003 4.68521e-18
      vertex 0.02 -0.025 5.55112e-18
    endloop
  endfacet
  facet normal -2.41142e-31 -2.22045e-16 -1
    outer loop
      vertex 0.00116159 -0.0211003 4.68521e-18
      vertex 0.00127375 -0.0209683 4.65589e-18
      vertex 0.02 -0.025 5.55112e-18
    endloop
  endfacet
  facet normal 7.3345e-31 -2.22045e-16 -1
    outer loop
      vertex 0.02 -0.025 5.55112e-18
      vertex 0.00127375 -0.0209683 4.65589e-18
      vertex 0.00137097 -0.0208249 4.62405e-18
    endloop
  endfacet
  facet normal 8.4653e-31 -2.22045e-16 -1
    outer loop
      vertex 0.0233457 0.0237157 -5.26595e-18
      vertex 0.0237157 0.0233457 -5.18378e-18
      vertex 0.000897899 -0.0186757 4.14684e-18
    endloop
  endfacet
  facet normal -4.22999e-31 -2.22045e-16 -1
    outer loop
      vertex 0.0237157 0.0233457 -5.18378e-18
      vertex 0.0240451 0.0229389 -5.09346e-18
      vertex 0.000897899 -0.0186757 4.14684e-18
    endloop
  endfacet
  facet normal 1.69121e-31 -2.22045e-16 -1
    outer loop
      vertex 0.0225 0.0243301 -5.40237e-18
      vertex 0.0229389 0.0240451 -5.33908e-18
      vertex 0.00159062 0.020173 -4.4793e-18
    endloop
  endfacet
  facet normal -1.69368e-31 -2.22045e-16 -1
    outer loop
      vertex 0.0229389 0.0240451 -5.33908e-18
      vertex 0.0233457 0.0237157 -5.26595e-18
      vertex 0.00159062 0.020173 -4.4793e-18
    endloop
  endfacet
  facet normal 1.73383e-31 -2.22045e-16 -1
    outer loop
      vertex 0.00159062 0.020173 -4.4793e-18
      vertex 0.0233457 0.0237157 -5.26595e-18
      vertex 0.0016 0.02 -4.44089e-18
    endloop
  endfacet
  facet normal 4.40042e-32 -2.22045e-16 -1
    outer loop
      vertex 0.0205226 0.0249726 -5.54503e-18
      vertex 0.00156259 0.020344 -4.51726e-18
      vertex 0.02 0.025 -5.55112e-18
    endloop
  endfacet
  facet normal 2.35559e-31 -2.22045e-16 -1
    outer loop
      vertex 0.00156259 0.020344 -4.51726e-18
      vertex 0.00151625 0.0205109 -4.55433e-18
      vertex 0.02 0.025 -5.55112e-18
    endloop
  endfacet
  facet normal 2.30585e-31 -2.22045e-16 -1
    outer loop
      vertex 0.00151625 0.0205109 -4.55433e-18
      vertex 0.00145212 0.0206718 -4.59007e-18
      vertex 0.02 0.025 -5.55112e-18
    endloop
  endfacet
  facet normal 2.21078e-31 -2.22045e-16 -1
    outer loop
      vertex 0.00145212 0.0206718 -4.59007e-18
      vertex 0.00137097 0.0208249 -4.62405e-18
      vertex 0.02 0.025 -5.55112e-18
    endloop
  endfacet
  facet normal -9.77933e-31 -2.22045e-16 -1
    outer loop
      vertex 0.02 0.025 -5.55112e-18
      vertex 0.00137097 0.0208249 -4.62405e-18
      vertex 0.00127375 0.0209683 -4.65589e-18
    endloop
  endfacet
  facet normal -6.59929e-32 -2.22045e-16 -1
    outer loop
      vertex 0.00156259 -0.019656 4.36452e-18
      vertex 0.00151625 -0.0194891 4.32745e-18
      vertex 0.025 -0.02 4.44089e-18
    endloop
  endfacet
  facet normal -6.58854e-32 -2.22045e-16 -1
    outer loop
      vertex 0.00151625 -0.0194891 4.32745e-18
      vertex 0.00145212 -0.0193282 4.29172e-18
      vertex 0.025 -0.02 4.44089e-18
    endloop
  endfacet
  facet normal -2.79548e-32 -2.22045e-16 -1
    outer loop
      vertex 0.025 -0.02 4.44089e-18
      vertex 0.00145212 -0.0193282 4.29172e-18
      vertex 0.025 0.02 -4.44089e-18
    endloop
  endfacet
  facet normal 1.13471e-30 -2.22045e-16 -1
    outer loop
      vertex 0.00145212 -0.0193282 4.29172e-18
      vertex 0.00137097 -0.0191751 4.25773e-18
      vertex 0.025 0.02 -4.44089e-18
    endloop
  endfacet
  facet normal -6.69012e-30 -2.22045e-16 -1
    outer loop
      vertex 0.025 0.02 -4.44089e-18
      vertex 0.00137097 -0.0191751 4.25773e-18
      vertex 0.00127375 -0.0190317 4.22589e-18
    endloop
  endfacet
  facet normal -4.09949e-31 -2.22045e-16 -1
    outer loop
      vertex 0.0240451 0.0229389 -5.09346e-18
      vertex 0.0243301 0.0225 -4.996e-18
      vertex 0.000897899 -0.0186757 4.14684e-18
    endloop
  endfacet
  facet normal -3.63258e-31 -2.22045e-16 -1
    outer loop
      vertex 0.0243301 0.0225 -4.996e-18
      vertex 0.0245677 0.0220337 -4.89246e-18
      vertex 0.000897899 -0.0186757 4.14684e-18
    endloop
  endfacet
  facet normal 0 -2.22045e-16 -1
    outer loop
      vertex 0.000897899 -0.0186757 4.14684e-18
      vertex 0.0245677 0.0220337 -4.89246e-18
      vertex 0.0247553 0.0215451 -4.78397e-18
    endloop
  endfacet
  facet normal 6.00652e-31 -2.22045e-16 -1
    outer loop
      vertex 0.000897899 -0.0186757 4.14684e-18
      vertex 0.000749453 -0.0185864 4.12701e-18
      vertex 0.0233457 0.0237157 -5.26595e-18
    endloop
  endfacet
  facet normal -3.44642e-30 -2.22045e-16 -1
    outer loop
      vertex 0.000749453 -0.0185864 4.12701e-18
      vertex 0.000592221 -0.0185136 4.11085e-18
      vertex 0.0233457 0.0237157 -5.26595e-18
    endloop
  endfacet
  facet normal -4.33113e-32 -2.22045e-16 -1
    outer loop
      vertex 0.0233457 0.0237157 -5.26595e-18
      vertex 0.000592221 -0.0185136 4.11085e-18
      vertex 0.0016 0.02 -4.44089e-18
    endloop
  endfacet
  facet normal 4.27536e-31 -2.22045e-16 -1
    outer loop
      vertex 0.000592221 -0.0185136 4.11085e-18
      vertex 0.000428045 -0.0184583 4.09857e-18
      vertex 0.0016 0.02 -4.44089e-18
    endloop
  endfacet
  facet normal 0 -2.22045e-16 -1
    outer loop
      vertex 0.0016 0.02 -4.44089e-18
      vertex 0.000428045 -0.0184583 4.09857e-18
      vertex 0.000258851 -0.0184211 4.0903e-18
    endloop
  endfacet
  facet normal 9.53522e-32 -2.22045e-16 -1
    outer loop
      vertex 0.0205226 0.0249726 -5.54503e-18
      vertex 0.0210396 0.0248907 -5.52685e-18
      vertex 0.00156259 0.020344 -4.51726e-18
    endloop
  endfacet
  facet normal 1.28579e-31 -2.22045e-16 -1
    outer loop
      vertex 0.0210396 0.0248907 -5.52685e-18
      vertex 0.0215451 0.0247553 -5.49678e-18
      vertex 0.00156259 0.020344 -4.51726e-18
    endloop
  endfacet
  facet normal -7.37202e-31 -2.22045e-16 -1
    outer loop
      vertex 0.00156259 0.020344 -4.51726e-18
      vertex 0.0215451 0.0247553 -5.49678e-18
      vertex 0.00159062 0.020173 -4.4793e-18
    endloop
  endfacet
  facet normal 1.69009e-31 -2.22045e-16 -1
    outer loop
      vertex 0.0215451 0.0247553 -5.49678e-18
      vertex 0.0220337 0.0245677 -5.45513e-18
      vertex 0.00159062 0.020173 -4.4793e-18
    endloop
  endfacet
  facet normal -3.2678e-31 -2.22045e-16 -1
    outer loop
      vertex 0.00159062 0.020173 -4.4793e-18
      vertex 0.0220337 0.0245677 -5.45513e-18
      vertex 0.0225 0.0243301 -5.40237e-18
    endloop
  endfacet
  facet normal 1.76838e-31 -2.22045e-16 -1
    outer loop
      vertex 0.00127375 0.0209683 -4.65589e-18
      vertex 0.00116159 0.0211003 -4.68521e-18
      vertex 0.02 0.025 -5.55112e-18
    endloop
  endfacet
  facet normal 1.67629e-31 -2.22045e-16 -1
    outer loop
      vertex 0.00116159 0.0211003 -4.68521e-18
      vertex 0.00103582 0.0212195 -4.71167e-18
      vertex 0.02 0.025 -5.55112e-18
    endloop
  endfacet
  facet normal 1.49882e-31 -2.22045e-16 -1
    outer loop
      vertex 0.02 0.025 -5.55112e-18
      vertex 0.00103582 0.0212195 -4.71167e-18
      vertex 0.000897899 0.0213243 -4.73495e-18
    endloop
  endfacet
  facet normal -1.2813e-31 -2.22045e-16 -1
    outer loop
      vertex 0.0210396 -0.0248907 5.52685e-18
      vertex 0.0205226 -0.0249726 5.54503e-18
      vertex 0.00156259 -0.020344 4.51726e-18
    endloop
  endfacet
  facet normal -5.80055e-32 -2.22045e-16 -1
    outer loop
      vertex 0.0205226 -0.0249726 5.54503e-18
      vertex 0.02 -0.025 5.55112e-18
      vertex 0.00156259 -0.020344 4.51726e-18
    endloop
  endfacet
  facet normal -3.14078e-31 -2.22045e-16 -1
    outer loop
      vertex 0.00156259 -0.020344 4.51726e-18
      vertex 0.02 -0.025 5.55112e-18
      vertex 0.00151625 -0.0205109 4.55433e-18
    endloop
  endfacet
  facet normal -4.61171e-31 -2.22045e-16 -1
    outer loop
      vertex 0.02 -0.025 5.55112e-18
      vertex 0.00145212 -0.0206718 4.59007e-18
      vertex 0.00151625 -0.0205109 4.55433e-18
    endloop
  endfacet
  facet normal -3.30321e-32 -2.22045e-16 -1
    outer loop
      vertex 0.00159062 -0.019827 4.40248e-18
      vertex 0.025 -0.02 4.44089e-18
      vertex 0.0016 -0.02 4.44089e-18
    endloop
  endfacet
  facet normal -3.29219e-32 -2.22045e-16 -1
    outer loop
      vertex 0.025 -0.02 4.44089e-18
      vertex 0.0249726 -0.0205226 4.55694e-18
      vertex 0.0016 -0.02 4.44089e-18
    endloop
  endfacet
  facet normal -3.29638e-32 -2.22045e-16 -1
    outer loop
      vertex 0.0016 -0.02 4.44089e-18
      vertex 0.0249726 -0.0205226 4.55694e-18
      vertex 0.0248907 -0.0210396 4.67172e-18
    endloop
  endfacet
  facet normal 8.76477e-31 -2.22045e-16 -1
    outer loop
      vertex 0.00127375 -0.0190317 4.22589e-18
      vertex 0.00116159 -0.0188997 4.19657e-18
      vertex 0.025 0.02 -4.44089e-18
    endloop
  endfacet
  facet normal 7.53998e-31 -2.22045e-16 -1
    outer loop
      vertex 0.00116159 -0.0188997 4.19657e-18
      vertex 0.00103582 -0.0187805 4.17012e-18
      vertex 0.025 0.02 -4.44089e-18
    endloop
  endfacet
  facet normal -3.32224e-31 -2.22045e-16 -1
    outer loop
      vertex 0.025 0.02 -4.44089e-18
      vertex 0.00103582 -0.0187805 4.17012e-18
      vertex 0.0249726 0.0205226 -4.55694e-18
    endloop
  endfacet
  facet normal 6.64067e-31 -2.22045e-16 -1
    outer loop
      vertex 0.00103582 -0.0187805 4.17012e-18
      vertex 0.000897899 -0.0186757 4.14684e-18
      vertex 0.0249726 0.0205226 -4.55694e-18
    endloop
  endfacet
  facet normal -2.40297e-31 -2.22045e-16 -1
    outer loop
      vertex 0.0249726 0.0205226 -4.55694e-18
      vertex 0.000897899 -0.0186757 4.14684e-18
      vertex 0.0248907 0.0210396 -4.67172e-18
    endloop
  endfacet
  facet normal 2.74997e-30 -2.22045e-16 -1
    outer loop
      vertex 0.000897899 -0.0186757 4.14684e-18
      vertex 0.0247553 0.0215451 -4.78397e-18
      vertex 0.0248907 0.0210396 -4.67172e-18
    endloop
  endfacet
  facet normal -3.15705e-32 -2.22045e-16 -1
    outer loop
      vertex 0.0248907 -0.0210396 4.67172e-18
      vertex 0.0247553 -0.0215451 4.78397e-18
      vertex 0.0016 -0.02 4.44089e-18
    endloop
  endfacet
  facet normal -1.29671e-31 -2.22045e-16 -1
    outer loop
      vertex 0.0247553 -0.0215451 4.78397e-18
      vertex 0.0245677 -0.0220337 4.89246e-18
      vertex 0.0016 -0.02 4.44089e-18
    endloop
  endfacet
  facet normal -1.32498e-31 -2.22045e-16 -1
    outer loop
      vertex 0.0016 -0.02 4.44089e-18
      vertex 0.0245677 -0.0220337 4.89246e-18
      vertex 0.00159062 -0.020173 4.4793e-18
    endloop
  endfacet
  facet normal 0 -2.22045e-16 -1
    outer loop
      vertex 0.0245677 -0.0220337 4.89246e-18
      vertex 0.0243301 -0.0225 4.996e-18
      vertex 0.00159062 -0.020173 4.4793e-18
    endloop
  endfacet
  facet normal 0 -2.22045e-16 -1
    outer loop
      vertex 0.00159062 -0.020173 4.4793e-18
      vertex 0.0243301 -0.0225 4.996e-18
      vertex 0.0240451 -0.0229389 5.09346e-18
    endloop
  endfacet
  facet normal 2.34073e-32 -2.22045e-16 -1
    outer loop
      vertex 0.0240451 -0.0229389 5.09346e-18
      vertex 0.0237157 -0.0233457 5.18378e-18
      vertex 0.00159062 -0.020173 4.4793e-18
    endloop
  endfacet
  facet normal -2.10942e-31 -2.22045e-16 -1
    outer loop
      vertex 0.0237157 -0.0233457 5.18378e-18
      vertex 0.0233457 -0.0237157 5.26595e-18
      vertex 0.00159062 -0.020173 4.4793e-18
    endloop
  endfacet
  facet normal 8.74155e-32 -2.22045e-16 -1
    outer loop
      vertex 0.00159062 -0.020173 4.4793e-18
      vertex 0.0233457 -0.0237157 5.26595e-18
      vertex 0.0229389 -0.0240451 5.33908e-18
    endloop
  endfacet
  facet normal -2.23481e-31 -2.22045e-16 -1
    outer loop
      vertex 0.0229389 -0.0240451 5.33908e-18
      vertex 0.0225 -0.0243301 5.40237e-18
      vertex 0.00159062 -0.020173 4.4793e-18
    endloop
  endfacet
  facet normal 2.51893e-31 -2.22045e-16 -1
    outer loop
      vertex 0.0225 -0.0243301 5.40237e-18
      vertex 0.0220337 -0.0245677 5.45513e-18
      vertex 0.00159062 -0.020173 4.4793e-18
    endloop
  endfacet
  facet normal 6.10791e-31 -2.22045e-16 -1
    outer loop
      vertex 0.00159062 -0.020173 4.4793e-18
      vertex 0.0220337 -0.0245677 5.45513e-18
      vertex 0.00156259 -0.020344 4.51726e-18
    endloop
  endfacet
  facet normal -1.95146e-31 -2.22045e-16 -1
    outer loop
      vertex 0.0220337 -0.0245677 5.45513e-18
      vertex 0.0215451 -0.0247553 5.49678e-18
      vertex 0.00156259 -0.020344 4.51726e-18
    endloop
  endfacet
  facet normal -1.5239e-31 -2.22045e-16 -1
    outer loop
      vertex 0.00156259 -0.020344 4.51726e-18
      vertex 0.0215451 -0.0247553 5.49678e-18
      vertex 0.0210396 -0.0248907 5.52685e-18
    endloop
  endfacet
  facet normal 0.998533 -0.054139 -2.88697e-17
    outer loop
      vertex -0.0016 -0.02 0.015
      vertex -0.0016 -0.02 4.44089e-18
      vertex -0.00159062 -0.019827 0.015
    endloop
  endfacet
  facet normal 0.998533 -0.054139 -2.88868e-17
    outer loop
      vertex -0.0016 -0.02 4.44089e-18
      vertex -0.00159062 -0.019827 4.40248e-18
      vertex -0.00159062 -0.019827 0.015
    endloop
  endfacet
  facet normal 0.986827 -0.161781 -2.85312e-17
    outer loop
      vertex -0.00159062 -0.019827 0.015
      vertex -0.00159062 -0.019827 4.40248e-18
      vertex -0.00156259 -0.019656 0.015
    endloop
  endfacet
  facet normal 0.986827 -0.161781 -2.83294e-17
    outer loop
      vertex -0.00159062 -0.019827 4.40248e-18
      vertex -0.00156259 -0.019656 4.36452e-18
      vertex -0.00156259 -0.019656 0.015
    endloop
  endfacet
  facet normal 0.96355 -0.267528 -2.78582e-17
    outer loop
      vertex -0.00156259 -0.019656 0.015
      vertex -0.00156259 -0.019656 4.36452e-18
      vertex -0.00151625 -0.0194891 0.015
    endloop
  endfacet
  facet normal 0.96355 -0.267528 -2.80112e-17
    outer loop
      vertex -0.00156259 -0.019656 4.36452e-18
      vertex -0.00151625 -0.0194891 4.32745e-18
      vertex -0.00151625 -0.0194891 0.015
    endloop
  endfacet
  facet normal 0.928977 -0.370138 -2.68586e-17
    outer loop
      vertex -0.00151625 -0.0194891 0.015
      vertex -0.00151625 -0.0194891 4.32745e-18
      vertex -0.00145212 -0.0193282 0.015
    endloop
  endfacet
  facet normal 0.928977 -0.370138 -2.73746e-17
    outer loop
      vertex -0.00151625 -0.0194891 4.32745e-18
      vertex -0.00145212 -0.0193282 4.29172e-18
      vertex -0.00145212 -0.0193282 0.015
    endloop
  endfacet
  facet normal 0.883511 -0.468411 -2.55441e-17
    outer loop
      vertex -0.00145212 -0.0193282 0.015
      vertex -0.00145212 -0.0193282 4.29172e-18
      vertex -0.00137097 -0.0191751 0.015
    endloop
  endfacet
  facet normal 0.883511 -0.468411 -2.54649e-17
    outer loop
      vertex -0.00145212 -0.0193282 4.29172e-18
      vertex -0.00137097 -0.0191751 4.25773e-18
      vertex -0.00137097 -0.0191751 0.015
    endloop
  endfacet
  facet normal 0.827688 -0.561188 -2.39302e-17
    outer loop
      vertex -0.00137097 -0.0191751 0.015
      vertex -0.00137097 -0.0191751 4.25773e-18
      vertex -0.00127375 -0.0190317 0.015
    endloop
  endfacet
  facet normal 0.827688 -0.561188 -2.41916e-17
    outer loop
      vertex -0.00137097 -0.0191751 4.25773e-18
      vertex -0.00127375 -0.0190317 4.22589e-18
      vertex -0.00127375 -0.0190317 0.015
    endloop
  endfacet
  facet normal 0.762164 -0.647385 -2.20357e-17
    outer loop
      vertex -0.00127375 -0.0190317 0.015
      vertex -0.00127375 -0.0190317 4.22589e-18
      vertex -0.00116159 -0.0188997 0.015
    endloop
  endfacet
  facet normal 0.762164 -0.647385 -2.1645e-17
    outer loop
      vertex -0.00127375 -0.0190317 4.22589e-18
      vertex -0.00116159 -0.0188997 4.19657e-18
      vertex -0.00116159 -0.0188997 0.015
    endloop
  endfacet
  facet normal 0.6877 -0.725995 -1.98828e-17
    outer loop
      vertex -0.00116159 -0.0188997 0.015
      vertex -0.00116159 -0.0188997 4.19657e-18
      vertex -0.00103582 -0.0187805 0.015
    endloop
  endfacet
  facet normal 0.6877 -0.725995 -1.90986e-17
    outer loop
      vertex -0.00116159 -0.0188997 4.19657e-18
      vertex -0.00103582 -0.0187805 4.17012e-18
      vertex -0.00103582 -0.0187805 0.015
    endloop
  endfacet
  facet normal 0.605173 -0.796094 -1.74968e-17
    outer loop
      vertex -0.00103582 -0.0187805 0.015
      vertex -0.00103582 -0.0187805 4.17012e-18
      vertex -0.000897899 -0.0186757 0.015
    endloop
  endfacet
  facet normal 0.605173 -0.796094 -1.78254e-17
    outer loop
      vertex -0.00103582 -0.0187805 4.17012e-18
      vertex -0.000897899 -0.0186757 4.14684e-18
      vertex -0.000897899 -0.0186757 0.015
    endloop
  endfacet
  facet normal 0.515557 -0.856855 -1.49058e-17
    outer loop
      vertex -0.000897899 -0.0186757 0.015
      vertex -0.000897899 -0.0186757 4.14684e-18
      vertex -0.000749453 -0.0185864 0.015
    endloop
  endfacet
  facet normal 0.515557 -0.856855 -1.46422e-17
    outer loop
      vertex -0.000897899 -0.0186757 4.14684e-18
      vertex -0.000749453 -0.0185864 4.12701e-18
      vertex -0.000749453 -0.0185864 0.015
    endloop
  endfacet
  facet normal 0.41989 -0.907575 -1.21399e-17
    outer loop
      vertex -0.000749453 -0.0185864 0.015
      vertex -0.000749453 -0.0185864 4.12701e-18
      vertex -0.000592221 -0.0185136 0.015
    endloop
  endfacet
  facet normal 0.41989 -0.907575 -1.20958e-17
    outer loop
      vertex -0.000749453 -0.0185864 4.12701e-18
      vertex -0.000592221 -0.0185136 4.11085e-18
      vertex -0.000592221 -0.0185136 0.015
    endloop
  endfacet
  facet normal 0.319299 -0.947654 -9.2316e-18
    outer loop
      vertex -0.000592221 -0.0185136 0.015
      vertex -0.000592221 -0.0185136 4.11085e-18
      vertex -0.000428045 -0.0184583 0.015
    endloop
  endfacet
  facet normal 0.319299 -0.947654 -8.91267e-18
    outer loop
      vertex -0.000592221 -0.0185136 4.11085e-18
      vertex -0.000428045 -0.0184583 4.09857e-18
      vertex -0.000428045 -0.0184583 0.015
    endloop
  endfacet
  facet normal 0.214966 -0.976621 -6.21512e-18
    outer loop
      vertex -0.000428045 -0.0184583 0.015
      vertex -0.000428045 -0.0184583 4.09857e-18
      vertex -0.000258851 -0.0184211 0.015
    endloop
  endfacet
  facet normal 0.214966 -0.976621 -6.3662e-18
    outer loop
      vertex -0.000428045 -0.0184583 4.09857e-18
      vertex -0.000258851 -0.0184211 4.0903e-18
      vertex -0.000258851 -0.0184211 0.015
    endloop
  endfacet
  facet normal 0.108118 -0.994138 -3.1259e-18
    outer loop
      vertex -0.000258851 -0.0184211 0.015
      vertex -0.000258851 -0.0184211 4.0903e-18
      vertex -8.66223e-5 -0.0184023 0.015
    endloop
  endfacet
  facet normal 0.108118 -0.994138 -3.02394e-18
    outer loop
      vertex -0.000258851 -0.0184211 4.0903e-18
      vertex -8.66223e-5 -0.0184023 4.08614e-18
      vertex -8.66223e-5 -0.0184023 0.015
    endloop
  endfacet
  facet normal 0 -1 0
    outer loop
      vertex -8.66223e-5 -0.0184023 0.015
      vertex -8.66223e-5 -0.0184023 4.08614e-18
      vertex 8.66223e-5 -0.0184023 0.015
    endloop
  endfacet
  facet normal 0 -1 0
    outer loop
      vertex -8.66223e-5 -0.0184023 4.08614e-18
      vertex 8.66223e-5 -0.0184023 4.08614e-18
      vertex 8.66223e-5 -0.0184023 0.015
    endloop
  endfacet
  facet normal -0.108118 -0.994138 3.02822e-18
    outer loop
      vertex 8.66223e-5 -0.0184023 0.015
      vertex 8.66223e-5 -0.0184023 4.08614e-18
      vertex 0.000258851 -0.0184211 0.015
    endloop
  endfacet
  facet normal -0.108118 -0.994138 3.1831e-18
    outer loop
      vertex 8.66223e-5 -0.0184023 4.08614e-18
      vertex 0.000258851 -0.0184211 4.0903e-18
      vertex 0.000258851 -0.0184211 0.015
    endloop
  endfacet
  facet normal -0.214966 -0.976621 6.21512e-18
    outer loop
      vertex 0.000258851 -0.0184211 0.015
      vertex 0.000258851 -0.0184211 4.0903e-18
      vertex 0.000428045 -0.0184583 0.015
    endloop
  endfacet
  facet normal -0.214966 -0.976621 6.3662e-18
    outer loop
      vertex 0.000258851 -0.0184211 4.0903e-18
      vertex 0.000428045 -0.0184583 4.09857e-18
      vertex 0.000428045 -0.0184583 0.015
    endloop
  endfacet
  facet normal -0.319299 -0.947654 9.2316e-18
    outer loop
      vertex 0.000428045 -0.0184583 0.015
      vertex 0.000428045 -0.0184583 4.09857e-18
      vertex 0.000592221 -0.0185136 0.015
    endloop
  endfacet
  facet normal -0.319299 -0.947654 9.54929e-18
    outer loop
      vertex 0.000428045 -0.0184583 4.09857e-18
      vertex 0.000592221 -0.0185136 4.11085e-18
      vertex 0.000592221 -0.0185136 0.015
    endloop
  endfacet
  facet normal -0.41989 -0.907575 1.21399e-17
    outer loop
      vertex 0.000592221 -0.0185136 0.015
      vertex 0.000592221 -0.0185136 4.11085e-18
      vertex 0.000749453 -0.0185864 0.015
    endloop
  endfacet
  facet normal -0.41989 -0.907575 1.20958e-17
    outer loop
      vertex 0.000592221 -0.0185136 4.11085e-18
      vertex 0.000749453 -0.0185864 4.12701e-18
      vertex 0.000749453 -0.0185864 0.015
    endloop
  endfacet
  facet normal -0.515557 -0.856855 1.49058e-17
    outer loop
      vertex 0.000749453 -0.0185864 0.015
      vertex 0.000749453 -0.0185864 4.12701e-18
      vertex 0.000897899 -0.0186757 0.015
    endloop
  endfacet
  facet normal -0.515557 -0.856855 1.46422e-17
    outer loop
      vertex 0.000749453 -0.0185864 4.12701e-18
      vertex 0.000897899 -0.0186757 4.14684e-18
      vertex 0.000897899 -0.0186757 0.015
    endloop
  endfacet
  facet normal -0.605173 -0.796094 1.74968e-17
    outer loop
      vertex 0.000897899 -0.0186757 0.015
      vertex 0.000897899 -0.0186757 4.14684e-18
      vertex 0.00103582 -0.0187805 0.015
    endloop
  endfacet
  facet normal -0.605173 -0.796094 1.71887e-17
    outer loop
      vertex 0.000897899 -0.0186757 4.14684e-18
      vertex 0.00103582 -0.0187805 4.17012e-18
      vertex 0.00103582 -0.0187805 0.015
    endloop
  endfacet
  facet normal -0.6877 -0.725995 1.98828e-17
    outer loop
      vertex 0.00103582 -0.0187805 0.015
      vertex 0.00103582 -0.0187805 4.17012e-18
      vertex 0.00116159 -0.0188997 0.015
    endloop
  endfacet
  facet normal -0.6877 -0.725995 2.03718e-17
    outer loop
      vertex 0.00103582 -0.0187805 4.17012e-18
      vertex 0.00116159 -0.0188997 4.19657e-18
      vertex 0.00116159 -0.0188997 0.015
    endloop
  endfacet
  facet normal -0.762164 -0.647385 2.20357e-17
    outer loop
      vertex 0.00116159 -0.0188997 0.015
      vertex 0.00116159 -0.0188997 4.19657e-18
      vertex 0.00127375 -0.0190317 0.015
    endloop
  endfacet
  facet normal -0.762164 -0.647385 2.22816e-17
    outer loop
      vertex 0.00116159 -0.0188997 4.19657e-18
      vertex 0.00127375 -0.0190317 4.22589e-18
      vertex 0.00127375 -0.0190317 0.015
    endloop
  endfacet
  facet normal -0.827688 -0.561188 2.39302e-17
    outer loop
      vertex 0.00127375 -0.0190317 0.015
      vertex 0.00127375 -0.0190317 4.22589e-18
      vertex 0.00137097 -0.0191751 0.015
    endloop
  endfacet
  facet normal -0.827688 -0.561188 2.41916e-17
    outer loop
      vertex 0.00127375 -0.0190317 4.22589e-18
      vertex 0.00137097 -0.0191751 4.25773e-18
      vertex 0.00137097 -0.0191751 0.015
    endloop
  endfacet
  facet normal -0.883511 -0.468411 2.55441e-17
    outer loop
      vertex 0.00137097 -0.0191751 0.015
      vertex 0.00137097 -0.0191751 4.25773e-18
      vertex 0.00145212 -0.0193282 0.015
    endloop
  endfacet
  facet normal -0.883511 -0.468411 2.54649e-17
    outer loop
      vertex 0.00137097 -0.0191751 4.25773e-18
      vertex 0.00145212 -0.0193282 4.29172e-18
      vertex 0.00145212 -0.0193282 0.015
    endloop
  endfacet
  facet normal -0.928977 -0.370138 2.68586e-17
    outer loop
      vertex 0.00145212 -0.0193282 0.015
      vertex 0.00145212 -0.0193282 4.29172e-18
      vertex 0.00151625 -0.0194891 0.015
    endloop
  endfacet
  facet normal -0.928977 -0.370138 2.6738e-17
    outer loop
      vertex 0.00145212 -0.0193282 4.29172e-18
      vertex 0.00151625 -0.0194891 4.32745e-18
      vertex 0.00151625 -0.0194891 0.015
    endloop
  endfacet
  facet normal -0.96355 -0.267528 2.78582e-17
    outer loop
      vertex 0.00151625 -0.0194891 0.015
      vertex 0.00151625 -0.0194891 4.32745e-18
      vertex 0.00156259 -0.019656 0.015
    endloop
  endfacet
  facet normal -0.96355 -0.267528 2.80112e-17
    outer loop
      vertex 0.00151625 -0.0194891 4.32745e-18
      vertex 0.00156259 -0.019656 4.36452e-18
      vertex 0.00156259 -0.019656 0.015
    endloop
  endfacet
  facet normal -0.986827 -0.161781 2.85312e-17
    outer loop
      vertex 0.00156259 -0.019656 0.015
      vertex 0.00156259 -0.019656 4.36452e-18
      vertex 0.00159062 -0.019827 0.015
    endloop
  endfacet
  facet normal -0.986827 -0.161781 2.86478e-17
    outer loop
      vertex 0.00156259 -0.019656 4.36452e-18
      vertex 0.00159062 -0.019827 4.40248e-18
      vertex 0.00159062 -0.019827 0.015
    endloop
  endfacet
  facet normal -0.998533 -0.054139 2.88697e-17
    outer loop
      vertex 0.00159062 -0.019827 0.015
      vertex 0.00159062 -0.019827 4.40248e-18
      vertex 0.0016 -0.02 0.015
    endloop
  endfacet
  facet normal -0.998533 -0.054139 2.88868e-17
    outer loop
      vertex 0.00159062 -0.019827 4.40248e-18
      vertex 0.0016 -0.02 4.44089e-18
      vertex 0.0016 -0.02 0.015
    endloop
  endfacet
  facet normal -0.998533 0.0541384 2.88697e-17
    outer loop
      vertex 0.0016 -0.02 0.015
      vertex 0.0016 -0.02 4.44089e-18
      vertex 0.00159062 -0.020173 0.015
    endloop
  endfacet
  facet normal -0.998533 0.0541384 2.88864e-17
    outer loop
      vertex 0.0016 -0.02 4.44089e-18
      vertex 0.00159062 -0.020173 4.4793e-18
      vertex 0.00159062 -0.020173 0.015
    endloop
  endfacet
  facet normal -0.986826 0.161783 2.85312e-17
    outer loop
      vertex 0.00159062 -0.020173 0.015
      vertex 0.00159062 -0.020173 4.4793e-18
      vertex 0.00156259 -0.020344 0.015
    endloop
  endfacet
  facet normal -0.986826 0.161783 2.86481e-17
    outer loop
      vertex 0.00159062 -0.020173 4.4793e-18
      vertex 0.00156259 -0.020344 4.51726e-18
      vertex 0.00156259 -0.020344 0.015
    endloop
  endfacet
  facet normal -0.96355 0.267528 2.78582e-17
    outer loop
      vertex 0.00156259 -0.020344 0.015
      vertex 0.00156259 -0.020344 4.51726e-18
      vertex 0.00151625 -0.0205109 0.015
    endloop
  endfacet
  facet normal -0.96355 0.267528 2.73745e-17
    outer loop
      vertex 0.00156259 -0.020344 4.51726e-18
      vertex 0.00151625 -0.0205109 4.55433e-18
      vertex 0.00151625 -0.0205109 0.015
    endloop
  endfacet
  facet normal -0.928977 0.370138 2.68586e-17
    outer loop
      vertex 0.00151625 -0.0205109 0.015
      vertex 0.00151625 -0.0205109 4.55433e-18
      vertex 0.00145212 -0.0206718 0.015
    endloop
  endfacet
  facet normal -0.928977 0.370138 2.6738e-17
    outer loop
      vertex 0.00151625 -0.0205109 4.55433e-18
      vertex 0.00145212 -0.0206718 4.59007e-18
      vertex 0.00145212 -0.0206718 0.015
    endloop
  endfacet
  facet normal -0.883513 0.468406 2.55442e-17
    outer loop
      vertex 0.00145212 -0.0206718 0.015
      vertex 0.00145212 -0.0206718 4.59007e-18
      vertex 0.00137097 -0.0208249 0.015
    endloop
  endfacet
  facet normal -0.883513 0.468406 2.54646e-17
    outer loop
      vertex 0.00145212 -0.0206718 4.59007e-18
      vertex 0.00137097 -0.0208249 4.62405e-18
      vertex 0.00137097 -0.0208249 0.015
    endloop
  endfacet
  facet normal -0.827688 0.561188 2.39302e-17
    outer loop
      vertex 0.00137097 -0.0208249 0.015
      vertex 0.00137097 -0.0208249 4.62405e-18
      vertex 0.00127375 -0.0209683 0.015
    endloop
  endfacet
  facet normal -0.827688 0.561188 2.3555e-17
    outer loop
      vertex 0.00137097 -0.0208249 4.62405e-18
      vertex 0.00127375 -0.0209683 4.65589e-18
      vertex 0.00127375 -0.0209683 0.015
    endloop
  endfacet
  facet normal -0.762164 0.647385 2.20357e-17
    outer loop
      vertex 0.00127375 -0.0209683 0.015
      vertex 0.00127375 -0.0209683 4.65589e-18
      vertex 0.00116159 -0.0211003 0.015
    endloop
  endfacet
  facet normal -0.762164 0.647385 2.22816e-17
    outer loop
      vertex 0.00127375 -0.0209683 4.65589e-18
      vertex 0.00116159 -0.0211003 4.68521e-18
      vertex 0.00116159 -0.0211003 0.015
    endloop
  endfacet
  facet normal -0.687694 0.726 1.98827e-17
    outer loop
      vertex 0.00116159 -0.0211003 0.015
      vertex 0.00116159 -0.0211003 4.68521e-18
      vertex 0.00103582 -0.0212195 0.015
    endloop
  endfacet
  facet normal -0.687694 0.726 2.03719e-17
    outer loop
      vertex 0.00116159 -0.0211003 4.68521e-18
      vertex 0.00103582 -0.0212195 4.71167e-18
      vertex 0.00103582 -0.0212195 0.015
    endloop
  endfacet
  facet normal -0.60518 0.796089 1.7497e-17
    outer loop
      vertex 0.00103582 -0.0212195 0.015
      vertex 0.00103582 -0.0212195 4.71167e-18
      vertex 0.000897899 -0.0213243 0.015
    endloop
  endfacet
  facet normal -0.60518 0.796089 1.71886e-17
    outer loop
      vertex 0.00103582 -0.0212195 4.71167e-18
      vertex 0.000897899 -0.0213243 4.73495e-18
      vertex 0.000897899 -0.0213243 0.015
    endloop
  endfacet
  facet normal -0.515549 0.85686 1.49056e-17
    outer loop
      vertex 0.000897899 -0.0213243 0.015
      vertex 0.000897899 -0.0213243 4.73495e-18
      vertex 0.000749453 -0.0214136 0.015
    endloop
  endfacet
  facet normal -0.515549 0.85686 1.52789e-17
    outer loop
      vertex 0.000897899 -0.0213243 4.73495e-18
      vertex 0.000749453 -0.0214136 4.75478e-18
      vertex 0.000749453 -0.0214136 0.015
    endloop
  endfacet
  facet normal -0.41989 0.907575 1.21399e-17
    outer loop
      vertex 0.000749453 -0.0214136 0.015
      vertex 0.000749453 -0.0214136 4.75478e-18
      vertex 0.000592221 -0.0214864 0.015
    endloop
  endfacet
  facet normal -0.41989 0.907575 1.20958e-17
    outer loop
      vertex 0.000749453 -0.0214136 4.75478e-18
      vertex 0.000592221 -0.0214864 4.77093e-18
      vertex 0.000592221 -0.0214864 0.015
    endloop
  endfacet
  facet normal -0.319299 0.947654 9.2316e-18
    outer loop
      vertex 0.000592221 -0.0214864 0.015
      vertex 0.000592221 -0.0214864 4.77093e-18
      vertex 0.000428045 -0.0215417 0.015
    endloop
  endfacet
  facet normal -0.319299 0.947654 9.54929e-18
    outer loop
      vertex 0.000592221 -0.0214864 4.77093e-18
      vertex 0.000428045 -0.0215417 4.78321e-18
      vertex 0.000428045 -0.0215417 0.015
    endloop
  endfacet
  facet normal -0.214977 0.976619 6.21542e-18
    outer loop
      vertex 0.000428045 -0.0215417 0.015
      vertex 0.000428045 -0.0215417 4.78321e-18
      vertex 0.000258851 -0.0215789 0.015
    endloop
  endfacet
  facet normal -0.214977 0.976619 6.36618e-18
    outer loop
      vertex 0.000428045 -0.0215417 4.78321e-18
      vertex 0.000258851 -0.0215789 4.79148e-18
      vertex 0.000258851 -0.0215789 0.015
    endloop
  endfacet
  facet normal -0.108118 0.994138 3.1259e-18
    outer loop
      vertex 0.000258851 -0.0215789 0.015
      vertex 0.000258851 -0.0215789 4.79148e-18
      vertex 8.66223e-5 -0.0215977 0.015
    endloop
  endfacet
  facet normal -0.108118 0.994138 2.86479e-18
    outer loop
      vertex 0.000258851 -0.0215789 4.79148e-18
      vertex 8.66223e-5 -0.0215977 4.79564e-18
      vertex 8.66223e-5 -0.0215977 0.015
    endloop
  endfacet
  facet normal 0 1 0
    outer loop
      vertex 8.66223e-5 -0.0215977 0.015
      vertex 8.66223e-5 -0.0215977 4.79564e-18
      vertex -8.66223e-5 -0.0215977 0.015
    endloop
  endfacet
  facet normal 0 1 0
    outer loop
      vertex 8.66223e-5 -0.0215977 4.79564e-18
      vertex -8.66223e-5 -0.0215977 4.79564e-18
      vertex -8.66223e-5 -0.0215977 0.015
    endloop
  endfacet
  facet normal 0.108118 0.994138 -3.02822e-18
    outer loop
      vertex -8.66223e-5 -0.0215977 0.015
      vertex -8.66223e-5 -0.0215977 4.79564e-18
      vertex -0.000258851 -0.0215789 0.015
    endloop
  endfacet
  facet normal 0.108118 0.994138 -3.02394e-18
    outer loop
      vertex -8.66223e-5 -0.0215977 4.79564e-18
      vertex -0.000258851 -0.0215789 4.79148e-18
      vertex -0.000258851 -0.0215789 0.015
    endloop
  endfacet
  facet normal 0.214977 0.976619 -6.21542e-18
    outer loop
      vertex -0.000258851 -0.0215789 0.015
      vertex -0.000258851 -0.0215789 4.79148e-18
      vertex -0.000428045 -0.0215417 0.015
    endloop
  endfacet
  facet normal 0.214977 0.976619 -6.36618e-18
    outer loop
      vertex -0.000258851 -0.0215789 4.79148e-18
      vertex -0.000428045 -0.0215417 4.78321e-18
      vertex -0.000428045 -0.0215417 0.015
    endloop
  endfacet
  facet normal 0.319299 0.947654 -9.2316e-18
    outer loop
      vertex -0.000428045 -0.0215417 0.015
      vertex -0.000428045 -0.0215417 4.78321e-18
      vertex -0.000592221 -0.0214864 0.015
    endloop
  endfacet
  facet normal 0.319299 0.947654 -8.91267e-18
    outer loop
      vertex -0.000428045 -0.0215417 4.78321e-18
      vertex -0.000592221 -0.0214864 4.77093e-18
      vertex -0.000592221 -0.0214864 0.015
    endloop
  endfacet
  facet normal 0.41989 0.907575 -1.21399e-17
    outer loop
      vertex -0.000592221 -0.0214864 0.015
      vertex -0.000592221 -0.0214864 4.77093e-18
      vertex -0.000749453 -0.0214136 0.015
    endloop
  endfacet
  facet normal 0.41989 0.907575 -1.20958e-17
    outer loop
      vertex -0.000592221 -0.0214864 4.77093e-18
      vertex -0.000749453 -0.0214136 4.75478e-18
      vertex -0.000749453 -0.0214136 0.015
    endloop
  endfacet
  facet normal 0.515549 0.85686 -1.49056e-17
    outer loop
      vertex -0.000749453 -0.0214136 0.015
      vertex -0.000749453 -0.0214136 4.75478e-18
      vertex -0.000897899 -0.0213243 0.015
    endloop
  endfacet
  facet normal 0.515549 0.85686 -1.46423e-17
    outer loop
      vertex -0.000749453 -0.0214136 4.75478e-18
      vertex -0.000897899 -0.0213243 4.73495e-18
      vertex -0.000897899 -0.0213243 0.015
    endloop
  endfacet
  facet normal 0.60518 0.796089 -1.7497e-17
    outer loop
      vertex -0.000897899 -0.0213243 0.015
      vertex -0.000897899 -0.0213243 4.73495e-18
      vertex -0.00103582 -0.0212195 0.015
    endloop
  endfacet
  facet normal 0.60518 0.796089 -1.78252e-17
    outer loop
      vertex -0.000897899 -0.0213243 4.73495e-18
      vertex -0.00103582 -0.0212195 4.71167e-18
      vertex -0.00103582 -0.0212195 0.015
    endloop
  endfacet
  facet normal 0.687694 0.726 -1.98827e-17
    outer loop
      vertex -0.00103582 -0.0212195 0.015
      vertex -0.00103582 -0.0212195 4.71167e-18
      vertex -0.00116159 -0.0211003 0.015
    endloop
  endfacet
  facet normal 0.687694 0.726 -1.90987e-17
    outer loop
      vertex -0.00103582 -0.0212195 4.71167e-18
      vertex -0.00116159 -0.0211003 4.68521e-18
      vertex -0.00116159 -0.0211003 0.015
    endloop
  endfacet
  facet normal 0.762164 0.647385 -2.20357e-17
    outer loop
      vertex -0.00116159 -0.0211003 0.015
      vertex -0.00116159 -0.0211003 4.68521e-18
      vertex -0.00127375 -0.0209683 0.015
    endloop
  endfacet
  facet normal 0.762164 0.647385 -2.1645e-17
    outer loop
      vertex -0.00116159 -0.0211003 4.68521e-18
      vertex -0.00127375 -0.0209683 4.65589e-18
      vertex -0.00127375 -0.0209683 0.015
    endloop
  endfacet
  facet normal 0.827688 0.561188 -2.39302e-17
    outer loop
      vertex -0.00127375 -0.0209683 0.015
      vertex -0.00127375 -0.0209683 4.65589e-18
      vertex -0.00137097 -0.0208249 0.015
    endloop
  endfacet
  facet normal 0.827688 0.561188 -2.41916e-17
    outer loop
      vertex -0.00127375 -0.0209683 4.65589e-18
      vertex -0.00137097 -0.0208249 4.62405e-18
      vertex -0.00137097 -0.0208249 0.015
    endloop
  endfacet
  facet normal 0.883513 0.468406 -2.55442e-17
    outer loop
      vertex -0.00137097 -0.0208249 0.015
      vertex -0.00137097 -0.0208249 4.62405e-18
      vertex -0.00145212 -0.0206718 0.015
    endloop
  endfacet
  facet normal 0.883513 0.468406 -2.54646e-17
    outer loop
      vertex -0.00137097 -0.0208249 4.62405e-18
      vertex -0.00145212 -0.0206718 4.59007e-18
      vertex -0.00145212 -0.0206718 0.015
    endloop
  endfacet
  facet normal 0.928977 0.370138 -2.68586e-17
    outer loop
      vertex -0.00145212 -0.0206718 0.015
      vertex -0.00145212 -0.0206718 4.59007e-18
      vertex -0.00151625 -0.0205109 0.015
    endloop
  endfacet
  facet normal 0.928977 0.370138 -2.6738e-17
    outer loop
      vertex -0.00145212 -0.0206718 4.59007e-18
      vertex -0.00151625 -0.0205109 4.55433e-18
      vertex -0.00151625 -0.0205109 0.015
    endloop
  endfacet
  facet normal 0.96355 0.267528 -2.78582e-17
    outer loop
      vertex -0.00151625 -0.0205109 0.015
      vertex -0.00151625 -0.0205109 4.55433e-18
      vertex -0.00156259 -0.020344 0.015
    endloop
  endfacet
  facet normal 0.96355 0.267528 -2.80112e-17
    outer loop
      vertex -0.00151625 -0.0205109 4.55433e-18
      vertex -0.00156259 -0.020344 4.51726e-18
      vertex -0.00156259 -0.020344 0.015
    endloop
  endfacet
  facet normal 0.986826 0.161783 -2.85312e-17
    outer loop
      vertex -0.00156259 -0.020344 0.015
      vertex -0.00156259 -0.020344 4.51726e-18
      vertex -0.00159062 -0.020173 0.015
    endloop
  endfacet
  facet normal 0.986826 0.161783 -2.86481e-17
    outer loop
      vertex -0.00156259 -0.020344 4.51726e-18
      vertex -0.00159062 -0.020173 4.4793e-18
      vertex -0.00159062 -0.020173 0.015
    endloop
  endfacet
  facet normal 0.998533 0.0541384 -2.88697e-17
    outer loop
      vertex -0.00159062 -0.020173 0.015
      vertex -0.00159062 -0.020173 4.4793e-18
      vertex -0.0016 -0.02 0.015
    endloop
  endfacet
  facet normal 0.998533 0.0541384 -2.88069e-17
    outer loop
      vertex -0.00159062 -0.020173 4.4793e-18
      vertex -0.0016 -0.02 4.44089e-18
      vertex -0.0016 -0.02 0.015
    endloop
  endfacet
  facet normal 0 1 0
    outer loop
      vertex 0.02 0.025 -5.55112e-18
      vertex -0.02 0.025 -5.55112e-18
      vertex 0.02 0.025 0.015
    endloop
  endfacet
  facet normal 0 1 0
    outer loop
      vertex -0.02 0.025 -5.55112e-18
      vertex -0.02 0.025 0.015
      vertex 0.02 0.025 0.015
    endloop
  endfacet
  facet normal 1 1.9082e-15 0
    outer loop
      vertex 0.025 0.02 0.015
      vertex 0.025 -0.02 0.015
      vertex 0.025 0.02 -4.44089e-18
    endloop
  endfacet
  facet normal 1 1.9082e-15 0
    outer loop
      vertex 0.025 -0.02 0.015
      vertex 0.025 -0.02 4.44089e-18
      vertex 0.025 0.02 -4.44089e-18
    endloop
  endfacet
  facet normal -0.99863 0.0523352 0
    outer loop
      vertex -0.025 0.02 -4.44089e-18
      vertex -0.025 0.02 0.015
      vertex -0.0249726 0.0205226 0.015
    endloop
  endfacet
  facet normal -0.99863 0.0523352 0
    outer loop
      vertex -0.025 0.02 -4.44089e-18
      vertex -0.0249726 0.0205226 0.015
      vertex -0.0249726 0.0205226 -4.55694e-18
    endloop
  endfacet
  facet normal -0.987688 0.156437 0
    outer loop
      vertex -0.0249726 0.0205226 0.015
      vertex -0.0248907 0.0210396 0.015
      vertex -0.0249726 0.0205226 -4.55694e-18
    endloop
  endfacet
  facet normal -0.987688 0.156437 0
    outer loop
      vertex -0.0249726 0.0205226 -4.55694e-18
      vertex -0.0248907 0.0210396 0.015
      vertex -0.0248907 0.0210396 -4.67172e-18
    endloop
  endfacet
  facet normal -0.965926 0.258819 0
    outer loop
      vertex -0.0248907 0.0210396 0.015
      vertex -0.0247553 0.0215451 0.015
      vertex -0.0248907 0.0210396 -4.67172e-18
    endloop
  endfacet
  facet normal -0.965926 0.258819 0
    outer loop
      vertex -0.0248907 0.0210396 -4.67172e-18
      vertex -0.0247553 0.0215451 0.015
      vertex -0.0247553 0.0215451 -4.78397e-18
    endloop
  endfacet
  facet normal -0.933581 0.358367 0
    outer loop
      vertex -0.0247553 0.0215451 0.015
      vertex -0.0245677 0.0220337 0.015
      vertex -0.0247553 0.0215451 -4.78397e-18
    endloop
  endfacet
  facet normal -0.933581 0.358367 0
    outer loop
      vertex -0.0247553 0.0215451 -4.78397e-18
      vertex -0.0245677 0.0220337 0.015
      vertex -0.0245677 0.0220337 -4.89246e-18
    endloop
  endfacet
  facet normal -0.891006 0.453991 0
    outer loop
      vertex -0.0245677 0.0220337 0.015
      vertex -0.0243301 0.0225 0.015
      vertex -0.0245677 0.0220337 -4.89246e-18
    endloop
  endfacet
  facet normal -0.891006 0.453991 0
    outer loop
      vertex -0.0245677 0.0220337 -4.89246e-18
      vertex -0.0243301 0.0225 0.015
      vertex -0.0243301 0.0225 -4.996e-18
    endloop
  endfacet
  facet normal -0.838671 0.544638 0
    outer loop
      vertex -0.0243301 0.0225 0.015
      vertex -0.0240451 0.0229389 0.015
      vertex -0.0243301 0.0225 -4.996e-18
    endloop
  endfacet
  facet normal -0.838671 0.544638 0
    outer loop
      vertex -0.0243301 0.0225 -4.996e-18
      vertex -0.0240451 0.0229389 0.015
      vertex -0.0240451 0.0229389 -5.09346e-18
    endloop
  endfacet
  facet normal -0.777145 0.629322 0
    outer loop
      vertex -0.0240451 0.0229389 0.015
      vertex -0.0237157 0.0233457 0.015
      vertex -0.0240451 0.0229389 -5.09346e-18
    endloop
  endfacet
  facet normal -0.777145 0.629322 0
    outer loop
      vertex -0.0240451 0.0229389 -5.09346e-18
      vertex -0.0237157 0.0233457 0.015
      vertex -0.0237157 0.0233457 -5.18378e-18
    endloop
  endfacet
  facet normal -0.707107 0.707107 0
    outer loop
      vertex -0.0237157 0.0233457 0.015
      vertex -0.0233457 0.0237157 0.015
      vertex -0.0237157 0.0233457 -5.18378e-18
    endloop
  endfacet
  facet normal -0.707107 0.707107 0
    outer loop
      vertex -0.0237157 0.0233457 -5.18378e-18
      vertex -0.0233457 0.0237157 0.015
      vertex -0.0233457 0.0237157 -5.26595e-18
    endloop
  endfacet
  facet normal -0.629322 0.777145 0
    outer loop
      vertex -0.0233457 0.0237157 0.015
      vertex -0.0229389 0.0240451 0.015
      vertex -0.0233457 0.0237157 -5.26595e-18
    endloop
  endfacet
  facet normal -0.629322 0.777145 0
    outer loop
      vertex -0.0233457 0.0237157 -5.26595e-18
      vertex -0.0229389 0.0240451 0.015
      vertex -0.0229389 0.0240451 -5.33908e-18
    endloop
  endfacet
  facet normal -0.544638 0.838671 0
    outer loop
      vertex -0.0229389 0.0240451 0.015
      vertex -0.0225 0.0243301 0.015
      vertex -0.0229389 0.0240451 -5.33908e-18
    endloop
  endfacet
  facet normal -0.544638 0.838671 0
    outer loop
      vertex -0.0229389 0.0240451 -5.33908e-18
      vertex -0.0225 0.0243301 0.015
      vertex -0.0225 0.0243301 -5.40237e-18
    endloop
  endfacet
  facet normal -0.453991 0.891006 0
    outer loop
      vertex -0.0225 0.0243301 0.015
      vertex -0.0220337 0.0245677 0.015
      vertex -0.0225 0.0243301 -5.40237e-18
    endloop
  endfacet
  facet normal -0.453991 0.891006 0
    outer loop
      vertex -0.0225 0.0243301 -5.40237e-18
      vertex -0.0220337 0.0245677 0.015
      vertex -0.0220337 0.0245677 -5.45513e-18
    endloop
  endfacet
  facet normal -0.358367 0.933581 0
    outer loop
      vertex -0.0220337 0.0245677 0.015
      vertex -0.0215451 0.0247553 0.015
      vertex -0.0220337 0.0245677 -5.45513e-18
    endloop
  endfacet
  facet normal -0.358367 0.933581 0
    outer loop
      vertex -0.0220337 0.0245677 -5.45513e-18
      vertex -0.0215451 0.0247553 0.015
      vertex -0.0215451 0.0247553 -5.49678e-18
    endloop
  endfacet
  facet normal -0.258819 0.965926 0
    outer loop
      vertex -0.0215451 0.0247553 0.015
      vertex -0.0210396 0.0248907 0.015
      vertex -0.0215451 0.0247553 -5.49678e-18
    endloop
  endfacet
  facet normal -0.258819 0.965926 0
    outer loop
      vertex -0.0215451 0.0247553 -5.49678e-18
      vertex -0.0210396 0.0248907 0.015
      vertex -0.0210396 0.0248907 -5.52685e-18
    endloop
  endfacet
  facet normal -0.156437 0.987688 0
    outer loop
      vertex -0.0210396 0.0248907 0.015
      vertex -0.0205226 0.0249726 0.015
      vertex -0.0210396 0.0248907 -5.52685e-18
    endloop
  endfacet
  facet normal -0.156437 0.987688 0
    outer loop
      vertex -0.0210396 0.0248907 -5.52685e-18
      vertex -0.0205226 0.0249726 0.015
      vertex -0.0205226 0.0249726 -5.54503e-18
    endloop
  endfacet
  facet normal -0.0523352 0.99863 0
    outer loop
      vertex -0.0205226 0.0249726 0.015
      vertex -0.02 0.025 0.015
      vertex -0.0205226 0.0249726 -5.54503e-18
    endloop
  endfacet
  facet normal -0.0523352 0.99863 0
    outer loop
      vertex -0.0205226 0.0249726 -5.54503e-18
      vertex -0.02 0.025 0.015
      vertex -0.02 0.025 -5.55112e-18
    endloop
  endfacet
  facet normal -0.99863 -0.0523352 0
    outer loop
      vertex -0.025 -0.02 0.015
      vertex -0.025 -0.02 4.44089e-18
      vertex -0.0249726 -0.0205226 4.55694e-18
    endloop
  endfacet
  facet normal -0.99863 -0.0523352 0
    outer loop
      vertex -0.025 -0.02 0.015
      vertex -0.0249726 -0.0205226 4.55694e-18
      vertex -0.0249726 -0.0205226 0.015
    endloop
  endfacet
  facet normal -0.987688 -0.156437 0
    outer loop
      vertex -0.0249726 -0.0205226 4.55694e-18
      vertex -0.0248907 -0.0210396 4.67172e-18
      vertex -0.0249726 -0.0205226 0.015
    endloop
  endfacet
  facet normal -0.987688 -0.156437 0
    outer loop
      vertex -0.0249726 -0.0205226 0.015
      vertex -0.0248907 -0.0210396 4.67172e-18
      vertex -0.0248907 -0.0210396 0.015
    endloop
  endfacet
  facet normal -0.965926 -0.258819 0
    outer loop
      vertex -0.0248907 -0.0210396 4.67172e-18
      vertex -0.0247553 -0.0215451 4.78397e-18
      vertex -0.0248907 -0.0210396 0.015
    endloop
  endfacet
  facet normal -0.965926 -0.258819 0
    outer loop
      vertex -0.0248907 -0.0210396 0.015
      vertex -0.0247553 -0.0215451 4.78397e-18
      vertex -0.0247553 -0.0215451 0.015
    endloop
  endfacet
  facet normal -0.933581 -0.358367 0
    outer loop
      vertex -0.0247553 -0.0215451 4.78397e-18
      vertex -0.0245677 -0.0220337 4.89246e-18
      vertex -0.0247553 -0.0215451 0.015
    endloop
  endfacet
  facet normal -0.933581 -0.358367 0
    outer loop
      vertex -0.0247553 -0.0215451 0.015
      vertex -0.0245677 -0.0220337 4.89246e-18
      vertex -0.0245677 -0.0220337 0.015
    endloop
  endfacet
  facet normal -0.891006 -0.453991 0
    outer loop
      vertex -0.0245677 -0.0220337 4.89246e-18
      vertex -0.0243301 -0.0225 4.996e-18
      vertex -0.0245677 -0.0220337 0.015
    endloop
  endfacet
  facet normal -0.891006 -0.453991 0
    outer loop
      vertex -0.0245677 -0.0220337 0.015
      vertex -0.0243301 -0.0225 4.996e-18
      vertex -0.0243301 -0.0225 0.015
    endloop
  endfacet
  facet normal -0.838671 -0.544638 0
    outer loop
      vertex -0.0243301 -0.0225 4.996e-18
      vertex -0.0240451 -0.0229389 5.09346e-18
      vertex -0.0243301 -0.0225 0.015
    endloop
  endfacet
  facet normal -0.838671 -0.544638 0
    outer loop
      vertex -0.0243301 -0.0225 0.015
      vertex -0.0240451 -0.0229389 5.09346e-18
      vertex -0.0240451 -0.0229389 0.015
    endloop
  endfacet
  facet normal -0.777145 -0.629322 0
    outer loop
      vertex -0.0240451 -0.0229389 5.09346e-18
      vertex -0.0237157 -0.0233457 5.18378e-18
      vertex -0.0240451 -0.0229389 0.015
    endloop
  endfacet
  facet normal -0.777145 -0.629322 0
    outer loop
      vertex -0.0240451 -0.0229389 0.015
      vertex -0.0237157 -0.0233457 5.18378e-18
      vertex -0.0237157 -0.0233457 0.015
    endloop
  endfacet
  facet normal -0.707107 -0.707107 0
    outer loop
      vertex -0.0237157 -0.0233457 5.18378e-18
      vertex -0.0233457 -0.0237157 5.26595e-18
      vertex -0.0237157 -0.0233457 0.015
    endloop
  endfacet
  facet normal -0.707107 -0.707107 0
    outer loop
      vertex -0.0237157 -0.0233457 0.015
      vertex -0.0233457 -0.0237157 5.26595e-18
      vertex -0.0233457 -0.0237157 0.015
    endloop
  endfacet
  facet normal -0.629322 -0.777145 0
    outer loop
      vertex -0.0233457 -0.0237157 5.26595e-18
      vertex -0.0229389 -0.0240451 5.33908e-18
      vertex -0.0233457 -0.0237157 0.015
    endloop
  endfacet
  facet normal -0.629322 -0.777145 0
    outer loop
      vertex -0.0233457 -0.0237157 0.015
      vertex -0.0229389 -0.0240451 5.33908e-18
      vertex -0.0229389 -0.0240451 0.015
    endloop
  endfacet
  facet normal -0.544638 -0.838671 0
    outer loop
      vertex -0.0229389 -0.0240451 5.33908e-18
      vertex -0.0225 -0.0243301 5.40237e-18
      vertex -0.0229389 -0.0240451 0.015
    endloop
  endfacet
  facet normal -0.544638 -0.838671 0
    outer loop
      vertex -0.0229389 -0.0240451 0.015
      vertex -0.0225 -0.0243301 5.40237e-18
      vertex -0.0225 -0.0243301 0.015
    endloop
  endfacet
  facet normal -0.453991 -0.891006 0
    outer loop
      vertex -0.0225 -0.0243301 5.40237e-18
      vertex -0.0220337 -0.0245677 5.45513e-18
      vertex -0.0225 -0.0243301 0.015
    endloop
  endfacet
  facet normal -0.453991 -0.891006 0
    outer loop
      vertex -0.0225 -0.0243301 0.015
      vertex -0.0220337 -0.0245677 5.45513e-18
      vertex -0.0220337 -0.0245677 0.015
    endloop
  endfacet
  facet normal -0.358367 -0.933581 0
    outer loop
      vertex -0.0220337 -0.0245677 5.45513e-18
      vertex -0.0215451 -0.0247553 5.49678e-18
      vertex -0.0220337 -0.0245677 0.015
    endloop
  endfacet
  facet normal -0.358367 -0.933581 0
    outer loop
      vertex -0.0220337 -0.0245677 0.015
      vertex -0.0215451 -0.0247553 5.49678e-18
      vertex -0.0215451 -0.0247553 0.015
    endloop
  endfacet
  facet normal -0.258819 -0.965926 0
    outer loop
      vertex -0.0215451 -0.0247553 5.49678e-18
      vertex -0.0210396 -0.0248907 5.52685e-18
      vertex -0.0215451 -0.0247553 0.015
    endloop
  endfacet
  facet normal -0.258819 -0.965926 0
    outer loop
      vertex -0.0215451 -0.0247553 0.015
      vertex -0.0210396 -0.0248907 5.52685e-18
      vertex -0.0210396 -0.0248907 0.015
    endloop
  endfacet
  facet normal -0.156437 -0.987688 0
    outer loop
      vertex -0.0210396 -0.0248907 5.52685e-18
      vertex -0.0205226 -0.0249726 5.54503e-18
      vertex -0.0210396 -0.0248907 0.015
    endloop
  endfacet
  facet normal -0.156437 -0.987688 0
    outer loop
      vertex -0.0210396 -0.0248907 0.015
      vertex -0.0205226 -0.0249726 5.54503e-18
      vertex -0.0205226 -0.0249726 0.015
    endloop
  endfacet
  facet normal -0.0523352 -0.99863 0
    outer loop
      vertex -0.0205226 -0.0249726 5.54503e-18
      vertex -0.02 -0.025 5.55112e-18
      vertex -0.0205226 -0.0249726 0.015
    endloop
  endfacet
  facet normal -0.0523352 -0.99863 0
    outer loop
      vertex -0.0205226 -0.0249726 0.015
      vertex -0.02 -0.025 5.55112e-18
      vertex -0.02 -0.025 0.015
    endloop
  endfacet
  facet normal -1 -1.73472e-15 2.77556e-17
    outer loop
      vertex -0.01 0.003 0.015
      vertex -0.01 -0.003 0.015
      vertex -0.01 0.003 0.14
    endloop
  endfacet
  facet normal -1 -1.73472e-15 2.77556e-17
    outer loop
      vertex -0.01 -0.003 0.015
      vertex -0.01 -0.003 0.14
      vertex -0.01 0.003 0.14
    endloop
  endfacet
  facet normal 0.998533 -0.0541384 -2.88697e-17
    outer loop
      vertex -0.0016 0.02 0.015
      vertex -0.0016 0.02 -4.44089e-18
      vertex -0.00159062 0.020173 0.015
    endloop
  endfacet
  facet normal 0.998533 -0.0541384 -2.88069e-17
    outer loop
      vertex -0.0016 0.02 -4.44089e-18
      vertex -0.00159062 0.020173 -4.4793e-18
      vertex -0.00159062 0.020173 0.015
    endloop
  endfacet
  facet normal 0.986826 -0.161783 -2.85312e-17
    outer loop
      vertex -0.00159062 0.020173 0.015
      vertex -0.00159062 0.020173 -4.4793e-18
      vertex -0.00156259 0.020344 0.015
    endloop
  endfacet
  facet normal 0.986826 -0.161783 -2.83298e-17
    outer loop
      vertex -0.00159062 0.020173 -4.4793e-18
      vertex -0.00156259 0.020344 -4.51726e-18
      vertex -0.00156259 0.020344 0.015
    endloop
  endfacet
  facet normal 0.96355 -0.267528 -2.78582e-17
    outer loop
      vertex -0.00156259 0.020344 0.015
      vertex -0.00156259 0.020344 -4.51726e-18
      vertex -0.00151625 0.0205109 0.015
    endloop
  endfacet
  facet normal 0.96355 -0.267528 -2.80112e-17
    outer loop
      vertex -0.00156259 0.020344 -4.51726e-18
      vertex -0.00151625 0.0205109 -4.55433e-18
      vertex -0.00151625 0.0205109 0.015
    endloop
  endfacet
  facet normal 0.928977 -0.370138 -2.68586e-17
    outer loop
      vertex -0.00151625 0.0205109 0.015
      vertex -0.00151625 0.0205109 -4.55433e-18
      vertex -0.00145212 0.0206718 0.015
    endloop
  endfacet
  facet normal 0.928977 -0.370138 -2.73746e-17
    outer loop
      vertex -0.00151625 0.0205109 -4.55433e-18
      vertex -0.00145212 0.0206718 -4.59007e-18
      vertex -0.00145212 0.0206718 0.015
    endloop
  endfacet
  facet normal 0.883513 -0.468406 -2.55442e-17
    outer loop
      vertex -0.00145212 0.0206718 0.015
      vertex -0.00145212 0.0206718 -4.59007e-18
      vertex -0.00137097 0.0208249 0.015
    endloop
  endfacet
  facet normal 0.883513 -0.468406 -2.54646e-17
    outer loop
      vertex -0.00145212 0.0206718 -4.59007e-18
      vertex -0.00137097 0.0208249 -4.62405e-18
      vertex -0.00137097 0.0208249 0.015
    endloop
  endfacet
  facet normal 0.827688 -0.561188 -2.39302e-17
    outer loop
      vertex -0.00137097 0.0208249 0.015
      vertex -0.00137097 0.0208249 -4.62405e-18
      vertex -0.00127375 0.0209683 0.015
    endloop
  endfacet
  facet normal 0.827688 -0.561188 -2.41916e-17
    outer loop
      vertex -0.00137097 0.0208249 -4.62405e-18
      vertex -0.00127375 0.0209683 -4.65589e-18
      vertex -0.00127375 0.0209683 0.015
    endloop
  endfacet
  facet normal 0.762164 -0.647385 -2.20357e-17
    outer loop
      vertex -0.00127375 0.0209683 0.015
      vertex -0.00127375 0.0209683 -4.65589e-18
      vertex -0.00116159 0.0211003 0.015
    endloop
  endfacet
  facet normal 0.762164 -0.647385 -2.1645e-17
    outer loop
      vertex -0.00127375 0.0209683 -4.65589e-18
      vertex -0.00116159 0.0211003 -4.68521e-18
      vertex -0.00116159 0.0211003 0.015
    endloop
  endfacet
  facet normal 0.687694 -0.726 -1.98827e-17
    outer loop
      vertex -0.00116159 0.0211003 0.015
      vertex -0.00116159 0.0211003 -4.68521e-18
      vertex -0.00103582 0.0212195 0.015
    endloop
  endfacet
  facet normal 0.687694 -0.726 -1.90987e-17
    outer loop
      vertex -0.00116159 0.0211003 -4.68521e-18
      vertex -0.00103582 0.0212195 -4.71167e-18
      vertex -0.00103582 0.0212195 0.015
    endloop
  endfacet
  facet normal 0.60518 -0.796089 -1.7497e-17
    outer loop
      vertex -0.00103582 0.0212195 0.015
      vertex -0.00103582 0.0212195 -4.71167e-18
      vertex -0.000897899 0.0213243 0.015
    endloop
  endfacet
  facet normal 0.60518 -0.796089 -1.78252e-17
    outer loop
      vertex -0.00103582 0.0212195 -4.71167e-18
      vertex -0.000897899 0.0213243 -4.73495e-18
      vertex -0.000897899 0.0213243 0.015
    endloop
  endfacet
  facet normal 0.515549 -0.85686 -1.49056e-17
    outer loop
      vertex -0.000897899 0.0213243 0.015
      vertex -0.000897899 0.0213243 -4.73495e-18
      vertex -0.000749453 0.0214136 0.015
    endloop
  endfacet
  facet normal 0.515549 -0.85686 -1.46423e-17
    outer loop
      vertex -0.000897899 0.0213243 -4.73495e-18
      vertex -0.000749453 0.0214136 -4.75478e-18
      vertex -0.000749453 0.0214136 0.015
    endloop
  endfacet
  facet normal 0.41989 -0.907575 -1.21399e-17
    outer loop
      vertex -0.000749453 0.0214136 0.015
      vertex -0.000749453 0.0214136 -4.75478e-18
      vertex -0.000592221 0.0214864 0.015
    endloop
  endfacet
  facet normal 0.41989 -0.907575 -1.20958e-17
    outer loop
      vertex -0.000749453 0.0214136 -4.75478e-18
      vertex -0.000592221 0.0214864 -4.77093e-18
      vertex -0.000592221 0.0214864 0.015
    endloop
  endfacet
  facet normal 0.319299 -0.947654 -9.2316e-18
    outer loop
      vertex -0.000592221 0.0214864 0.015
      vertex -0.000592221 0.0214864 -4.77093e-18
      vertex -0.000428045 0.0215417 0.015
    endloop
  endfacet
  facet normal 0.319299 -0.947654 -8.91267e-18
    outer loop
      vertex -0.000592221 0.0214864 -4.77093e-18
      vertex -0.000428045 0.0215417 -4.78321e-18
      vertex -0.000428045 0.0215417 0.015
    endloop
  endfacet
  facet normal 0.214977 -0.976619 -6.21542e-18
    outer loop
      vertex -0.000428045 0.0215417 0.015
      vertex -0.000428045 0.0215417 -4.78321e-18
      vertex -0.000258851 0.0215789 0.015
    endloop
  endfacet
  facet normal 0.214977 -0.976619 -6.04787e-18
    outer loop
      vertex -0.000428045 0.0215417 -4.78321e-18
      vertex -0.000258851 0.0215789 -4.79148e-18
      vertex -0.000258851 0.0215789 0.015
    endloop
  endfacet
  facet normal 0.108118 -0.994138 -3.1259e-18
    outer loop
      vertex -0.000258851 0.0215789 0.015
      vertex -0.000258851 0.0215789 -4.79148e-18
      vertex -8.66223e-5 0.0215977 0.015
    endloop
  endfacet
  facet normal 0.108118 -0.994138 -3.02394e-18
    outer loop
      vertex -0.000258851 0.0215789 -4.79148e-18
      vertex -8.66223e-5 0.0215977 -4.79564e-18
      vertex -8.66223e-5 0.0215977 0.015
    endloop
  endfacet
  facet normal 0 -1 0
    outer loop
      vertex -8.66223e-5 0.0215977 0.015
      vertex -8.66223e-5 0.0215977 -4.79564e-18
      vertex 8.66223e-5 0.0215977 0.015
    endloop
  endfacet
  facet normal 0 -1 0
    outer loop
      vertex -8.66223e-5 0.0215977 -4.79564e-18
      vertex 8.66223e-5 0.0215977 -4.79564e-18
      vertex 8.66223e-5 0.0215977 0.015
    endloop
  endfacet
  facet normal -0.108118 -0.994138 3.02822e-18
    outer loop
      vertex 8.66223e-5 0.0215977 0.015
      vertex 8.66223e-5 0.0215977 -4.79564e-18
      vertex 0.000258851 0.0215789 0.015
    endloop
  endfacet
  facet normal -0.108118 -0.994138 3.1831e-18
    outer loop
      vertex 8.66223e-5 0.0215977 -4.79564e-18
      vertex 0.000258851 0.0215789 -4.79148e-18
      vertex 0.000258851 0.0215789 0.015
    endloop
  endfacet
  facet normal -0.214977 -0.976619 6.21542e-18
    outer loop
      vertex 0.000258851 0.0215789 0.015
      vertex 0.000258851 0.0215789 -4.79148e-18
      vertex 0.000428045 0.0215417 0.015
    endloop
  endfacet
  facet normal -0.214977 -0.976619 6.04787e-18
    outer loop
      vertex 0.000258851 0.0215789 -4.79148e-18
      vertex 0.000428045 0.0215417 -4.78321e-18
      vertex 0.000428045 0.0215417 0.015
    endloop
  endfacet
  facet normal -0.319299 -0.947654 9.2316e-18
    outer loop
      vertex 0.000428045 0.0215417 0.015
      vertex 0.000428045 0.0215417 -4.78321e-18
      vertex 0.000592221 0.0214864 0.015
    endloop
  endfacet
  facet normal -0.319299 -0.947654 9.54929e-18
    outer loop
      vertex 0.000428045 0.0215417 -4.78321e-18
      vertex 0.000592221 0.0214864 -4.77093e-18
      vertex 0.000592221 0.0214864 0.015
    endloop
  endfacet
  facet normal -0.41989 -0.907575 1.21399e-17
    outer loop
      vertex 0.000592221 0.0214864 0.015
      vertex 0.000592221 0.0214864 -4.77093e-18
      vertex 0.000749453 0.0214136 0.015
    endloop
  endfacet
  facet normal -0.41989 -0.907575 1.20958e-17
    outer loop
      vertex 0.000592221 0.0214864 -4.77093e-18
      vertex 0.000749453 0.0214136 -4.75478e-18
      vertex 0.000749453 0.0214136 0.015
    endloop
  endfacet
  facet normal -0.515549 -0.85686 1.49056e-17
    outer loop
      vertex 0.000749453 0.0214136 0.015
      vertex 0.000749453 0.0214136 -4.75478e-18
      vertex 0.000897899 0.0213243 0.015
    endloop
  endfacet
  facet normal -0.515549 -0.85686 1.46423e-17
    outer loop
      vertex 0.000749453 0.0214136 -4.75478e-18
      vertex 0.000897899 0.0213243 -4.73495e-18
      vertex 0.000897899 0.0213243 0.015
    endloop
  endfacet
  facet normal -0.60518 -0.796089 1.7497e-17
    outer loop
      vertex 0.000897899 0.0213243 0.015
      vertex 0.000897899 0.0213243 -4.73495e-18
      vertex 0.00103582 0.0212195 0.015
    endloop
  endfacet
  facet normal -0.60518 -0.796089 1.71886e-17
    outer loop
      vertex 0.000897899 0.0213243 -4.73495e-18
      vertex 0.00103582 0.0212195 -4.71167e-18
      vertex 0.00103582 0.0212195 0.015
    endloop
  endfacet
  facet normal -0.687694 -0.726 1.98827e-17
    outer loop
      vertex 0.00103582 0.0212195 0.015
      vertex 0.00103582 0.0212195 -4.71167e-18
      vertex 0.00116159 0.0211003 0.015
    endloop
  endfacet
  facet normal -0.687694 -0.726 2.03719e-17
    outer loop
      vertex 0.00103582 0.0212195 -4.71167e-18
      vertex 0.00116159 0.0211003 -4.68521e-18
      vertex 0.00116159 0.0211003 0.015
    endloop
  endfacet
  facet normal -0.762164 -0.647385 2.20357e-17
    outer loop
      vertex 0.00116159 0.0211003 0.015
      vertex 0.00116159 0.0211003 -4.68521e-18
      vertex 0.00127375 0.0209683 0.015
    endloop
  endfacet
  facet normal -0.762164 -0.647385 2.22816e-17
    outer loop
      vertex 0.00116159 0.0211003 -4.68521e-18
      vertex 0.00127375 0.0209683 -4.65589e-18
      vertex 0.00127375 0.0209683 0.015
    endloop
  endfacet
  facet normal -0.827688 -0.561188 2.39302e-17
    outer loop
      vertex 0.00127375 0.0209683 0.015
      vertex 0.00127375 0.0209683 -4.65589e-18
      vertex 0.00137097 0.0208249 0.015
    endloop
  endfacet
  facet normal -0.827688 -0.561188 2.41916e-17
    outer loop
      vertex 0.00127375 0.0209683 -4.65589e-18
      vertex 0.00137097 0.0208249 -4.62405e-18
      vertex 0.00137097 0.0208249 0.015
    endloop
  endfacet
  facet normal -0.883513 -0.468406 2.55442e-17
    outer loop
      vertex 0.00137097 0.0208249 0.015
      vertex 0.00137097 0.0208249 -4.62405e-18
      vertex 0.00145212 0.0206718 0.015
    endloop
  endfacet
  facet normal -0.883513 -0.468406 2.54646e-17
    outer loop
      vertex 0.00137097 0.0208249 -4.62405e-18
      vertex 0.00145212 0.0206718 -4.59007e-18
      vertex 0.00145212 0.0206718 0.015
    endloop
  endfacet
  facet normal -0.928977 -0.370138 2.68586e-17
    outer loop
      vertex 0.00145212 0.0206718 0.015
      vertex 0.00145212 0.0206718 -4.59007e-18
      vertex 0.00151625 0.0205109 0.015
    endloop
  endfacet
  facet normal -0.928977 -0.370138 2.6738e-17
    outer loop
      vertex 0.00145212 0.0206718 -4.59007e-18
      vertex 0.00151625 0.0205109 -4.55433e-18
      vertex 0.00151625 0.0205109 0.015
    endloop
  endfacet
  facet normal -0.96355 -0.267528 2.78582e-17
    outer loop
      vertex 0.00151625 0.0205109 0.015
      vertex 0.00151625 0.0205109 -4.55433e-18
      vertex 0.00156259 0.020344 0.015
    endloop
  endfacet
  facet normal -0.96355 -0.267528 2.80112e-17
    outer loop
      vertex 0.00151625 0.0205109 -4.55433e-18
      vertex 0.00156259 0.020344 -4.51726e-18
      vertex 0.00156259 0.020344 0.015
    endloop
  endfacet
  facet normal -0.986826 -0.161783 2.85312e-17
    outer loop
      vertex 0.00156259 0.020344 0.015
      vertex 0.00156259 0.020344 -4.51726e-18
      vertex 0.00159062 0.020173 0.015
    endloop
  endfacet
  facet normal -0.986826 -0.161783 2.86481e-17
    outer loop
      vertex 0.00156259 0.020344 -4.51726e-18
      vertex 0.00159062 0.020173 -4.4793e-18
      vertex 0.00159062 0.020173 0.015
    endloop
  endfacet
  facet normal -0.998533 -0.0541384 2.88697e-17
    outer loop
      vertex 0.00159062 0.020173 0.015
      vertex 0.00159062 0.020173 -4.4793e-18
      vertex 0.0016 0.02 0.015
    endloop
  endfacet
  facet normal -0.998533 -0.0541384 2.88864e-17
    outer loop
      vertex 0.00159062 0.020173 -4.4793e-18
      vertex 0.0016 0.02 -4.44089e-18
      vertex 0.0016 0.02 0.015
    endloop
  endfacet
  facet normal -0.998533 0.054139 2.88697e-17
    outer loop
      vertex 0.0016 0.02 0.015
      vertex 0.0016 0.02 -4.44089e-18
      vertex 0.00159062 0.019827 0.015
    endloop
  endfacet
  facet normal -0.998533 0.054139 2.88868e-17
    outer loop
      vertex 0.0016 0.02 -4.44089e-18
      vertex 0.00159062 0.019827 -4.40248e-18
      vertex 0.00159062 0.019827 0.015
    endloop
  endfacet
  facet normal -0.986827 0.161781 2.85312e-17
    outer loop
      vertex 0.00159062 0.019827 0.015
      vertex 0.00159062 0.019827 -4.40248e-18
      vertex 0.00156259 0.019656 0.015
    endloop
  endfacet
  facet normal -0.986827 0.161781 2.86478e-17
    outer loop
      vertex 0.00159062 0.019827 -4.40248e-18
      vertex 0.00156259 0.019656 -4.36452e-18
      vertex 0.00156259 0.019656 0.015
    endloop
  endfacet
  facet normal -0.96355 0.267528 2.78582e-17
    outer loop
      vertex 0.00156259 0.019656 0.015
      vertex 0.00156259 0.019656 -4.36452e-18
      vertex 0.00151625 0.0194891 0.015
    endloop
  endfacet
  facet normal -0.96355 0.267528 2.73745e-17
    outer loop
      vertex 0.00156259 0.019656 -4.36452e-18
      vertex 0.00151625 0.0194891 -4.32745e-18
      vertex 0.00151625 0.0194891 0.015
    endloop
  endfacet
  facet normal -0.928977 0.370138 2.68586e-17
    outer loop
      vertex 0.00151625 0.0194891 0.015
      vertex 0.00151625 0.0194891 -4.32745e-18
      vertex 0.00145212 0.0193282 0.015
    endloop
  endfacet
  facet normal -0.928977 0.370138 2.6738e-17
    outer loop
      vertex 0.00151625 0.0194891 -4.32745e-18
      vertex 0.00145212 0.0193282 -4.29172e-18
      vertex 0.00145212 0.0193282 0.015
    endloop
  endfacet
  facet normal -0.883511 0.468411 2.55441e-17
    outer loop
      vertex 0.00145212 0.0193282 0.015
      vertex 0.00145212 0.0193282 -4.29172e-18
      vertex 0.00137097 0.0191751 0.015
    endloop
  endfacet
  facet normal -0.883511 0.468411 2.54649e-17
    outer loop
      vertex 0.00145212 0.0193282 -4.29172e-18
      vertex 0.00137097 0.0191751 -4.25773e-18
      vertex 0.00137097 0.0191751 0.015
    endloop
  endfacet
  facet normal -0.827688 0.561188 2.39302e-17
    outer loop
      vertex 0.00137097 0.0191751 0.015
      vertex 0.00137097 0.0191751 -4.25773e-18
      vertex 0.00127375 0.0190317 0.015
    endloop
  endfacet
  facet normal -0.827688 0.561188 2.3555e-17
    outer loop
      vertex 0.00137097 0.0191751 -4.25773e-18
      vertex 0.00127375 0.0190317 -4.22589e-18
      vertex 0.00127375 0.0190317 0.015
    endloop
  endfacet
  facet normal -0.762164 0.647385 2.20357e-17
    outer loop
      vertex 0.00127375 0.0190317 0.015
      vertex 0.00127375 0.0190317 -4.22589e-18
      vertex 0.00116159 0.0188997 0.015
    endloop
  endfacet
  facet normal -0.762164 0.647385 2.22816e-17
    outer loop
      vertex 0.00127375 0.0190317 -4.22589e-18
      vertex 0.00116159 0.0188997 -4.19657e-18
      vertex 0.00116159 0.0188997 0.015
    endloop
  endfacet
  facet normal -0.6877 0.725995 1.98828e-17
    outer loop
      vertex 0.00116159 0.0188997 0.015
      vertex 0.00116159 0.0188997 -4.19657e-18
      vertex 0.00103582 0.0187805 0.015
    endloop
  endfacet
  facet normal -0.6877 0.725995 2.03718e-17
    outer loop
      vertex 0.00116159 0.0188997 -4.19657e-18
      vertex 0.00103582 0.0187805 -4.17012e-18
      vertex 0.00103582 0.0187805 0.015
    endloop
  endfacet
  facet normal -0.605173 0.796094 1.74968e-17
    outer loop
      vertex 0.00103582 0.0187805 0.015
      vertex 0.00103582 0.0187805 -4.17012e-18
      vertex 0.000897899 0.0186757 0.015
    endloop
  endfacet
  facet normal -0.605173 0.796094 1.71887e-17
    outer loop
      vertex 0.00103582 0.0187805 -4.17012e-18
      vertex 0.000897899 0.0186757 -4.14684e-18
      vertex 0.000897899 0.0186757 0.015
    endloop
  endfacet
  facet normal -0.515557 0.856855 1.49058e-17
    outer loop
      vertex 0.000897899 0.0186757 0.015
      vertex 0.000897899 0.0186757 -4.14684e-18
      vertex 0.000749453 0.0185864 0.015
    endloop
  endfacet
  facet normal -0.515557 0.856855 1.52788e-17
    outer loop
      vertex 0.000897899 0.0186757 -4.14684e-18
      vertex 0.000749453 0.0185864 -4.12701e-18
      vertex 0.000749453 0.0185864 0.015
    endloop
  endfacet
  facet normal -0.41989 0.907575 1.21399e-17
    outer loop
      vertex 0.000749453 0.0185864 0.015
      vertex 0.000749453 0.0185864 -4.12701e-18
      vertex 0.000592221 0.0185136 0.015
    endloop
  endfacet
  facet normal -0.41989 0.907575 1.20958e-17
    outer loop
      vertex 0.000749453 0.0185864 -4.12701e-18
      vertex 0.000592221 0.0185136 -4.11085e-18
      vertex 0.000592221 0.0185136 0.015
    endloop
  endfacet
  facet normal -0.319299 0.947654 9.2316e-18
    outer loop
      vertex 0.000592221 0.0185136 0.015
      vertex 0.000592221 0.0185136 -4.11085e-18
      vertex 0.000428045 0.0184583 0.015
    endloop
  endfacet
  facet normal -0.319299 0.947654 9.54929e-18
    outer loop
      vertex 0.000592221 0.0185136 -4.11085e-18
      vertex 0.000428045 0.0184583 -4.09857e-18
      vertex 0.000428045 0.0184583 0.015
    endloop
  endfacet
  facet normal -0.214966 0.976621 6.21512e-18
    outer loop
      vertex 0.000428045 0.0184583 0.015
      vertex 0.000428045 0.0184583 -4.09857e-18
      vertex 0.000258851 0.0184211 0.015
    endloop
  endfacet
  facet normal -0.214966 0.976621 6.04789e-18
    outer loop
      vertex 0.000428045 0.0184583 -4.09857e-18
      vertex 0.000258851 0.0184211 -4.0903e-18
      vertex 0.000258851 0.0184211 0.015
    endloop
  endfacet
  facet normal -0.108118 0.994138 3.1259e-18
    outer loop
      vertex 0.000258851 0.0184211 0.015
      vertex 0.000258851 0.0184211 -4.0903e-18
      vertex 8.66223e-5 0.0184023 0.015
    endloop
  endfacet
  facet normal -0.108118 0.994138 3.1831e-18
    outer loop
      vertex 0.000258851 0.0184211 -4.0903e-18
      vertex 8.66223e-5 0.0184023 -4.08614e-18
      vertex 8.66223e-5 0.0184023 0.015
    endloop
  endfacet
  facet normal 0 1 0
    outer loop
      vertex 8.66223e-5 0.0184023 0.015
      vertex 8.66223e-5 0.0184023 -4.08614e-18
      vertex -8.66223e-5 0.0184023 0.015
    endloop
  endfacet
  facet normal 0 1 0
    outer loop
      vertex 8.66223e-5 0.0184023 -4.08614e-18
      vertex -8.66223e-5 0.0184023 -4.08614e-18
      vertex -8.66223e-5 0.0184023 0.015
    endloop
  endfacet
  facet normal 0.108118 0.994138 -3.02822e-18
    outer loop
      vertex -8.66223e-5 0.0184023 0.015
      vertex -8.66223e-5 0.0184023 -4.08614e-18
      vertex -0.000258851 0.0184211 0.015
    endloop
  endfacet
  facet normal 0.108118 0.994138 -3.1831e-18
    outer loop
      vertex -8.66223e-5 0.0184023 -4.08614e-18
      vertex -0.000258851 0.0184211 -4.0903e-18
      vertex -0.000258851 0.0184211 0.015
    endloop
  endfacet
  facet normal 0.214966 0.976621 -6.21512e-18
    outer loop
      vertex -0.000258851 0.0184211 0.015
      vertex -0.000258851 0.0184211 -4.0903e-18
      vertex -0.000428045 0.0184583 0.015
    endloop
  endfacet
  facet normal 0.214966 0.976621 -6.04789e-18
    outer loop
      vertex -0.000258851 0.0184211 -4.0903e-18
      vertex -0.000428045 0.0184583 -4.09857e-18
      vertex -0.000428045 0.0184583 0.015
    endloop
  endfacet
  facet normal 0.319299 0.947654 -9.2316e-18
    outer loop
      vertex -0.000428045 0.0184583 0.015
      vertex -0.000428045 0.0184583 -4.09857e-18
      vertex -0.000592221 0.0185136 0.015
    endloop
  endfacet
  facet normal 0.319299 0.947654 -8.91267e-18
    outer loop
      vertex -0.000428045 0.0184583 -4.09857e-18
      vertex -0.000592221 0.0185136 -4.11085e-18
      vertex -0.000592221 0.0185136 0.015
    endloop
  endfacet
  facet normal 0.41989 0.907575 -1.21399e-17
    outer loop
      vertex -0.000592221 0.0185136 0.015
      vertex -0.000592221 0.0185136 -4.11085e-18
      vertex -0.000749453 0.0185864 0.015
    endloop
  endfacet
  facet normal 0.41989 0.907575 -1.20958e-17
    outer loop
      vertex -0.000592221 0.0185136 -4.11085e-18
      vertex -0.000749453 0.0185864 -4.12701e-18
      vertex -0.000749453 0.0185864 0.015
    endloop
  endfacet
  facet normal 0.515557 0.856855 -1.49058e-17
    outer loop
      vertex -0.000749453 0.0185864 0.015
      vertex -0.000749453 0.0185864 -4.12701e-18
      vertex -0.000897899 0.0186757 0.015
    endloop
  endfacet
  facet normal 0.515557 0.856855 -1.46422e-17
    outer loop
      vertex -0.000749453 0.0185864 -4.12701e-18
      vertex -0.000897899 0.0186757 -4.14684e-18
      vertex -0.000897899 0.0186757 0.015
    endloop
  endfacet
  facet normal 0.605173 0.796094 -1.74968e-17
    outer loop
      vertex -0.000897899 0.0186757 0.015
      vertex -0.000897899 0.0186757 -4.14684e-18
      vertex -0.00103582 0.0187805 0.015
    endloop
  endfacet
  facet normal 0.605173 0.796094 -1.78254e-17
    outer loop
      vertex -0.000897899 0.0186757 -4.14684e-18
      vertex -0.00103582 0.0187805 -4.17012e-18
      vertex -0.00103582 0.0187805 0.015
    endloop
  endfacet
  facet normal 0.6877 0.725995 -1.98828e-17
    outer loop
      vertex -0.00103582 0.0187805 0.015
      vertex -0.00103582 0.0187805 -4.17012e-18
      vertex -0.00116159 0.0188997 0.015
    endloop
  endfacet
  facet normal 0.6877 0.725995 -1.90986e-17
    outer loop
      vertex -0.00103582 0.0187805 -4.17012e-18
      vertex -0.00116159 0.0188997 -4.19657e-18
      vertex -0.00116159 0.0188997 0.015
    endloop
  endfacet
  facet normal 0.762164 0.647385 -2.20357e-17
    outer loop
      vertex -0.00116159 0.0188997 0.015
      vertex -0.00116159 0.0188997 -4.19657e-18
      vertex -0.00127375 0.0190317 0.015
    endloop
  endfacet
  facet normal 0.762164 0.647385 -2.1645e-17
    outer loop
      vertex -0.00116159 0.0188997 -4.19657e-18
      vertex -0.00127375 0.0190317 -4.22589e-18
      vertex -0.00127375 0.0190317 0.015
    endloop
  endfacet
  facet normal 0.827688 0.561188 -2.39302e-17
    outer loop
      vertex -0.00127375 0.0190317 0.015
      vertex -0.00127375 0.0190317 -4.22589e-18
      vertex -0.00137097 0.0191751 0.015
    endloop
  endfacet
  facet normal 0.827688 0.561188 -2.41916e-17
    outer loop
      vertex -0.00127375 0.0190317 -4.22589e-18
      vertex -0.00137097 0.0191751 -4.25773e-18
      vertex -0.00137097 0.0191751 0.015
    endloop
  endfacet
  facet normal 0.883511 0.468411 -2.55441e-17
    outer loop
      vertex -0.00137097 0.0191751 0.015
      vertex -0.00137097 0.0191751 -4.25773e-18
      vertex -0.00145212 0.0193282 0.015
    endloop
  endfacet
  facet normal 0.883511 0.468411 -2.54649e-17
    outer loop
      vertex -0.00137097 0.0191751 -4.25773e-18
      vertex -0.00145212 0.0193282 -4.29172e-18
      vertex -0.00145212 0.0193282 0.015
    endloop
  endfacet
  facet normal 0.928977 0.370138 -2.68586e-17
    outer loop
      vertex -0.00145212 0.0193282 0.015
      vertex -0.00145212 0.0193282 -4.29172e-18
      vertex -0.00151625 0.0194891 0.015
    endloop
  endfacet
  facet normal 0.928977 0.370138 -2.6738e-17
    outer loop
      vertex -0.00145212 0.0193282 -4.29172e-18
      vertex -0.00151625 0.0194891 -4.32745e-18
      vertex -0.00151625 0.0194891 0.015
    endloop
  endfacet
  facet normal 0.96355 0.267528 -2.78582e-17
    outer loop
      vertex -0.00151625 0.0194891 0.015
      vertex -0.00151625 0.0194891 -4.32745e-18
      vertex -0.00156259 0.019656 0.015
    endloop
  endfacet
  facet normal 0.96355 0.267528 -2.80112e-17
    outer loop
      vertex -0.00151625 0.0194891 -4.32745e-18
      vertex -0.00156259 0.019656 -4.36452e-18
      vertex -0.00156259 0.019656 0.015
    endloop
  endfacet
  facet normal 0.986827 0.161781 -2.85312e-17
    outer loop
      vertex -0.00156259 0.019656 0.015
      vertex -0.00156259 0.019656 -4.36452e-18
      vertex -0.00159062 0.019827 0.015
    endloop
  endfacet
  facet normal 0.986827 0.161781 -2.83294e-17
    outer loop
      vertex -0.00156259 0.019656 -4.36452e-18
      vertex -0.00159062 0.019827 -4.40248e-18
      vertex -0.00159062 0.019827 0.015
    endloop
  endfacet
  facet normal 0.998533 0.054139 -2.88697e-17
    outer loop
      vertex -0.00159062 0.019827 0.015
      vertex -0.00159062 0.019827 -4.40248e-18
      vertex -0.0016 0.02 0.015
    endloop
  endfacet
  facet normal 0.998533 0.054139 -2.88868e-17
    outer loop
      vertex -0.00159062 0.019827 -4.40248e-18
      vertex -0.0016 0.02 -4.44089e-18
      vertex -0.0016 0.02 0.015
    endloop
  endfacet
  facet normal 0.99863 -0.0523352 0
    outer loop
      vertex 0.025 -0.02 4.44089e-18
      vertex 0.025 -0.02 0.015
      vertex 0.0249726 -0.0205226 0.015
    endloop
  endfacet
  facet normal 0.99863 -0.0523352 0
    outer loop
      vertex 0.025 -0.02 4.44089e-18
      vertex 0.0249726 -0.0205226 0.015
      vertex 0.0249726 -0.0205226 4.55694e-18
    endloop
  endfacet
  facet normal 0.987688 -0.156437 0
    outer loop
      vertex 0.0249726 -0.0205226 0.015
      vertex 0.0248907 -0.0210396 0.015
      vertex 0.0249726 -0.0205226 4.55694e-18
    endloop
  endfacet
  facet normal 0.987688 -0.156437 0
    outer loop
      vertex 0.0249726 -0.0205226 4.55694e-18
      vertex 0.0248907 -0.0210396 0.015
      vertex 0.0248907 -0.0210396 4.67172e-18
    endloop
  endfacet
  facet normal 0.965926 -0.258819 0
    outer loop
      vertex 0.0248907 -0.0210396 0.015
      vertex 0.0247553 -0.0215451 0.015
      vertex 0.0248907 -0.0210396 4.67172e-18
    endloop
  endfacet
  facet normal 0.965926 -0.258819 0
    outer loop
      vertex 0.0248907 -0.0210396 4.67172e-18
      vertex 0.0247553 -0.0215451 0.015
      vertex 0.0247553 -0.0215451 4.78397e-18
    endloop
  endfacet
  facet normal 0.933581 -0.358367 0
    outer loop
      vertex 0.0247553 -0.0215451 0.015
      vertex 0.0245677 -0.0220337 0.015
      vertex 0.0247553 -0.0215451 4.78397e-18
    endloop
  endfacet
  facet normal 0.933581 -0.358367 0
    outer loop
      vertex 0.0247553 -0.0215451 4.78397e-18
      vertex 0.0245677 -0.0220337 0.015
      vertex 0.0245677 -0.0220337 4.89246e-18
    endloop
  endfacet
  facet normal 0.891006 -0.453991 0
    outer loop
      vertex 0.0245677 -0.0220337 0.015
      vertex 0.0243301 -0.0225 0.015
      vertex 0.0245677 -0.0220337 4.89246e-18
    endloop
  endfacet
  facet normal 0.891006 -0.453991 0
    outer loop
      vertex 0.0245677 -0.0220337 4.89246e-18
      vertex 0.0243301 -0.0225 0.015
      vertex 0.0243301 -0.0225 4.996e-18
    endloop
  endfacet
  facet normal 0.838671 -0.544638 0
    outer loop
      vertex 0.0243301 -0.0225 0.015
      vertex 0.0240451 -0.0229389 0.015
      vertex 0.0243301 -0.0225 4.996e-18
    endloop
  endfacet
  facet normal 0.838671 -0.544638 0
    outer loop
      vertex 0.0243301 -0.0225 4.996e-18
      vertex 0.0240451 -0.0229389 0.015
      vertex 0.0240451 -0.0229389 5.09346e-18
    endloop
  endfacet
  facet normal 0.777145 -0.629322 0
    outer loop
      vertex 0.0240451 -0.0229389 0.015
      vertex 0.0237157 -0.0233457 0.015
      vertex 0.0240451 -0.0229389 5.09346e-18
    endloop
  endfacet
  facet normal 0.777145 -0.629322 0
    outer loop
      vertex 0.0240451 -0.0229389 5.09346e-18
      vertex 0.0237157 -0.0233457 0.015
      vertex 0.0237157 -0.0233457 5.18378e-18
    endloop
  endfacet
  facet normal 0.707107 -0.707107 0
    outer loop
      vertex 0.0237157 -0.0233457 0.015
      vertex 0.0233457 -0.0237157 0.015
      vertex 0.0237157 -0.0233457 5.18378e-18
    endloop
  endfacet
  facet normal 0.707107 -0.707107 0
    outer loop
      vertex 0.0237157 -0.0233457 5.18378e-18
      vertex 0.0233457 -0.0237157 0.015
      vertex 0.0233457 -0.0237157 5.26595e-18
    endloop
  endfacet
  facet normal 0.629322 -0.777145 0
    outer loop
      vertex 0.0233457 -0.0237157 0.015
      vertex 0.0229389 -0.0240451 0.015
      vertex 0.0233457 -0.0237157 5.26595e-18
    endloop
  endfacet
  facet normal 0.629322 -0.777145 0
    outer loop
      vertex 0.0233457 -0.0237157 5.26595e-18
      vertex 0.0229389 -0.0240451 0.015
      vertex 0.0229389 -0.0240451 5.33908e-18
    endloop
  endfacet
  facet normal 0.544638 -0.838671 0
    outer loop
      vertex 0.0229389 -0.0240451 0.015
      vertex 0.0225 -0.0243301 0.015
      vertex 0.0229389 -0.0240451 5.33908e-18
    endloop
  endfacet
  facet normal 0.544638 -0.838671 0
    outer loop
      vertex 0.0229389 -0.0240451 5.33908e-18
      vertex 0.0225 -0.0243301 0.015
      vertex 0.0225 -0.0243301 5.40237e-18
    endloop
  endfacet
  facet normal 0.453991 -0.891006 0
    outer loop
      vertex 0.0225 -0.0243301 0.015
      vertex 0.0220337 -0.0245677 0.015
      vertex 0.0225 -0.0243301 5.40237e-18
    endloop
  endfacet
  facet normal 0.453991 -0.891006 0
    outer loop
      vertex 0.0225 -0.0243301 5.40237e-18
      vertex 0.0220337 -0.0245677 0.015
      vertex 0.0220337 -0.0245677 5.45513e-18
    endloop
  endfacet
  facet normal 0.358367 -0.933581 0
    outer loop
      vertex 0.0220337 -0.0245677 0.015
      vertex 0.0215451 -0.0247553 0.015
      vertex 0.0220337 -0.0245677 5.45513e-18
    endloop
  endfacet
  facet normal 0.358367 -0.933581 0
    outer loop
      vertex 0.0220337 -0.0245677 5.45513e-18
      vertex 0.0215451 -0.0247553 0.015
      vertex 0.0215451 -0.0247553 5.49678e-18
    endloop
  endfacet
  facet normal 0.258819 -0.965926 0
    outer loop
      vertex 0.0215451 -0.0247553 0.015
      vertex 0.0210396 -0.0248907 0.015
      vertex 0.0215451 -0.0247553 5.49678e-18
    endloop
  endfacet
  facet normal 0.258819 -0.965926 0
    outer loop
      vertex 0.0215451 -0.0247553 5.49678e-18
      vertex 0.0210396 -0.0248907 0.015
      vertex 0.0210396 -0.0248907 5.52685e-18
    endloop
  endfacet
  facet normal 0.156437 -0.987688 0
    outer loop
      vertex 0.0210396 -0.0248907 0.015
      vertex 0.0205226 -0.0249726 0.015
      vertex 0.0210396 -0.0248907 5.52685e-18
    endloop
  endfacet
  facet normal 0.156437 -0.987688 0
    outer loop
      vertex 0.0210396 -0.0248907 5.52685e-18
      vertex 0.0205226 -0.0249726 0.015
      vertex 0.0205226 -0.0249726 5.54503e-18
    endloop
  endfacet
  facet normal 0.0523352 -0.99863 0
    outer loop
      vertex 0.0205226 -0.0249726 0.015
      vertex 0.02 -0.025 0.015
      vertex 0.0205226 -0.0249726 5.54503e-18
    endloop
  endfacet
  facet normal 0.0523352 -0.99863 0
    outer loop
      vertex 0.0205226 -0.0249726 5.54503e-18
      vertex 0.02 -0.025 0.015
      vertex 0.02 -0.025 5.55112e-18
    endloop
  endfacet
  facet normal 1 1.73472e-15 -2.77556e-17
    outer loop
      vertex 0.01 0.003 0.14
      vertex 0.01 -0.003 0.14
      vertex 0.01 0.003 0.015
    endloop
  endfacet
  facet normal 1 1.73472e-15 -2.77556e-17
    outer loop
      vertex 0.01 -0.003 0.14
      vertex 0.01 -0.003 0.015
      vertex 0.01 0.003 0.015
    endloop
  endfacet
  facet normal 0 1 0
    outer loop
      vertex 0.00017299 0.005 0.136591
      vertex -4.95514e-18 0.005 0.1366
      vertex 0.008 0.005 0.14
    endloop
  endfacet
  facet normal 0 1 0
    outer loop
      vertex -0.00148636 0.005 0.134408
      vertex -0.00141362 0.005 0.134251
      vertex -2.61327e-18 0.005 0.1116
    endloop
  endfacet
  facet normal 0 1 0
    outer loop
      vertex -0.00141362 0.005 0.134251
      vertex -0.0013243 0.005 0.134102
      vertex -2.61327e-18 0.005 0.1116
    endloop
  endfacet
  facet normal 0 1 0
    outer loop
      vertex -0.0013243 0.005 0.134102
      vertex -0.00121946 0.005 0.133964
      vertex -2.61327e-18 0.005 0.1116
    endloop
  endfacet
  facet normal 0 1 0
    outer loop
      vertex -2.61327e-18 0.005 0.1116
      vertex -0.00121946 0.005 0.133964
      vertex -0.00110032 0.005 0.133838
    endloop
  endfacet
  facet normal 0 1 0
    outer loop
      vertex 0.008 0.005 0.14
      vertex -4.95514e-18 0.005 0.1366
      vertex -0.008 0.005 0.14
    endloop
  endfacet
  facet normal 0 1 0
    outer loop
      vertex -0.000343953 0.005 0.133437
      vertex -0.00017299 0.005 0.133409
      vertex 0.00159765 0.005 0.110087
    endloop
  endfacet
  facet normal 0 1 0
    outer loop
      vertex 0.000510882 0.005 0.133484
      vertex 0.000671823 0.005 0.133548
      vertex 0.008 0.005 0.015
    endloop
  endfacet
  facet normal 0 1 0
    outer loop
      vertex 0.000671823 0.005 0.133548
      vertex 0.000824886 0.005 0.133629
      vertex 0.008 0.005 0.015
    endloop
  endfacet
  facet normal 0 1 0
    outer loop
      vertex 0.000671823 0.005 0.136452
      vertex 0.000510882 0.005 0.136516
      vertex 0.008 0.005 0.14
    endloop
  endfacet
  facet normal 0 1 0
    outer loop
      vertex 0.000510882 0.005 0.136516
      vertex 0.000343953 0.005 0.136563
      vertex 0.008 0.005 0.14
    endloop
  endfacet
  facet normal 0 1 0
    outer loop
      vertex 0.008 0.005 0.14
      vertex 0.000343953 0.005 0.136563
      vertex 0.00017299 0.005 0.136591
    endloop
  endfacet
  facet normal 0 1 0
    outer loop
      vertex 0.000968279 0.005 0.111274
      vertex 0.000824886 0.005 0.111371
      vertex -0.000671823 0.005 0.133548
    endloop
  endfacet
  facet normal 0 1 0
    outer loop
      vertex 0.000824886 0.005 0.111371
      vertex 0.000671823 0.005 0.111452
      vertex -0.000671823 0.005 0.133548
    endloop
  endfacet
  facet normal 0 1 0
    outer loop
      vertex -0.000671823 0.005 0.133548
      vertex 0.000671823 0.005 0.111452
      vertex 0.000510882 0.005 0.111516
    endloop
  endfacet
  facet normal 0 1 0
    outer loop
      vertex -0.00110032 0.005 0.133838
      vertex -0.000968279 0.005 0.133726
      vertex -2.61327e-18 0.005 0.1116
    endloop
  endfacet
  facet normal 0 1 0
    outer loop
      vertex -0.000968279 0.005 0.133726
      vertex -0.000824886 0.005 0.133629
      vertex -2.61327e-18 0.005 0.1116
    endloop
  endfacet
  facet normal 0 1 0
    outer loop
      vertex -2.61327e-18 0.005 0.1116
      vertex -0.000824886 0.005 0.133629
      vertex 0.00017299 0.005 0.111591
    endloop
  endfacet
  facet normal 0 1 0
    outer loop
      vertex -0.000824886 0.005 0.133629
      vertex -0.000671823 0.005 0.133548
      vertex 0.00017299 0.005 0.111591
    endloop
  endfacet
  facet normal 0 1 0
    outer loop
      vertex 0.00017299 0.005 0.111591
      vertex -0.000671823 0.005 0.133548
      vertex 0.000343953 0.005 0.111563
    endloop
  endfacet
  facet normal 0 1 0
    outer loop
      vertex -0.000671823 0.005 0.133548
      vertex 0.000510882 0.005 0.111516
      vertex 0.000343953 0.005 0.111563
    endloop
  endfacet
  facet normal 0 1 0
    outer loop
      vertex -0.000343953 0.005 0.133437
      vertex 0.00159765 0.005 0.110087
      vertex -0.000510882 0.005 0.133484
    endloop
  endfacet
  facet normal 0 1 0
    outer loop
      vertex -0.00159765 0.005 0.134913
      vertex -0.00157892 0.005 0.134741
      vertex -2.61327e-18 0.005 0.1116
    endloop
  endfacet
  facet normal 0 1 0
    outer loop
      vertex -0.00157892 0.005 0.134741
      vertex -0.00154168 0.005 0.134572
      vertex -2.61327e-18 0.005 0.1116
    endloop
  endfacet
  facet normal 0 1 0
    outer loop
      vertex -2.61327e-18 0.005 0.1116
      vertex -0.00154168 0.005 0.134572
      vertex -0.00148636 0.005 0.134408
    endloop
  endfacet
  facet normal 0 1 0
    outer loop
      vertex 0.0013243 0.005 0.110898
      vertex 0.00121946 0.005 0.111036
      vertex -0.000671823 0.005 0.133548
    endloop
  endfacet
  facet normal 0 1 0
    outer loop
      vertex 0.00121946 0.005 0.111036
      vertex 0.00110032 0.005 0.111162
      vertex -0.000671823 0.005 0.133548
    endloop
  endfacet
  facet normal 0 1 0
    outer loop
      vertex -0.000671823 0.005 0.133548
      vertex 0.00110032 0.005 0.111162
      vertex 0.000968279 0.005 0.111274
    endloop
  endfacet
  facet normal 0 1 0
    outer loop
      vertex -4.95514e-18 0.005 0.1366
      vertex -0.00017299 0.005 0.136591
      vertex -0.008 0.005 0.14
    endloop
  endfacet
  facet normal 0 1 0
    outer loop
      vertex -0.00017299 0.005 0.136591
      vertex -0.000343953 0.005 0.136563
      vertex -0.008 0.005 0.14
    endloop
  endfacet
  facet normal 0 1 0
    outer loop
      vertex -0.008 0.005 0.14
      vertex -0.000343953 0.005 0.136563
      vertex -0.000510882 0.005 0.136516
    endloop
  endfacet
  facet normal 0 1 0
    outer loop
      vertex 0.000824886 0.005 0.133629
      vertex 0.000968279 0.005 0.133726
      vertex 0.008 0.005 0.015
    endloop
  endfacet
  facet normal 0 1 0
    outer loop
      vertex 0.000968279 0.005 0.133726
      vertex 0.00110032 0.005 0.133838
      vertex 0.008 0.005 0.015
    endloop
  endfacet
  facet normal 0 1 0
    outer loop
      vertex 0.008 0.005 0.015
      vertex 0.00110032 0.005 0.133838
      vertex 0.008 0.005 0.14
    endloop
  endfacet
  facet normal 0 1 0
    outer loop
      vertex -0.000510882 0.005 0.133484
      vertex 0.00159765 0.005 0.110087
      vertex -0.000671823 0.005 0.133548
    endloop
  endfacet
  facet normal 0 1 0
    outer loop
      vertex 0.00159765 0.005 0.110087
      vertex 0.00157892 0.005 0.110259
      vertex -0.000671823 0.005 0.133548
    endloop
  endfacet
  facet normal 0 1 0
    outer loop
      vertex -0.000671823 0.005 0.133548
      vertex 0.00157892 0.005 0.110259
      vertex 0.00154168 0.005 0.110428
    endloop
  endfacet
  facet normal 0 1 0
    outer loop
      vertex 0.00154168 0.005 0.110428
      vertex 0.00148636 0.005 0.110592
      vertex -0.000671823 0.005 0.133548
    endloop
  endfacet
  facet normal 0 1 0
    outer loop
      vertex 0.00148636 0.005 0.110592
      vertex 0.00141362 0.005 0.110749
      vertex -0.000671823 0.005 0.133548
    endloop
  endfacet
  facet normal 0 1 0
    outer loop
      vertex -0.000671823 0.005 0.133548
      vertex 0.00141362 0.005 0.110749
      vertex 0.0013243 0.005 0.110898
    endloop
  endfacet
  facet normal 0 1 0
    outer loop
      vertex 0.00141362 0.005 0.135749
      vertex 0.0013243 0.005 0.135898
      vertex 0.008 0.005 0.14
    endloop
  endfacet
  facet normal 0 1 0
    outer loop
      vertex 0.0013243 0.005 0.135898
      vertex 0.00121946 0.005 0.136036
      vertex 0.008 0.005 0.14
    endloop
  endfacet
  facet normal 0 1 0
    outer loop
      vertex 0.008 0.005 0.14
      vertex 0.00121946 0.005 0.136036
      vertex 0.00110032 0.005 0.136162
    endloop
  endfacet
  facet normal 0 1 0
    outer loop
      vertex 0.00110032 0.005 0.136162
      vertex 0.000968279 0.005 0.136274
      vertex 0.008 0.005 0.14
    endloop
  endfacet
  facet normal 0 1 0
    outer loop
      vertex 0.000968279 0.005 0.136274
      vertex 0.000824886 0.005 0.136371
      vertex 0.008 0.005 0.14
    endloop
  endfacet
  facet normal 0 1 0
    outer loop
      vertex 0.008 0.005 0.14
      vertex 0.000824886 0.005 0.136371
      vertex 0.000671823 0.005 0.136452
    endloop
  endfacet
  facet normal 0 1 0
    outer loop
      vertex 0.000343953 0.005 0.108437
      vertex 0.000510882 0.005 0.108484
      vertex 0.008 0.005 0.015
    endloop
  endfacet
  facet normal 0 1 0
    outer loop
      vertex 0.00110032 0.005 0.133838
      vertex 0.00121946 0.005 0.133964
      vertex 0.008 0.005 0.14
    endloop
  endfacet
  facet normal 0 1 0
    outer loop
      vertex 0.00121946 0.005 0.133964
      vertex 0.0013243 0.005 0.134102
      vertex 0.008 0.005 0.14
    endloop
  endfacet
  facet normal 0 1 0
    outer loop
      vertex 0.008 0.005 0.14
      vertex 0.0013243 0.005 0.134102
      vertex 0.00141362 0.005 0.134251
    endloop
  endfacet
  facet normal 0 1 0
    outer loop
      vertex 0.00141362 0.005 0.134251
      vertex 0.00148636 0.005 0.134408
      vertex 0.008 0.005 0.14
    endloop
  endfacet
  facet normal 0 1 0
    outer loop
      vertex 0.00148636 0.005 0.134408
      vertex 0.00154168 0.005 0.134572
      vertex 0.008 0.005 0.14
    endloop
  endfacet
  facet normal 0 1 0
    outer loop
      vertex 0.008 0.005 0.14
      vertex 0.00154168 0.005 0.134572
      vertex 0.00157892 0.005 0.134741
    endloop
  endfacet
  facet normal 0 1 0
    outer loop
      vertex 0.00157892 0.005 0.134741
      vertex 0.00159765 0.005 0.134913
      vertex 0.008 0.005 0.14
    endloop
  endfacet
  facet normal 0 1 0
    outer loop
      vertex 0.00159765 0.005 0.134913
      vertex 0.00159765 0.005 0.135087
      vertex 0.008 0.005 0.14
    endloop
  endfacet
  facet normal 0 1 0
    outer loop
      vertex 0.008 0.005 0.14
      vertex 0.00159765 0.005 0.135087
      vertex 0.00157892 0.005 0.135259
    endloop
  endfacet
  facet normal 0 1 0
    outer loop
      vertex -0.000510882 0.005 0.136516
      vertex -0.000671823 0.005 0.136452
      vertex -0.008 0.005 0.14
    endloop
  endfacet
  facet normal 0 1 0
    outer loop
      vertex -0.000671823 0.005 0.136452
      vertex -0.000824886 0.005 0.136371
      vertex -0.008 0.005 0.14
    endloop
  endfacet
  facet normal 0 1 0
    outer loop
      vertex -0.008 0.005 0.14
      vertex -0.000824886 0.005 0.136371
      vertex -0.000968279 0.005 0.136274
    endloop
  endfacet
  facet normal 0 1 0
    outer loop
      vertex -0.000968279 0.005 0.136274
      vertex -0.00110032 0.005 0.136162
      vertex -0.008 0.005 0.14
    endloop
  endfacet
  facet normal 0 1 0
    outer loop
      vertex -0.00110032 0.005 0.136162
      vertex -0.00121946 0.005 0.136036
      vertex -0.008 0.005 0.14
    endloop
  endfacet
  facet normal 0 1 0
    outer loop
      vertex -0.008 0.005 0.14
      vertex -0.00121946 0.005 0.136036
      vertex -0.0013243 0.005 0.135898
    endloop
  endfacet
  facet normal 0 1 0
    outer loop
      vertex -0.000824886 0.005 0.111371
      vertex -0.000968279 0.005 0.111274
      vertex -0.008 0.005 0.14
    endloop
  endfacet
  facet normal 0 1 0
    outer loop
      vertex -0.00110032 0.005 0.108838
      vertex -0.000968279 0.005 0.108726
      vertex -0.008 0.005 0.015
    endloop
  endfacet
  facet normal 0 1 0
    outer loop
      vertex -0.000968279 0.005 0.108726
      vertex -0.000824886 0.005 0.108629
      vertex -0.008 0.005 0.015
    endloop
  endfacet
  facet normal 0 1 0
    outer loop
      vertex -0.000343953 0.005 0.108437
      vertex -0.00017299 0.005 0.108409
      vertex -0.008 0.005 0.015
    endloop
  endfacet
  facet normal 0 1 0
    outer loop
      vertex -0.00017299 0.005 0.108409
      vertex -2.89803e-18 0.005 0.1084
      vertex -0.008 0.005 0.015
    endloop
  endfacet
  facet normal 0 1 0
    outer loop
      vertex -0.008 0.005 0.015
      vertex -2.89803e-18 0.005 0.1084
      vertex 0.008 0.005 0.015
    endloop
  endfacet
  facet normal 0 1 0
    outer loop
      vertex -2.89803e-18 0.005 0.1084
      vertex 0.00017299 0.005 0.108409
      vertex 0.008 0.005 0.015
    endloop
  endfacet
  facet normal 0 1 0
    outer loop
      vertex 0.008 0.005 0.015
      vertex 0.00017299 0.005 0.108409
      vertex 0.000343953 0.005 0.108437
    endloop
  endfacet
  facet normal 0 1 0
    outer loop
      vertex 0.000510882 0.005 0.108484
      vertex 0.000671823 0.005 0.108548
      vertex 0.008 0.005 0.015
    endloop
  endfacet
  facet normal 0 1 0
    outer loop
      vertex 0.000671823 0.005 0.108548
      vertex 0.000824886 0.005 0.108629
      vertex 0.008 0.005 0.015
    endloop
  endfacet
  facet normal 0 1 0
    outer loop
      vertex 0.008 0.005 0.015
      vertex 0.000824886 0.005 0.108629
      vertex 0.000968279 0.005 0.108726
    endloop
  endfacet
  facet normal 0 1 0
    outer loop
      vertex 0.00157892 0.005 0.135259
      vertex 0.00154168 0.005 0.135428
      vertex 0.008 0.005 0.14
    endloop
  endfacet
  facet normal 0 1 0
    outer loop
      vertex 0.00154168 0.005 0.135428
      vertex 0.00148636 0.005 0.135592
      vertex 0.008 0.005 0.14
    endloop
  endfacet
  facet normal 0 1 0
    outer loop
      vertex 0.008 0.005 0.14
      vertex 0.00148636 0.005 0.135592
      vertex 0.00141362 0.005 0.135749
    endloop
  endfacet
  facet normal 0 1 0
    outer loop
      vertex -0.000824886 0.005 0.111371
      vertex -0.008 0.005 0.14
      vertex -0.000671823 0.005 0.111452
    endloop
  endfacet
  facet normal 0 1 0
    outer loop
      vertex -0.000824886 0.005 0.108629
      vertex -0.000671823 0.005 0.108548
      vertex -0.008 0.005 0.015
    endloop
  endfacet
  facet normal 0 1 0
    outer loop
      vertex -0.000671823 0.005 0.108548
      vertex -0.000510882 0.005 0.108484
      vertex -0.008 0.005 0.015
    endloop
  endfacet
  facet normal 0 1 0
    outer loop
      vertex -0.008 0.005 0.015
      vertex -0.000510882 0.005 0.108484
      vertex -0.000343953 0.005 0.108437
    endloop
  endfacet
  facet normal 0 1 0
    outer loop
      vertex 0.000968279 0.005 0.108726
      vertex 0.00110032 0.005 0.108838
      vertex 0.008 0.005 0.015
    endloop
  endfacet
  facet normal 0 1 0
    outer loop
      vertex 0.00110032 0.005 0.108838
      vertex 0.00121946 0.005 0.108964
      vertex 0.008 0.005 0.015
    endloop
  endfacet
  facet normal 0 1 0
    outer loop
      vertex 0.008 0.005 0.015
      vertex 0.00121946 0.005 0.108964
      vertex 0.0013243 0.005 0.109102
    endloop
  endfacet
  facet normal 0 1 0
    outer loop
      vertex 0.0013243 0.005 0.109102
      vertex 0.00141362 0.005 0.109251
      vertex 0.008 0.005 0.015
    endloop
  endfacet
  facet normal 0 1 0
    outer loop
      vertex 0.00141362 0.005 0.109251
      vertex 0.00148636 0.005 0.109408
      vertex 0.008 0.005 0.015
    endloop
  endfacet
  facet normal 0 1 0
    outer loop
      vertex 0.008 0.005 0.015
      vertex 0.00148636 0.005 0.109408
      vertex 0.00154168 0.005 0.109572
    endloop
  endfacet
  facet normal 0 1 0
    outer loop
      vertex -0.0013243 0.005 0.135898
      vertex -0.00141362 0.005 0.135749
      vertex -0.008 0.005 0.14
    endloop
  endfacet
  facet normal 0 1 0
    outer loop
      vertex -0.00141362 0.005 0.135749
      vertex -0.00148636 0.005 0.135592
      vertex -0.008 0.005 0.14
    endloop
  endfacet
  facet normal 0 1 0
    outer loop
      vertex -0.008 0.005 0.14
      vertex -0.00148636 0.005 0.135592
      vertex -0.00154168 0.005 0.135428
    endloop
  endfacet
  facet normal 0 1 0
    outer loop
      vertex -0.00154168 0.005 0.135428
      vertex -0.00157892 0.005 0.135259
      vertex -0.008 0.005 0.14
    endloop
  endfacet
  facet normal 0 1 0
    outer loop
      vertex -0.00157892 0.005 0.135259
      vertex -0.00159765 0.005 0.135087
      vertex -0.008 0.005 0.14
    endloop
  endfacet
  facet normal 0 1 0
    outer loop
      vertex -0.008 0.005 0.14
      vertex -0.00159765 0.005 0.135087
      vertex -0.00159765 0.005 0.134913
    endloop
  endfacet
  facet normal 0 1 0
    outer loop
      vertex -0.000968279 0.005 0.111274
      vertex -0.00110032 0.005 0.111162
      vertex -0.008 0.005 0.14
    endloop
  endfacet
  facet normal 0 1 0
    outer loop
      vertex -0.00110032 0.005 0.111162
      vertex -0.00121946 0.005 0.111036
      vertex -0.008 0.005 0.14
    endloop
  endfacet
  facet normal 0 1 0
    outer loop
      vertex -0.008 0.005 0.14
      vertex -0.00121946 0.005 0.111036
      vertex -0.0013243 0.005 0.110898
    endloop
  endfacet
  facet normal 0 1 0
    outer loop
      vertex -2.61327e-18 0.005 0.1116
      vertex -0.00017299 0.005 0.111591
      vertex -0.00159765 0.005 0.134913
    endloop
  endfacet
  facet normal 0 1 0
    outer loop
      vertex -0.00017299 0.005 0.111591
      vertex -0.000343953 0.005 0.111563
      vertex -0.00159765 0.005 0.134913
    endloop
  endfacet
  facet normal 0 1 0
    outer loop
      vertex -0.00159765 0.005 0.134913
      vertex -0.000343953 0.005 0.111563
      vertex -0.008 0.005 0.14
    endloop
  endfacet
  facet normal 0 1 0
    outer loop
      vertex -0.000343953 0.005 0.111563
      vertex -0.000510882 0.005 0.111516
      vertex -0.008 0.005 0.14
    endloop
  endfacet
  facet normal 0 1 0
    outer loop
      vertex -0.008 0.005 0.14
      vertex -0.000510882 0.005 0.111516
      vertex -0.000671823 0.005 0.111452
    endloop
  endfacet
  facet normal 0 1 0
    outer loop
      vertex 0.00154168 0.005 0.109572
      vertex 0.00157892 0.005 0.109741
      vertex 0.008 0.005 0.015
    endloop
  endfacet
  facet normal 0 1 0
    outer loop
      vertex 0.00157892 0.005 0.109741
      vertex 0.00159765 0.005 0.109913
      vertex 0.008 0.005 0.015
    endloop
  endfacet
  facet normal 0 1 0
    outer loop
      vertex 0.008 0.005 0.015
      vertex 0.00159765 0.005 0.109913
      vertex 0.00159765 0.005 0.110087
    endloop
  endfacet
  facet normal 0 1 0
    outer loop
      vertex -0.00157892 0.005 0.109741
      vertex -0.00154168 0.005 0.109572
      vertex -0.008 0.005 0.015
    endloop
  endfacet
  facet normal 0 1 0
    outer loop
      vertex -0.00154168 0.005 0.109572
      vertex -0.00148636 0.005 0.109408
      vertex -0.008 0.005 0.015
    endloop
  endfacet
  facet normal 0 1 0
    outer loop
      vertex -0.008 0.005 0.015
      vertex -0.00148636 0.005 0.109408
      vertex -0.00141362 0.005 0.109251
    endloop
  endfacet
  facet normal 0 1 0
    outer loop
      vertex -0.00141362 0.005 0.109251
      vertex -0.0013243 0.005 0.109102
      vertex -0.008 0.005 0.015
    endloop
  endfacet
  facet normal 0 1 0
    outer loop
      vertex -0.0013243 0.005 0.109102
      vertex -0.00121946 0.005 0.108964
      vertex -0.008 0.005 0.015
    endloop
  endfacet
  facet normal 0 1 0
    outer loop
      vertex -0.008 0.005 0.015
      vertex -0.00121946 0.005 0.108964
      vertex -0.00110032 0.005 0.108838
    endloop
  endfacet
  facet normal 0 1 0
    outer loop
      vertex -0.00017299 0.005 0.133409
      vertex -5.23991e-18 0.005 0.1334
      vertex 0.00159765 0.005 0.110087
    endloop
  endfacet
  facet normal 0 1 0
    outer loop
      vertex -5.23991e-18 0.005 0.1334
      vertex 0.00017299 0.005 0.133409
      vertex 0.00159765 0.005 0.110087
    endloop
  endfacet
  facet normal 0 1 0
    outer loop
      vertex 0.00159765 0.005 0.110087
      vertex 0.00017299 0.005 0.133409
      vertex 0.008 0.005 0.015
    endloop
  endfacet
  facet normal 0 1 0
    outer loop
      vertex 0.00017299 0.005 0.133409
      vertex 0.000343953 0.005 0.133437
      vertex 0.008 0.005 0.015
    endloop
  endfacet
  facet normal 0 1 0
    outer loop
      vertex 0.008 0.005 0.015
      vertex 0.000343953 0.005 0.133437
      vertex 0.000510882 0.005 0.133484
    endloop
  endfacet
  facet normal 0 1 0
    outer loop
      vertex -0.0013243 0.005 0.110898
      vertex -0.00141362 0.005 0.110749
      vertex -0.008 0.005 0.14
    endloop
  endfacet
  facet normal 0 1 0
    outer loop
      vertex -0.00141362 0.005 0.110749
      vertex -0.00148636 0.005 0.110592
      vertex -0.008 0.005 0.14
    endloop
  endfacet
  facet normal 0 1 0
    outer loop
      vertex -0.008 0.005 0.14
      vertex -0.00148636 0.005 0.110592
      vertex -0.00154168 0.005 0.110428
    endloop
  endfacet
  facet normal 0 1 0
    outer loop
      vertex -0.00154168 0.005 0.110428
      vertex -0.00157892 0.005 0.110259
      vertex -0.008 0.005 0.14
    endloop
  endfacet
  facet normal 0 1 0
    outer loop
      vertex -0.00157892 0.005 0.110259
      vertex -0.00159765 0.005 0.110087
      vertex -0.008 0.005 0.14
    endloop
  endfacet
  facet normal 0 1 0
    outer loop
      vertex -0.008 0.005 0.14
      vertex -0.00159765 0.005 0.110087
      vertex -0.008 0.005 0.015
    endloop
  endfacet
  facet normal 0 1 0
    outer loop
      vertex -0.00159765 0.005 0.110087
      vertex -0.00159765 0.005 0.109913
      vertex -0.008 0.005 0.015
    endloop
  endfacet
  facet normal 0 1 0
    outer loop
      vertex -0.008 0.005 0.015
      vertex -0.00159765 0.005 0.109913
      vertex -0.00157892 0.005 0.109741
    endloop
  endfacet
  facet normal 0 -1 0
    outer loop
      vertex -0.008 -0.005 0.015
      vertex -0.00017299 -0.005 0.133409
      vertex -0.000343953 -0.005 0.133437
    endloop
  endfacet
  facet normal 0 -1 0
    outer loop
      vertex -0.000343953 -0.005 0.133437
      vertex -0.000510882 -0.005 0.133484
      vertex -0.008 -0.005 0.015
    endloop
  endfacet
  facet normal 0 -1 0
    outer loop
      vertex -0.000510882 -0.005 0.133484
      vertex -0.000671823 -0.005 0.133548
      vertex -0.008 -0.005 0.015
    endloop
  endfacet
  facet normal 0 -1 0
    outer loop
      vertex -0.008 -0.005 0.015
      vertex -0.000671823 -0.005 0.133548
      vertex -0.000824886 -0.005 0.133629
    endloop
  endfacet
  facet normal 0 -1 0
    outer loop
      vertex 0.000343953 -0.005 0.111563
      vertex 0.000510882 -0.005 0.111516
      vertex 0.000671823 -0.005 0.133548
    endloop
  endfacet
  facet normal 0 -1 0
    outer loop
      vertex 1.57054e-17 -0.005 0.1116
      vertex 1.26869e-17 -0.005 0.1334
      vertex -0.00017299 -0.005 0.111591
    endloop
  endfacet
  facet normal 0 -1 0
    outer loop
      vertex 1.26869e-17 -0.005 0.1334
      vertex -0.00017299 -0.005 0.133409
      vertex -0.00017299 -0.005 0.111591
    endloop
  endfacet
  facet normal 0 -1 0
    outer loop
      vertex -0.00017299 -0.005 0.111591
      vertex -0.00017299 -0.005 0.133409
      vertex -0.000343953 -0.005 0.111563
    endloop
  endfacet
  facet normal 0 -1 0
    outer loop
      vertex -0.008 -0.005 0.14
      vertex -0.000671823 -0.005 0.136452
      vertex -0.000510882 -0.005 0.136516
    endloop
  endfacet
  facet normal 0 -1 0
    outer loop
      vertex 0.000343953 -0.005 0.111563
      vertex 0.000671823 -0.005 0.133548
      vertex 0.00017299 -0.005 0.111591
    endloop
  endfacet
  facet normal 0 -1 0
    outer loop
      vertex -0.000343953 -0.005 0.108437
      vertex -0.000510882 -0.005 0.108484
      vertex -0.008 -0.005 0.015
    endloop
  endfacet
  facet normal 0 -1 0
    outer loop
      vertex -0.000510882 -0.005 0.108484
      vertex -0.000671823 -0.005 0.108548
      vertex -0.008 -0.005 0.015
    endloop
  endfacet
  facet normal 0 -1 0
    outer loop
      vertex -0.00017299 -0.005 0.133409
      vertex -0.000968279 -0.005 0.111274
      vertex -0.000824886 -0.005 0.111371
    endloop
  endfacet
  facet normal 0 -1 0
    outer loop
      vertex -0.000510882 -0.005 0.136516
      vertex -0.000343953 -0.005 0.136563
      vertex -0.008 -0.005 0.14
    endloop
  endfacet
  facet normal 0 -1 0
    outer loop
      vertex -0.000343953 -0.005 0.136563
      vertex -0.00017299 -0.005 0.136591
      vertex -0.008 -0.005 0.14
    endloop
  endfacet
  facet normal 0 -1 0
    outer loop
      vertex -0.008 -0.005 0.14
      vertex -0.00017299 -0.005 0.136591
      vertex 0.008 -0.005 0.14
    endloop
  endfacet
  facet normal 0 -1 0
    outer loop
      vertex -0.00017299 -0.005 0.136591
      vertex 1.33635e-17 -0.005 0.1366
      vertex 0.008 -0.005 0.14
    endloop
  endfacet
  facet normal 0 -1 0
    outer loop
      vertex 0.008 -0.005 0.14
      vertex 1.33635e-17 -0.005 0.1366
      vertex 0.00017299 -0.005 0.136591
    endloop
  endfacet
  facet normal 0 -1 0
    outer loop
      vertex 0.00017299 -0.005 0.136591
      vertex 0.000343953 -0.005 0.136563
      vertex 0.008 -0.005 0.14
    endloop
  endfacet
  facet normal 0 -1 0
    outer loop
      vertex 0.000343953 -0.005 0.136563
      vertex 0.000510882 -0.005 0.136516
      vertex 0.008 -0.005 0.14
    endloop
  endfacet
  facet normal 0 -1 0
    outer loop
      vertex 0.008 -0.005 0.14
      vertex 0.000510882 -0.005 0.136516
      vertex 0.000671823 -0.005 0.136452
    endloop
  endfacet
  facet normal 0 -1 0
    outer loop
      vertex -0.000824886 -0.005 0.111371
      vertex -0.000671823 -0.005 0.111452
      vertex -0.00017299 -0.005 0.133409
    endloop
  endfacet
  facet normal 0 -1 0
    outer loop
      vertex -0.000671823 -0.005 0.111452
      vertex -0.000510882 -0.005 0.111516
      vertex -0.00017299 -0.005 0.133409
    endloop
  endfacet
  facet normal 0 -1 0
    outer loop
      vertex -0.00017299 -0.005 0.133409
      vertex -0.000510882 -0.005 0.111516
      vertex -0.000343953 -0.005 0.111563
    endloop
  endfacet
  facet normal 0 -1 0
    outer loop
      vertex -0.000824886 -0.005 0.133629
      vertex -0.000968279 -0.005 0.133726
      vertex -0.008 -0.005 0.015
    endloop
  endfacet
  facet normal 0 -1 0
    outer loop
      vertex -0.000968279 -0.005 0.133726
      vertex -0.00110032 -0.005 0.133838
      vertex -0.008 -0.005 0.015
    endloop
  endfacet
  facet normal 0 -1 0
    outer loop
      vertex -0.008 -0.005 0.015
      vertex -0.00110032 -0.005 0.133838
      vertex -0.008 -0.005 0.14
    endloop
  endfacet
  facet normal 0 -1 0
    outer loop
      vertex -0.00110032 -0.005 0.133838
      vertex -0.00121946 -0.005 0.133964
      vertex -0.008 -0.005 0.14
    endloop
  endfacet
  facet normal 0 -1 0
    outer loop
      vertex -0.008 -0.005 0.14
      vertex -0.00121946 -0.005 0.133964
      vertex -0.0013243 -0.005 0.134102
    endloop
  endfacet
  facet normal 0 -1 0
    outer loop
      vertex -0.00141362 -0.005 0.135749
      vertex -0.0013243 -0.005 0.135898
      vertex -0.008 -0.005 0.14
    endloop
  endfacet
  facet normal 0 -1 0
    outer loop
      vertex -0.0013243 -0.005 0.135898
      vertex -0.00121946 -0.005 0.136036
      vertex -0.008 -0.005 0.14
    endloop
  endfacet
  facet normal 0 -1 0
    outer loop
      vertex -0.008 -0.005 0.14
      vertex -0.00121946 -0.005 0.136036
      vertex -0.00110032 -0.005 0.136162
    endloop
  endfacet
  facet normal 0 -1 0
    outer loop
      vertex -0.00110032 -0.005 0.136162
      vertex -0.000968279 -0.005 0.136274
      vertex -0.008 -0.005 0.14
    endloop
  endfacet
  facet normal 0 -1 0
    outer loop
      vertex -0.000968279 -0.005 0.136274
      vertex -0.000824886 -0.005 0.136371
      vertex -0.008 -0.005 0.14
    endloop
  endfacet
  facet normal 0 -1 0
    outer loop
      vertex -0.008 -0.005 0.14
      vertex -0.000824886 -0.005 0.136371
      vertex -0.000671823 -0.005 0.136452
    endloop
  endfacet
  facet normal 0 -1 0
    outer loop
      vertex 0.000671823 -0.005 0.136452
      vertex 0.000824886 -0.005 0.136371
      vertex 0.008 -0.005 0.14
    endloop
  endfacet
  facet normal 0 -1 0
    outer loop
      vertex 0.000824886 -0.005 0.136371
      vertex 0.000968279 -0.005 0.136274
      vertex 0.008 -0.005 0.14
    endloop
  endfacet
  facet normal 0 -1 0
    outer loop
      vertex 0.008 -0.005 0.14
      vertex 0.000968279 -0.005 0.136274
      vertex 0.00110032 -0.005 0.136162
    endloop
  endfacet
  facet normal 0 -1 0
    outer loop
      vertex 0.000343953 -0.005 0.108437
      vertex 0.00017299 -0.005 0.108409
      vertex 0.008 -0.005 0.015
    endloop
  endfacet
  facet normal 0 -1 0
    outer loop
      vertex 0.00017299 -0.005 0.108409
      vertex 1.50288e-17 -0.005 0.1084
      vertex 0.008 -0.005 0.015
    endloop
  endfacet
  facet normal 0 -1 0
    outer loop
      vertex 0.008 -0.005 0.015
      vertex 1.50288e-17 -0.005 0.1084
      vertex -0.008 -0.005 0.015
    endloop
  endfacet
  facet normal 0 -1 0
    outer loop
      vertex 1.50288e-17 -0.005 0.1084
      vertex -0.00017299 -0.005 0.108409
      vertex -0.008 -0.005 0.015
    endloop
  endfacet
  facet normal 0 -1 0
    outer loop
      vertex -0.008 -0.005 0.015
      vertex -0.00017299 -0.005 0.108409
      vertex -0.000343953 -0.005 0.108437
    endloop
  endfacet
  facet normal 0 -1 0
    outer loop
      vertex -0.000671823 -0.005 0.108548
      vertex -0.000824886 -0.005 0.108629
      vertex -0.008 -0.005 0.015
    endloop
  endfacet
  facet normal 0 -1 0
    outer loop
      vertex -0.000824886 -0.005 0.108629
      vertex -0.000968279 -0.005 0.108726
      vertex -0.008 -0.005 0.015
    endloop
  endfacet
  facet normal 0 -1 0
    outer loop
      vertex -0.008 -0.005 0.015
      vertex -0.000968279 -0.005 0.108726
      vertex -0.00110032 -0.005 0.108838
    endloop
  endfacet
  facet normal 0 -1 0
    outer loop
      vertex -0.00110032 -0.005 0.108838
      vertex -0.00121946 -0.005 0.108964
      vertex -0.008 -0.005 0.015
    endloop
  endfacet
  facet normal 0 -1 0
    outer loop
      vertex -0.00121946 -0.005 0.108964
      vertex -0.0013243 -0.005 0.109102
      vertex -0.008 -0.005 0.015
    endloop
  endfacet
  facet normal 0 -1 0
    outer loop
      vertex -0.008 -0.005 0.015
      vertex -0.0013243 -0.005 0.109102
      vertex -0.00141362 -0.005 0.109251
    endloop
  endfacet
  facet normal 0 -1 0
    outer loop
      vertex 0.00110032 -0.005 0.136162
      vertex 0.00121946 -0.005 0.136036
      vertex 0.008 -0.005 0.14
    endloop
  endfacet
  facet normal 0 -1 0
    outer loop
      vertex 0.00121946 -0.005 0.136036
      vertex 0.0013243 -0.005 0.135898
      vertex 0.008 -0.005 0.14
    endloop
  endfacet
  facet normal 0 -1 0
    outer loop
      vertex 0.008 -0.005 0.14
      vertex 0.0013243 -0.005 0.135898
      vertex 0.00141362 -0.005 0.135749
    endloop
  endfacet
  facet normal 0 -1 0
    outer loop
      vertex 0.00110032 -0.005 0.133838
      vertex 0.008 -0.005 0.015
      vertex 0.00121946 -0.005 0.133964
    endloop
  endfacet
  facet normal 0 -1 0
    outer loop
      vertex 0.008 -0.005 0.015
      vertex 0.0013243 -0.005 0.134102
      vertex 0.00121946 -0.005 0.133964
    endloop
  endfacet
  facet normal 0 -1 0
    outer loop
      vertex 0.00110032 -0.005 0.133838
      vertex 0.000968279 -0.005 0.133726
      vertex 0.008 -0.005 0.015
    endloop
  endfacet
  facet normal 0 -1 0
    outer loop
      vertex 0.000968279 -0.005 0.133726
      vertex 0.000824886 -0.005 0.133629
      vertex 0.008 -0.005 0.015
    endloop
  endfacet
  facet normal 0 -1 0
    outer loop
      vertex 0.008 -0.005 0.015
      vertex 0.000824886 -0.005 0.133629
      vertex 0.000671823 -0.005 0.133548
    endloop
  endfacet
  facet normal 0 -1 0
    outer loop
      vertex 0.000671823 -0.005 0.133548
      vertex 0.000510882 -0.005 0.133484
      vertex 0.00017299 -0.005 0.111591
    endloop
  endfacet
  facet normal 0 -1 0
    outer loop
      vertex 0.000510882 -0.005 0.133484
      vertex 0.000343953 -0.005 0.133437
      vertex 0.00017299 -0.005 0.111591
    endloop
  endfacet
  facet normal 0 -1 0
    outer loop
      vertex 0.00017299 -0.005 0.111591
      vertex 0.000343953 -0.005 0.133437
      vertex 1.57054e-17 -0.005 0.1116
    endloop
  endfacet
  facet normal 0 -1 0
    outer loop
      vertex 0.000343953 -0.005 0.133437
      vertex 0.00017299 -0.005 0.133409
      vertex 1.57054e-17 -0.005 0.1116
    endloop
  endfacet
  facet normal 0 -1 0
    outer loop
      vertex 1.57054e-17 -0.005 0.1116
      vertex 0.00017299 -0.005 0.133409
      vertex 1.26869e-17 -0.005 0.1334
    endloop
  endfacet
  facet normal 0 -1 0
    outer loop
      vertex 0.000510882 -0.005 0.111516
      vertex 0.000671823 -0.005 0.111452
      vertex 0.000671823 -0.005 0.133548
    endloop
  endfacet
  facet normal 0 -1 0
    outer loop
      vertex 0.000671823 -0.005 0.111452
      vertex 0.000824886 -0.005 0.111371
      vertex 0.000671823 -0.005 0.133548
    endloop
  endfacet
  facet normal 0 -1 0
    outer loop
      vertex 0.000671823 -0.005 0.133548
      vertex 0.000824886 -0.005 0.111371
      vertex 0.000968279 -0.005 0.111274
    endloop
  endfacet
  facet normal 0 -1 0
    outer loop
      vertex -0.0013243 -0.005 0.110898
      vertex -0.00121946 -0.005 0.111036
      vertex -0.00017299 -0.005 0.133409
    endloop
  endfacet
  facet normal 0 -1 0
    outer loop
      vertex -0.00121946 -0.005 0.111036
      vertex -0.00110032 -0.005 0.111162
      vertex -0.00017299 -0.005 0.133409
    endloop
  endfacet
  facet normal 0 -1 0
    outer loop
      vertex -0.00017299 -0.005 0.133409
      vertex -0.00110032 -0.005 0.111162
      vertex -0.000968279 -0.005 0.111274
    endloop
  endfacet
  facet normal 0 -1 0
    outer loop
      vertex -0.008 -0.005 0.14
      vertex -0.00159765 -0.005 0.135087
      vertex -0.00157892 -0.005 0.135259
    endloop
  endfacet
  facet normal 0 -1 0
    outer loop
      vertex 0.000824886 -0.005 0.108629
      vertex 0.000671823 -0.005 0.108548
      vertex 0.008 -0.005 0.015
    endloop
  endfacet
  facet normal 0 -1 0
    outer loop
      vertex 0.000671823 -0.005 0.108548
      vertex 0.000510882 -0.005 0.108484
      vertex 0.008 -0.005 0.015
    endloop
  endfacet
  facet normal 0 -1 0
    outer loop
      vertex 0.008 -0.005 0.015
      vertex 0.000510882 -0.005 0.108484
      vertex 0.000343953 -0.005 0.108437
    endloop
  endfacet
  facet normal 0 -1 0
    outer loop
      vertex -0.00141362 -0.005 0.109251
      vertex -0.00148636 -0.005 0.109408
      vertex -0.008 -0.005 0.015
    endloop
  endfacet
  facet normal 0 -1 0
    outer loop
      vertex -0.00148636 -0.005 0.109408
      vertex -0.00154168 -0.005 0.109572
      vertex -0.008 -0.005 0.015
    endloop
  endfacet
  facet normal 0 -1 0
    outer loop
      vertex -0.008 -0.005 0.015
      vertex -0.00154168 -0.005 0.109572
      vertex -0.00157892 -0.005 0.109741
    endloop
  endfacet
  facet normal 0 -1 0
    outer loop
      vertex -0.00154168 -0.005 0.110428
      vertex -0.00148636 -0.005 0.110592
      vertex -0.00017299 -0.005 0.133409
    endloop
  endfacet
  facet normal 0 -1 0
    outer loop
      vertex -0.00148636 -0.005 0.110592
      vertex -0.00141362 -0.005 0.110749
      vertex -0.00017299 -0.005 0.133409
    endloop
  endfacet
  facet normal 0 -1 0
    outer loop
      vertex -0.00017299 -0.005 0.133409
      vertex -0.00141362 -0.005 0.110749
      vertex -0.0013243 -0.005 0.110898
    endloop
  endfacet
  facet normal 0 -1 0
    outer loop
      vertex -0.0013243 -0.005 0.134102
      vertex -0.00141362 -0.005 0.134251
      vertex -0.008 -0.005 0.14
    endloop
  endfacet
  facet normal 0 -1 0
    outer loop
      vertex -0.00141362 -0.005 0.134251
      vertex -0.00148636 -0.005 0.134408
      vertex -0.008 -0.005 0.14
    endloop
  endfacet
  facet normal 0 -1 0
    outer loop
      vertex -0.008 -0.005 0.14
      vertex -0.00148636 -0.005 0.134408
      vertex -0.00154168 -0.005 0.134572
    endloop
  endfacet
  facet normal 0 -1 0
    outer loop
      vertex -0.00157892 -0.005 0.135259
      vertex -0.00154168 -0.005 0.135428
      vertex -0.008 -0.005 0.14
    endloop
  endfacet
  facet normal 0 -1 0
    outer loop
      vertex -0.00154168 -0.005 0.135428
      vertex -0.00148636 -0.005 0.135592
      vertex -0.008 -0.005 0.14
    endloop
  endfacet
  facet normal 0 -1 0
    outer loop
      vertex -0.008 -0.005 0.14
      vertex -0.00148636 -0.005 0.135592
      vertex -0.00141362 -0.005 0.135749
    endloop
  endfacet
  facet normal 0 -1 0
    outer loop
      vertex 0.00141362 -0.005 0.135749
      vertex 0.00148636 -0.005 0.135592
      vertex 0.008 -0.005 0.14
    endloop
  endfacet
  facet normal 0 -1 0
    outer loop
      vertex 0.00148636 -0.005 0.135592
      vertex 0.00154168 -0.005 0.135428
      vertex 0.008 -0.005 0.14
    endloop
  endfacet
  facet normal 0 -1 0
    outer loop
      vertex 0.008 -0.005 0.14
      vertex 0.00154168 -0.005 0.135428
      vertex 0.00157892 -0.005 0.135259
    endloop
  endfacet
  facet normal 0 -1 0
    outer loop
      vertex 0.000968279 -0.005 0.111274
      vertex 0.00110032 -0.005 0.111162
      vertex 0.000671823 -0.005 0.133548
    endloop
  endfacet
  facet normal 0 -1 0
    outer loop
      vertex 0.00110032 -0.005 0.111162
      vertex 0.00121946 -0.005 0.111036
      vertex 0.000671823 -0.005 0.133548
    endloop
  endfacet
  facet normal 0 -1 0
    outer loop
      vertex 0.000671823 -0.005 0.133548
      vertex 0.00121946 -0.005 0.111036
      vertex 0.0013243 -0.005 0.110898
    endloop
  endfacet
  facet normal 0 -1 0
    outer loop
      vertex -0.00154168 -0.005 0.134572
      vertex -0.00157892 -0.005 0.134741
      vertex -0.008 -0.005 0.14
    endloop
  endfacet
  facet normal 0 -1 0
    outer loop
      vertex -0.00157892 -0.005 0.134741
      vertex -0.00159765 -0.005 0.134913
      vertex -0.008 -0.005 0.14
    endloop
  endfacet
  facet normal 0 -1 0
    outer loop
      vertex -0.008 -0.005 0.14
      vertex -0.00159765 -0.005 0.134913
      vertex -0.00159765 -0.005 0.135087
    endloop
  endfacet
  facet normal 0 -1 0
    outer loop
      vertex 0.00157892 -0.005 0.135259
      vertex 0.00159765 -0.005 0.135087
      vertex 0.008 -0.005 0.14
    endloop
  endfacet
  facet normal 0 -1 0
    outer loop
      vertex 0.00159765 -0.005 0.135087
      vertex 0.00159765 -0.005 0.134913
      vertex 0.008 -0.005 0.14
    endloop
  endfacet
  facet normal 0 -1 0
    outer loop
      vertex 0.008 -0.005 0.14
      vertex 0.00159765 -0.005 0.134913
      vertex 0.00157892 -0.005 0.134741
    endloop
  endfacet
  facet normal 0 -1 0
    outer loop
      vertex 0.00121946 -0.005 0.108964
      vertex 0.00110032 -0.005 0.108838
      vertex 0.008 -0.005 0.015
    endloop
  endfacet
  facet normal 0 -1 0
    outer loop
      vertex 0.00110032 -0.005 0.108838
      vertex 0.000968279 -0.005 0.108726
      vertex 0.008 -0.005 0.015
    endloop
  endfacet
  facet normal 0 -1 0
    outer loop
      vertex 0.008 -0.005 0.015
      vertex 0.000968279 -0.005 0.108726
      vertex 0.000824886 -0.005 0.108629
    endloop
  endfacet
  facet normal 0 -1 0
    outer loop
      vertex 0.00157892 -0.005 0.134741
      vertex 0.00154168 -0.005 0.134572
      vertex 0.008 -0.005 0.14
    endloop
  endfacet
  facet normal 0 -1 0
    outer loop
      vertex 0.00154168 -0.005 0.134572
      vertex 0.00148636 -0.005 0.134408
      vertex 0.008 -0.005 0.14
    endloop
  endfacet
  facet normal 0 -1 0
    outer loop
      vertex 0.008 -0.005 0.14
      vertex 0.00148636 -0.005 0.134408
      vertex 0.008 -0.005 0.015
    endloop
  endfacet
  facet normal 0 -1 0
    outer loop
      vertex 0.00148636 -0.005 0.134408
      vertex 0.00141362 -0.005 0.134251
      vertex 0.008 -0.005 0.015
    endloop
  endfacet
  facet normal 0 -1 0
    outer loop
      vertex 0.008 -0.005 0.015
      vertex 0.00141362 -0.005 0.134251
      vertex 0.0013243 -0.005 0.134102
    endloop
  endfacet
  facet normal 0 -1 0
    outer loop
      vertex 0.0013243 -0.005 0.110898
      vertex 0.00141362 -0.005 0.110749
      vertex 0.000671823 -0.005 0.133548
    endloop
  endfacet
  facet normal 0 -1 0
    outer loop
      vertex 0.00141362 -0.005 0.110749
      vertex 0.00148636 -0.005 0.110592
      vertex 0.000671823 -0.005 0.133548
    endloop
  endfacet
  facet normal 0 -1 0
    outer loop
      vertex 0.000671823 -0.005 0.133548
      vertex 0.00148636 -0.005 0.110592
      vertex 0.00154168 -0.005 0.110428
    endloop
  endfacet
  facet normal 0 -1 0
    outer loop
      vertex 0.00157892 -0.005 0.109741
      vertex 0.00154168 -0.005 0.109572
      vertex 0.008 -0.005 0.015
    endloop
  endfacet
  facet normal 0 -1 0
    outer loop
      vertex 0.00154168 -0.005 0.109572
      vertex 0.00148636 -0.005 0.109408
      vertex 0.008 -0.005 0.015
    endloop
  endfacet
  facet normal 0 -1 0
    outer loop
      vertex -0.00157892 -0.005 0.109741
      vertex -0.00159765 -0.005 0.109913
      vertex -0.008 -0.005 0.015
    endloop
  endfacet
  facet normal 0 -1 0
    outer loop
      vertex -0.00159765 -0.005 0.109913
      vertex -0.00159765 -0.005 0.110087
      vertex -0.008 -0.005 0.015
    endloop
  endfacet
  facet normal 0 -1 0
    outer loop
      vertex -0.008 -0.005 0.015
      vertex -0.00159765 -0.005 0.110087
      vertex -0.00017299 -0.005 0.133409
    endloop
  endfacet
  facet normal 0 -1 0
    outer loop
      vertex -0.00159765 -0.005 0.110087
      vertex -0.00157892 -0.005 0.110259
      vertex -0.00017299 -0.005 0.133409
    endloop
  endfacet
  facet normal 0 -1 0
    outer loop
      vertex -0.00017299 -0.005 0.133409
      vertex -0.00157892 -0.005 0.110259
      vertex -0.00154168 -0.005 0.110428
    endloop
  endfacet
  facet normal 0 -1 0
    outer loop
      vertex 0.00148636 -0.005 0.109408
      vertex 0.00141362 -0.005 0.109251
      vertex 0.008 -0.005 0.015
    endloop
  endfacet
  facet normal 0 -1 0
    outer loop
      vertex 0.00141362 -0.005 0.109251
      vertex 0.0013243 -0.005 0.109102
      vertex 0.008 -0.005 0.015
    endloop
  endfacet
  facet normal 0 -1 0
    outer loop
      vertex 0.008 -0.005 0.015
      vertex 0.0013243 -0.005 0.109102
      vertex 0.00121946 -0.005 0.108964
    endloop
  endfacet
  facet normal 0 -1 0
    outer loop
      vertex 0.00154168 -0.005 0.110428
      vertex 0.00157892 -0.005 0.110259
      vertex 0.000671823 -0.005 0.133548
    endloop
  endfacet
  facet normal 0 -1 0
    outer loop
      vertex 0.00157892 -0.005 0.110259
      vertex 0.00159765 -0.005 0.110087
      vertex 0.000671823 -0.005 0.133548
    endloop
  endfacet
  facet normal 0 -1 0
    outer loop
      vertex 0.000671823 -0.005 0.133548
      vertex 0.00159765 -0.005 0.110087
      vertex 0.008 -0.005 0.015
    endloop
  endfacet
  facet normal 0 -1 0
    outer loop
      vertex 0.00159765 -0.005 0.110087
      vertex 0.00159765 -0.005 0.109913
      vertex 0.008 -0.005 0.015
    endloop
  endfacet
  facet normal 0 -1 0
    outer loop
      vertex 0.008 -0.005 0.015
      vertex 0.00159765 -0.005 0.109913
      vertex 0.00157892 -0.005 0.109741
    endloop
  endfacet
endsolid Mesh
