solid Mesh
  facet normal 0.99863 0.0523317 0
    outer loop
      vertex 0.0364131 0.0382409 0.02
      vertex 0.0364131 0.0382409 0.025
      vertex 0.0364405 0.0377182 0.02
    endloop
  endfacet
  facet normal 0.99863 0.0523317 0
    outer loop
      vertex 0.0364131 0.0382409 0.025
      vertex 0.0364405 0.0377182 0.025
      vertex 0.0364405 0.0377182 0.02
    endloop
  endfacet
  facet normal 0.987688 0.156434 0
    outer loop
      vertex 0.0364405 0.0377182 0.02
      vertex 0.0364405 0.0377182 0.025
      vertex 0.0365223 0.0372013 0.02
    endloop
  endfacet
  facet normal 0.987688 0.156434 0
    outer loop
      vertex 0.0364405 0.0377182 0.025
      vertex 0.0365223 0.0372013 0.025
      vertex 0.0365223 0.0372013 0.02
    endloop
  endfacet
  facet normal 0.965926 0.258817 0
    outer loop
      vertex 0.0365223 0.0372013 0.02
      vertex 0.0365223 0.0372013 0.025
      vertex 0.0366578 0.0366958 0.02
    endloop
  endfacet
  facet normal 0.965926 0.258817 0
    outer loop
      vertex 0.0365223 0.0372013 0.025
      vertex 0.0366578 0.0366958 0.025
      vertex 0.0366578 0.0366958 0.02
    endloop
  endfacet
  facet normal 0.933579 0.358371 0
    outer loop
      vertex 0.0366578 0.0366958 0.02
      vertex 0.0366578 0.0366958 0.025
      vertex 0.0368454 0.0362072 0.02
    endloop
  endfacet
  facet normal 0.933579 0.358371 0
    outer loop
      vertex 0.0366578 0.0366958 0.025
      vertex 0.0368454 0.0362072 0.025
      vertex 0.0368454 0.0362072 0.02
    endloop
  endfacet
  facet normal 0.891008 0.453988 0
    outer loop
      vertex 0.0368454 0.0362072 0.02
      vertex 0.0368454 0.0362072 0.025
      vertex 0.037083 0.0357409 0.02
    endloop
  endfacet
  facet normal 0.891008 0.453988 0
    outer loop
      vertex 0.0368454 0.0362072 0.025
      vertex 0.037083 0.0357409 0.025
      vertex 0.037083 0.0357409 0.02
    endloop
  endfacet
  facet normal 0.838668 0.544643 0
    outer loop
      vertex 0.037083 0.0357409 0.02
      vertex 0.037083 0.0357409 0.025
      vertex 0.037368 0.035302 0.02
    endloop
  endfacet
  facet normal 0.838668 0.544643 0
    outer loop
      vertex 0.037083 0.0357409 0.025
      vertex 0.037368 0.035302 0.025
      vertex 0.037368 0.035302 0.02
    endloop
  endfacet
  facet normal 0.777147 0.629319 0
    outer loop
      vertex 0.037368 0.035302 0.02
      vertex 0.037368 0.035302 0.025
      vertex 0.0376974 0.0348952 0.02
    endloop
  endfacet
  facet normal 0.777147 0.629319 0
    outer loop
      vertex 0.037368 0.035302 0.025
      vertex 0.0376974 0.0348952 0.025
      vertex 0.0376974 0.0348952 0.02
    endloop
  endfacet
  facet normal 0.707107 0.707107 0
    outer loop
      vertex 0.0376974 0.0348952 0.02
      vertex 0.0376974 0.0348952 0.025
      vertex 0.0380674 0.0345252 0.02
    endloop
  endfacet
  facet normal 0.707107 0.707107 0
    outer loop
      vertex 0.0376974 0.0348952 0.025
      vertex 0.0380674 0.0345252 0.025
      vertex 0.0380674 0.0345252 0.02
    endloop
  endfacet
  facet normal 0.629319 0.777147 0
    outer loop
      vertex 0.0380674 0.0345252 0.02
      vertex 0.0380674 0.0345252 0.025
      vertex 0.0384742 0.0341958 0.02
    endloop
  endfacet
  facet normal 0.629319 0.777147 0
    outer loop
      vertex 0.0380674 0.0345252 0.025
      vertex 0.0384742 0.0341958 0.025
      vertex 0.0384742 0.0341958 0.02
    endloop
  endfacet
  facet normal 0.544643 0.838668 0
    outer loop
      vertex 0.0384742 0.0341958 0.02
      vertex 0.0384742 0.0341958 0.025
      vertex 0.0389131 0.0339108 0.02
    endloop
  endfacet
  facet normal 0.544643 0.838668 0
    outer loop
      vertex 0.0384742 0.0341958 0.025
      vertex 0.0389131 0.0339108 0.025
      vertex 0.0389131 0.0339108 0.02
    endloop
  endfacet
  facet normal 0.453988 0.891008 0
    outer loop
      vertex 0.0389131 0.0339108 0.02
      vertex 0.0389131 0.0339108 0.025
      vertex 0.0393794 0.0336732 0.02
    endloop
  endfacet
  facet normal 0.453988 0.891008 0
    outer loop
      vertex 0.0389131 0.0339108 0.025
      vertex 0.0393794 0.0336732 0.025
      vertex 0.0393794 0.0336732 0.02
    endloop
  endfacet
  facet normal 0.358365 0.933582 0
    outer loop
      vertex 0.0393794 0.0336732 0.02
      vertex 0.0393794 0.0336732 0.025
      vertex 0.039868 0.0334856 0.02
    endloop
  endfacet
  facet normal 0.358365 0.933582 0
    outer loop
      vertex 0.0393794 0.0336732 0.025
      vertex 0.039868 0.0334856 0.025
      vertex 0.039868 0.0334856 0.02
    endloop
  endfacet
  facet normal 0.258819 0.965926 0
    outer loop
      vertex 0.039868 0.0334856 0.02
      vertex 0.039868 0.0334856 0.025
      vertex 0.0403735 0.0333501 0.02
    endloop
  endfacet
  facet normal 0.258819 0.965926 0
    outer loop
      vertex 0.039868 0.0334856 0.025
      vertex 0.0403735 0.0333501 0.025
      vertex 0.0403735 0.0333501 0.02
    endloop
  endfacet
  facet normal 0.15644 0.987688 0
    outer loop
      vertex 0.0403735 0.0333501 0.02
      vertex 0.0403735 0.0333501 0.025
      vertex 0.0408904 0.0332683 0.02
    endloop
  endfacet
  facet normal 0.15644 0.987688 0
    outer loop
      vertex 0.0403735 0.0333501 0.025
      vertex 0.0408904 0.0332683 0.025
      vertex 0.0408904 0.0332683 0.02
    endloop
  endfacet
  facet normal 0.0523317 0.99863 0
    outer loop
      vertex 0.0408904 0.0332683 0.02
      vertex 0.0408904 0.0332683 0.025
      vertex 0.0414131 0.0332409 0.02
    endloop
  endfacet
  facet normal 0.0523317 0.99863 0
    outer loop
      vertex 0.0408904 0.0332683 0.025
      vertex 0.0414131 0.0332409 0.025
      vertex 0.0414131 0.0332409 0.02
    endloop
  endfacet
  facet normal 0 1 0
    outer loop
      vertex 0.044432 0.0332409 0.025
      vertex 0.044432 0.0332409 0.02
      vertex 0.0414131 0.0332409 0.025
    endloop
  endfacet
  facet normal 0 1 0
    outer loop
      vertex 0.044432 0.0332409 0.02
      vertex 0.0414131 0.0332409 0.02
      vertex 0.0414131 0.0332409 0.025
    endloop
  endfacet
  facet normal -0.998629 0.0523388 0
    outer loop
      vertex -0.0425869 0.0382409 0.025
      vertex -0.0425869 0.0382409 0.02
      vertex -0.0426143 0.0377182 0.025
    endloop
  endfacet
  facet normal -0.998629 0.0523388 0
    outer loop
      vertex -0.0425869 0.0382409 0.02
      vertex -0.0426143 0.0377182 0.02
      vertex -0.0426143 0.0377182 0.025
    endloop
  endfacet
  facet normal -0.987688 0.156434 0
    outer loop
      vertex -0.0426143 0.0377182 0.025
      vertex -0.0426143 0.0377182 0.02
      vertex -0.0426962 0.0372013 0.025
    endloop
  endfacet
  facet normal -0.987688 0.156434 0
    outer loop
      vertex -0.0426143 0.0377182 0.02
      vertex -0.0426962 0.0372013 0.02
      vertex -0.0426962 0.0372013 0.025
    endloop
  endfacet
  facet normal -0.965926 0.258817 0
    outer loop
      vertex -0.0426962 0.0372013 0.025
      vertex -0.0426962 0.0372013 0.02
      vertex -0.0428316 0.0366958 0.025
    endloop
  endfacet
  facet normal -0.965926 0.258817 0
    outer loop
      vertex -0.0426962 0.0372013 0.02
      vertex -0.0428316 0.0366958 0.02
      vertex -0.0428316 0.0366958 0.025
    endloop
  endfacet
  facet normal -0.933579 0.358371 0
    outer loop
      vertex -0.0428316 0.0366958 0.025
      vertex -0.0428316 0.0366958 0.02
      vertex -0.0430192 0.0362072 0.025
    endloop
  endfacet
  facet normal -0.933579 0.358371 0
    outer loop
      vertex -0.0428316 0.0366958 0.02
      vertex -0.0430192 0.0362072 0.02
      vertex -0.0430192 0.0362072 0.025
    endloop
  endfacet
  facet normal -0.891008 0.453988 0
    outer loop
      vertex -0.0430192 0.0362072 0.025
      vertex -0.0430192 0.0362072 0.02
      vertex -0.0432568 0.0357409 0.025
    endloop
  endfacet
  facet normal -0.891008 0.453988 0
    outer loop
      vertex -0.0430192 0.0362072 0.02
      vertex -0.0432568 0.0357409 0.02
      vertex -0.0432568 0.0357409 0.025
    endloop
  endfacet
  facet normal -0.838668 0.544643 0
    outer loop
      vertex -0.0432568 0.0357409 0.025
      vertex -0.0432568 0.0357409 0.02
      vertex -0.0435418 0.035302 0.025
    endloop
  endfacet
  facet normal -0.838668 0.544643 0
    outer loop
      vertex -0.0432568 0.0357409 0.02
      vertex -0.0435418 0.035302 0.02
      vertex -0.0435418 0.035302 0.025
    endloop
  endfacet
  facet normal -0.777147 0.629319 0
    outer loop
      vertex -0.0435418 0.035302 0.025
      vertex -0.0435418 0.035302 0.02
      vertex -0.0438712 0.0348952 0.025
    endloop
  endfacet
  facet normal -0.777147 0.629319 0
    outer loop
      vertex -0.0435418 0.035302 0.02
      vertex -0.0438712 0.0348952 0.02
      vertex -0.0438712 0.0348952 0.025
    endloop
  endfacet
  facet normal -0.707107 0.707107 0
    outer loop
      vertex -0.0438712 0.0348952 0.025
      vertex -0.0438712 0.0348952 0.02
      vertex -0.0442413 0.0345252 0.025
    endloop
  endfacet
  facet normal -0.707107 0.707107 0
    outer loop
      vertex -0.0438712 0.0348952 0.02
      vertex -0.0442413 0.0345252 0.02
      vertex -0.0442413 0.0345252 0.025
    endloop
  endfacet
  facet normal -0.629319 0.777147 0
    outer loop
      vertex -0.0442413 0.0345252 0.025
      vertex -0.0442413 0.0345252 0.02
      vertex -0.044648 0.0341958 0.025
    endloop
  endfacet
  facet normal -0.629319 0.777147 0
    outer loop
      vertex -0.0442413 0.0345252 0.02
      vertex -0.044648 0.0341958 0.02
      vertex -0.044648 0.0341958 0.025
    endloop
  endfacet
  facet normal -0.544643 0.838668 0
    outer loop
      vertex -0.044648 0.0341958 0.025
      vertex -0.044648 0.0341958 0.02
      vertex -0.0450869 0.0339108 0.025
    endloop
  endfacet
  facet normal -0.544643 0.838668 0
    outer loop
      vertex -0.044648 0.0341958 0.02
      vertex -0.0450869 0.0339108 0.02
      vertex -0.0450869 0.0339108 0.025
    endloop
  endfacet
  facet normal -0.453988 0.891008 0
    outer loop
      vertex -0.0450869 0.0339108 0.025
      vertex -0.0450869 0.0339108 0.02
      vertex -0.0455532 0.0336732 0.025
    endloop
  endfacet
  facet normal -0.453988 0.891008 0
    outer loop
      vertex -0.0450869 0.0339108 0.02
      vertex -0.0455532 0.0336732 0.02
      vertex -0.0455532 0.0336732 0.025
    endloop
  endfacet
  facet normal -0.358365 0.933582 0
    outer loop
      vertex -0.0455532 0.0336732 0.025
      vertex -0.0455532 0.0336732 0.02
      vertex -0.0460418 0.0334856 0.025
    endloop
  endfacet
  facet normal -0.358365 0.933582 0
    outer loop
      vertex -0.0455532 0.0336732 0.02
      vertex -0.0460418 0.0334856 0.02
      vertex -0.0460418 0.0334856 0.025
    endloop
  endfacet
  facet normal -0.258819 0.965926 0
    outer loop
      vertex -0.0460418 0.0334856 0.025
      vertex -0.0460418 0.0334856 0.02
      vertex -0.0465474 0.0333501 0.025
    endloop
  endfacet
  facet normal -0.258819 0.965926 0
    outer loop
      vertex -0.0460418 0.0334856 0.02
      vertex -0.0465474 0.0333501 0.02
      vertex -0.0465474 0.0333501 0.025
    endloop
  endfacet
  facet normal -0.15644 0.987688 0
    outer loop
      vertex -0.0465474 0.0333501 0.025
      vertex -0.0465474 0.0333501 0.02
      vertex -0.0470643 0.0332683 0.025
    endloop
  endfacet
  facet normal -0.15644 0.987688 0
    outer loop
      vertex -0.0465474 0.0333501 0.02
      vertex -0.0470643 0.0332683 0.02
      vertex -0.0470643 0.0332683 0.025
    endloop
  endfacet
  facet normal -0.0523317 0.99863 0
    outer loop
      vertex -0.0470643 0.0332683 0.025
      vertex -0.0470643 0.0332683 0.02
      vertex -0.0475869 0.0332409 0.025
    endloop
  endfacet
  facet normal -0.0523317 0.99863 0
    outer loop
      vertex -0.0470643 0.0332683 0.02
      vertex -0.0475869 0.0332409 0.02
      vertex -0.0475869 0.0332409 0.025
    endloop
  endfacet
  facet normal -1 0 0
    outer loop
      vertex -0.0425869 0.0384675 0.02
      vertex -0.0425869 0.0382409 0.02
      vertex -0.0425869 0.0382409 0.025
    endloop
  endfacet
  facet normal -1 0 0
    outer loop
      vertex -0.0425869 0.0108806 0.025
      vertex -0.0425869 0.0108806 0.045
      vertex -0.0425869 0.0382409 0.025
    endloop
  endfacet
  facet normal -1 0 0
    outer loop
      vertex -0.0425869 0.0108806 0.045
      vertex -0.0425869 0.0384675 0.045
      vertex -0.0425869 0.0382409 0.025
    endloop
  endfacet
  facet normal -1 0 0
    outer loop
      vertex -0.0425869 0.0382409 0.025
      vertex -0.0425869 0.0384675 0.045
      vertex -0.0425869 0.0384675 0.02
    endloop
  endfacet
  facet normal -0.998629 -0.0523388 0
    outer loop
      vertex -0.0425869 -0.0342591 0.02
      vertex -0.0425869 -0.0342591 0.025
      vertex -0.0426143 -0.0337365 0.02
    endloop
  endfacet
  facet normal -0.998629 -0.0523388 0
    outer loop
      vertex -0.0425869 -0.0342591 0.025
      vertex -0.0426143 -0.0337365 0.025
      vertex -0.0426143 -0.0337365 0.02
    endloop
  endfacet
  facet normal -0.987689 -0.156433 0
    outer loop
      vertex -0.0426143 -0.0337365 0.02
      vertex -0.0426143 -0.0337365 0.025
      vertex -0.0426962 -0.0332196 0.02
    endloop
  endfacet
  facet normal -0.987689 -0.156433 0
    outer loop
      vertex -0.0426143 -0.0337365 0.025
      vertex -0.0426962 -0.0332196 0.025
      vertex -0.0426962 -0.0332196 0.02
    endloop
  endfacet
  facet normal -0.965926 -0.258819 0
    outer loop
      vertex -0.0426962 -0.0332196 0.02
      vertex -0.0426962 -0.0332196 0.025
      vertex -0.0428316 -0.032714 0.02
    endloop
  endfacet
  facet normal -0.965926 -0.258819 0
    outer loop
      vertex -0.0426962 -0.0332196 0.025
      vertex -0.0428316 -0.032714 0.025
      vertex -0.0428316 -0.032714 0.02
    endloop
  endfacet
  facet normal -0.933579 -0.358371 0
    outer loop
      vertex -0.0428316 -0.032714 0.02
      vertex -0.0428316 -0.032714 0.025
      vertex -0.0430192 -0.0322254 0.02
    endloop
  endfacet
  facet normal -0.933579 -0.358371 0
    outer loop
      vertex -0.0428316 -0.032714 0.025
      vertex -0.0430192 -0.0322254 0.025
      vertex -0.0430192 -0.0322254 0.02
    endloop
  endfacet
  facet normal -0.891008 -0.453988 0
    outer loop
      vertex -0.0430192 -0.0322254 0.02
      vertex -0.0430192 -0.0322254 0.025
      vertex -0.0432568 -0.0317591 0.02
    endloop
  endfacet
  facet normal -0.891008 -0.453988 0
    outer loop
      vertex -0.0430192 -0.0322254 0.025
      vertex -0.0432568 -0.0317591 0.025
      vertex -0.0432568 -0.0317591 0.02
    endloop
  endfacet
  facet normal -0.838668 -0.544643 0
    outer loop
      vertex -0.0432568 -0.0317591 0.02
      vertex -0.0432568 -0.0317591 0.025
      vertex -0.0435418 -0.0313202 0.02
    endloop
  endfacet
  facet normal -0.838668 -0.544643 0
    outer loop
      vertex -0.0432568 -0.0317591 0.025
      vertex -0.0435418 -0.0313202 0.025
      vertex -0.0435418 -0.0313202 0.02
    endloop
  endfacet
  facet normal -0.777148 -0.629318 0
    outer loop
      vertex -0.0435418 -0.0313202 0.02
      vertex -0.0435418 -0.0313202 0.025
      vertex -0.0438712 -0.0309135 0.02
    endloop
  endfacet
  facet normal -0.777148 -0.629318 0
    outer loop
      vertex -0.0435418 -0.0313202 0.025
      vertex -0.0438712 -0.0309135 0.025
      vertex -0.0438712 -0.0309135 0.02
    endloop
  endfacet
  facet normal -0.707107 -0.707107 0
    outer loop
      vertex -0.0438712 -0.0309135 0.02
      vertex -0.0438712 -0.0309135 0.025
      vertex -0.0442413 -0.0305434 0.02
    endloop
  endfacet
  facet normal -0.707107 -0.707107 0
    outer loop
      vertex -0.0438712 -0.0309135 0.025
      vertex -0.0442413 -0.0305434 0.025
      vertex -0.0442413 -0.0305434 0.02
    endloop
  endfacet
  facet normal -0.629319 -0.777147 0
    outer loop
      vertex -0.0442413 -0.0305434 0.02
      vertex -0.0442413 -0.0305434 0.025
      vertex -0.044648 -0.030214 0.02
    endloop
  endfacet
  facet normal -0.629319 -0.777147 0
    outer loop
      vertex -0.0442413 -0.0305434 0.025
      vertex -0.044648 -0.030214 0.025
      vertex -0.044648 -0.030214 0.02
    endloop
  endfacet
  facet normal -0.544641 -0.838669 0
    outer loop
      vertex -0.044648 -0.030214 0.02
      vertex -0.044648 -0.030214 0.025
      vertex -0.0450869 -0.029929 0.02
    endloop
  endfacet
  facet normal -0.544641 -0.838669 0
    outer loop
      vertex -0.044648 -0.030214 0.025
      vertex -0.0450869 -0.029929 0.025
      vertex -0.0450869 -0.029929 0.02
    endloop
  endfacet
  facet normal -0.453991 -0.891006 0
    outer loop
      vertex -0.0450869 -0.029929 0.02
      vertex -0.0450869 -0.029929 0.025
      vertex -0.0455532 -0.0296914 0.02
    endloop
  endfacet
  facet normal -0.453991 -0.891006 0
    outer loop
      vertex -0.0450869 -0.029929 0.025
      vertex -0.0455532 -0.0296914 0.025
      vertex -0.0455532 -0.0296914 0.02
    endloop
  endfacet
  facet normal -0.358368 -0.93358 0
    outer loop
      vertex -0.0455532 -0.0296914 0.02
      vertex -0.0455532 -0.0296914 0.025
      vertex -0.0460418 -0.0295038 0.02
    endloop
  endfacet
  facet normal -0.358368 -0.93358 0
    outer loop
      vertex -0.0455532 -0.0296914 0.025
      vertex -0.0460418 -0.0295038 0.025
      vertex -0.0460418 -0.0295038 0.02
    endloop
  endfacet
  facet normal -0.258819 -0.965926 0
    outer loop
      vertex -0.0460418 -0.0295038 0.02
      vertex -0.0460418 -0.0295038 0.025
      vertex -0.0465474 -0.0293684 0.02
    endloop
  endfacet
  facet normal -0.258819 -0.965926 0
    outer loop
      vertex -0.0460418 -0.0295038 0.025
      vertex -0.0465474 -0.0293684 0.025
      vertex -0.0465474 -0.0293684 0.02
    endloop
  endfacet
  facet normal -0.156433 -0.987689 0
    outer loop
      vertex -0.0465474 -0.0293684 0.02
      vertex -0.0465474 -0.0293684 0.025
      vertex -0.0470643 -0.0292865 0.02
    endloop
  endfacet
  facet normal -0.156433 -0.987689 0
    outer loop
      vertex -0.0465474 -0.0293684 0.025
      vertex -0.0470643 -0.0292865 0.025
      vertex -0.0470643 -0.0292865 0.02
    endloop
  endfacet
  facet normal -0.0523388 -0.998629 0
    outer loop
      vertex -0.0470643 -0.0292865 0.02
      vertex -0.0470643 -0.0292865 0.025
      vertex -0.0475869 -0.0292591 0.02
    endloop
  endfacet
  facet normal -0.0523388 -0.998629 0
    outer loop
      vertex -0.0470643 -0.0292865 0.025
      vertex -0.0475869 -0.0292591 0.025
      vertex -0.0475869 -0.0292591 0.02
    endloop
  endfacet
  facet normal 0 -1 0
    outer loop
      vertex -0.056068 -0.0292591 0.025
      vertex -0.056068 -0.0292591 0.02
      vertex -0.0475869 -0.0292591 0.025
    endloop
  endfacet
  facet normal 0 -1 0
    outer loop
      vertex -0.056068 -0.0292591 0.02
      vertex -0.0475869 -0.0292591 0.02
      vertex -0.0475869 -0.0292591 0.025
    endloop
  endfacet
  facet normal 0.99863 -0.0523317 0
    outer loop
      vertex 0.0364131 -0.0342591 0.025
      vertex 0.0364131 -0.0342591 0.02
      vertex 0.0364405 -0.0337365 0.025
    endloop
  endfacet
  facet normal 0.99863 -0.0523317 0
    outer loop
      vertex 0.0364131 -0.0342591 0.02
      vertex 0.0364405 -0.0337365 0.02
      vertex 0.0364405 -0.0337365 0.025
    endloop
  endfacet
  facet normal 0.987689 -0.156433 0
    outer loop
      vertex 0.0364405 -0.0337365 0.025
      vertex 0.0364405 -0.0337365 0.02
      vertex 0.0365223 -0.0332196 0.025
    endloop
  endfacet
  facet normal 0.987689 -0.156433 0
    outer loop
      vertex 0.0364405 -0.0337365 0.02
      vertex 0.0365223 -0.0332196 0.02
      vertex 0.0365223 -0.0332196 0.025
    endloop
  endfacet
  facet normal 0.965926 -0.258819 0
    outer loop
      vertex 0.0365223 -0.0332196 0.025
      vertex 0.0365223 -0.0332196 0.02
      vertex 0.0366578 -0.032714 0.025
    endloop
  endfacet
  facet normal 0.965926 -0.258819 0
    outer loop
      vertex 0.0365223 -0.0332196 0.02
      vertex 0.0366578 -0.032714 0.02
      vertex 0.0366578 -0.032714 0.025
    endloop
  endfacet
  facet normal 0.933579 -0.358371 0
    outer loop
      vertex 0.0366578 -0.032714 0.025
      vertex 0.0366578 -0.032714 0.02
      vertex 0.0368454 -0.0322254 0.025
    endloop
  endfacet
  facet normal 0.933579 -0.358371 0
    outer loop
      vertex 0.0366578 -0.032714 0.02
      vertex 0.0368454 -0.0322254 0.02
      vertex 0.0368454 -0.0322254 0.025
    endloop
  endfacet
  facet normal 0.891008 -0.453988 0
    outer loop
      vertex 0.0368454 -0.0322254 0.025
      vertex 0.0368454 -0.0322254 0.02
      vertex 0.037083 -0.0317591 0.025
    endloop
  endfacet
  facet normal 0.891008 -0.453988 0
    outer loop
      vertex 0.0368454 -0.0322254 0.02
      vertex 0.037083 -0.0317591 0.02
      vertex 0.037083 -0.0317591 0.025
    endloop
  endfacet
  facet normal 0.838668 -0.544643 0
    outer loop
      vertex 0.037083 -0.0317591 0.025
      vertex 0.037083 -0.0317591 0.02
      vertex 0.037368 -0.0313202 0.025
    endloop
  endfacet
  facet normal 0.838668 -0.544643 0
    outer loop
      vertex 0.037083 -0.0317591 0.02
      vertex 0.037368 -0.0313202 0.02
      vertex 0.037368 -0.0313202 0.025
    endloop
  endfacet
  facet normal 0.777148 -0.629318 0
    outer loop
      vertex 0.037368 -0.0313202 0.025
      vertex 0.037368 -0.0313202 0.02
      vertex 0.0376974 -0.0309135 0.025
    endloop
  endfacet
  facet normal 0.777148 -0.629318 0
    outer loop
      vertex 0.037368 -0.0313202 0.02
      vertex 0.0376974 -0.0309135 0.02
      vertex 0.0376974 -0.0309135 0.025
    endloop
  endfacet
  facet normal 0.707107 -0.707107 0
    outer loop
      vertex 0.0376974 -0.0309135 0.025
      vertex 0.0376974 -0.0309135 0.02
      vertex 0.0380674 -0.0305434 0.025
    endloop
  endfacet
  facet normal 0.707107 -0.707107 0
    outer loop
      vertex 0.0376974 -0.0309135 0.02
      vertex 0.0380674 -0.0305434 0.02
      vertex 0.0380674 -0.0305434 0.025
    endloop
  endfacet
  facet normal 0.629319 -0.777147 0
    outer loop
      vertex 0.0380674 -0.0305434 0.025
      vertex 0.0380674 -0.0305434 0.02
      vertex 0.0384742 -0.030214 0.025
    endloop
  endfacet
  facet normal 0.629319 -0.777147 0
    outer loop
      vertex 0.0380674 -0.0305434 0.02
      vertex 0.0384742 -0.030214 0.02
      vertex 0.0384742 -0.030214 0.025
    endloop
  endfacet
  facet normal 0.544641 -0.838669 0
    outer loop
      vertex 0.0384742 -0.030214 0.025
      vertex 0.0384742 -0.030214 0.02
      vertex 0.0389131 -0.029929 0.025
    endloop
  endfacet
  facet normal 0.544641 -0.838669 0
    outer loop
      vertex 0.0384742 -0.030214 0.02
      vertex 0.0389131 -0.029929 0.02
      vertex 0.0389131 -0.029929 0.025
    endloop
  endfacet
  facet normal 0.453991 -0.891006 0
    outer loop
      vertex 0.0389131 -0.029929 0.025
      vertex 0.0389131 -0.029929 0.02
      vertex 0.0393794 -0.0296914 0.025
    endloop
  endfacet
  facet normal 0.453991 -0.891006 0
    outer loop
      vertex 0.0389131 -0.029929 0.02
      vertex 0.0393794 -0.0296914 0.02
      vertex 0.0393794 -0.0296914 0.025
    endloop
  endfacet
  facet normal 0.358368 -0.93358 0
    outer loop
      vertex 0.0393794 -0.0296914 0.025
      vertex 0.0393794 -0.0296914 0.02
      vertex 0.039868 -0.0295038 0.025
    endloop
  endfacet
  facet normal 0.358368 -0.93358 0
    outer loop
      vertex 0.0393794 -0.0296914 0.02
      vertex 0.039868 -0.0295038 0.02
      vertex 0.039868 -0.0295038 0.025
    endloop
  endfacet
  facet normal 0.258819 -0.965926 0
    outer loop
      vertex 0.039868 -0.0295038 0.025
      vertex 0.039868 -0.0295038 0.02
      vertex 0.0403735 -0.0293684 0.025
    endloop
  endfacet
  facet normal 0.258819 -0.965926 0
    outer loop
      vertex 0.039868 -0.0295038 0.02
      vertex 0.0403735 -0.0293684 0.02
      vertex 0.0403735 -0.0293684 0.025
    endloop
  endfacet
  facet normal 0.156433 -0.987689 0
    outer loop
      vertex 0.0403735 -0.0293684 0.025
      vertex 0.0403735 -0.0293684 0.02
      vertex 0.0408904 -0.0292865 0.025
    endloop
  endfacet
  facet normal 0.156433 -0.987689 0
    outer loop
      vertex 0.0403735 -0.0293684 0.02
      vertex 0.0408904 -0.0292865 0.02
      vertex 0.0408904 -0.0292865 0.025
    endloop
  endfacet
  facet normal 0.0523388 -0.998629 0
    outer loop
      vertex 0.0408904 -0.0292865 0.025
      vertex 0.0408904 -0.0292865 0.02
      vertex 0.0414131 -0.0292591 0.025
    endloop
  endfacet
  facet normal 0.0523388 -0.998629 0
    outer loop
      vertex 0.0408904 -0.0292865 0.02
      vertex 0.0414131 -0.0292591 0.02
      vertex 0.0414131 -0.0292591 0.025
    endloop
  endfacet
  facet normal 1 0 0
    outer loop
      vertex 0.0364131 -0.0345019 0.02
      vertex 0.0364131 -0.0342591 0.02
      vertex 0.0364131 -0.0342591 0.025
    endloop
  endfacet
  facet normal 1 0 0
    outer loop
      vertex 0.0364131 -0.00801717 0.025
      vertex 0.0364131 -0.00801717 0.045
      vertex 0.0364131 -0.0342591 0.025
    endloop
  endfacet
  facet normal 1 0 0
    outer loop
      vertex 0.0364131 -0.00801717 0.045
      vertex 0.0364131 -0.0345019 0.045
      vertex 0.0364131 -0.0342591 0.025
    endloop
  endfacet
  facet normal 1 0 0
    outer loop
      vertex 0.0364131 -0.0342591 0.025
      vertex 0.0364131 -0.0345019 0.045
      vertex 0.0364131 -0.0345019 0.02
    endloop
  endfacet
  facet normal 1 0 0
    outer loop
      vertex -0.03 -0.0345019 0.04
      vertex -0.03 -0.0345019 0.035
      vertex -0.03 -0.0275019 0.04
    endloop
  endfacet
  facet normal 1 0 0
    outer loop
      vertex -0.03 -0.0345019 0.035
      vertex -0.03 -0.0275019 0.035
      vertex -0.03 -0.0275019 0.04
    endloop
  endfacet
  facet normal 1 0 0
    outer loop
      vertex -0.03 0.0384675 0.035
      vertex -0.03 0.0384675 0.04
      vertex -0.03 0.0314675 0.035
    endloop
  endfacet
  facet normal 1 0 0
    outer loop
      vertex -0.03 0.0384675 0.04
      vertex -0.03 0.0314675 0.04
      vertex -0.03 0.0314675 0.035
    endloop
  endfacet
  facet normal 0 0 -1
    outer loop
      vertex -0.025 -0.0345019 0.04
      vertex -0.03 -0.0345019 0.04
      vertex -0.025 -0.0275019 0.04
    endloop
  endfacet
  facet normal 0 0 -1
    outer loop
      vertex -0.03 -0.0345019 0.04
      vertex -0.03 -0.0275019 0.04
      vertex -0.025 -0.0275019 0.04
    endloop
  endfacet
  facet normal 0 0 -1
    outer loop
      vertex -0.03 0.0384675 0.04
      vertex -0.025 0.0384675 0.04
      vertex -0.03 0.0314675 0.04
    endloop
  endfacet
  facet normal 0 0 -1
    outer loop
      vertex -0.025 0.0384675 0.04
      vertex -0.025 0.0314675 0.04
      vertex -0.03 0.0314675 0.04
    endloop
  endfacet
  facet normal 0 0 1
    outer loop
      vertex -0.03 -0.0345019 0.035
      vertex -0.025 -0.0345019 0.035
      vertex -0.03 -0.0275019 0.035
    endloop
  endfacet
  facet normal 0 0 1
    outer loop
      vertex -0.025 -0.0345019 0.035
      vertex -0.025 -0.0275019 0.035
      vertex -0.03 -0.0275019 0.035
    endloop
  endfacet
  facet normal -1 0 0
    outer loop
      vertex -0.025 -0.0345019 0.035
      vertex -0.025 -0.0345019 0.04
      vertex -0.025 -0.0275019 0.035
    endloop
  endfacet
  facet normal -1 0 0
    outer loop
      vertex -0.025 -0.0345019 0.04
      vertex -0.025 -0.0275019 0.04
      vertex -0.025 -0.0275019 0.035
    endloop
  endfacet
  facet normal -1 0 0
    outer loop
      vertex -0.025 0.0384675 0.04
      vertex -0.025 0.0384675 0.035
      vertex -0.025 0.0314675 0.04
    endloop
  endfacet
  facet normal -1 0 0
    outer loop
      vertex -0.025 0.0384675 0.035
      vertex -0.025 0.0314675 0.035
      vertex -0.025 0.0314675 0.04
    endloop
  endfacet
  facet normal 0 0 1
    outer loop
      vertex -0.025 0.0384675 0.035
      vertex -0.03 0.0384675 0.035
      vertex -0.025 0.0314675 0.035
    endloop
  endfacet
  facet normal 0 0 1
    outer loop
      vertex -0.03 0.0384675 0.035
      vertex -0.03 0.0314675 0.035
      vertex -0.025 0.0314675 0.035
    endloop
  endfacet
  facet normal 1 0 0
    outer loop
      vertex -0.0355869 -0.00911938 0.045
      vertex -0.0355869 -0.0275019 0.045
      vertex -0.0355869 -0.00911938 0.025
    endloop
  endfacet
  facet normal 1 0 0
    outer loop
      vertex -0.0355869 -0.0275019 0.045
      vertex -0.0355869 -0.0275019 0.025
      vertex -0.0355869 -0.00911938 0.025
    endloop
  endfacet
  facet normal 0 1 0
    outer loop
      vertex -0.0425869 -0.00911938 0.045
      vertex -0.0355869 -0.00911938 0.045
      vertex -0.0425869 -0.00911938 0.025
    endloop
  endfacet
  facet normal 0 1 0
    outer loop
      vertex -0.0355869 -0.00911938 0.045
      vertex -0.0355869 -0.00911938 0.025
      vertex -0.0425869 -0.00911938 0.025
    endloop
  endfacet
  facet normal -1 0 0
    outer loop
      vertex -0.0425869 -0.0342591 0.02
      vertex -0.0425869 -0.0345019 0.02
      vertex -0.0425869 -0.0342591 0.025
    endloop
  endfacet
  facet normal -1 0 0
    outer loop
      vertex -0.0425869 -0.0345019 0.02
      vertex -0.0425869 -0.0345019 0.045
      vertex -0.0425869 -0.0342591 0.025
    endloop
  endfacet
  facet normal -1 0 0
    outer loop
      vertex -0.0425869 -0.0342591 0.025
      vertex -0.0425869 -0.0345019 0.045
      vertex -0.0425869 -0.00911938 0.025
    endloop
  endfacet
  facet normal -1 0 0
    outer loop
      vertex -0.0425869 -0.0345019 0.045
      vertex -0.0425869 -0.00911938 0.045
      vertex -0.0425869 -0.00911938 0.025
    endloop
  endfacet
  facet normal 0 -1 0
    outer loop
      vertex -0.025 -0.0345019 0.035
      vertex -0.03 -0.0345019 0.035
      vertex -0.0425869 -0.0345019 0.02
    endloop
  endfacet
  facet normal 0 -1 0
    outer loop
      vertex -0.025 -0.0345019 0.04
      vertex 0.0364131 -0.0345019 0.045
      vertex -0.0425869 -0.0345019 0.045
    endloop
  endfacet
  facet normal 0 -1 0
    outer loop
      vertex -0.0425869 -0.0345019 0.02
      vertex -0.03 -0.0345019 0.035
      vertex -0.0425869 -0.0345019 0.045
    endloop
  endfacet
  facet normal 0 -1 0
    outer loop
      vertex -0.03 -0.0345019 0.035
      vertex -0.03 -0.0345019 0.04
      vertex -0.0425869 -0.0345019 0.045
    endloop
  endfacet
  facet normal 0 -1 0
    outer loop
      vertex -0.0425869 -0.0345019 0.045
      vertex -0.03 -0.0345019 0.04
      vertex -0.025 -0.0345019 0.04
    endloop
  endfacet
  facet normal 0 -1 0
    outer loop
      vertex -0.0425869 -0.0345019 0.02
      vertex 0.0364131 -0.0345019 0.02
      vertex -0.025 -0.0345019 0.035
    endloop
  endfacet
  facet normal 0 -1 0
    outer loop
      vertex 0.0364131 -0.0345019 0.02
      vertex 0.0188262 -0.0345019 0.035
      vertex -0.025 -0.0345019 0.035
    endloop
  endfacet
  facet normal 0 -1 0
    outer loop
      vertex -0.025 -0.0345019 0.035
      vertex 0.0188262 -0.0345019 0.035
      vertex -0.025 -0.0345019 0.04
    endloop
  endfacet
  facet normal 0 -1 0
    outer loop
      vertex 0.0188262 -0.0345019 0.035
      vertex 0.0188262 -0.0345019 0.04
      vertex -0.025 -0.0345019 0.04
    endloop
  endfacet
  facet normal 0 -1 0
    outer loop
      vertex -0.025 -0.0345019 0.04
      vertex 0.0188262 -0.0345019 0.04
      vertex 0.0364131 -0.0345019 0.045
    endloop
  endfacet
  facet normal 0 -1 0
    outer loop
      vertex 0.0188262 -0.0345019 0.04
      vertex 0.0238262 -0.0345019 0.04
      vertex 0.0364131 -0.0345019 0.045
    endloop
  endfacet
  facet normal 0 -1 0
    outer loop
      vertex 0.0364131 -0.0345019 0.045
      vertex 0.0238262 -0.0345019 0.04
      vertex 0.0364131 -0.0345019 0.02
    endloop
  endfacet
  facet normal 0 -1 0
    outer loop
      vertex 0.0238262 -0.0345019 0.04
      vertex 0.0238262 -0.0345019 0.035
      vertex 0.0364131 -0.0345019 0.02
    endloop
  endfacet
  facet normal 0 -1 0
    outer loop
      vertex 0.0364131 -0.0345019 0.02
      vertex 0.0238262 -0.0345019 0.035
      vertex 0.0188262 -0.0345019 0.035
    endloop
  endfacet
  facet normal 0 1 0
    outer loop
      vertex 0.0294131 -0.00801717 0.045
      vertex 0.0364131 -0.00801717 0.045
      vertex 0.0294131 -0.00801717 0.025
    endloop
  endfacet
  facet normal 0 1 0
    outer loop
      vertex 0.0364131 -0.00801717 0.045
      vertex 0.0364131 -0.00801717 0.025
      vertex 0.0294131 -0.00801717 0.025
    endloop
  endfacet
  facet normal 0 0 1
    outer loop
      vertex -0.0355869 -0.00911938 0.045
      vertex -0.0425869 -0.00911938 0.045
      vertex -0.0355869 -0.0275019 0.045
    endloop
  endfacet
  facet normal 0 0 1
    outer loop
      vertex -0.0425869 -0.00911938 0.045
      vertex -0.0425869 -0.0345019 0.045
      vertex -0.0355869 -0.0275019 0.045
    endloop
  endfacet
  facet normal 0 0 1
    outer loop
      vertex -0.0355869 -0.0275019 0.045
      vertex -0.0425869 -0.0345019 0.045
      vertex 0.0294131 -0.0275019 0.045
    endloop
  endfacet
  facet normal 0 0 1
    outer loop
      vertex -0.0425869 -0.0345019 0.045
      vertex 0.0364131 -0.0345019 0.045
      vertex 0.0294131 -0.0275019 0.045
    endloop
  endfacet
  facet normal 0 0 1
    outer loop
      vertex 0.0294131 -0.0275019 0.045
      vertex 0.0364131 -0.0345019 0.045
      vertex 0.0294131 -0.00801717 0.045
    endloop
  endfacet
  facet normal 0 0 1
    outer loop
      vertex 0.0364131 -0.0345019 0.045
      vertex 0.0364131 -0.00801717 0.045
      vertex 0.0294131 -0.00801717 0.045
    endloop
  endfacet
  facet normal 0 -1 0
    outer loop
      vertex 0.044432 -0.0292591 0.02
      vertex 0.044432 -0.0292591 0.025
      vertex 0.0414131 -0.0292591 0.02
    endloop
  endfacet
  facet normal 0 -1 0
    outer loop
      vertex 0.044432 -0.0292591 0.025
      vertex 0.0414131 -0.0292591 0.025
      vertex 0.0414131 -0.0292591 0.02
    endloop
  endfacet
  facet normal -0.0523351 -0.99863 0
    outer loop
      vertex -0.056068 -0.0292591 0.02
      vertex -0.056068 -0.0292591 0.025
      vertex -0.0564861 -0.0292372 0.025
    endloop
  endfacet
  facet normal -0.0523351 -0.99863 0
    outer loop
      vertex -0.056068 -0.0292591 0.02
      vertex -0.0564861 -0.0292372 0.025
      vertex -0.0564861 -0.0292372 0.02
    endloop
  endfacet
  facet normal -0.156433 -0.987689 0
    outer loop
      vertex -0.0564861 -0.0292372 0.025
      vertex -0.0568996 -0.0291717 0.025
      vertex -0.0564861 -0.0292372 0.02
    endloop
  endfacet
  facet normal -0.156433 -0.987689 0
    outer loop
      vertex -0.0564861 -0.0292372 0.02
      vertex -0.0568996 -0.0291717 0.025
      vertex -0.0568996 -0.0291717 0.02
    endloop
  endfacet
  facet normal -0.25882 -0.965925 0
    outer loop
      vertex -0.0568996 -0.0291717 0.025
      vertex -0.057304 -0.0290633 0.025
      vertex -0.0568996 -0.0291717 0.02
    endloop
  endfacet
  facet normal -0.25882 -0.965925 0
    outer loop
      vertex -0.0568996 -0.0291717 0.02
      vertex -0.057304 -0.0290633 0.025
      vertex -0.057304 -0.0290633 0.02
    endloop
  endfacet
  facet normal -0.358365 -0.933581 0
    outer loop
      vertex -0.057304 -0.0290633 0.025
      vertex -0.0576949 -0.0289133 0.025
      vertex -0.057304 -0.0290633 0.02
    endloop
  endfacet
  facet normal -0.358365 -0.933581 0
    outer loop
      vertex -0.057304 -0.0290633 0.02
      vertex -0.0576949 -0.0289133 0.025
      vertex -0.0576949 -0.0289133 0.02
    endloop
  endfacet
  facet normal -0.453991 -0.891006 0
    outer loop
      vertex -0.0576949 -0.0289133 0.025
      vertex -0.058068 -0.0287232 0.025
      vertex -0.0576949 -0.0289133 0.02
    endloop
  endfacet
  facet normal -0.453991 -0.891006 0
    outer loop
      vertex -0.0576949 -0.0289133 0.02
      vertex -0.058068 -0.0287232 0.025
      vertex -0.058068 -0.0287232 0.02
    endloop
  endfacet
  facet normal -0.544636 -0.838673 0
    outer loop
      vertex -0.058068 -0.0287232 0.025
      vertex -0.0584191 -0.0284952 0.025
      vertex -0.058068 -0.0287232 0.02
    endloop
  endfacet
  facet normal -0.544636 -0.838673 0
    outer loop
      vertex -0.058068 -0.0287232 0.02
      vertex -0.0584191 -0.0284952 0.025
      vertex -0.0584191 -0.0284952 0.02
    endloop
  endfacet
  facet normal -0.629326 -0.777141 0
    outer loop
      vertex -0.0584191 -0.0284952 0.025
      vertex -0.0587445 -0.0282317 0.025
      vertex -0.0584191 -0.0284952 0.02
    endloop
  endfacet
  facet normal -0.629326 -0.777141 0
    outer loop
      vertex -0.0584191 -0.0284952 0.02
      vertex -0.0587445 -0.0282317 0.025
      vertex -0.0587445 -0.0282317 0.02
    endloop
  endfacet
  facet normal -0.707102 -0.707111 0
    outer loop
      vertex -0.0587445 -0.0282317 0.025
      vertex -0.0590405 -0.0279356 0.025
      vertex -0.0587445 -0.0282317 0.02
    endloop
  endfacet
  facet normal -0.707102 -0.707111 0
    outer loop
      vertex -0.0587445 -0.0282317 0.02
      vertex -0.0590405 -0.0279356 0.025
      vertex -0.0590405 -0.0279356 0.02
    endloop
  endfacet
  facet normal -0.777149 -0.629316 0
    outer loop
      vertex -0.0590405 -0.0279356 0.025
      vertex -0.059304 -0.0276103 0.025
      vertex -0.0590405 -0.0279356 0.02
    endloop
  endfacet
  facet normal -0.777149 -0.629316 0
    outer loop
      vertex -0.0590405 -0.0279356 0.02
      vertex -0.059304 -0.0276103 0.025
      vertex -0.059304 -0.0276103 0.02
    endloop
  endfacet
  facet normal -0.838667 -0.544644 0
    outer loop
      vertex -0.059304 -0.0276103 0.025
      vertex -0.0595321 -0.0272591 0.025
      vertex -0.059304 -0.0276103 0.02
    endloop
  endfacet
  facet normal -0.838667 -0.544644 0
    outer loop
      vertex -0.059304 -0.0276103 0.02
      vertex -0.0595321 -0.0272591 0.025
      vertex -0.0595321 -0.0272591 0.02
    endloop
  endfacet
  facet normal -0.891008 -0.453988 0
    outer loop
      vertex -0.0595321 -0.0272591 0.025
      vertex -0.0597221 -0.0268861 0.025
      vertex -0.0595321 -0.0272591 0.02
    endloop
  endfacet
  facet normal -0.891008 -0.453988 0
    outer loop
      vertex -0.0595321 -0.0272591 0.02
      vertex -0.0597221 -0.0268861 0.025
      vertex -0.0597221 -0.0268861 0.02
    endloop
  endfacet
  facet normal -0.933581 -0.358367 0
    outer loop
      vertex -0.0597221 -0.0268861 0.025
      vertex -0.0598722 -0.0264952 0.025
      vertex -0.0597221 -0.0268861 0.02
    endloop
  endfacet
  facet normal -0.933581 -0.358367 0
    outer loop
      vertex -0.0597221 -0.0268861 0.02
      vertex -0.0598722 -0.0264952 0.025
      vertex -0.0598722 -0.0264952 0.02
    endloop
  endfacet
  facet normal -0.965925 -0.25882 0
    outer loop
      vertex -0.0598722 -0.0264952 0.025
      vertex -0.0599806 -0.0260908 0.025
      vertex -0.0598722 -0.0264952 0.02
    endloop
  endfacet
  facet normal -0.965925 -0.25882 0
    outer loop
      vertex -0.0598722 -0.0264952 0.02
      vertex -0.0599806 -0.0260908 0.025
      vertex -0.0599806 -0.0260908 0.02
    endloop
  endfacet
  facet normal -0.987688 -0.156436 0
    outer loop
      vertex -0.0599806 -0.0260908 0.025
      vertex -0.0600461 -0.0256772 0.025
      vertex -0.0599806 -0.0260908 0.02
    endloop
  endfacet
  facet normal -0.987688 -0.156436 0
    outer loop
      vertex -0.0599806 -0.0260908 0.02
      vertex -0.0600461 -0.0256772 0.025
      vertex -0.0600461 -0.0256772 0.02
    endloop
  endfacet
  facet normal -0.99863 -0.0523354 0
    outer loop
      vertex -0.0600461 -0.0256772 0.025
      vertex -0.060068 -0.0252591 0.025
      vertex -0.0600461 -0.0256772 0.02
    endloop
  endfacet
  facet normal -0.99863 -0.0523354 0
    outer loop
      vertex -0.0600461 -0.0256772 0.02
      vertex -0.060068 -0.0252591 0.025
      vertex -0.060068 -0.0252591 0.02
    endloop
  endfacet
  facet normal -0.99863 0.0523354 0
    outer loop
      vertex -0.060068 0.0292409 0.02
      vertex -0.060068 0.0292409 0.025
      vertex -0.0600461 0.029659 0.025
    endloop
  endfacet
  facet normal -0.99863 0.0523354 0
    outer loop
      vertex -0.060068 0.0292409 0.02
      vertex -0.0600461 0.029659 0.025
      vertex -0.0600461 0.029659 0.02
    endloop
  endfacet
  facet normal -0.987688 0.156436 0
    outer loop
      vertex -0.0600461 0.029659 0.025
      vertex -0.0599806 0.0300725 0.025
      vertex -0.0600461 0.029659 0.02
    endloop
  endfacet
  facet normal -0.987688 0.156436 0
    outer loop
      vertex -0.0600461 0.029659 0.02
      vertex -0.0599806 0.0300725 0.025
      vertex -0.0599806 0.0300725 0.02
    endloop
  endfacet
  facet normal -0.965925 0.25882 0
    outer loop
      vertex -0.0599806 0.0300725 0.025
      vertex -0.0598722 0.0304769 0.025
      vertex -0.0599806 0.0300725 0.02
    endloop
  endfacet
  facet normal -0.965925 0.25882 0
    outer loop
      vertex -0.0599806 0.0300725 0.02
      vertex -0.0598722 0.0304769 0.025
      vertex -0.0598722 0.0304769 0.02
    endloop
  endfacet
  facet normal -0.933581 0.358367 0
    outer loop
      vertex -0.0598722 0.0304769 0.025
      vertex -0.0597221 0.0308678 0.025
      vertex -0.0598722 0.0304769 0.02
    endloop
  endfacet
  facet normal -0.933581 0.358367 0
    outer loop
      vertex -0.0598722 0.0304769 0.02
      vertex -0.0597221 0.0308678 0.025
      vertex -0.0597221 0.0308678 0.02
    endloop
  endfacet
  facet normal -0.891008 0.453988 0
    outer loop
      vertex -0.0597221 0.0308678 0.025
      vertex -0.0595321 0.0312409 0.025
      vertex -0.0597221 0.0308678 0.02
    endloop
  endfacet
  facet normal -0.891008 0.453988 0
    outer loop
      vertex -0.0597221 0.0308678 0.02
      vertex -0.0595321 0.0312409 0.025
      vertex -0.0595321 0.0312409 0.02
    endloop
  endfacet
  facet normal -0.838669 0.544642 0
    outer loop
      vertex -0.0595321 0.0312409 0.025
      vertex -0.059304 0.031592 0.025
      vertex -0.0595321 0.0312409 0.02
    endloop
  endfacet
  facet normal -0.838669 0.544642 0
    outer loop
      vertex -0.0595321 0.0312409 0.02
      vertex -0.059304 0.031592 0.025
      vertex -0.059304 0.031592 0.02
    endloop
  endfacet
  facet normal -0.777146 0.629321 0
    outer loop
      vertex -0.059304 0.031592 0.025
      vertex -0.0590405 0.0319174 0.025
      vertex -0.059304 0.031592 0.02
    endloop
  endfacet
  facet normal -0.777146 0.629321 0
    outer loop
      vertex -0.059304 0.031592 0.02
      vertex -0.0590405 0.0319174 0.025
      vertex -0.0590405 0.0319174 0.02
    endloop
  endfacet
  facet normal -0.707107 0.707107 0
    outer loop
      vertex -0.0590405 0.0319174 0.025
      vertex -0.0587445 0.0322135 0.025
      vertex -0.0590405 0.0319174 0.02
    endloop
  endfacet
  facet normal -0.707107 0.707107 0
    outer loop
      vertex -0.0590405 0.0319174 0.02
      vertex -0.0587445 0.0322135 0.025
      vertex -0.0587445 0.0322135 0.02
    endloop
  endfacet
  facet normal -0.629321 0.777146 0
    outer loop
      vertex -0.0587445 0.0322135 0.025
      vertex -0.0584191 0.0324769 0.025
      vertex -0.0587445 0.0322135 0.02
    endloop
  endfacet
  facet normal -0.629321 0.777146 0
    outer loop
      vertex -0.0587445 0.0322135 0.02
      vertex -0.0584191 0.0324769 0.025
      vertex -0.0584191 0.0324769 0.02
    endloop
  endfacet
  facet normal -0.544642 0.838669 0
    outer loop
      vertex -0.0584191 0.0324769 0.025
      vertex -0.058068 0.032705 0.025
      vertex -0.0584191 0.0324769 0.02
    endloop
  endfacet
  facet normal -0.544642 0.838669 0
    outer loop
      vertex -0.0584191 0.0324769 0.02
      vertex -0.058068 0.032705 0.025
      vertex -0.058068 0.032705 0.02
    endloop
  endfacet
  facet normal -0.453988 0.891008 0
    outer loop
      vertex -0.058068 0.032705 0.025
      vertex -0.0576949 0.0328951 0.025
      vertex -0.058068 0.032705 0.02
    endloop
  endfacet
  facet normal -0.453988 0.891008 0
    outer loop
      vertex -0.058068 0.032705 0.02
      vertex -0.0576949 0.0328951 0.025
      vertex -0.0576949 0.0328951 0.02
    endloop
  endfacet
  facet normal -0.358365 0.933581 0
    outer loop
      vertex -0.0576949 0.0328951 0.025
      vertex -0.057304 0.0330451 0.025
      vertex -0.0576949 0.0328951 0.02
    endloop
  endfacet
  facet normal -0.358365 0.933581 0
    outer loop
      vertex -0.0576949 0.0328951 0.02
      vertex -0.057304 0.0330451 0.025
      vertex -0.057304 0.0330451 0.02
    endloop
  endfacet
  facet normal -0.25882 0.965925 0
    outer loop
      vertex -0.057304 0.0330451 0.025
      vertex -0.0568996 0.0331535 0.025
      vertex -0.057304 0.0330451 0.02
    endloop
  endfacet
  facet normal -0.25882 0.965925 0
    outer loop
      vertex -0.057304 0.0330451 0.02
      vertex -0.0568996 0.0331535 0.025
      vertex -0.0568996 0.0331535 0.02
    endloop
  endfacet
  facet normal -0.156438 0.987688 0
    outer loop
      vertex -0.0568996 0.0331535 0.025
      vertex -0.0564861 0.033219 0.025
      vertex -0.0568996 0.0331535 0.02
    endloop
  endfacet
  facet normal -0.156438 0.987688 0
    outer loop
      vertex -0.0568996 0.0331535 0.02
      vertex -0.0564861 0.033219 0.025
      vertex -0.0564861 0.033219 0.02
    endloop
  endfacet
  facet normal -0.0523351 0.99863 0
    outer loop
      vertex -0.0564861 0.033219 0.025
      vertex -0.056068 0.0332409 0.025
      vertex -0.0564861 0.033219 0.02
    endloop
  endfacet
  facet normal -0.0523351 0.99863 0
    outer loop
      vertex -0.0564861 0.033219 0.02
      vertex -0.056068 0.0332409 0.025
      vertex -0.056068 0.0332409 0.02
    endloop
  endfacet
  facet normal 0.0523351 0.99863 0
    outer loop
      vertex 0.044432 0.0332409 0.02
      vertex 0.044432 0.0332409 0.025
      vertex 0.0448501 0.033219 0.025
    endloop
  endfacet
  facet normal 0.0523351 0.99863 0
    outer loop
      vertex 0.044432 0.0332409 0.02
      vertex 0.0448501 0.033219 0.025
      vertex 0.0448501 0.033219 0.02
    endloop
  endfacet
  facet normal 0.156436 0.987688 0
    outer loop
      vertex 0.0448501 0.033219 0.025
      vertex 0.0452637 0.0331535 0.025
      vertex 0.0448501 0.033219 0.02
    endloop
  endfacet
  facet normal 0.156436 0.987688 0
    outer loop
      vertex 0.0448501 0.033219 0.02
      vertex 0.0452637 0.0331535 0.025
      vertex 0.0452637 0.0331535 0.02
    endloop
  endfacet
  facet normal 0.25882 0.965925 0
    outer loop
      vertex 0.0452637 0.0331535 0.025
      vertex 0.0456681 0.0330451 0.025
      vertex 0.0452637 0.0331535 0.02
    endloop
  endfacet
  facet normal 0.25882 0.965925 0
    outer loop
      vertex 0.0452637 0.0331535 0.02
      vertex 0.0456681 0.0330451 0.025
      vertex 0.0456681 0.0330451 0.02
    endloop
  endfacet
  facet normal 0.358365 0.933581 0
    outer loop
      vertex 0.0456681 0.0330451 0.025
      vertex 0.046059 0.0328951 0.025
      vertex 0.0456681 0.0330451 0.02
    endloop
  endfacet
  facet normal 0.358365 0.933581 0
    outer loop
      vertex 0.0456681 0.0330451 0.02
      vertex 0.046059 0.0328951 0.025
      vertex 0.046059 0.0328951 0.02
    endloop
  endfacet
  facet normal 0.453991 0.891006 0
    outer loop
      vertex 0.046059 0.0328951 0.025
      vertex 0.046432 0.032705 0.025
      vertex 0.046059 0.0328951 0.02
    endloop
  endfacet
  facet normal 0.453991 0.891006 0
    outer loop
      vertex 0.046059 0.0328951 0.02
      vertex 0.046432 0.032705 0.025
      vertex 0.046432 0.032705 0.02
    endloop
  endfacet
  facet normal 0.544642 0.838669 0
    outer loop
      vertex 0.046432 0.032705 0.025
      vertex 0.0467832 0.0324769 0.025
      vertex 0.046432 0.032705 0.02
    endloop
  endfacet
  facet normal 0.544642 0.838669 0
    outer loop
      vertex 0.046432 0.032705 0.02
      vertex 0.0467832 0.0324769 0.025
      vertex 0.0467832 0.0324769 0.02
    endloop
  endfacet
  facet normal 0.629316 0.777149 0
    outer loop
      vertex 0.0467832 0.0324769 0.025
      vertex 0.0471086 0.0322135 0.025
      vertex 0.0467832 0.0324769 0.02
    endloop
  endfacet
  facet normal 0.629316 0.777149 0
    outer loop
      vertex 0.0467832 0.0324769 0.02
      vertex 0.0471086 0.0322135 0.025
      vertex 0.0471086 0.0322135 0.02
    endloop
  endfacet
  facet normal 0.707111 0.707102 0
    outer loop
      vertex 0.0471086 0.0322135 0.025
      vertex 0.0474046 0.0319174 0.025
      vertex 0.0471086 0.0322135 0.02
    endloop
  endfacet
  facet normal 0.707111 0.707102 0
    outer loop
      vertex 0.0471086 0.0322135 0.02
      vertex 0.0474046 0.0319174 0.025
      vertex 0.0474046 0.0319174 0.02
    endloop
  endfacet
  facet normal 0.777141 0.629326 0
    outer loop
      vertex 0.0474046 0.0319174 0.025
      vertex 0.0476681 0.031592 0.025
      vertex 0.0474046 0.0319174 0.02
    endloop
  endfacet
  facet normal 0.777141 0.629326 0
    outer loop
      vertex 0.0474046 0.0319174 0.02
      vertex 0.0476681 0.031592 0.025
      vertex 0.0476681 0.031592 0.02
    endloop
  endfacet
  facet normal 0.838673 0.544636 0
    outer loop
      vertex 0.0476681 0.031592 0.025
      vertex 0.0478961 0.0312409 0.025
      vertex 0.0476681 0.031592 0.02
    endloop
  endfacet
  facet normal 0.838673 0.544636 0
    outer loop
      vertex 0.0476681 0.031592 0.02
      vertex 0.0478961 0.0312409 0.025
      vertex 0.0478961 0.0312409 0.02
    endloop
  endfacet
  facet normal 0.891008 0.453988 0
    outer loop
      vertex 0.0478961 0.0312409 0.025
      vertex 0.0480862 0.0308678 0.025
      vertex 0.0478961 0.0312409 0.02
    endloop
  endfacet
  facet normal 0.891008 0.453988 0
    outer loop
      vertex 0.0478961 0.0312409 0.02
      vertex 0.0480862 0.0308678 0.025
      vertex 0.0480862 0.0308678 0.02
    endloop
  endfacet
  facet normal 0.933578 0.358375 0
    outer loop
      vertex 0.0480862 0.0308678 0.025
      vertex 0.0482363 0.0304769 0.025
      vertex 0.0480862 0.0308678 0.02
    endloop
  endfacet
  facet normal 0.933578 0.358375 0
    outer loop
      vertex 0.0480862 0.0308678 0.02
      vertex 0.0482363 0.0304769 0.025
      vertex 0.0482363 0.0304769 0.02
    endloop
  endfacet
  facet normal 0.965928 0.258812 0
    outer loop
      vertex 0.0482363 0.0304769 0.025
      vertex 0.0483446 0.0300725 0.025
      vertex 0.0482363 0.0304769 0.02
    endloop
  endfacet
  facet normal 0.965928 0.258812 0
    outer loop
      vertex 0.0482363 0.0304769 0.02
      vertex 0.0483446 0.0300725 0.025
      vertex 0.0483446 0.0300725 0.02
    endloop
  endfacet
  facet normal 0.987688 0.156436 0
    outer loop
      vertex 0.0483446 0.0300725 0.025
      vertex 0.0484101 0.029659 0.025
      vertex 0.0483446 0.0300725 0.02
    endloop
  endfacet
  facet normal 0.987688 0.156436 0
    outer loop
      vertex 0.0483446 0.0300725 0.02
      vertex 0.0484101 0.029659 0.025
      vertex 0.0484101 0.029659 0.02
    endloop
  endfacet
  facet normal 0.99863 0.0523354 0
    outer loop
      vertex 0.0484101 0.029659 0.025
      vertex 0.048432 0.0292409 0.025
      vertex 0.0484101 0.029659 0.02
    endloop
  endfacet
  facet normal 0.99863 0.0523354 0
    outer loop
      vertex 0.0484101 0.029659 0.02
      vertex 0.048432 0.0292409 0.025
      vertex 0.048432 0.0292409 0.02
    endloop
  endfacet
  facet normal 1 0 0
    outer loop
      vertex 0.048432 -0.0252591 0.025
      vertex 0.048432 -0.0252591 0.02
      vertex 0.048432 0.0292409 0.025
    endloop
  endfacet
  facet normal 1 0 0
    outer loop
      vertex 0.048432 -0.0252591 0.02
      vertex 0.048432 0.0292409 0.02
      vertex 0.048432 0.0292409 0.025
    endloop
  endfacet
  facet normal 0 0 1
    outer loop
      vertex -0.0426143 -0.0337365 0.025
      vertex -0.0425869 -0.0342591 0.025
      vertex -0.0425869 -0.00911938 0.025
    endloop
  endfacet
  facet normal 0 0 1
    outer loop
      vertex -0.0355869 -0.0275019 0.025
      vertex 0.0294131 -0.0275019 0.025
      vertex -0.0355869 -0.00911938 0.025
    endloop
  endfacet
  facet normal 0 0 1
    outer loop
      vertex 0.0294131 -0.0275019 0.025
      vertex 0.0294131 -0.00801717 0.025
      vertex -0.0355869 -0.00911938 0.025
    endloop
  endfacet
  facet normal 0 0 1
    outer loop
      vertex -0.0442413 -0.0305434 0.025
      vertex -0.0438712 -0.0309135 0.025
      vertex -0.0425869 -0.00911938 0.025
    endloop
  endfacet
  facet normal 0 0 1
    outer loop
      vertex -0.0430192 -0.0322254 0.025
      vertex -0.0428316 -0.032714 0.025
      vertex -0.0425869 -0.00911938 0.025
    endloop
  endfacet
  facet normal 0 0 1
    outer loop
      vertex -0.0428316 -0.032714 0.025
      vertex -0.0426962 -0.0332196 0.025
      vertex -0.0425869 -0.00911938 0.025
    endloop
  endfacet
  facet normal 0 0 1
    outer loop
      vertex -0.0425869 -0.00911938 0.025
      vertex -0.0426962 -0.0332196 0.025
      vertex -0.0426143 -0.0337365 0.025
    endloop
  endfacet
  facet normal 0 0 1
    outer loop
      vertex 0.0294131 0.0314675 0.025
      vertex -0.0355869 0.0314675 0.025
      vertex -0.0355869 0.0108806 0.025
    endloop
  endfacet
  facet normal 0 0 1
    outer loop
      vertex -0.0355869 -0.00911938 0.025
      vertex -0.0355869 0.0108806 0.025
      vertex -0.0425869 -0.00911938 0.025
    endloop
  endfacet
  facet normal 0 0 1
    outer loop
      vertex -0.0355869 0.0108806 0.025
      vertex -0.0425869 0.0108806 0.025
      vertex -0.0425869 -0.00911938 0.025
    endloop
  endfacet
  facet normal 0 0 1
    outer loop
      vertex 0.0414131 0.0332409 0.025
      vertex 0.0408904 0.0332683 0.025
      vertex 0.0364131 -0.00801717 0.025
    endloop
  endfacet
  facet normal 0 0 1
    outer loop
      vertex 0.0294131 0.0314675 0.025
      vertex -0.0355869 0.0108806 0.025
      vertex 0.0294131 0.0119828 0.025
    endloop
  endfacet
  facet normal 0 0 1
    outer loop
      vertex -0.0355869 0.0108806 0.025
      vertex -0.0355869 -0.00911938 0.025
      vertex 0.0294131 0.0119828 0.025
    endloop
  endfacet
  facet normal 0 0 1
    outer loop
      vertex 0.0294131 0.0119828 0.025
      vertex -0.0355869 -0.00911938 0.025
      vertex 0.0364131 0.0119828 0.025
    endloop
  endfacet
  facet normal 0 0 1
    outer loop
      vertex -0.0355869 -0.00911938 0.025
      vertex 0.0294131 -0.00801717 0.025
      vertex 0.0364131 0.0119828 0.025
    endloop
  endfacet
  facet normal 0 0 1
    outer loop
      vertex 0.0364131 0.0119828 0.025
      vertex 0.0294131 -0.00801717 0.025
      vertex 0.0364131 -0.00801717 0.025
    endloop
  endfacet
  facet normal 0 0 1
    outer loop
      vertex -0.0470643 -0.0292865 0.025
      vertex -0.0465474 -0.0293684 0.025
      vertex -0.0425869 -0.00911938 0.025
    endloop
  endfacet
  facet normal 0 0 1
    outer loop
      vertex -0.0465474 -0.0293684 0.025
      vertex -0.0460418 -0.0295038 0.025
      vertex -0.0425869 -0.00911938 0.025
    endloop
  endfacet
  facet normal 0 0 1
    outer loop
      vertex -0.0425869 -0.00911938 0.025
      vertex -0.0460418 -0.0295038 0.025
      vertex -0.0455532 -0.0296914 0.025
    endloop
  endfacet
  facet normal 0 0 1
    outer loop
      vertex -0.0455532 -0.0296914 0.025
      vertex -0.0450869 -0.029929 0.025
      vertex -0.0425869 -0.00911938 0.025
    endloop
  endfacet
  facet normal 0 0 1
    outer loop
      vertex -0.0450869 -0.029929 0.025
      vertex -0.044648 -0.030214 0.025
      vertex -0.0425869 -0.00911938 0.025
    endloop
  endfacet
  facet normal 0 0 1
    outer loop
      vertex -0.0425869 -0.00911938 0.025
      vertex -0.044648 -0.030214 0.025
      vertex -0.0442413 -0.0305434 0.025
    endloop
  endfacet
  facet normal 0 0 1
    outer loop
      vertex -0.0438712 -0.0309135 0.025
      vertex -0.0435418 -0.0313202 0.025
      vertex -0.0425869 -0.00911938 0.025
    endloop
  endfacet
  facet normal 0 0 1
    outer loop
      vertex -0.0435418 -0.0313202 0.025
      vertex -0.0432568 -0.0317591 0.025
      vertex -0.0425869 -0.00911938 0.025
    endloop
  endfacet
  facet normal 0 0 1
    outer loop
      vertex -0.0425869 -0.00911938 0.025
      vertex -0.0432568 -0.0317591 0.025
      vertex -0.0430192 -0.0322254 0.025
    endloop
  endfacet
  facet normal 0 0 1
    outer loop
      vertex -0.060068 0.0292409 0.025
      vertex -0.056068 -0.0292591 0.025
      vertex -0.0425869 -0.00911938 0.025
    endloop
  endfacet
  facet normal 0 0 1
    outer loop
      vertex -0.056068 -0.0292591 0.025
      vertex -0.0475869 -0.0292591 0.025
      vertex -0.0425869 -0.00911938 0.025
    endloop
  endfacet
  facet normal 0 0 1
    outer loop
      vertex -0.0425869 -0.00911938 0.025
      vertex -0.0475869 -0.0292591 0.025
      vertex -0.0470643 -0.0292865 0.025
    endloop
  endfacet
  facet normal 0 0 1
    outer loop
      vertex -0.0538427 0.027674 0.025
      vertex -0.0539112 0.0275449 0.025
      vertex -0.0425869 0.0108806 0.025
    endloop
  endfacet
  facet normal 0 0 1
    outer loop
      vertex 0.0368454 0.0362072 0.025
      vertex 0.0366578 0.0366958 0.025
      vertex 0.0364131 0.0119828 0.025
    endloop
  endfacet
  facet normal 0 0 1
    outer loop
      vertex 0.0366578 0.0366958 0.025
      vertex 0.0365223 0.0372013 0.025
      vertex 0.0364131 0.0119828 0.025
    endloop
  endfacet
  facet normal 0 0 1
    outer loop
      vertex 0.0365223 0.0372013 0.025
      vertex 0.0364405 0.0377182 0.025
      vertex 0.0364131 0.0119828 0.025
    endloop
  endfacet
  facet normal 0 0 1
    outer loop
      vertex 0.0364131 0.0119828 0.025
      vertex 0.0364405 0.0377182 0.025
      vertex 0.0364131 0.0382409 0.025
    endloop
  endfacet
  facet normal 0 0 1
    outer loop
      vertex 0.042082 -0.0242591 0.025
      vertex 0.037368 -0.0313202 0.025
      vertex 0.0420899 -0.0244051 0.025
    endloop
  endfacet
  facet normal 0 0 1
    outer loop
      vertex 0.037368 -0.0313202 0.025
      vertex 0.0421136 -0.0245493 0.025
      vertex 0.0420899 -0.0244051 0.025
    endloop
  endfacet
  facet normal 0 0 1
    outer loop
      vertex 0.0444121 -0.0233307 0.025
      vertex 0.0445068 -0.0234421 0.025
      vertex 0.048432 0.0292409 0.025
    endloop
  endfacet
  facet normal 0 0 1
    outer loop
      vertex 0.048432 -0.0252591 0.025
      vertex 0.0446573 -0.0236923 0.025
      vertex 0.0447114 -0.0238281 0.025
    endloop
  endfacet
  facet normal 0 0 1
    outer loop
      vertex -0.0537495 0.0285311 0.025
      vertex -0.0537259 0.0283868 0.025
      vertex -0.0450869 0.0339108 0.025
    endloop
  endfacet
  facet normal 0 0 1
    outer loop
      vertex -0.0537259 0.0283868 0.025
      vertex -0.053718 0.0282409 0.025
      vertex -0.0450869 0.0339108 0.025
    endloop
  endfacet
  facet normal 0 0 1
    outer loop
      vertex -0.0450869 0.0339108 0.025
      vertex -0.053718 0.0282409 0.025
      vertex -0.044648 0.0341958 0.025
    endloop
  endfacet
  facet normal 0 0 1
    outer loop
      vertex 0.039868 0.0334856 0.025
      vertex 0.0393794 0.0336732 0.025
      vertex 0.0364131 0.0119828 0.025
    endloop
  endfacet
  facet normal 0 0 1
    outer loop
      vertex 0.0393794 0.0336732 0.025
      vertex 0.0389131 0.0339108 0.025
      vertex 0.0364131 0.0119828 0.025
    endloop
  endfacet
  facet normal 0 0 1
    outer loop
      vertex 0.0447114 -0.0238281 0.025
      vertex 0.0447505 -0.0239689 0.025
      vertex 0.048432 -0.0252591 0.025
    endloop
  endfacet
  facet normal 0 0 1
    outer loop
      vertex 0.0447505 -0.0239689 0.025
      vertex 0.0447741 -0.0241132 0.025
      vertex 0.048432 -0.0252591 0.025
    endloop
  endfacet
  facet normal 0 0 1
    outer loop
      vertex 0.048432 -0.0252591 0.025
      vertex 0.0447741 -0.0241132 0.025
      vertex 0.044782 -0.0242591 0.025
    endloop
  endfacet
  facet normal 0 0 1
    outer loop
      vertex -0.0425869 0.0382409 0.025
      vertex -0.0426143 0.0377182 0.025
      vertex -0.0425869 0.0108806 0.025
    endloop
  endfacet
  facet normal 0 0 1
    outer loop
      vertex -0.0426143 0.0377182 0.025
      vertex -0.0426962 0.0372013 0.025
      vertex -0.0425869 0.0108806 0.025
    endloop
  endfacet
  facet normal 0 0 1
    outer loop
      vertex -0.0425869 0.0108806 0.025
      vertex -0.0426962 0.0372013 0.025
      vertex -0.0428316 0.0366958 0.025
    endloop
  endfacet
  facet normal 0 0 1
    outer loop
      vertex -0.0539112 0.0275449 0.025
      vertex -0.0539932 0.0274239 0.025
      vertex -0.0425869 0.0108806 0.025
    endloop
  endfacet
  facet normal 0 0 1
    outer loop
      vertex -0.0539932 0.0274239 0.025
      vertex -0.0540879 0.0273125 0.025
      vertex -0.0425869 0.0108806 0.025
    endloop
  endfacet
  facet normal 0 0 1
    outer loop
      vertex -0.0425869 0.0108806 0.025
      vertex -0.0540879 0.0273125 0.025
      vertex -0.054194 0.027212 0.025
    endloop
  endfacet
  facet normal 0 0 1
    outer loop
      vertex 0.0364131 -0.00801717 0.025
      vertex 0.048432 0.0292409 0.025
      vertex 0.0484101 0.029659 0.025
    endloop
  endfacet
  facet normal 0 0 1
    outer loop
      vertex 0.0484101 0.029659 0.025
      vertex 0.0483446 0.0300725 0.025
      vertex 0.0364131 -0.00801717 0.025
    endloop
  endfacet
  facet normal 0 0 1
    outer loop
      vertex 0.0483446 0.0300725 0.025
      vertex 0.0482363 0.0304769 0.025
      vertex 0.0364131 -0.00801717 0.025
    endloop
  endfacet
  facet normal 0 0 1
    outer loop
      vertex 0.0364131 -0.00801717 0.025
      vertex 0.0482363 0.0304769 0.025
      vertex 0.0480862 0.0308678 0.025
    endloop
  endfacet
  facet normal 0 0 1
    outer loop
      vertex 0.0364131 -0.00801717 0.025
      vertex 0.0408904 0.0332683 0.025
      vertex 0.0364131 0.0119828 0.025
    endloop
  endfacet
  facet normal 0 0 1
    outer loop
      vertex 0.0408904 0.0332683 0.025
      vertex 0.0403735 0.0333501 0.025
      vertex 0.0364131 0.0119828 0.025
    endloop
  endfacet
  facet normal 0 0 1
    outer loop
      vertex 0.0364131 0.0119828 0.025
      vertex 0.0403735 0.0333501 0.025
      vertex 0.039868 0.0334856 0.025
    endloop
  endfacet
  facet normal 0 0 1
    outer loop
      vertex 0.0389131 0.0339108 0.025
      vertex 0.0384742 0.0341958 0.025
      vertex 0.0364131 0.0119828 0.025
    endloop
  endfacet
  facet normal 0 0 1
    outer loop
      vertex 0.0384742 0.0341958 0.025
      vertex 0.0380674 0.0345252 0.025
      vertex 0.0364131 0.0119828 0.025
    endloop
  endfacet
  facet normal 0 0 1
    outer loop
      vertex 0.0364131 0.0119828 0.025
      vertex 0.0380674 0.0345252 0.025
      vertex 0.0376974 0.0348952 0.025
    endloop
  endfacet
  facet normal 0 0 1
    outer loop
      vertex 0.0376974 0.0348952 0.025
      vertex 0.037368 0.035302 0.025
      vertex 0.0364131 0.0119828 0.025
    endloop
  endfacet
  facet normal 0 0 1
    outer loop
      vertex 0.037368 0.035302 0.025
      vertex 0.037083 0.0357409 0.025
      vertex 0.0364131 0.0119828 0.025
    endloop
  endfacet
  facet normal 0 0 1
    outer loop
      vertex 0.0364131 0.0119828 0.025
      vertex 0.037083 0.0357409 0.025
      vertex 0.0368454 0.0362072 0.025
    endloop
  endfacet
  facet normal 0 0 1
    outer loop
      vertex 0.044782 -0.0242591 0.025
      vertex 0.0447741 -0.0244051 0.025
      vertex 0.048432 -0.0252591 0.025
    endloop
  endfacet
  facet normal 0 0 1
    outer loop
      vertex 0.0447741 -0.0244051 0.025
      vertex 0.0447505 -0.0245493 0.025
      vertex 0.048432 -0.0252591 0.025
    endloop
  endfacet
  facet normal 0 0 1
    outer loop
      vertex 0.048432 -0.0252591 0.025
      vertex 0.0447505 -0.0245493 0.025
      vertex 0.0484101 -0.0256772 0.025
    endloop
  endfacet
  facet normal 0 0 1
    outer loop
      vertex 0.0447505 -0.0245493 0.025
      vertex 0.0447114 -0.0246902 0.025
      vertex 0.0484101 -0.0256772 0.025
    endloop
  endfacet
  facet normal 0 0 1
    outer loop
      vertex 0.0445068 -0.0250761 0.025
      vertex 0.0478961 -0.0272591 0.025
      vertex 0.0445888 -0.0249551 0.025
    endloop
  endfacet
  facet normal 0 0 1
    outer loop
      vertex 0.0478961 -0.0272591 0.025
      vertex 0.0480862 -0.0268861 0.025
      vertex 0.0445888 -0.0249551 0.025
    endloop
  endfacet
  facet normal 0 0 1
    outer loop
      vertex 0.0445888 -0.0249551 0.025
      vertex 0.0480862 -0.0268861 0.025
      vertex 0.0446573 -0.024826 0.025
    endloop
  endfacet
  facet normal 0 0 1
    outer loop
      vertex 0.0480862 -0.0268861 0.025
      vertex 0.0482363 -0.0264952 0.025
      vertex 0.0446573 -0.024826 0.025
    endloop
  endfacet
  facet normal 0 0 1
    outer loop
      vertex 0.0446573 -0.024826 0.025
      vertex 0.0482363 -0.0264952 0.025
      vertex 0.0447114 -0.0246902 0.025
    endloop
  endfacet
  facet normal 0 0 1
    outer loop
      vertex 0.0482363 -0.0264952 0.025
      vertex 0.0483446 -0.0260908 0.025
      vertex 0.0447114 -0.0246902 0.025
    endloop
  endfacet
  facet normal 0 0 1
    outer loop
      vertex 0.0447114 -0.0246902 0.025
      vertex 0.0483446 -0.0260908 0.025
      vertex 0.0484101 -0.0256772 0.025
    endloop
  endfacet
  facet normal 0 0 1
    outer loop
      vertex 0.0422753 -0.0249551 0.025
      vertex 0.0422068 -0.024826 0.025
      vertex 0.037368 -0.0313202 0.025
    endloop
  endfacet
  facet normal 0 0 1
    outer loop
      vertex 0.0422068 -0.024826 0.025
      vertex 0.0421527 -0.0246902 0.025
      vertex 0.037368 -0.0313202 0.025
    endloop
  endfacet
  facet normal 0 0 1
    outer loop
      vertex 0.037368 -0.0313202 0.025
      vertex 0.0421527 -0.0246902 0.025
      vertex 0.0421136 -0.0245493 0.025
    endloop
  endfacet
  facet normal 0 0 1
    outer loop
      vertex 0.0422068 -0.0236923 0.025
      vertex 0.0422753 -0.0235631 0.025
      vertex 0.0364131 -0.00801717 0.025
    endloop
  endfacet
  facet normal 0 0 1
    outer loop
      vertex 0.048432 0.0292409 0.025
      vertex 0.0445068 -0.0234421 0.025
      vertex 0.048432 -0.0252591 0.025
    endloop
  endfacet
  facet normal 0 0 1
    outer loop
      vertex 0.0445068 -0.0234421 0.025
      vertex 0.0445888 -0.0235631 0.025
      vertex 0.048432 -0.0252591 0.025
    endloop
  endfacet
  facet normal 0 0 1
    outer loop
      vertex 0.048432 -0.0252591 0.025
      vertex 0.0445888 -0.0235631 0.025
      vertex 0.0446573 -0.0236923 0.025
    endloop
  endfacet
  facet normal 0 0 1
    outer loop
      vertex 0.0467832 0.0324769 0.025
      vertex 0.0364131 -0.00801717 0.025
      vertex 0.0471086 0.0322135 0.025
    endloop
  endfacet
  facet normal 0 0 1
    outer loop
      vertex 0.0364131 -0.00801717 0.025
      vertex 0.0474046 0.0319174 0.025
      vertex 0.0471086 0.0322135 0.025
    endloop
  endfacet
  facet normal 0 0 1
    outer loop
      vertex 0.0364131 -0.00801717 0.025
      vertex 0.0456681 0.0330451 0.025
      vertex 0.0452637 0.0331535 0.025
    endloop
  endfacet
  facet normal 0 0 1
    outer loop
      vertex 0.0366578 -0.032714 0.025
      vertex 0.0368454 -0.0322254 0.025
      vertex 0.0364131 -0.00801717 0.025
    endloop
  endfacet
  facet normal 0 0 1
    outer loop
      vertex 0.0368454 -0.0322254 0.025
      vertex 0.037083 -0.0317591 0.025
      vertex 0.0364131 -0.00801717 0.025
    endloop
  endfacet
  facet normal 0 0 1
    outer loop
      vertex 0.0364131 -0.00801717 0.025
      vertex 0.037083 -0.0317591 0.025
      vertex 0.037368 -0.0313202 0.025
    endloop
  endfacet
  facet normal 0 0 1
    outer loop
      vertex 0.042082 -0.0242591 0.025
      vertex 0.0420899 -0.0241132 0.025
      vertex 0.037368 -0.0313202 0.025
    endloop
  endfacet
  facet normal 0 0 1
    outer loop
      vertex 0.0420899 -0.0241132 0.025
      vertex 0.0421136 -0.0239689 0.025
      vertex 0.037368 -0.0313202 0.025
    endloop
  endfacet
  facet normal 0 0 1
    outer loop
      vertex 0.037368 -0.0313202 0.025
      vertex 0.0421136 -0.0239689 0.025
      vertex 0.0364131 -0.00801717 0.025
    endloop
  endfacet
  facet normal 0 0 1
    outer loop
      vertex 0.0421136 -0.0239689 0.025
      vertex 0.0421527 -0.0238281 0.025
      vertex 0.0364131 -0.00801717 0.025
    endloop
  endfacet
  facet normal 0 0 1
    outer loop
      vertex 0.0364131 -0.00801717 0.025
      vertex 0.0421527 -0.0238281 0.025
      vertex 0.0422068 -0.0236923 0.025
    endloop
  endfacet
  facet normal 0 0 1
    outer loop
      vertex 0.0427997 -0.0230664 0.025
      vertex 0.0364131 -0.00801717 0.025
      vertex 0.0426744 -0.0231417 0.025
    endloop
  endfacet
  facet normal 0 0 1
    outer loop
      vertex 0.0364131 -0.00801717 0.025
      vertex 0.0425581 -0.0232302 0.025
      vertex 0.0426744 -0.0231417 0.025
    endloop
  endfacet
  facet normal 0 0 1
    outer loop
      vertex -0.060068 0.0292409 0.025
      vertex -0.060068 -0.0252591 0.025
      vertex -0.056068 -0.0292591 0.025
    endloop
  endfacet
  facet normal 0 0 1
    outer loop
      vertex -0.060068 -0.0252591 0.025
      vertex -0.0600461 -0.0256772 0.025
      vertex -0.056068 -0.0292591 0.025
    endloop
  endfacet
  facet normal 0 0 1
    outer loop
      vertex -0.056068 -0.0292591 0.025
      vertex -0.0600461 -0.0256772 0.025
      vertex -0.0599806 -0.0260908 0.025
    endloop
  endfacet
  facet normal 0 0 1
    outer loop
      vertex -0.0599806 -0.0260908 0.025
      vertex -0.0598722 -0.0264952 0.025
      vertex -0.056068 -0.0292591 0.025
    endloop
  endfacet
  facet normal 0 0 1
    outer loop
      vertex -0.0598722 -0.0264952 0.025
      vertex -0.0597221 -0.0268861 0.025
      vertex -0.056068 -0.0292591 0.025
    endloop
  endfacet
  facet normal 0 0 1
    outer loop
      vertex -0.056068 -0.0292591 0.025
      vertex -0.0597221 -0.0268861 0.025
      vertex -0.0595321 -0.0272591 0.025
    endloop
  endfacet
  facet normal 0 0 1
    outer loop
      vertex -0.0428316 0.0366958 0.025
      vertex -0.0430192 0.0362072 0.025
      vertex -0.0425869 0.0108806 0.025
    endloop
  endfacet
  facet normal 0 0 1
    outer loop
      vertex -0.0430192 0.0362072 0.025
      vertex -0.0432568 0.0357409 0.025
      vertex -0.0425869 0.0108806 0.025
    endloop
  endfacet
  facet normal 0 0 1
    outer loop
      vertex -0.0425869 0.0108806 0.025
      vertex -0.0432568 0.0357409 0.025
      vertex -0.0435418 0.035302 0.025
    endloop
  endfacet
  facet normal 0 0 1
    outer loop
      vertex -0.054194 0.0292698 0.025
      vertex -0.0475869 0.0332409 0.025
      vertex -0.0543104 0.0293583 0.025
    endloop
  endfacet
  facet normal 0 0 1
    outer loop
      vertex -0.0475869 0.0332409 0.025
      vertex -0.0544356 0.0294336 0.025
      vertex -0.0543104 0.0293583 0.025
    endloop
  endfacet
  facet normal 0 0 1
    outer loop
      vertex -0.0455532 0.0336732 0.025
      vertex -0.0538427 0.0288077 0.025
      vertex -0.0450869 0.0339108 0.025
    endloop
  endfacet
  facet normal 0 0 1
    outer loop
      vertex -0.0538427 0.0288077 0.025
      vertex -0.0537886 0.0286719 0.025
      vertex -0.0450869 0.0339108 0.025
    endloop
  endfacet
  facet normal 0 0 1
    outer loop
      vertex -0.0450869 0.0339108 0.025
      vertex -0.0537886 0.0286719 0.025
      vertex -0.0537495 0.0285311 0.025
    endloop
  endfacet
  facet normal 0 0 1
    outer loop
      vertex 0.0480862 0.0308678 0.025
      vertex 0.0478961 0.0312409 0.025
      vertex 0.0364131 -0.00801717 0.025
    endloop
  endfacet
  facet normal 0 0 1
    outer loop
      vertex 0.0478961 0.0312409 0.025
      vertex 0.0476681 0.031592 0.025
      vertex 0.0364131 -0.00801717 0.025
    endloop
  endfacet
  facet normal 0 0 1
    outer loop
      vertex 0.0364131 -0.00801717 0.025
      vertex 0.0476681 0.031592 0.025
      vertex 0.0474046 0.0319174 0.025
    endloop
  endfacet
  facet normal 0 0 1
    outer loop
      vertex 0.0467832 0.0324769 0.025
      vertex 0.046432 0.032705 0.025
      vertex 0.0364131 -0.00801717 0.025
    endloop
  endfacet
  facet normal 0 0 1
    outer loop
      vertex 0.046432 0.032705 0.025
      vertex 0.046059 0.0328951 0.025
      vertex 0.0364131 -0.00801717 0.025
    endloop
  endfacet
  facet normal 0 0 1
    outer loop
      vertex 0.0364131 -0.00801717 0.025
      vertex 0.046059 0.0328951 0.025
      vertex 0.0456681 0.0330451 0.025
    endloop
  endfacet
  facet normal 0 0 1
    outer loop
      vertex 0.0452637 0.0331535 0.025
      vertex 0.0448501 0.033219 0.025
      vertex 0.0364131 -0.00801717 0.025
    endloop
  endfacet
  facet normal 0 0 1
    outer loop
      vertex 0.0448501 0.033219 0.025
      vertex 0.044432 0.0332409 0.025
      vertex 0.0364131 -0.00801717 0.025
    endloop
  endfacet
  facet normal 0 0 1
    outer loop
      vertex 0.0364131 -0.00801717 0.025
      vertex 0.044432 0.0332409 0.025
      vertex 0.0414131 0.0332409 0.025
    endloop
  endfacet
  facet normal 0 0 1
    outer loop
      vertex 0.044306 -0.025288 0.025
      vertex 0.0471086 -0.0282317 0.025
      vertex 0.0444121 -0.0251875 0.025
    endloop
  endfacet
  facet normal 0 0 1
    outer loop
      vertex 0.0471086 -0.0282317 0.025
      vertex 0.0474046 -0.0279356 0.025
      vertex 0.0444121 -0.0251875 0.025
    endloop
  endfacet
  facet normal 0 0 1
    outer loop
      vertex 0.0444121 -0.0251875 0.025
      vertex 0.0474046 -0.0279356 0.025
      vertex 0.0445068 -0.0250761 0.025
    endloop
  endfacet
  facet normal 0 0 1
    outer loop
      vertex 0.0474046 -0.0279356 0.025
      vertex 0.0476681 -0.0276103 0.025
      vertex 0.0445068 -0.0250761 0.025
    endloop
  endfacet
  facet normal 0 0 1
    outer loop
      vertex 0.0445068 -0.0250761 0.025
      vertex 0.0476681 -0.0276103 0.025
      vertex 0.0478961 -0.0272591 0.025
    endloop
  endfacet
  facet normal 0 0 1
    outer loop
      vertex 0.0389131 -0.029929 0.025
      vertex 0.0393794 -0.0296914 0.025
      vertex 0.0425581 -0.025288 0.025
    endloop
  endfacet
  facet normal 0 0 1
    outer loop
      vertex 0.0364131 -0.0342591 0.025
      vertex 0.0364405 -0.0337365 0.025
      vertex 0.0364131 -0.00801717 0.025
    endloop
  endfacet
  facet normal 0 0 1
    outer loop
      vertex 0.0364405 -0.0337365 0.025
      vertex 0.0365223 -0.0332196 0.025
      vertex 0.0364131 -0.00801717 0.025
    endloop
  endfacet
  facet normal 0 0 1
    outer loop
      vertex 0.0364131 -0.00801717 0.025
      vertex 0.0365223 -0.0332196 0.025
      vertex 0.0366578 -0.032714 0.025
    endloop
  endfacet
  facet normal 0 0 1
    outer loop
      vertex 0.0422753 -0.0235631 0.025
      vertex 0.0423573 -0.0234421 0.025
      vertex 0.0364131 -0.00801717 0.025
    endloop
  endfacet
  facet normal 0 0 1
    outer loop
      vertex 0.0423573 -0.0234421 0.025
      vertex 0.0424519 -0.0233307 0.025
      vertex 0.0364131 -0.00801717 0.025
    endloop
  endfacet
  facet normal 0 0 1
    outer loop
      vertex 0.0364131 -0.00801717 0.025
      vertex 0.0424519 -0.0233307 0.025
      vertex 0.0425581 -0.0232302 0.025
    endloop
  endfacet
  facet normal 0 0 1
    outer loop
      vertex -0.0587445 -0.0282317 0.025
      vertex -0.0584191 -0.0284952 0.025
      vertex -0.0590405 -0.0279356 0.025
    endloop
  endfacet
  facet normal 0 0 1
    outer loop
      vertex -0.0584191 -0.0284952 0.025
      vertex -0.058068 -0.0287232 0.025
      vertex -0.0590405 -0.0279356 0.025
    endloop
  endfacet
  facet normal 0 0 1
    outer loop
      vertex -0.0590405 -0.0279356 0.025
      vertex -0.058068 -0.0287232 0.025
      vertex -0.059304 -0.0276103 0.025
    endloop
  endfacet
  facet normal 0 0 1
    outer loop
      vertex -0.059304 -0.0276103 0.025
      vertex -0.058068 -0.0287232 0.025
      vertex -0.0595321 -0.0272591 0.025
    endloop
  endfacet
  facet normal 0 0 1
    outer loop
      vertex -0.058068 -0.0287232 0.025
      vertex -0.0576949 -0.0289133 0.025
      vertex -0.0595321 -0.0272591 0.025
    endloop
  endfacet
  facet normal 0 0 1
    outer loop
      vertex -0.0595321 -0.0272591 0.025
      vertex -0.0576949 -0.0289133 0.025
      vertex -0.057304 -0.0290633 0.025
    endloop
  endfacet
  facet normal 0 0 1
    outer loop
      vertex -0.0435418 0.035302 0.025
      vertex -0.0438712 0.0348952 0.025
      vertex -0.0425869 0.0108806 0.025
    endloop
  endfacet
  facet normal 0 0 1
    outer loop
      vertex -0.0438712 0.0348952 0.025
      vertex -0.0442413 0.0345252 0.025
      vertex -0.0425869 0.0108806 0.025
    endloop
  endfacet
  facet normal 0 0 1
    outer loop
      vertex -0.0425869 0.0108806 0.025
      vertex -0.0442413 0.0345252 0.025
      vertex -0.044648 0.0341958 0.025
    endloop
  endfacet
  facet normal 0 0 1
    outer loop
      vertex -0.054194 0.0292698 0.025
      vertex -0.0540879 0.0291693 0.025
      vertex -0.0475869 0.0332409 0.025
    endloop
  endfacet
  facet normal 0 0 1
    outer loop
      vertex -0.0540879 0.0291693 0.025
      vertex -0.0539932 0.0290579 0.025
      vertex -0.0475869 0.0332409 0.025
    endloop
  endfacet
  facet normal 0 0 1
    outer loop
      vertex -0.0475869 0.0332409 0.025
      vertex -0.0539932 0.0290579 0.025
      vertex -0.0470643 0.0332683 0.025
    endloop
  endfacet
  facet normal 0 0 1
    outer loop
      vertex -0.0539932 0.0290579 0.025
      vertex -0.0539112 0.0289369 0.025
      vertex -0.0470643 0.0332683 0.025
    endloop
  endfacet
  facet normal 0 0 1
    outer loop
      vertex -0.0470643 0.0332683 0.025
      vertex -0.0539112 0.0289369 0.025
      vertex -0.0465474 0.0333501 0.025
    endloop
  endfacet
  facet normal 0 0 1
    outer loop
      vertex -0.0539112 0.0289369 0.025
      vertex -0.0538427 0.0288077 0.025
      vertex -0.0465474 0.0333501 0.025
    endloop
  endfacet
  facet normal 0 0 1
    outer loop
      vertex -0.0465474 0.0333501 0.025
      vertex -0.0538427 0.0288077 0.025
      vertex -0.0460418 0.0334856 0.025
    endloop
  endfacet
  facet normal 0 0 1
    outer loop
      vertex -0.0538427 0.0288077 0.025
      vertex -0.0455532 0.0336732 0.025
      vertex -0.0460418 0.0334856 0.025
    endloop
  endfacet
  facet normal 0 0 1
    outer loop
      vertex 0.0439317 -0.0255132 0.025
      vertex 0.0456681 -0.0290633 0.025
      vertex 0.0440644 -0.0254519 0.025
    endloop
  endfacet
  facet normal 0 0 1
    outer loop
      vertex 0.0456681 -0.0290633 0.025
      vertex 0.046059 -0.0289133 0.025
      vertex 0.0440644 -0.0254519 0.025
    endloop
  endfacet
  facet normal 0 0 1
    outer loop
      vertex 0.0440644 -0.0254519 0.025
      vertex 0.046059 -0.0289133 0.025
      vertex 0.0441896 -0.0253765 0.025
    endloop
  endfacet
  facet normal 0 0 1
    outer loop
      vertex 0.046059 -0.0289133 0.025
      vertex 0.046432 -0.0287232 0.025
      vertex 0.0441896 -0.0253765 0.025
    endloop
  endfacet
  facet normal 0 0 1
    outer loop
      vertex 0.0441896 -0.0253765 0.025
      vertex 0.046432 -0.0287232 0.025
      vertex 0.044306 -0.025288 0.025
    endloop
  endfacet
  facet normal 0 0 1
    outer loop
      vertex 0.046432 -0.0287232 0.025
      vertex 0.0467832 -0.0284952 0.025
      vertex 0.044306 -0.025288 0.025
    endloop
  endfacet
  facet normal 0 0 1
    outer loop
      vertex 0.044306 -0.025288 0.025
      vertex 0.0467832 -0.0284952 0.025
      vertex 0.0471086 -0.0282317 0.025
    endloop
  endfacet
  facet normal 0 0 1
    outer loop
      vertex 0.0425581 -0.025288 0.025
      vertex 0.0393794 -0.0296914 0.025
      vertex 0.0426744 -0.0253765 0.025
    endloop
  endfacet
  facet normal 0 0 1
    outer loop
      vertex -0.057304 -0.0290633 0.025
      vertex -0.0568996 -0.0291717 0.025
      vertex -0.0595321 -0.0272591 0.025
    endloop
  endfacet
  facet normal 0 0 1
    outer loop
      vertex -0.0568996 -0.0291717 0.025
      vertex -0.0564861 -0.0292372 0.025
      vertex -0.0595321 -0.0272591 0.025
    endloop
  endfacet
  facet normal 0 0 1
    outer loop
      vertex -0.0595321 -0.0272591 0.025
      vertex -0.0564861 -0.0292372 0.025
      vertex -0.056068 -0.0292591 0.025
    endloop
  endfacet
  facet normal 0 0 1
    outer loop
      vertex -0.053718 0.0282409 0.025
      vertex -0.0537259 0.0280949 0.025
      vertex -0.044648 0.0341958 0.025
    endloop
  endfacet
  facet normal 0 0 1
    outer loop
      vertex -0.0537259 0.0280949 0.025
      vertex -0.0537495 0.0279507 0.025
      vertex -0.044648 0.0341958 0.025
    endloop
  endfacet
  facet normal 0 0 1
    outer loop
      vertex -0.044648 0.0341958 0.025
      vertex -0.0537495 0.0279507 0.025
      vertex -0.0425869 0.0108806 0.025
    endloop
  endfacet
  facet normal 0 0 1
    outer loop
      vertex -0.0537495 0.0279507 0.025
      vertex -0.0537886 0.0278098 0.025
      vertex -0.0425869 0.0108806 0.025
    endloop
  endfacet
  facet normal 0 0 1
    outer loop
      vertex -0.0425869 0.0108806 0.025
      vertex -0.0537886 0.0278098 0.025
      vertex -0.0538427 0.027674 0.025
    endloop
  endfacet
  facet normal 0 0 1
    outer loop
      vertex -0.0558256 0.0271235 0.025
      vertex -0.0559419 0.027212 0.025
      vertex -0.0425869 -0.00911938 0.025
    endloop
  endfacet
  facet normal 0 0 1
    outer loop
      vertex -0.0559419 0.027212 0.025
      vertex -0.0560481 0.0273125 0.025
      vertex -0.0425869 -0.00911938 0.025
    endloop
  endfacet
  facet normal 0 0 1
    outer loop
      vertex -0.0425869 -0.00911938 0.025
      vertex -0.0560481 0.0273125 0.025
      vertex -0.060068 0.0292409 0.025
    endloop
  endfacet
  facet normal 0 0 1
    outer loop
      vertex -0.0560481 0.0273125 0.025
      vertex -0.0561427 0.0274239 0.025
      vertex -0.060068 0.0292409 0.025
    endloop
  endfacet
  facet normal 0 0 1
    outer loop
      vertex -0.0561427 0.0274239 0.025
      vertex -0.0562247 0.0275449 0.025
      vertex -0.060068 0.0292409 0.025
    endloop
  endfacet
  facet normal 0 0 1
    outer loop
      vertex -0.0562247 0.0275449 0.025
      vertex -0.0562932 0.027674 0.025
      vertex -0.060068 0.0292409 0.025
    endloop
  endfacet
  facet normal 0 0 1
    outer loop
      vertex -0.060068 0.0292409 0.025
      vertex -0.0562932 0.027674 0.025
      vertex -0.0563473 0.0278098 0.025
    endloop
  endfacet
  facet normal 0 0 1
    outer loop
      vertex -0.0563473 0.0278098 0.025
      vertex -0.0563864 0.0279507 0.025
      vertex -0.060068 0.0292409 0.025
    endloop
  endfacet
  facet normal 0 0 1
    outer loop
      vertex -0.0563864 0.0279507 0.025
      vertex -0.0564101 0.0280949 0.025
      vertex -0.060068 0.0292409 0.025
    endloop
  endfacet
  facet normal 0 0 1
    outer loop
      vertex -0.060068 0.0292409 0.025
      vertex -0.0564101 0.0280949 0.025
      vertex -0.056418 0.0282409 0.025
    endloop
  endfacet
  facet normal 0 0 1
    outer loop
      vertex -0.0561427 0.0290579 0.025
      vertex -0.0560481 0.0291693 0.025
      vertex -0.0590405 0.0319174 0.025
    endloop
  endfacet
  facet normal 0 0 1
    outer loop
      vertex -0.0590405 0.0319174 0.025
      vertex -0.0560481 0.0291693 0.025
      vertex -0.0587445 0.0322135 0.025
    endloop
  endfacet
  facet normal 0 0 1
    outer loop
      vertex -0.0560481 0.0291693 0.025
      vertex -0.0559419 0.0292698 0.025
      vertex -0.0587445 0.0322135 0.025
    endloop
  endfacet
  facet normal 0 0 1
    outer loop
      vertex -0.0587445 0.0322135 0.025
      vertex -0.0559419 0.0292698 0.025
      vertex -0.0584191 0.0324769 0.025
    endloop
  endfacet
  facet normal 0 0 1
    outer loop
      vertex -0.0584191 0.0324769 0.025
      vertex -0.0559419 0.0292698 0.025
      vertex -0.058068 0.032705 0.025
    endloop
  endfacet
  facet normal 0 0 1
    outer loop
      vertex -0.0559419 0.0292698 0.025
      vertex -0.0558256 0.0293583 0.025
      vertex -0.058068 0.032705 0.025
    endloop
  endfacet
  facet normal 0 0 1
    outer loop
      vertex -0.058068 0.032705 0.025
      vertex -0.0558256 0.0293583 0.025
      vertex -0.0576949 0.0328951 0.025
    endloop
  endfacet
  facet normal 0 0 1
    outer loop
      vertex -0.0558256 0.0293583 0.025
      vertex -0.0557003 0.0294336 0.025
      vertex -0.0576949 0.0328951 0.025
    endloop
  endfacet
  facet normal 0 0 1
    outer loop
      vertex -0.0576949 0.0328951 0.025
      vertex -0.0557003 0.0294336 0.025
      vertex -0.057304 0.0330451 0.025
    endloop
  endfacet
  facet normal 0 0 1
    outer loop
      vertex -0.0557003 0.0294336 0.025
      vertex -0.0555677 0.029495 0.025
      vertex -0.057304 0.0330451 0.025
    endloop
  endfacet
  facet normal 0 0 1
    outer loop
      vertex -0.057304 0.0330451 0.025
      vertex -0.0555677 0.029495 0.025
      vertex -0.0568996 0.0331535 0.025
    endloop
  endfacet
  facet normal 0 0 1
    outer loop
      vertex 0.0393794 -0.0296914 0.025
      vertex 0.039868 -0.0295038 0.025
      vertex 0.0426744 -0.0253765 0.025
    endloop
  endfacet
  facet normal 0 0 1
    outer loop
      vertex 0.039868 -0.0295038 0.025
      vertex 0.0403735 -0.0293684 0.025
      vertex 0.0426744 -0.0253765 0.025
    endloop
  endfacet
  facet normal 0 0 1
    outer loop
      vertex 0.0426744 -0.0253765 0.025
      vertex 0.0403735 -0.0293684 0.025
      vertex 0.0427997 -0.0254519 0.025
    endloop
  endfacet
  facet normal 0 0 1
    outer loop
      vertex 0.0403735 -0.0293684 0.025
      vertex 0.0408904 -0.0292865 0.025
      vertex 0.0427997 -0.0254519 0.025
    endloop
  endfacet
  facet normal 0 0 1
    outer loop
      vertex 0.0427997 -0.0254519 0.025
      vertex 0.0408904 -0.0292865 0.025
      vertex 0.0429323 -0.0255132 0.025
    endloop
  endfacet
  facet normal 0 0 1
    outer loop
      vertex 0.0408904 -0.0292865 0.025
      vertex 0.0414131 -0.0292591 0.025
      vertex 0.0429323 -0.0255132 0.025
    endloop
  endfacet
  facet normal 0 0 1
    outer loop
      vertex 0.0429323 -0.0255132 0.025
      vertex 0.0414131 -0.0292591 0.025
      vertex 0.0430709 -0.0255599 0.025
    endloop
  endfacet
  facet normal 0 0 1
    outer loop
      vertex 0.0422753 -0.0249551 0.025
      vertex 0.037368 -0.0313202 0.025
      vertex 0.0423573 -0.0250761 0.025
    endloop
  endfacet
  facet normal 0 0 1
    outer loop
      vertex 0.037368 -0.0313202 0.025
      vertex 0.0376974 -0.0309135 0.025
      vertex 0.0423573 -0.0250761 0.025
    endloop
  endfacet
  facet normal 0 0 1
    outer loop
      vertex 0.0423573 -0.0250761 0.025
      vertex 0.0376974 -0.0309135 0.025
      vertex 0.0424519 -0.0251875 0.025
    endloop
  endfacet
  facet normal 0 0 1
    outer loop
      vertex 0.0376974 -0.0309135 0.025
      vertex 0.0380674 -0.0305434 0.025
      vertex 0.0424519 -0.0251875 0.025
    endloop
  endfacet
  facet normal 0 0 1
    outer loop
      vertex 0.0424519 -0.0251875 0.025
      vertex 0.0380674 -0.0305434 0.025
      vertex 0.0425581 -0.025288 0.025
    endloop
  endfacet
  facet normal 0 0 1
    outer loop
      vertex 0.0380674 -0.0305434 0.025
      vertex 0.0384742 -0.030214 0.025
      vertex 0.0425581 -0.025288 0.025
    endloop
  endfacet
  facet normal 0 0 1
    outer loop
      vertex 0.0425581 -0.025288 0.025
      vertex 0.0384742 -0.030214 0.025
      vertex 0.0389131 -0.029929 0.025
    endloop
  endfacet
  facet normal 0 0 1
    outer loop
      vertex 0.0440644 -0.0230664 0.025
      vertex 0.048432 0.0292409 0.025
      vertex 0.0439317 -0.023005 0.025
    endloop
  endfacet
  facet normal 0 0 1
    outer loop
      vertex 0.048432 0.0292409 0.025
      vertex 0.0437932 -0.0229583 0.025
      vertex 0.0439317 -0.023005 0.025
    endloop
  endfacet
  facet normal 0 0 1
    outer loop
      vertex 0.0440644 -0.0230664 0.025
      vertex 0.0441896 -0.0231417 0.025
      vertex 0.048432 0.0292409 0.025
    endloop
  endfacet
  facet normal 0 0 1
    outer loop
      vertex 0.0441896 -0.0231417 0.025
      vertex 0.044306 -0.0232302 0.025
      vertex 0.048432 0.0292409 0.025
    endloop
  endfacet
  facet normal 0 0 1
    outer loop
      vertex 0.048432 0.0292409 0.025
      vertex 0.044306 -0.0232302 0.025
      vertex 0.0444121 -0.0233307 0.025
    endloop
  endfacet
  facet normal 0 0 1
    outer loop
      vertex -0.054194 0.027212 0.025
      vertex -0.0543104 0.0271235 0.025
      vertex -0.0425869 0.0108806 0.025
    endloop
  endfacet
  facet normal 0 0 1
    outer loop
      vertex -0.0543104 0.0271235 0.025
      vertex -0.0544356 0.0270481 0.025
      vertex -0.0425869 0.0108806 0.025
    endloop
  endfacet
  facet normal 0 0 1
    outer loop
      vertex -0.0425869 0.0108806 0.025
      vertex -0.0544356 0.0270481 0.025
      vertex -0.0425869 -0.00911938 0.025
    endloop
  endfacet
  facet normal 0 0 1
    outer loop
      vertex -0.0544356 0.0270481 0.025
      vertex -0.0545683 0.0269868 0.025
      vertex -0.0425869 -0.00911938 0.025
    endloop
  endfacet
  facet normal 0 0 1
    outer loop
      vertex -0.0554291 0.0269401 0.025
      vertex -0.0555677 0.0269868 0.025
      vertex -0.0425869 -0.00911938 0.025
    endloop
  endfacet
  facet normal 0 0 1
    outer loop
      vertex -0.0555677 0.0269868 0.025
      vertex -0.0557003 0.0270481 0.025
      vertex -0.0425869 -0.00911938 0.025
    endloop
  endfacet
  facet normal 0 0 1
    outer loop
      vertex -0.0425869 -0.00911938 0.025
      vertex -0.0557003 0.0270481 0.025
      vertex -0.0558256 0.0271235 0.025
    endloop
  endfacet
  facet normal 0 0 1
    outer loop
      vertex -0.0590405 0.0319174 0.025
      vertex -0.059304 0.031592 0.025
      vertex -0.0561427 0.0290579 0.025
    endloop
  endfacet
  facet normal 0 0 1
    outer loop
      vertex -0.059304 0.031592 0.025
      vertex -0.0595321 0.0312409 0.025
      vertex -0.0561427 0.0290579 0.025
    endloop
  endfacet
  facet normal 0 0 1
    outer loop
      vertex -0.0561427 0.0290579 0.025
      vertex -0.0595321 0.0312409 0.025
      vertex -0.0562247 0.0289369 0.025
    endloop
  endfacet
  facet normal 0 0 1
    outer loop
      vertex -0.0595321 0.0312409 0.025
      vertex -0.0597221 0.0308678 0.025
      vertex -0.0562247 0.0289369 0.025
    endloop
  endfacet
  facet normal 0 0 1
    outer loop
      vertex -0.0562247 0.0289369 0.025
      vertex -0.0597221 0.0308678 0.025
      vertex -0.0562932 0.0288077 0.025
    endloop
  endfacet
  facet normal 0 0 1
    outer loop
      vertex -0.0597221 0.0308678 0.025
      vertex -0.0598722 0.0304769 0.025
      vertex -0.0562932 0.0288077 0.025
    endloop
  endfacet
  facet normal 0 0 1
    outer loop
      vertex -0.0562932 0.0288077 0.025
      vertex -0.0598722 0.0304769 0.025
      vertex -0.0563473 0.0286719 0.025
    endloop
  endfacet
  facet normal 0 0 1
    outer loop
      vertex -0.056068 0.0332409 0.025
      vertex -0.0551411 0.0295889 0.025
      vertex -0.0549949 0.0295889 0.025
    endloop
  endfacet
  facet normal 0 0 1
    outer loop
      vertex 0.0436504 -0.0255913 0.025
      vertex 0.044432 -0.0292591 0.025
      vertex 0.0437932 -0.0255599 0.025
    endloop
  endfacet
  facet normal 0 0 1
    outer loop
      vertex 0.044432 -0.0292591 0.025
      vertex 0.0448501 -0.0292372 0.025
      vertex 0.0437932 -0.0255599 0.025
    endloop
  endfacet
  facet normal 0 0 1
    outer loop
      vertex 0.0437932 -0.0255599 0.025
      vertex 0.0448501 -0.0292372 0.025
      vertex 0.0439317 -0.0255132 0.025
    endloop
  endfacet
  facet normal 0 0 1
    outer loop
      vertex 0.0448501 -0.0292372 0.025
      vertex 0.0452637 -0.0291717 0.025
      vertex 0.0439317 -0.0255132 0.025
    endloop
  endfacet
  facet normal 0 0 1
    outer loop
      vertex 0.0439317 -0.0255132 0.025
      vertex 0.0452637 -0.0291717 0.025
      vertex 0.0456681 -0.0290633 0.025
    endloop
  endfacet
  facet normal 0 0 1
    outer loop
      vertex -0.0545683 0.0269868 0.025
      vertex -0.0547068 0.0269401 0.025
      vertex -0.0425869 -0.00911938 0.025
    endloop
  endfacet
  facet normal 0 0 1
    outer loop
      vertex -0.0547068 0.0269401 0.025
      vertex -0.0548496 0.0269087 0.025
      vertex -0.0425869 -0.00911938 0.025
    endloop
  endfacet
  facet normal 0 0 1
    outer loop
      vertex -0.0425869 -0.00911938 0.025
      vertex -0.0548496 0.0269087 0.025
      vertex -0.0549949 0.0268929 0.025
    endloop
  endfacet
  facet normal 0 0 1
    outer loop
      vertex -0.056418 0.0282409 0.025
      vertex -0.0564101 0.0283868 0.025
      vertex -0.060068 0.0292409 0.025
    endloop
  endfacet
  facet normal 0 0 1
    outer loop
      vertex -0.0564101 0.0283868 0.025
      vertex -0.0563864 0.0285311 0.025
      vertex -0.060068 0.0292409 0.025
    endloop
  endfacet
  facet normal 0 0 1
    outer loop
      vertex -0.060068 0.0292409 0.025
      vertex -0.0563864 0.0285311 0.025
      vertex -0.0600461 0.029659 0.025
    endloop
  endfacet
  facet normal 0 0 1
    outer loop
      vertex -0.0563864 0.0285311 0.025
      vertex -0.0563473 0.0286719 0.025
      vertex -0.0600461 0.029659 0.025
    endloop
  endfacet
  facet normal 0 0 1
    outer loop
      vertex -0.0600461 0.029659 0.025
      vertex -0.0563473 0.0286719 0.025
      vertex -0.0599806 0.0300725 0.025
    endloop
  endfacet
  facet normal 0 0 1
    outer loop
      vertex -0.0563473 0.0286719 0.025
      vertex -0.0598722 0.0304769 0.025
      vertex -0.0599806 0.0300725 0.025
    endloop
  endfacet
  facet normal 0 0 1
    outer loop
      vertex -0.0568996 0.0331535 0.025
      vertex -0.0555677 0.029495 0.025
      vertex -0.0564861 0.033219 0.025
    endloop
  endfacet
  facet normal 0 0 1
    outer loop
      vertex -0.0555677 0.029495 0.025
      vertex -0.0554291 0.0295417 0.025
      vertex -0.0564861 0.033219 0.025
    endloop
  endfacet
  facet normal 0 0 1
    outer loop
      vertex -0.0564861 0.033219 0.025
      vertex -0.0554291 0.0295417 0.025
      vertex -0.056068 0.0332409 0.025
    endloop
  endfacet
  facet normal 0 0 1
    outer loop
      vertex -0.0554291 0.0295417 0.025
      vertex -0.0552864 0.0295731 0.025
      vertex -0.056068 0.0332409 0.025
    endloop
  endfacet
  facet normal 0 0 1
    outer loop
      vertex -0.056068 0.0332409 0.025
      vertex -0.0552864 0.0295731 0.025
      vertex -0.0551411 0.0295889 0.025
    endloop
  endfacet
  facet normal 0 0 1
    outer loop
      vertex -0.0549949 0.0295889 0.025
      vertex -0.0548496 0.0295731 0.025
      vertex -0.056068 0.0332409 0.025
    endloop
  endfacet
  facet normal 0 0 1
    outer loop
      vertex -0.0548496 0.0295731 0.025
      vertex -0.0547068 0.0295417 0.025
      vertex -0.056068 0.0332409 0.025
    endloop
  endfacet
  facet normal 0 0 1
    outer loop
      vertex -0.056068 0.0332409 0.025
      vertex -0.0547068 0.0295417 0.025
      vertex -0.0475869 0.0332409 0.025
    endloop
  endfacet
  facet normal 0 0 1
    outer loop
      vertex -0.0547068 0.0295417 0.025
      vertex -0.0545683 0.029495 0.025
      vertex -0.0475869 0.0332409 0.025
    endloop
  endfacet
  facet normal 0 0 1
    outer loop
      vertex -0.0475869 0.0332409 0.025
      vertex -0.0545683 0.029495 0.025
      vertex -0.0544356 0.0294336 0.025
    endloop
  endfacet
  facet normal 0 0 1
    outer loop
      vertex 0.0436504 -0.0255913 0.025
      vertex 0.0435051 -0.0256071 0.025
      vertex 0.044432 -0.0292591 0.025
    endloop
  endfacet
  facet normal 0 0 1
    outer loop
      vertex 0.0435051 -0.0256071 0.025
      vertex 0.0433589 -0.0256071 0.025
      vertex 0.044432 -0.0292591 0.025
    endloop
  endfacet
  facet normal 0 0 1
    outer loop
      vertex 0.044432 -0.0292591 0.025
      vertex 0.0433589 -0.0256071 0.025
      vertex 0.0414131 -0.0292591 0.025
    endloop
  endfacet
  facet normal 0 0 1
    outer loop
      vertex 0.0433589 -0.0256071 0.025
      vertex 0.0432136 -0.0255913 0.025
      vertex 0.0414131 -0.0292591 0.025
    endloop
  endfacet
  facet normal 0 0 1
    outer loop
      vertex 0.0414131 -0.0292591 0.025
      vertex 0.0432136 -0.0255913 0.025
      vertex 0.0430709 -0.0255599 0.025
    endloop
  endfacet
  facet normal 0 0 1
    outer loop
      vertex 0.0427997 -0.0230664 0.025
      vertex 0.0429323 -0.023005 0.025
      vertex 0.0364131 -0.00801717 0.025
    endloop
  endfacet
  facet normal 0 0 1
    outer loop
      vertex 0.0429323 -0.023005 0.025
      vertex 0.0430709 -0.0229583 0.025
      vertex 0.0364131 -0.00801717 0.025
    endloop
  endfacet
  facet normal 0 0 1
    outer loop
      vertex 0.0364131 -0.00801717 0.025
      vertex 0.0430709 -0.0229583 0.025
      vertex 0.048432 0.0292409 0.025
    endloop
  endfacet
  facet normal 0 0 1
    outer loop
      vertex 0.0430709 -0.0229583 0.025
      vertex 0.0432136 -0.0229269 0.025
      vertex 0.048432 0.0292409 0.025
    endloop
  endfacet
  facet normal 0 0 1
    outer loop
      vertex 0.048432 0.0292409 0.025
      vertex 0.0432136 -0.0229269 0.025
      vertex 0.0433589 -0.0229111 0.025
    endloop
  endfacet
  facet normal 0 0 1
    outer loop
      vertex 0.0433589 -0.0229111 0.025
      vertex 0.0435051 -0.0229111 0.025
      vertex 0.048432 0.0292409 0.025
    endloop
  endfacet
  facet normal 0 0 1
    outer loop
      vertex 0.0435051 -0.0229111 0.025
      vertex 0.0436504 -0.0229269 0.025
      vertex 0.048432 0.0292409 0.025
    endloop
  endfacet
  facet normal 0 0 1
    outer loop
      vertex 0.048432 0.0292409 0.025
      vertex 0.0436504 -0.0229269 0.025
      vertex 0.0437932 -0.0229583 0.025
    endloop
  endfacet
  facet normal 0 0 1
    outer loop
      vertex -0.0549949 0.0268929 0.025
      vertex -0.0551411 0.0268929 0.025
      vertex -0.0425869 -0.00911938 0.025
    endloop
  endfacet
  facet normal 0 0 1
    outer loop
      vertex -0.0551411 0.0268929 0.025
      vertex -0.0552864 0.0269087 0.025
      vertex -0.0425869 -0.00911938 0.025
    endloop
  endfacet
  facet normal 0 0 1
    outer loop
      vertex -0.0425869 -0.00911938 0.025
      vertex -0.0552864 0.0269087 0.025
      vertex -0.0554291 0.0269401 0.025
    endloop
  endfacet
  facet normal -1 0 0
    outer loop
      vertex -0.060068 0.0292409 0.025
      vertex -0.060068 0.0292409 0.02
      vertex -0.060068 -0.0252591 0.025
    endloop
  endfacet
  facet normal -1 0 0
    outer loop
      vertex -0.060068 0.0292409 0.02
      vertex -0.060068 -0.0252591 0.02
      vertex -0.060068 -0.0252591 0.025
    endloop
  endfacet
  facet normal 0.998534 -0.0541305 0
    outer loop
      vertex -0.056418 0.0282409 0.025
      vertex -0.056418 0.0282409 0.02
      vertex -0.0564101 0.0283868 0.025
    endloop
  endfacet
  facet normal 0.998534 -0.0541305 0
    outer loop
      vertex -0.056418 0.0282409 0.02
      vertex -0.0564101 0.0283868 0.02
      vertex -0.0564101 0.0283868 0.025
    endloop
  endfacet
  facet normal 0.986827 -0.16178 0
    outer loop
      vertex -0.0564101 0.0283868 0.025
      vertex -0.0564101 0.0283868 0.02
      vertex -0.0563864 0.0285311 0.025
    endloop
  endfacet
  facet normal 0.986827 -0.16178 0
    outer loop
      vertex -0.0564101 0.0283868 0.02
      vertex -0.0563864 0.0285311 0.02
      vertex -0.0563864 0.0285311 0.025
    endloop
  endfacet
  facet normal 0.963553 -0.267517 0
    outer loop
      vertex -0.0563864 0.0285311 0.025
      vertex -0.0563864 0.0285311 0.02
      vertex -0.0563473 0.0286719 0.025
    endloop
  endfacet
  facet normal 0.963553 -0.267517 0
    outer loop
      vertex -0.0563864 0.0285311 0.02
      vertex -0.0563473 0.0286719 0.02
      vertex -0.0563473 0.0286719 0.025
    endloop
  endfacet
  facet normal 0.928973 -0.370147 0
    outer loop
      vertex -0.0563473 0.0286719 0.025
      vertex -0.0563473 0.0286719 0.02
      vertex -0.0562932 0.0288077 0.025
    endloop
  endfacet
  facet normal 0.928973 -0.370147 0
    outer loop
      vertex -0.0563473 0.0286719 0.02
      vertex -0.0562932 0.0288077 0.02
      vertex -0.0562932 0.0288077 0.025
    endloop
  endfacet
  facet normal 0.88351 -0.468412 0
    outer loop
      vertex -0.0562932 0.0288077 0.025
      vertex -0.0562932 0.0288077 0.02
      vertex -0.0562247 0.0289369 0.025
    endloop
  endfacet
  facet normal 0.88351 -0.468412 0
    outer loop
      vertex -0.0562932 0.0288077 0.02
      vertex -0.0562247 0.0289369 0.02
      vertex -0.0562247 0.0289369 0.025
    endloop
  endfacet
  facet normal 0.827692 -0.561182 0
    outer loop
      vertex -0.0562247 0.0289369 0.025
      vertex -0.0562247 0.0289369 0.02
      vertex -0.0561427 0.0290579 0.025
    endloop
  endfacet
  facet normal 0.827692 -0.561182 0
    outer loop
      vertex -0.0562247 0.0289369 0.02
      vertex -0.0561427 0.0290579 0.02
      vertex -0.0561427 0.0290579 0.025
    endloop
  endfacet
  facet normal 0.762154 -0.647395 0
    outer loop
      vertex -0.0561427 0.0290579 0.025
      vertex -0.0561427 0.0290579 0.02
      vertex -0.0560481 0.0291693 0.025
    endloop
  endfacet
  facet normal 0.762154 -0.647395 0
    outer loop
      vertex -0.0561427 0.0290579 0.02
      vertex -0.0560481 0.0291693 0.02
      vertex -0.0560481 0.0291693 0.025
    endloop
  endfacet
  facet normal 0.687702 -0.725993 0
    outer loop
      vertex -0.0560481 0.0291693 0.025
      vertex -0.0560481 0.0291693 0.02
      vertex -0.0559419 0.0292698 0.025
    endloop
  endfacet
  facet normal 0.687702 -0.725993 0
    outer loop
      vertex -0.0560481 0.0291693 0.02
      vertex -0.0559419 0.0292698 0.02
      vertex -0.0559419 0.0292698 0.025
    endloop
  endfacet
  facet normal 0.605178 -0.79609 0
    outer loop
      vertex -0.0559419 0.0292698 0.025
      vertex -0.0559419 0.0292698 0.02
      vertex -0.0558256 0.0293583 0.025
    endloop
  endfacet
  facet normal 0.605178 -0.79609 0
    outer loop
      vertex -0.0559419 0.0292698 0.02
      vertex -0.0558256 0.0293583 0.02
      vertex -0.0558256 0.0293583 0.025
    endloop
  endfacet
  facet normal 0.51555 -0.856859 0
    outer loop
      vertex -0.0558256 0.0293583 0.025
      vertex -0.0558256 0.0293583 0.02
      vertex -0.0557003 0.0294336 0.025
    endloop
  endfacet
  facet normal 0.51555 -0.856859 0
    outer loop
      vertex -0.0558256 0.0293583 0.02
      vertex -0.0557003 0.0294336 0.02
      vertex -0.0557003 0.0294336 0.025
    endloop
  endfacet
  facet normal 0.419892 -0.907574 0
    outer loop
      vertex -0.0557003 0.0294336 0.025
      vertex -0.0557003 0.0294336 0.02
      vertex -0.0555677 0.029495 0.025
    endloop
  endfacet
  facet normal 0.419892 -0.907574 0
    outer loop
      vertex -0.0557003 0.0294336 0.02
      vertex -0.0555677 0.029495 0.02
      vertex -0.0555677 0.029495 0.025
    endloop
  endfacet
  facet normal 0.319307 -0.947651 0
    outer loop
      vertex -0.0555677 0.029495 0.025
      vertex -0.0555677 0.029495 0.02
      vertex -0.0554291 0.0295417 0.025
    endloop
  endfacet
  facet normal 0.319307 -0.947651 0
    outer loop
      vertex -0.0555677 0.029495 0.02
      vertex -0.0554291 0.0295417 0.02
      vertex -0.0554291 0.0295417 0.025
    endloop
  endfacet
  facet normal 0.214963 -0.976622 0
    outer loop
      vertex -0.0554291 0.0295417 0.025
      vertex -0.0554291 0.0295417 0.02
      vertex -0.0552864 0.0295731 0.025
    endloop
  endfacet
  facet normal 0.214963 -0.976622 0
    outer loop
      vertex -0.0554291 0.0295417 0.02
      vertex -0.0552864 0.0295731 0.02
      vertex -0.0552864 0.0295731 0.025
    endloop
  endfacet
  facet normal 0.108122 -0.994138 0
    outer loop
      vertex -0.0552864 0.0295731 0.025
      vertex -0.0552864 0.0295731 0.02
      vertex -0.0551411 0.0295889 0.025
    endloop
  endfacet
  facet normal 0.108122 -0.994138 0
    outer loop
      vertex -0.0552864 0.0295731 0.02
      vertex -0.0551411 0.0295889 0.02
      vertex -0.0551411 0.0295889 0.025
    endloop
  endfacet
  facet normal 0 -1 0
    outer loop
      vertex -0.0551411 0.0295889 0.025
      vertex -0.0551411 0.0295889 0.02
      vertex -0.0549949 0.0295889 0.025
    endloop
  endfacet
  facet normal 0 -1 0
    outer loop
      vertex -0.0551411 0.0295889 0.02
      vertex -0.0549949 0.0295889 0.02
      vertex -0.0549949 0.0295889 0.025
    endloop
  endfacet
  facet normal -0.108122 -0.994138 0
    outer loop
      vertex -0.0549949 0.0295889 0.025
      vertex -0.0549949 0.0295889 0.02
      vertex -0.0548496 0.0295731 0.025
    endloop
  endfacet
  facet normal -0.108122 -0.994138 0
    outer loop
      vertex -0.0549949 0.0295889 0.02
      vertex -0.0548496 0.0295731 0.02
      vertex -0.0548496 0.0295731 0.025
    endloop
  endfacet
  facet normal -0.214963 -0.976622 0
    outer loop
      vertex -0.0548496 0.0295731 0.025
      vertex -0.0548496 0.0295731 0.02
      vertex -0.0547068 0.0295417 0.025
    endloop
  endfacet
  facet normal -0.214963 -0.976622 0
    outer loop
      vertex -0.0548496 0.0295731 0.02
      vertex -0.0547068 0.0295417 0.02
      vertex -0.0547068 0.0295417 0.025
    endloop
  endfacet
  facet normal -0.319307 -0.947651 0
    outer loop
      vertex -0.0547068 0.0295417 0.025
      vertex -0.0547068 0.0295417 0.02
      vertex -0.0545683 0.029495 0.025
    endloop
  endfacet
  facet normal -0.319307 -0.947651 0
    outer loop
      vertex -0.0547068 0.0295417 0.02
      vertex -0.0545683 0.029495 0.02
      vertex -0.0545683 0.029495 0.025
    endloop
  endfacet
  facet normal -0.419892 -0.907574 0
    outer loop
      vertex -0.0545683 0.029495 0.025
      vertex -0.0545683 0.029495 0.02
      vertex -0.0544356 0.0294336 0.025
    endloop
  endfacet
  facet normal -0.419892 -0.907574 0
    outer loop
      vertex -0.0545683 0.029495 0.02
      vertex -0.0544356 0.0294336 0.02
      vertex -0.0544356 0.0294336 0.025
    endloop
  endfacet
  facet normal -0.51555 -0.856859 0
    outer loop
      vertex -0.0544356 0.0294336 0.025
      vertex -0.0544356 0.0294336 0.02
      vertex -0.0543104 0.0293583 0.025
    endloop
  endfacet
  facet normal -0.51555 -0.856859 0
    outer loop
      vertex -0.0544356 0.0294336 0.02
      vertex -0.0543104 0.0293583 0.02
      vertex -0.0543104 0.0293583 0.025
    endloop
  endfacet
  facet normal -0.605178 -0.79609 0
    outer loop
      vertex -0.0543104 0.0293583 0.025
      vertex -0.0543104 0.0293583 0.02
      vertex -0.054194 0.0292698 0.025
    endloop
  endfacet
  facet normal -0.605178 -0.79609 0
    outer loop
      vertex -0.0543104 0.0293583 0.02
      vertex -0.054194 0.0292698 0.02
      vertex -0.054194 0.0292698 0.025
    endloop
  endfacet
  facet normal -0.687702 -0.725993 0
    outer loop
      vertex -0.054194 0.0292698 0.025
      vertex -0.054194 0.0292698 0.02
      vertex -0.0540879 0.0291693 0.025
    endloop
  endfacet
  facet normal -0.687702 -0.725993 0
    outer loop
      vertex -0.054194 0.0292698 0.02
      vertex -0.0540879 0.0291693 0.02
      vertex -0.0540879 0.0291693 0.025
    endloop
  endfacet
  facet normal -0.762154 -0.647395 0
    outer loop
      vertex -0.0540879 0.0291693 0.025
      vertex -0.0540879 0.0291693 0.02
      vertex -0.0539932 0.0290579 0.025
    endloop
  endfacet
  facet normal -0.762154 -0.647395 0
    outer loop
      vertex -0.0540879 0.0291693 0.02
      vertex -0.0539932 0.0290579 0.02
      vertex -0.0539932 0.0290579 0.025
    endloop
  endfacet
  facet normal -0.827692 -0.561182 0
    outer loop
      vertex -0.0539932 0.0290579 0.025
      vertex -0.0539932 0.0290579 0.02
      vertex -0.0539112 0.0289369 0.025
    endloop
  endfacet
  facet normal -0.827692 -0.561182 0
    outer loop
      vertex -0.0539932 0.0290579 0.02
      vertex -0.0539112 0.0289369 0.02
      vertex -0.0539112 0.0289369 0.025
    endloop
  endfacet
  facet normal -0.88351 -0.468412 0
    outer loop
      vertex -0.0539112 0.0289369 0.025
      vertex -0.0539112 0.0289369 0.02
      vertex -0.0538427 0.0288077 0.025
    endloop
  endfacet
  facet normal -0.88351 -0.468412 0
    outer loop
      vertex -0.0539112 0.0289369 0.02
      vertex -0.0538427 0.0288077 0.02
      vertex -0.0538427 0.0288077 0.025
    endloop
  endfacet
  facet normal -0.928973 -0.370147 0
    outer loop
      vertex -0.0538427 0.0288077 0.025
      vertex -0.0538427 0.0288077 0.02
      vertex -0.0537886 0.0286719 0.025
    endloop
  endfacet
  facet normal -0.928973 -0.370147 0
    outer loop
      vertex -0.0538427 0.0288077 0.02
      vertex -0.0537886 0.0286719 0.02
      vertex -0.0537886 0.0286719 0.025
    endloop
  endfacet
  facet normal -0.963553 -0.267517 0
    outer loop
      vertex -0.0537886 0.0286719 0.025
      vertex -0.0537886 0.0286719 0.02
      vertex -0.0537495 0.0285311 0.025
    endloop
  endfacet
  facet normal -0.963553 -0.267517 0
    outer loop
      vertex -0.0537886 0.0286719 0.02
      vertex -0.0537495 0.0285311 0.02
      vertex -0.0537495 0.0285311 0.025
    endloop
  endfacet
  facet normal -0.986827 -0.16178 0
    outer loop
      vertex -0.0537495 0.0285311 0.025
      vertex -0.0537495 0.0285311 0.02
      vertex -0.0537259 0.0283868 0.025
    endloop
  endfacet
  facet normal -0.986827 -0.16178 0
    outer loop
      vertex -0.0537495 0.0285311 0.02
      vertex -0.0537259 0.0283868 0.02
      vertex -0.0537259 0.0283868 0.025
    endloop
  endfacet
  facet normal -0.998534 -0.0541305 0
    outer loop
      vertex -0.0537259 0.0283868 0.025
      vertex -0.0537259 0.0283868 0.02
      vertex -0.053718 0.0282409 0.025
    endloop
  endfacet
  facet normal -0.998534 -0.0541305 0
    outer loop
      vertex -0.0537259 0.0283868 0.02
      vertex -0.053718 0.0282409 0.02
      vertex -0.053718 0.0282409 0.025
    endloop
  endfacet
  facet normal -0.998534 0.0541305 0
    outer loop
      vertex -0.053718 0.0282409 0.025
      vertex -0.053718 0.0282409 0.02
      vertex -0.0537259 0.0280949 0.025
    endloop
  endfacet
  facet normal -0.998534 0.0541305 0
    outer loop
      vertex -0.053718 0.0282409 0.02
      vertex -0.0537259 0.0280949 0.02
      vertex -0.0537259 0.0280949 0.025
    endloop
  endfacet
  facet normal -0.986827 0.16178 0
    outer loop
      vertex -0.0537259 0.0280949 0.025
      vertex -0.0537259 0.0280949 0.02
      vertex -0.0537495 0.0279507 0.025
    endloop
  endfacet
  facet normal -0.986827 0.16178 0
    outer loop
      vertex -0.0537259 0.0280949 0.02
      vertex -0.0537495 0.0279507 0.02
      vertex -0.0537495 0.0279507 0.025
    endloop
  endfacet
  facet normal -0.963553 0.267517 0
    outer loop
      vertex -0.0537495 0.0279507 0.025
      vertex -0.0537495 0.0279507 0.02
      vertex -0.0537886 0.0278098 0.025
    endloop
  endfacet
  facet normal -0.963553 0.267517 0
    outer loop
      vertex -0.0537495 0.0279507 0.02
      vertex -0.0537886 0.0278098 0.02
      vertex -0.0537886 0.0278098 0.025
    endloop
  endfacet
  facet normal -0.928973 0.370147 0
    outer loop
      vertex -0.0537886 0.0278098 0.025
      vertex -0.0537886 0.0278098 0.02
      vertex -0.0538427 0.027674 0.025
    endloop
  endfacet
  facet normal -0.928973 0.370147 0
    outer loop
      vertex -0.0537886 0.0278098 0.02
      vertex -0.0538427 0.027674 0.02
      vertex -0.0538427 0.027674 0.025
    endloop
  endfacet
  facet normal -0.88351 0.468412 0
    outer loop
      vertex -0.0538427 0.027674 0.025
      vertex -0.0538427 0.027674 0.02
      vertex -0.0539112 0.0275449 0.025
    endloop
  endfacet
  facet normal -0.88351 0.468412 0
    outer loop
      vertex -0.0538427 0.027674 0.02
      vertex -0.0539112 0.0275449 0.02
      vertex -0.0539112 0.0275449 0.025
    endloop
  endfacet
  facet normal -0.827692 0.561182 0
    outer loop
      vertex -0.0539112 0.0275449 0.025
      vertex -0.0539112 0.0275449 0.02
      vertex -0.0539932 0.0274239 0.025
    endloop
  endfacet
  facet normal -0.827692 0.561182 0
    outer loop
      vertex -0.0539112 0.0275449 0.02
      vertex -0.0539932 0.0274239 0.02
      vertex -0.0539932 0.0274239 0.025
    endloop
  endfacet
  facet normal -0.762154 0.647395 0
    outer loop
      vertex -0.0539932 0.0274239 0.025
      vertex -0.0539932 0.0274239 0.02
      vertex -0.0540879 0.0273125 0.025
    endloop
  endfacet
  facet normal -0.762154 0.647395 0
    outer loop
      vertex -0.0539932 0.0274239 0.02
      vertex -0.0540879 0.0273125 0.02
      vertex -0.0540879 0.0273125 0.025
    endloop
  endfacet
  facet normal -0.687702 0.725993 0
    outer loop
      vertex -0.0540879 0.0273125 0.025
      vertex -0.0540879 0.0273125 0.02
      vertex -0.054194 0.027212 0.025
    endloop
  endfacet
  facet normal -0.687702 0.725993 0
    outer loop
      vertex -0.0540879 0.0273125 0.02
      vertex -0.054194 0.027212 0.02
      vertex -0.054194 0.027212 0.025
    endloop
  endfacet
  facet normal -0.605178 0.79609 0
    outer loop
      vertex -0.054194 0.027212 0.025
      vertex -0.054194 0.027212 0.02
      vertex -0.0543104 0.0271235 0.025
    endloop
  endfacet
  facet normal -0.605178 0.79609 0
    outer loop
      vertex -0.054194 0.027212 0.02
      vertex -0.0543104 0.0271235 0.02
      vertex -0.0543104 0.0271235 0.025
    endloop
  endfacet
  facet normal -0.51555 0.856859 0
    outer loop
      vertex -0.0543104 0.0271235 0.025
      vertex -0.0543104 0.0271235 0.02
      vertex -0.0544356 0.0270481 0.025
    endloop
  endfacet
  facet normal -0.51555 0.856859 0
    outer loop
      vertex -0.0543104 0.0271235 0.02
      vertex -0.0544356 0.0270481 0.02
      vertex -0.0544356 0.0270481 0.025
    endloop
  endfacet
  facet normal -0.419892 0.907574 0
    outer loop
      vertex -0.0544356 0.0270481 0.025
      vertex -0.0544356 0.0270481 0.02
      vertex -0.0545683 0.0269868 0.025
    endloop
  endfacet
  facet normal -0.419892 0.907574 0
    outer loop
      vertex -0.0544356 0.0270481 0.02
      vertex -0.0545683 0.0269868 0.02
      vertex -0.0545683 0.0269868 0.025
    endloop
  endfacet
  facet normal -0.319307 0.947651 0
    outer loop
      vertex -0.0545683 0.0269868 0.025
      vertex -0.0545683 0.0269868 0.02
      vertex -0.0547068 0.0269401 0.025
    endloop
  endfacet
  facet normal -0.319307 0.947651 0
    outer loop
      vertex -0.0545683 0.0269868 0.02
      vertex -0.0547068 0.0269401 0.02
      vertex -0.0547068 0.0269401 0.025
    endloop
  endfacet
  facet normal -0.214963 0.976622 0
    outer loop
      vertex -0.0547068 0.0269401 0.025
      vertex -0.0547068 0.0269401 0.02
      vertex -0.0548496 0.0269087 0.025
    endloop
  endfacet
  facet normal -0.214963 0.976622 0
    outer loop
      vertex -0.0547068 0.0269401 0.02
      vertex -0.0548496 0.0269087 0.02
      vertex -0.0548496 0.0269087 0.025
    endloop
  endfacet
  facet normal -0.108122 0.994138 0
    outer loop
      vertex -0.0548496 0.0269087 0.025
      vertex -0.0548496 0.0269087 0.02
      vertex -0.0549949 0.0268929 0.025
    endloop
  endfacet
  facet normal -0.108122 0.994138 0
    outer loop
      vertex -0.0548496 0.0269087 0.02
      vertex -0.0549949 0.0268929 0.02
      vertex -0.0549949 0.0268929 0.025
    endloop
  endfacet
  facet normal 0 1 0
    outer loop
      vertex -0.0549949 0.0268929 0.025
      vertex -0.0549949 0.0268929 0.02
      vertex -0.0551411 0.0268929 0.025
    endloop
  endfacet
  facet normal 0 1 0
    outer loop
      vertex -0.0549949 0.0268929 0.02
      vertex -0.0551411 0.0268929 0.02
      vertex -0.0551411 0.0268929 0.025
    endloop
  endfacet
  facet normal 0.108122 0.994138 0
    outer loop
      vertex -0.0551411 0.0268929 0.025
      vertex -0.0551411 0.0268929 0.02
      vertex -0.0552864 0.0269087 0.025
    endloop
  endfacet
  facet normal 0.108122 0.994138 0
    outer loop
      vertex -0.0551411 0.0268929 0.02
      vertex -0.0552864 0.0269087 0.02
      vertex -0.0552864 0.0269087 0.025
    endloop
  endfacet
  facet normal 0.214963 0.976622 0
    outer loop
      vertex -0.0552864 0.0269087 0.025
      vertex -0.0552864 0.0269087 0.02
      vertex -0.0554291 0.0269401 0.025
    endloop
  endfacet
  facet normal 0.214963 0.976622 0
    outer loop
      vertex -0.0552864 0.0269087 0.02
      vertex -0.0554291 0.0269401 0.02
      vertex -0.0554291 0.0269401 0.025
    endloop
  endfacet
  facet normal 0.319307 0.947651 0
    outer loop
      vertex -0.0554291 0.0269401 0.025
      vertex -0.0554291 0.0269401 0.02
      vertex -0.0555677 0.0269868 0.025
    endloop
  endfacet
  facet normal 0.319307 0.947651 0
    outer loop
      vertex -0.0554291 0.0269401 0.02
      vertex -0.0555677 0.0269868 0.02
      vertex -0.0555677 0.0269868 0.025
    endloop
  endfacet
  facet normal 0.419892 0.907574 0
    outer loop
      vertex -0.0555677 0.0269868 0.025
      vertex -0.0555677 0.0269868 0.02
      vertex -0.0557003 0.0270481 0.025
    endloop
  endfacet
  facet normal 0.419892 0.907574 0
    outer loop
      vertex -0.0555677 0.0269868 0.02
      vertex -0.0557003 0.0270481 0.02
      vertex -0.0557003 0.0270481 0.025
    endloop
  endfacet
  facet normal 0.51555 0.856859 0
    outer loop
      vertex -0.0557003 0.0270481 0.025
      vertex -0.0557003 0.0270481 0.02
      vertex -0.0558256 0.0271235 0.025
    endloop
  endfacet
  facet normal 0.51555 0.856859 0
    outer loop
      vertex -0.0557003 0.0270481 0.02
      vertex -0.0558256 0.0271235 0.02
      vertex -0.0558256 0.0271235 0.025
    endloop
  endfacet
  facet normal 0.605178 0.79609 0
    outer loop
      vertex -0.0558256 0.0271235 0.025
      vertex -0.0558256 0.0271235 0.02
      vertex -0.0559419 0.027212 0.025
    endloop
  endfacet
  facet normal 0.605178 0.79609 0
    outer loop
      vertex -0.0558256 0.0271235 0.02
      vertex -0.0559419 0.027212 0.02
      vertex -0.0559419 0.027212 0.025
    endloop
  endfacet
  facet normal 0.687702 0.725993 0
    outer loop
      vertex -0.0559419 0.027212 0.025
      vertex -0.0559419 0.027212 0.02
      vertex -0.0560481 0.0273125 0.025
    endloop
  endfacet
  facet normal 0.687702 0.725993 0
    outer loop
      vertex -0.0559419 0.027212 0.02
      vertex -0.0560481 0.0273125 0.02
      vertex -0.0560481 0.0273125 0.025
    endloop
  endfacet
  facet normal 0.762154 0.647395 0
    outer loop
      vertex -0.0560481 0.0273125 0.025
      vertex -0.0560481 0.0273125 0.02
      vertex -0.0561427 0.0274239 0.025
    endloop
  endfacet
  facet normal 0.762154 0.647395 0
    outer loop
      vertex -0.0560481 0.0273125 0.02
      vertex -0.0561427 0.0274239 0.02
      vertex -0.0561427 0.0274239 0.025
    endloop
  endfacet
  facet normal 0.827692 0.561182 0
    outer loop
      vertex -0.0561427 0.0274239 0.025
      vertex -0.0561427 0.0274239 0.02
      vertex -0.0562247 0.0275449 0.025
    endloop
  endfacet
  facet normal 0.827692 0.561182 0
    outer loop
      vertex -0.0561427 0.0274239 0.02
      vertex -0.0562247 0.0275449 0.02
      vertex -0.0562247 0.0275449 0.025
    endloop
  endfacet
  facet normal 0.88351 0.468412 0
    outer loop
      vertex -0.0562247 0.0275449 0.025
      vertex -0.0562247 0.0275449 0.02
      vertex -0.0562932 0.027674 0.025
    endloop
  endfacet
  facet normal 0.88351 0.468412 0
    outer loop
      vertex -0.0562247 0.0275449 0.02
      vertex -0.0562932 0.027674 0.02
      vertex -0.0562932 0.027674 0.025
    endloop
  endfacet
  facet normal 0.928973 0.370147 0
    outer loop
      vertex -0.0562932 0.027674 0.025
      vertex -0.0562932 0.027674 0.02
      vertex -0.0563473 0.0278098 0.025
    endloop
  endfacet
  facet normal 0.928973 0.370147 0
    outer loop
      vertex -0.0562932 0.027674 0.02
      vertex -0.0563473 0.0278098 0.02
      vertex -0.0563473 0.0278098 0.025
    endloop
  endfacet
  facet normal 0.963553 0.267517 0
    outer loop
      vertex -0.0563473 0.0278098 0.025
      vertex -0.0563473 0.0278098 0.02
      vertex -0.0563864 0.0279507 0.025
    endloop
  endfacet
  facet normal 0.963553 0.267517 0
    outer loop
      vertex -0.0563473 0.0278098 0.02
      vertex -0.0563864 0.0279507 0.02
      vertex -0.0563864 0.0279507 0.025
    endloop
  endfacet
  facet normal 0.986827 0.16178 0
    outer loop
      vertex -0.0563864 0.0279507 0.025
      vertex -0.0563864 0.0279507 0.02
      vertex -0.0564101 0.0280949 0.025
    endloop
  endfacet
  facet normal 0.986827 0.16178 0
    outer loop
      vertex -0.0563864 0.0279507 0.02
      vertex -0.0564101 0.0280949 0.02
      vertex -0.0564101 0.0280949 0.025
    endloop
  endfacet
  facet normal 0.998534 0.0541305 0
    outer loop
      vertex -0.0564101 0.0280949 0.025
      vertex -0.0564101 0.0280949 0.02
      vertex -0.056418 0.0282409 0.025
    endloop
  endfacet
  facet normal 0.998534 0.0541305 0
    outer loop
      vertex -0.0564101 0.0280949 0.02
      vertex -0.056418 0.0282409 0.02
      vertex -0.056418 0.0282409 0.025
    endloop
  endfacet
  facet normal 0.998534 -0.0541305 0
    outer loop
      vertex 0.042082 -0.0242591 0.025
      vertex 0.042082 -0.0242591 0.02
      vertex 0.0420899 -0.0241132 0.025
    endloop
  endfacet
  facet normal 0.998534 -0.0541305 0
    outer loop
      vertex 0.042082 -0.0242591 0.02
      vertex 0.0420899 -0.0241132 0.02
      vertex 0.0420899 -0.0241132 0.025
    endloop
  endfacet
  facet normal 0.986827 -0.16178 0
    outer loop
      vertex 0.0420899 -0.0241132 0.025
      vertex 0.0420899 -0.0241132 0.02
      vertex 0.0421136 -0.0239689 0.025
    endloop
  endfacet
  facet normal 0.986827 -0.16178 0
    outer loop
      vertex 0.0420899 -0.0241132 0.02
      vertex 0.0421136 -0.0239689 0.02
      vertex 0.0421136 -0.0239689 0.025
    endloop
  endfacet
  facet normal 0.963547 -0.267541 0
    outer loop
      vertex 0.0421136 -0.0239689 0.025
      vertex 0.0421136 -0.0239689 0.02
      vertex 0.0421527 -0.0238281 0.025
    endloop
  endfacet
  facet normal 0.963547 -0.267541 0
    outer loop
      vertex 0.0421136 -0.0239689 0.02
      vertex 0.0421527 -0.0238281 0.02
      vertex 0.0421527 -0.0238281 0.025
    endloop
  endfacet
  facet normal 0.928975 -0.370142 0
    outer loop
      vertex 0.0421527 -0.0238281 0.025
      vertex 0.0421527 -0.0238281 0.02
      vertex 0.0422068 -0.0236923 0.025
    endloop
  endfacet
  facet normal 0.928975 -0.370142 0
    outer loop
      vertex 0.0421527 -0.0238281 0.02
      vertex 0.0422068 -0.0236923 0.02
      vertex 0.0422068 -0.0236923 0.025
    endloop
  endfacet
  facet normal 0.883518 -0.468398 0
    outer loop
      vertex 0.0422068 -0.0236923 0.025
      vertex 0.0422068 -0.0236923 0.02
      vertex 0.0422753 -0.0235631 0.025
    endloop
  endfacet
  facet normal 0.883518 -0.468398 0
    outer loop
      vertex 0.0422068 -0.0236923 0.02
      vertex 0.0422753 -0.0235631 0.02
      vertex 0.0422753 -0.0235631 0.025
    endloop
  endfacet
  facet normal 0.827692 -0.561182 0
    outer loop
      vertex 0.0422753 -0.0235631 0.025
      vertex 0.0422753 -0.0235631 0.02
      vertex 0.0423573 -0.0234421 0.025
    endloop
  endfacet
  facet normal 0.827692 -0.561182 0
    outer loop
      vertex 0.0422753 -0.0235631 0.02
      vertex 0.0423573 -0.0234421 0.02
      vertex 0.0423573 -0.0234421 0.025
    endloop
  endfacet
  facet normal 0.762154 -0.647395 0
    outer loop
      vertex 0.0423573 -0.0234421 0.025
      vertex 0.0423573 -0.0234421 0.02
      vertex 0.0424519 -0.0233307 0.025
    endloop
  endfacet
  facet normal 0.762154 -0.647395 0
    outer loop
      vertex 0.0423573 -0.0234421 0.02
      vertex 0.0424519 -0.0233307 0.02
      vertex 0.0424519 -0.0233307 0.025
    endloop
  endfacet
  facet normal 0.687702 -0.725993 0
    outer loop
      vertex 0.0424519 -0.0233307 0.025
      vertex 0.0424519 -0.0233307 0.02
      vertex 0.0425581 -0.0232302 0.025
    endloop
  endfacet
  facet normal 0.687702 -0.725993 0
    outer loop
      vertex 0.0424519 -0.0233307 0.02
      vertex 0.0425581 -0.0232302 0.02
      vertex 0.0425581 -0.0232302 0.025
    endloop
  endfacet
  facet normal 0.605166 -0.796099 0
    outer loop
      vertex 0.0425581 -0.0232302 0.025
      vertex 0.0425581 -0.0232302 0.02
      vertex 0.0426744 -0.0231417 0.025
    endloop
  endfacet
  facet normal 0.605166 -0.796099 0
    outer loop
      vertex 0.0425581 -0.0232302 0.02
      vertex 0.0426744 -0.0231417 0.02
      vertex 0.0426744 -0.0231417 0.025
    endloop
  endfacet
  facet normal 0.515562 -0.856852 0
    outer loop
      vertex 0.0426744 -0.0231417 0.025
      vertex 0.0426744 -0.0231417 0.02
      vertex 0.0427997 -0.0230664 0.025
    endloop
  endfacet
  facet normal 0.515562 -0.856852 0
    outer loop
      vertex 0.0426744 -0.0231417 0.02
      vertex 0.0427997 -0.0230664 0.02
      vertex 0.0427997 -0.0230664 0.025
    endloop
  endfacet
  facet normal 0.419892 -0.907574 0
    outer loop
      vertex 0.0427997 -0.0230664 0.025
      vertex 0.0427997 -0.0230664 0.02
      vertex 0.0429323 -0.023005 0.025
    endloop
  endfacet
  facet normal 0.419892 -0.907574 0
    outer loop
      vertex 0.0427997 -0.0230664 0.02
      vertex 0.0429323 -0.023005 0.02
      vertex 0.0429323 -0.023005 0.025
    endloop
  endfacet
  facet normal 0.3193 -0.947654 0
    outer loop
      vertex 0.0429323 -0.023005 0.025
      vertex 0.0429323 -0.023005 0.02
      vertex 0.0430709 -0.0229583 0.025
    endloop
  endfacet
  facet normal 0.3193 -0.947654 0
    outer loop
      vertex 0.0429323 -0.023005 0.02
      vertex 0.0430709 -0.0229583 0.02
      vertex 0.0430709 -0.0229583 0.025
    endloop
  endfacet
  facet normal 0.214968 -0.976621 0
    outer loop
      vertex 0.0430709 -0.0229583 0.025
      vertex 0.0430709 -0.0229583 0.02
      vertex 0.0432136 -0.0229269 0.025
    endloop
  endfacet
  facet normal 0.214968 -0.976621 0
    outer loop
      vertex 0.0430709 -0.0229583 0.02
      vertex 0.0432136 -0.0229269 0.02
      vertex 0.0432136 -0.0229269 0.025
    endloop
  endfacet
  facet normal 0.108119 -0.994138 0
    outer loop
      vertex 0.0432136 -0.0229269 0.025
      vertex 0.0432136 -0.0229269 0.02
      vertex 0.0433589 -0.0229111 0.025
    endloop
  endfacet
  facet normal 0.108119 -0.994138 0
    outer loop
      vertex 0.0432136 -0.0229269 0.02
      vertex 0.0433589 -0.0229111 0.02
      vertex 0.0433589 -0.0229111 0.025
    endloop
  endfacet
  facet normal 0 -1 0
    outer loop
      vertex 0.0433589 -0.0229111 0.025
      vertex 0.0433589 -0.0229111 0.02
      vertex 0.0435051 -0.0229111 0.025
    endloop
  endfacet
  facet normal 0 -1 0
    outer loop
      vertex 0.0433589 -0.0229111 0.02
      vertex 0.0435051 -0.0229111 0.02
      vertex 0.0435051 -0.0229111 0.025
    endloop
  endfacet
  facet normal -0.108119 -0.994138 0
    outer loop
      vertex 0.0435051 -0.0229111 0.025
      vertex 0.0435051 -0.0229111 0.02
      vertex 0.0436504 -0.0229269 0.025
    endloop
  endfacet
  facet normal -0.108119 -0.994138 0
    outer loop
      vertex 0.0435051 -0.0229111 0.02
      vertex 0.0436504 -0.0229269 0.02
      vertex 0.0436504 -0.0229269 0.025
    endloop
  endfacet
  facet normal -0.214968 -0.976621 0
    outer loop
      vertex 0.0436504 -0.0229269 0.025
      vertex 0.0436504 -0.0229269 0.02
      vertex 0.0437932 -0.0229583 0.025
    endloop
  endfacet
  facet normal -0.214968 -0.976621 0
    outer loop
      vertex 0.0436504 -0.0229269 0.02
      vertex 0.0437932 -0.0229583 0.02
      vertex 0.0437932 -0.0229583 0.025
    endloop
  endfacet
  facet normal -0.319307 -0.947651 0
    outer loop
      vertex 0.0437932 -0.0229583 0.025
      vertex 0.0437932 -0.0229583 0.02
      vertex 0.0439317 -0.023005 0.025
    endloop
  endfacet
  facet normal -0.319307 -0.947651 0
    outer loop
      vertex 0.0437932 -0.0229583 0.02
      vertex 0.0439317 -0.023005 0.02
      vertex 0.0439317 -0.023005 0.025
    endloop
  endfacet
  facet normal -0.419892 -0.907574 0
    outer loop
      vertex 0.0439317 -0.023005 0.025
      vertex 0.0439317 -0.023005 0.02
      vertex 0.0440644 -0.0230664 0.025
    endloop
  endfacet
  facet normal -0.419892 -0.907574 0
    outer loop
      vertex 0.0439317 -0.023005 0.02
      vertex 0.0440644 -0.0230664 0.02
      vertex 0.0440644 -0.0230664 0.025
    endloop
  endfacet
  facet normal -0.51555 -0.856859 0
    outer loop
      vertex 0.0440644 -0.0230664 0.025
      vertex 0.0440644 -0.0230664 0.02
      vertex 0.0441896 -0.0231417 0.025
    endloop
  endfacet
  facet normal -0.51555 -0.856859 0
    outer loop
      vertex 0.0440644 -0.0230664 0.02
      vertex 0.0441896 -0.0231417 0.02
      vertex 0.0441896 -0.0231417 0.025
    endloop
  endfacet
  facet normal -0.605166 -0.796099 0
    outer loop
      vertex 0.0441896 -0.0231417 0.025
      vertex 0.0441896 -0.0231417 0.02
      vertex 0.044306 -0.0232302 0.025
    endloop
  endfacet
  facet normal -0.605166 -0.796099 0
    outer loop
      vertex 0.0441896 -0.0231417 0.02
      vertex 0.044306 -0.0232302 0.02
      vertex 0.044306 -0.0232302 0.025
    endloop
  endfacet
  facet normal -0.687702 -0.725993 0
    outer loop
      vertex 0.044306 -0.0232302 0.025
      vertex 0.044306 -0.0232302 0.02
      vertex 0.0444121 -0.0233307 0.025
    endloop
  endfacet
  facet normal -0.687702 -0.725993 0
    outer loop
      vertex 0.044306 -0.0232302 0.02
      vertex 0.0444121 -0.0233307 0.02
      vertex 0.0444121 -0.0233307 0.025
    endloop
  endfacet
  facet normal -0.762167 -0.647381 0
    outer loop
      vertex 0.0444121 -0.0233307 0.025
      vertex 0.0444121 -0.0233307 0.02
      vertex 0.0445068 -0.0234421 0.025
    endloop
  endfacet
  facet normal -0.762167 -0.647381 0
    outer loop
      vertex 0.0444121 -0.0233307 0.02
      vertex 0.0445068 -0.0234421 0.02
      vertex 0.0445068 -0.0234421 0.025
    endloop
  endfacet
  facet normal -0.827681 -0.561199 0
    outer loop
      vertex 0.0445068 -0.0234421 0.025
      vertex 0.0445068 -0.0234421 0.02
      vertex 0.0445888 -0.0235631 0.025
    endloop
  endfacet
  facet normal -0.827681 -0.561199 0
    outer loop
      vertex 0.0445068 -0.0234421 0.02
      vertex 0.0445888 -0.0235631 0.02
      vertex 0.0445888 -0.0235631 0.025
    endloop
  endfacet
  facet normal -0.883518 -0.468398 0
    outer loop
      vertex 0.0445888 -0.0235631 0.025
      vertex 0.0445888 -0.0235631 0.02
      vertex 0.0446573 -0.0236923 0.025
    endloop
  endfacet
  facet normal -0.883518 -0.468398 0
    outer loop
      vertex 0.0445888 -0.0235631 0.02
      vertex 0.0446573 -0.0236923 0.02
      vertex 0.0446573 -0.0236923 0.025
    endloop
  endfacet
  facet normal -0.928975 -0.370142 0
    outer loop
      vertex 0.0446573 -0.0236923 0.025
      vertex 0.0446573 -0.0236923 0.02
      vertex 0.0447114 -0.0238281 0.025
    endloop
  endfacet
  facet normal -0.928975 -0.370142 0
    outer loop
      vertex 0.0446573 -0.0236923 0.02
      vertex 0.0447114 -0.0238281 0.02
      vertex 0.0447114 -0.0238281 0.025
    endloop
  endfacet
  facet normal -0.963553 -0.267517 0
    outer loop
      vertex 0.0447114 -0.0238281 0.025
      vertex 0.0447114 -0.0238281 0.02
      vertex 0.0447505 -0.0239689 0.025
    endloop
  endfacet
  facet normal -0.963553 -0.267517 0
    outer loop
      vertex 0.0447114 -0.0238281 0.02
      vertex 0.0447505 -0.0239689 0.02
      vertex 0.0447505 -0.0239689 0.025
    endloop
  endfacet
  facet normal -0.986827 -0.16178 0
    outer loop
      vertex 0.0447505 -0.0239689 0.025
      vertex 0.0447505 -0.0239689 0.02
      vertex 0.0447741 -0.0241132 0.025
    endloop
  endfacet
  facet normal -0.986827 -0.16178 0
    outer loop
      vertex 0.0447505 -0.0239689 0.02
      vertex 0.0447741 -0.0241132 0.02
      vertex 0.0447741 -0.0241132 0.025
    endloop
  endfacet
  facet normal -0.998532 -0.0541559 0
    outer loop
      vertex 0.0447741 -0.0241132 0.025
      vertex 0.0447741 -0.0241132 0.02
      vertex 0.044782 -0.0242591 0.025
    endloop
  endfacet
  facet normal -0.998532 -0.0541559 0
    outer loop
      vertex 0.0447741 -0.0241132 0.02
      vertex 0.044782 -0.0242591 0.02
      vertex 0.044782 -0.0242591 0.025
    endloop
  endfacet
  facet normal -0.998532 0.0541559 0
    outer loop
      vertex 0.044782 -0.0242591 0.025
      vertex 0.044782 -0.0242591 0.02
      vertex 0.0447741 -0.0244051 0.025
    endloop
  endfacet
  facet normal -0.998532 0.0541559 0
    outer loop
      vertex 0.044782 -0.0242591 0.02
      vertex 0.0447741 -0.0244051 0.02
      vertex 0.0447741 -0.0244051 0.025
    endloop
  endfacet
  facet normal -0.986827 0.16178 0
    outer loop
      vertex 0.0447741 -0.0244051 0.025
      vertex 0.0447741 -0.0244051 0.02
      vertex 0.0447505 -0.0245493 0.025
    endloop
  endfacet
  facet normal -0.986827 0.16178 0
    outer loop
      vertex 0.0447741 -0.0244051 0.02
      vertex 0.0447505 -0.0245493 0.02
      vertex 0.0447505 -0.0245493 0.025
    endloop
  endfacet
  facet normal -0.963553 0.267517 0
    outer loop
      vertex 0.0447505 -0.0245493 0.025
      vertex 0.0447505 -0.0245493 0.02
      vertex 0.0447114 -0.0246902 0.025
    endloop
  endfacet
  facet normal -0.963553 0.267517 0
    outer loop
      vertex 0.0447505 -0.0245493 0.02
      vertex 0.0447114 -0.0246902 0.02
      vertex 0.0447114 -0.0246902 0.025
    endloop
  endfacet
  facet normal -0.928973 0.370147 0
    outer loop
      vertex 0.0447114 -0.0246902 0.025
      vertex 0.0447114 -0.0246902 0.02
      vertex 0.0446573 -0.024826 0.025
    endloop
  endfacet
  facet normal -0.928973 0.370147 0
    outer loop
      vertex 0.0447114 -0.0246902 0.02
      vertex 0.0446573 -0.024826 0.02
      vertex 0.0446573 -0.024826 0.025
    endloop
  endfacet
  facet normal -0.883521 0.468392 0
    outer loop
      vertex 0.0446573 -0.024826 0.025
      vertex 0.0446573 -0.024826 0.02
      vertex 0.0445888 -0.0249551 0.025
    endloop
  endfacet
  facet normal -0.883521 0.468392 0
    outer loop
      vertex 0.0446573 -0.024826 0.02
      vertex 0.0445888 -0.0249551 0.02
      vertex 0.0445888 -0.0249551 0.025
    endloop
  endfacet
  facet normal -0.827681 0.561199 0
    outer loop
      vertex 0.0445888 -0.0249551 0.025
      vertex 0.0445888 -0.0249551 0.02
      vertex 0.0445068 -0.0250761 0.025
    endloop
  endfacet
  facet normal -0.827681 0.561199 0
    outer loop
      vertex 0.0445888 -0.0249551 0.02
      vertex 0.0445068 -0.0250761 0.02
      vertex 0.0445068 -0.0250761 0.025
    endloop
  endfacet
  facet normal -0.762167 0.647381 0
    outer loop
      vertex 0.0445068 -0.0250761 0.025
      vertex 0.0445068 -0.0250761 0.02
      vertex 0.0444121 -0.0251875 0.025
    endloop
  endfacet
  facet normal -0.762167 0.647381 0
    outer loop
      vertex 0.0445068 -0.0250761 0.02
      vertex 0.0444121 -0.0251875 0.02
      vertex 0.0444121 -0.0251875 0.025
    endloop
  endfacet
  facet normal -0.687695 0.726 0
    outer loop
      vertex 0.0444121 -0.0251875 0.025
      vertex 0.0444121 -0.0251875 0.02
      vertex 0.044306 -0.025288 0.025
    endloop
  endfacet
  facet normal -0.687695 0.726 0
    outer loop
      vertex 0.0444121 -0.0251875 0.02
      vertex 0.044306 -0.025288 0.02
      vertex 0.044306 -0.025288 0.025
    endloop
  endfacet
  facet normal -0.605174 0.796093 0
    outer loop
      vertex 0.044306 -0.025288 0.025
      vertex 0.044306 -0.025288 0.02
      vertex 0.0441896 -0.0253765 0.025
    endloop
  endfacet
  facet normal -0.605174 0.796093 0
    outer loop
      vertex 0.044306 -0.025288 0.02
      vertex 0.0441896 -0.0253765 0.02
      vertex 0.0441896 -0.0253765 0.025
    endloop
  endfacet
  facet normal -0.51555 0.856859 0
    outer loop
      vertex 0.0441896 -0.0253765 0.025
      vertex 0.0441896 -0.0253765 0.02
      vertex 0.0440644 -0.0254519 0.025
    endloop
  endfacet
  facet normal -0.51555 0.856859 0
    outer loop
      vertex 0.0441896 -0.0253765 0.02
      vertex 0.0440644 -0.0254519 0.02
      vertex 0.0440644 -0.0254519 0.025
    endloop
  endfacet
  facet normal -0.419892 0.907574 0
    outer loop
      vertex 0.0440644 -0.0254519 0.025
      vertex 0.0440644 -0.0254519 0.02
      vertex 0.0439317 -0.0255132 0.025
    endloop
  endfacet
  facet normal -0.419892 0.907574 0
    outer loop
      vertex 0.0440644 -0.0254519 0.02
      vertex 0.0439317 -0.0255132 0.02
      vertex 0.0439317 -0.0255132 0.025
    endloop
  endfacet
  facet normal -0.319307 0.947651 0
    outer loop
      vertex 0.0439317 -0.0255132 0.025
      vertex 0.0439317 -0.0255132 0.02
      vertex 0.0437932 -0.0255599 0.025
    endloop
  endfacet
  facet normal -0.319307 0.947651 0
    outer loop
      vertex 0.0439317 -0.0255132 0.02
      vertex 0.0437932 -0.0255599 0.02
      vertex 0.0437932 -0.0255599 0.025
    endloop
  endfacet
  facet normal -0.214968 0.976621 0
    outer loop
      vertex 0.0437932 -0.0255599 0.025
      vertex 0.0437932 -0.0255599 0.02
      vertex 0.0436504 -0.0255913 0.025
    endloop
  endfacet
  facet normal -0.214968 0.976621 0
    outer loop
      vertex 0.0437932 -0.0255599 0.02
      vertex 0.0436504 -0.0255913 0.02
      vertex 0.0436504 -0.0255913 0.025
    endloop
  endfacet
  facet normal -0.108119 0.994138 0
    outer loop
      vertex 0.0436504 -0.0255913 0.025
      vertex 0.0436504 -0.0255913 0.02
      vertex 0.0435051 -0.0256071 0.025
    endloop
  endfacet
  facet normal -0.108119 0.994138 0
    outer loop
      vertex 0.0436504 -0.0255913 0.02
      vertex 0.0435051 -0.0256071 0.02
      vertex 0.0435051 -0.0256071 0.025
    endloop
  endfacet
  facet normal 0 1 0
    outer loop
      vertex 0.0435051 -0.0256071 0.025
      vertex 0.0435051 -0.0256071 0.02
      vertex 0.0433589 -0.0256071 0.025
    endloop
  endfacet
  facet normal 0 1 0
    outer loop
      vertex 0.0435051 -0.0256071 0.02
      vertex 0.0433589 -0.0256071 0.02
      vertex 0.0433589 -0.0256071 0.025
    endloop
  endfacet
  facet normal 0.108119 0.994138 0
    outer loop
      vertex 0.0433589 -0.0256071 0.025
      vertex 0.0433589 -0.0256071 0.02
      vertex 0.0432136 -0.0255913 0.025
    endloop
  endfacet
  facet normal 0.108119 0.994138 0
    outer loop
      vertex 0.0433589 -0.0256071 0.02
      vertex 0.0432136 -0.0255913 0.02
      vertex 0.0432136 -0.0255913 0.025
    endloop
  endfacet
  facet normal 0.214968 0.976621 0
    outer loop
      vertex 0.0432136 -0.0255913 0.025
      vertex 0.0432136 -0.0255913 0.02
      vertex 0.0430709 -0.0255599 0.025
    endloop
  endfacet
  facet normal 0.214968 0.976621 0
    outer loop
      vertex 0.0432136 -0.0255913 0.02
      vertex 0.0430709 -0.0255599 0.02
      vertex 0.0430709 -0.0255599 0.025
    endloop
  endfacet
  facet normal 0.3193 0.947654 0
    outer loop
      vertex 0.0430709 -0.0255599 0.025
      vertex 0.0430709 -0.0255599 0.02
      vertex 0.0429323 -0.0255132 0.025
    endloop
  endfacet
  facet normal 0.3193 0.947654 0
    outer loop
      vertex 0.0430709 -0.0255599 0.02
      vertex 0.0429323 -0.0255132 0.02
      vertex 0.0429323 -0.0255132 0.025
    endloop
  endfacet
  facet normal 0.419892 0.907574 0
    outer loop
      vertex 0.0429323 -0.0255132 0.025
      vertex 0.0429323 -0.0255132 0.02
      vertex 0.0427997 -0.0254519 0.025
    endloop
  endfacet
  facet normal 0.419892 0.907574 0
    outer loop
      vertex 0.0429323 -0.0255132 0.02
      vertex 0.0427997 -0.0254519 0.02
      vertex 0.0427997 -0.0254519 0.025
    endloop
  endfacet
  facet normal 0.515562 0.856852 0
    outer loop
      vertex 0.0427997 -0.0254519 0.025
      vertex 0.0427997 -0.0254519 0.02
      vertex 0.0426744 -0.0253765 0.025
    endloop
  endfacet
  facet normal 0.515562 0.856852 0
    outer loop
      vertex 0.0427997 -0.0254519 0.02
      vertex 0.0426744 -0.0253765 0.02
      vertex 0.0426744 -0.0253765 0.025
    endloop
  endfacet
  facet normal 0.605174 0.796093 0
    outer loop
      vertex 0.0426744 -0.0253765 0.025
      vertex 0.0426744 -0.0253765 0.02
      vertex 0.0425581 -0.025288 0.025
    endloop
  endfacet
  facet normal 0.605174 0.796093 0
    outer loop
      vertex 0.0426744 -0.0253765 0.02
      vertex 0.0425581 -0.025288 0.02
      vertex 0.0425581 -0.025288 0.025
    endloop
  endfacet
  facet normal 0.687695 0.726 0
    outer loop
      vertex 0.0425581 -0.025288 0.025
      vertex 0.0425581 -0.025288 0.02
      vertex 0.0424519 -0.0251875 0.025
    endloop
  endfacet
  facet normal 0.687695 0.726 0
    outer loop
      vertex 0.0425581 -0.025288 0.02
      vertex 0.0424519 -0.0251875 0.02
      vertex 0.0424519 -0.0251875 0.025
    endloop
  endfacet
  facet normal 0.762154 0.647395 0
    outer loop
      vertex 0.0424519 -0.0251875 0.025
      vertex 0.0424519 -0.0251875 0.02
      vertex 0.0423573 -0.0250761 0.025
    endloop
  endfacet
  facet normal 0.762154 0.647395 0
    outer loop
      vertex 0.0424519 -0.0251875 0.02
      vertex 0.0423573 -0.0250761 0.02
      vertex 0.0423573 -0.0250761 0.025
    endloop
  endfacet
  facet normal 0.827692 0.561182 0
    outer loop
      vertex 0.0423573 -0.0250761 0.025
      vertex 0.0423573 -0.0250761 0.02
      vertex 0.0422753 -0.0249551 0.025
    endloop
  endfacet
  facet normal 0.827692 0.561182 0
    outer loop
      vertex 0.0423573 -0.0250761 0.02
      vertex 0.0422753 -0.0249551 0.02
      vertex 0.0422753 -0.0249551 0.025
    endloop
  endfacet
  facet normal 0.883521 0.468392 0
    outer loop
      vertex 0.0422753 -0.0249551 0.025
      vertex 0.0422753 -0.0249551 0.02
      vertex 0.0422068 -0.024826 0.025
    endloop
  endfacet
  facet normal 0.883521 0.468392 0
    outer loop
      vertex 0.0422753 -0.0249551 0.02
      vertex 0.0422068 -0.024826 0.02
      vertex 0.0422068 -0.024826 0.025
    endloop
  endfacet
  facet normal 0.928973 0.370147 0
    outer loop
      vertex 0.0422068 -0.024826 0.025
      vertex 0.0422068 -0.024826 0.02
      vertex 0.0421527 -0.0246902 0.025
    endloop
  endfacet
  facet normal 0.928973 0.370147 0
    outer loop
      vertex 0.0422068 -0.024826 0.02
      vertex 0.0421527 -0.0246902 0.02
      vertex 0.0421527 -0.0246902 0.025
    endloop
  endfacet
  facet normal 0.963547 0.267541 0
    outer loop
      vertex 0.0421527 -0.0246902 0.025
      vertex 0.0421527 -0.0246902 0.02
      vertex 0.0421136 -0.0245493 0.025
    endloop
  endfacet
  facet normal 0.963547 0.267541 0
    outer loop
      vertex 0.0421527 -0.0246902 0.02
      vertex 0.0421136 -0.0245493 0.02
      vertex 0.0421136 -0.0245493 0.025
    endloop
  endfacet
  facet normal 0.986827 0.16178 0
    outer loop
      vertex 0.0421136 -0.0245493 0.025
      vertex 0.0421136 -0.0245493 0.02
      vertex 0.0420899 -0.0244051 0.025
    endloop
  endfacet
  facet normal 0.986827 0.16178 0
    outer loop
      vertex 0.0421136 -0.0245493 0.02
      vertex 0.0420899 -0.0244051 0.02
      vertex 0.0420899 -0.0244051 0.025
    endloop
  endfacet
  facet normal 0.998534 0.0541305 0
    outer loop
      vertex 0.0420899 -0.0244051 0.025
      vertex 0.0420899 -0.0244051 0.02
      vertex 0.042082 -0.0242591 0.025
    endloop
  endfacet
  facet normal 0.998534 0.0541305 0
    outer loop
      vertex 0.0420899 -0.0244051 0.02
      vertex 0.042082 -0.0242591 0.02
      vertex 0.042082 -0.0242591 0.025
    endloop
  endfacet
  facet normal 0.99863 -0.0523354 0
    outer loop
      vertex 0.048432 -0.0252591 0.02
      vertex 0.048432 -0.0252591 0.025
      vertex 0.0484101 -0.0256772 0.025
    endloop
  endfacet
  facet normal 0.99863 -0.0523354 0
    outer loop
      vertex 0.048432 -0.0252591 0.02
      vertex 0.0484101 -0.0256772 0.025
      vertex 0.0484101 -0.0256772 0.02
    endloop
  endfacet
  facet normal 0.987688 -0.156436 0
    outer loop
      vertex 0.0484101 -0.0256772 0.025
      vertex 0.0483446 -0.0260908 0.025
      vertex 0.0484101 -0.0256772 0.02
    endloop
  endfacet
  facet normal 0.987688 -0.156436 0
    outer loop
      vertex 0.0484101 -0.0256772 0.02
      vertex 0.0483446 -0.0260908 0.025
      vertex 0.0483446 -0.0260908 0.02
    endloop
  endfacet
  facet normal 0.965928 -0.258812 0
    outer loop
      vertex 0.0483446 -0.0260908 0.025
      vertex 0.0482363 -0.0264952 0.025
      vertex 0.0483446 -0.0260908 0.02
    endloop
  endfacet
  facet normal 0.965928 -0.258812 0
    outer loop
      vertex 0.0483446 -0.0260908 0.02
      vertex 0.0482363 -0.0264952 0.025
      vertex 0.0482363 -0.0264952 0.02
    endloop
  endfacet
  facet normal 0.933578 -0.358375 0
    outer loop
      vertex 0.0482363 -0.0264952 0.025
      vertex 0.0480862 -0.0268861 0.025
      vertex 0.0482363 -0.0264952 0.02
    endloop
  endfacet
  facet normal 0.933578 -0.358375 0
    outer loop
      vertex 0.0482363 -0.0264952 0.02
      vertex 0.0480862 -0.0268861 0.025
      vertex 0.0480862 -0.0268861 0.02
    endloop
  endfacet
  facet normal 0.891008 -0.453988 0
    outer loop
      vertex 0.0480862 -0.0268861 0.025
      vertex 0.0478961 -0.0272591 0.025
      vertex 0.0480862 -0.0268861 0.02
    endloop
  endfacet
  facet normal 0.891008 -0.453988 0
    outer loop
      vertex 0.0480862 -0.0268861 0.02
      vertex 0.0478961 -0.0272591 0.025
      vertex 0.0478961 -0.0272591 0.02
    endloop
  endfacet
  facet normal 0.838671 -0.544638 0
    outer loop
      vertex 0.0478961 -0.0272591 0.025
      vertex 0.0476681 -0.0276103 0.025
      vertex 0.0478961 -0.0272591 0.02
    endloop
  endfacet
  facet normal 0.838671 -0.544638 0
    outer loop
      vertex 0.0478961 -0.0272591 0.02
      vertex 0.0476681 -0.0276103 0.025
      vertex 0.0476681 -0.0276103 0.02
    endloop
  endfacet
  facet normal 0.777145 -0.629322 0
    outer loop
      vertex 0.0476681 -0.0276103 0.025
      vertex 0.0474046 -0.0279356 0.025
      vertex 0.0476681 -0.0276103 0.02
    endloop
  endfacet
  facet normal 0.777145 -0.629322 0
    outer loop
      vertex 0.0476681 -0.0276103 0.02
      vertex 0.0474046 -0.0279356 0.025
      vertex 0.0474046 -0.0279356 0.02
    endloop
  endfacet
  facet normal 0.707107 -0.707107 0
    outer loop
      vertex 0.0474046 -0.0279356 0.025
      vertex 0.0471086 -0.0282317 0.025
      vertex 0.0474046 -0.0279356 0.02
    endloop
  endfacet
  facet normal 0.707107 -0.707107 0
    outer loop
      vertex 0.0474046 -0.0279356 0.02
      vertex 0.0471086 -0.0282317 0.025
      vertex 0.0471086 -0.0282317 0.02
    endloop
  endfacet
  facet normal 0.629322 -0.777145 0
    outer loop
      vertex 0.0471086 -0.0282317 0.025
      vertex 0.0467832 -0.0284952 0.025
      vertex 0.0471086 -0.0282317 0.02
    endloop
  endfacet
  facet normal 0.629322 -0.777145 0
    outer loop
      vertex 0.0471086 -0.0282317 0.02
      vertex 0.0467832 -0.0284952 0.025
      vertex 0.0467832 -0.0284952 0.02
    endloop
  endfacet
  facet normal 0.544636 -0.838673 0
    outer loop
      vertex 0.0467832 -0.0284952 0.025
      vertex 0.046432 -0.0287232 0.025
      vertex 0.0467832 -0.0284952 0.02
    endloop
  endfacet
  facet normal 0.544636 -0.838673 0
    outer loop
      vertex 0.0467832 -0.0284952 0.02
      vertex 0.046432 -0.0287232 0.025
      vertex 0.046432 -0.0287232 0.02
    endloop
  endfacet
  facet normal 0.453995 -0.891004 0
    outer loop
      vertex 0.046432 -0.0287232 0.025
      vertex 0.046059 -0.0289133 0.025
      vertex 0.046432 -0.0287232 0.02
    endloop
  endfacet
  facet normal 0.453995 -0.891004 0
    outer loop
      vertex 0.046432 -0.0287232 0.02
      vertex 0.046059 -0.0289133 0.025
      vertex 0.046059 -0.0289133 0.02
    endloop
  endfacet
  facet normal 0.358365 -0.933581 0
    outer loop
      vertex 0.046059 -0.0289133 0.025
      vertex 0.0456681 -0.0290633 0.025
      vertex 0.046059 -0.0289133 0.02
    endloop
  endfacet
  facet normal 0.358365 -0.933581 0
    outer loop
      vertex 0.046059 -0.0289133 0.02
      vertex 0.0456681 -0.0290633 0.025
      vertex 0.0456681 -0.0290633 0.02
    endloop
  endfacet
  facet normal 0.25882 -0.965925 0
    outer loop
      vertex 0.0456681 -0.0290633 0.025
      vertex 0.0452637 -0.0291717 0.025
      vertex 0.0456681 -0.0290633 0.02
    endloop
  endfacet
  facet normal 0.25882 -0.965925 0
    outer loop
      vertex 0.0456681 -0.0290633 0.02
      vertex 0.0452637 -0.0291717 0.025
      vertex 0.0452637 -0.0291717 0.02
    endloop
  endfacet
  facet normal 0.156432 -0.987689 0
    outer loop
      vertex 0.0452637 -0.0291717 0.025
      vertex 0.0448501 -0.0292372 0.025
      vertex 0.0452637 -0.0291717 0.02
    endloop
  endfacet
  facet normal 0.156432 -0.987689 0
    outer loop
      vertex 0.0452637 -0.0291717 0.02
      vertex 0.0448501 -0.0292372 0.025
      vertex 0.0448501 -0.0292372 0.02
    endloop
  endfacet
  facet normal 0.0523351 -0.99863 0
    outer loop
      vertex 0.0448501 -0.0292372 0.025
      vertex 0.044432 -0.0292591 0.025
      vertex 0.0448501 -0.0292372 0.02
    endloop
  endfacet
  facet normal 0.0523351 -0.99863 0
    outer loop
      vertex 0.0448501 -0.0292372 0.02
      vertex 0.044432 -0.0292591 0.025
      vertex 0.044432 -0.0292591 0.02
    endloop
  endfacet
  facet normal 0 1 0
    outer loop
      vertex 0.0188262 -0.0275019 0.04
      vertex -0.0355869 -0.0275019 0.045
      vertex 0.0294131 -0.0275019 0.045
    endloop
  endfacet
  facet normal 0 1 0
    outer loop
      vertex 0.0188262 -0.0275019 0.035
      vertex 0.0238262 -0.0275019 0.035
      vertex 0.0294131 -0.0275019 0.025
    endloop
  endfacet
  facet normal 0 1 0
    outer loop
      vertex 0.0294131 -0.0275019 0.025
      vertex 0.0238262 -0.0275019 0.035
      vertex 0.0294131 -0.0275019 0.045
    endloop
  endfacet
  facet normal 0 1 0
    outer loop
      vertex 0.0238262 -0.0275019 0.035
      vertex 0.0238262 -0.0275019 0.04
      vertex 0.0294131 -0.0275019 0.045
    endloop
  endfacet
  facet normal 0 1 0
    outer loop
      vertex 0.0294131 -0.0275019 0.045
      vertex 0.0238262 -0.0275019 0.04
      vertex 0.0188262 -0.0275019 0.04
    endloop
  endfacet
  facet normal 0 1 0
    outer loop
      vertex 0.0294131 -0.0275019 0.025
      vertex -0.0355869 -0.0275019 0.025
      vertex 0.0188262 -0.0275019 0.035
    endloop
  endfacet
  facet normal 0 1 0
    outer loop
      vertex -0.0355869 -0.0275019 0.025
      vertex -0.025 -0.0275019 0.035
      vertex 0.0188262 -0.0275019 0.035
    endloop
  endfacet
  facet normal 0 1 0
    outer loop
      vertex 0.0188262 -0.0275019 0.035
      vertex -0.025 -0.0275019 0.035
      vertex 0.0188262 -0.0275019 0.04
    endloop
  endfacet
  facet normal 0 1 0
    outer loop
      vertex -0.025 -0.0275019 0.035
      vertex -0.025 -0.0275019 0.04
      vertex 0.0188262 -0.0275019 0.04
    endloop
  endfacet
  facet normal 0 1 0
    outer loop
      vertex 0.0188262 -0.0275019 0.04
      vertex -0.025 -0.0275019 0.04
      vertex -0.0355869 -0.0275019 0.045
    endloop
  endfacet
  facet normal 0 1 0
    outer loop
      vertex -0.025 -0.0275019 0.04
      vertex -0.03 -0.0275019 0.04
      vertex -0.0355869 -0.0275019 0.045
    endloop
  endfacet
  facet normal 0 1 0
    outer loop
      vertex -0.0355869 -0.0275019 0.045
      vertex -0.03 -0.0275019 0.04
      vertex -0.0355869 -0.0275019 0.025
    endloop
  endfacet
  facet normal 0 1 0
    outer loop
      vertex -0.03 -0.0275019 0.04
      vertex -0.03 -0.0275019 0.035
      vertex -0.0355869 -0.0275019 0.025
    endloop
  endfacet
  facet normal 0 1 0
    outer loop
      vertex -0.0355869 -0.0275019 0.025
      vertex -0.03 -0.0275019 0.035
      vertex -0.025 -0.0275019 0.035
    endloop
  endfacet
  facet normal -1 0 0
    outer loop
      vertex 0.0294131 -0.0275019 0.045
      vertex 0.0294131 -0.00801717 0.045
      vertex 0.0294131 -0.0275019 0.025
    endloop
  endfacet
  facet normal -1 0 0
    outer loop
      vertex 0.0294131 -0.00801717 0.045
      vertex 0.0294131 -0.00801717 0.025
      vertex 0.0294131 -0.0275019 0.025
    endloop
  endfacet
  facet normal 0 0 -1
    outer loop
      vertex -0.060068 -0.0252591 0.02
      vertex -0.060068 0.0292409 0.02
      vertex 0.0421527 -0.0238281 0.02
    endloop
  endfacet
  facet normal 0 0 -1
    outer loop
      vertex 0.048432 0.0292409 0.02
      vertex 0.048432 -0.0252591 0.02
      vertex -0.0537886 0.0278098 0.02
    endloop
  endfacet
  facet normal 0 0 -1
    outer loop
      vertex 0.0420899 -0.0244051 0.02
      vertex 0.0421136 -0.0245493 0.02
      vertex -0.0425869 -0.0345019 0.02
    endloop
  endfacet
  facet normal 0 0 -1
    outer loop
      vertex 0.0421527 -0.0238281 0.02
      vertex 0.0421136 -0.0239689 0.02
      vertex -0.060068 -0.0252591 0.02
    endloop
  endfacet
  facet normal 0 0 -1
    outer loop
      vertex 0.0421136 -0.0239689 0.02
      vertex 0.0420899 -0.0241132 0.02
      vertex -0.060068 -0.0252591 0.02
    endloop
  endfacet
  facet normal 0 0 -1
    outer loop
      vertex -0.060068 -0.0252591 0.02
      vertex 0.0420899 -0.0241132 0.02
      vertex 0.042082 -0.0242591 0.02
    endloop
  endfacet
  facet normal 0 0 -1
    outer loop
      vertex -0.0537886 0.0278098 0.02
      vertex -0.0537495 0.0279507 0.02
      vertex 0.048432 0.0292409 0.02
    endloop
  endfacet
  facet normal 0 0 -1
    outer loop
      vertex -0.0537495 0.0279507 0.02
      vertex -0.0537259 0.0280949 0.02
      vertex 0.048432 0.0292409 0.02
    endloop
  endfacet
  facet normal 0 0 -1
    outer loop
      vertex 0.048432 0.0292409 0.02
      vertex -0.0537259 0.0280949 0.02
      vertex -0.053718 0.0282409 0.02
    endloop
  endfacet
  facet normal 0 0 -1
    outer loop
      vertex -0.0537495 0.0285311 0.02
      vertex -0.0537886 0.0286719 0.02
      vertex 0.0364131 0.0384675 0.02
    endloop
  endfacet
  facet normal 0 0 -1
    outer loop
      vertex -0.0537886 0.0286719 0.02
      vertex -0.0538427 0.0288077 0.02
      vertex 0.0364131 0.0384675 0.02
    endloop
  endfacet
  facet normal 0 0 -1
    outer loop
      vertex 0.0364131 0.0384675 0.02
      vertex -0.0538427 0.0288077 0.02
      vertex -0.0539112 0.0289369 0.02
    endloop
  endfacet
  facet normal 0 0 -1
    outer loop
      vertex -0.0539112 0.0289369 0.02
      vertex -0.0539932 0.0290579 0.02
      vertex 0.0364131 0.0384675 0.02
    endloop
  endfacet
  facet normal 0 0 -1
    outer loop
      vertex -0.0539932 0.0290579 0.02
      vertex -0.0540879 0.0291693 0.02
      vertex 0.0364131 0.0384675 0.02
    endloop
  endfacet
  facet normal 0 0 -1
    outer loop
      vertex 0.0364131 0.0384675 0.02
      vertex -0.0540879 0.0291693 0.02
      vertex -0.054194 0.0292698 0.02
    endloop
  endfacet
  facet normal 0 0 -1
    outer loop
      vertex -0.0425869 -0.0345019 0.02
      vertex -0.0425869 -0.0342591 0.02
      vertex 0.0420899 -0.0244051 0.02
    endloop
  endfacet
  facet normal 0 0 -1
    outer loop
      vertex -0.0425869 -0.0342591 0.02
      vertex -0.0426143 -0.0337365 0.02
      vertex 0.0420899 -0.0244051 0.02
    endloop
  endfacet
  facet normal 0 0 -1
    outer loop
      vertex 0.0420899 -0.0244051 0.02
      vertex -0.0426143 -0.0337365 0.02
      vertex 0.042082 -0.0242591 0.02
    endloop
  endfacet
  facet normal 0 0 -1
    outer loop
      vertex -0.0426143 -0.0337365 0.02
      vertex -0.0426962 -0.0332196 0.02
      vertex 0.042082 -0.0242591 0.02
    endloop
  endfacet
  facet normal 0 0 -1
    outer loop
      vertex -0.0426962 -0.0332196 0.02
      vertex -0.0428316 -0.032714 0.02
      vertex 0.042082 -0.0242591 0.02
    endloop
  endfacet
  facet normal 0 0 -1
    outer loop
      vertex -0.0428316 -0.032714 0.02
      vertex -0.0430192 -0.0322254 0.02
      vertex 0.042082 -0.0242591 0.02
    endloop
  endfacet
  facet normal 0 0 -1
    outer loop
      vertex 0.042082 -0.0242591 0.02
      vertex -0.0430192 -0.0322254 0.02
      vertex -0.0432568 -0.0317591 0.02
    endloop
  endfacet
  facet normal 0 0 -1
    outer loop
      vertex -0.0545683 0.029495 0.02
      vertex -0.0547068 0.0295417 0.02
      vertex -0.0590405 0.0319174 0.02
    endloop
  endfacet
  facet normal 0 0 -1
    outer loop
      vertex 0.0445888 -0.0249551 0.02
      vertex 0.0478961 -0.0272591 0.02
      vertex 0.0445068 -0.0250761 0.02
    endloop
  endfacet
  facet normal 0 0 -1
    outer loop
      vertex 0.0478961 -0.0272591 0.02
      vertex 0.0476681 -0.0276103 0.02
      vertex 0.0445068 -0.0250761 0.02
    endloop
  endfacet
  facet normal 0 0 -1
    outer loop
      vertex 0.0445068 -0.0250761 0.02
      vertex 0.0476681 -0.0276103 0.02
      vertex 0.0444121 -0.0251875 0.02
    endloop
  endfacet
  facet normal 0 0 -1
    outer loop
      vertex 0.0447741 -0.0244051 0.02
      vertex 0.048432 -0.0252591 0.02
      vertex 0.0447505 -0.0245493 0.02
    endloop
  endfacet
  facet normal 0 0 -1
    outer loop
      vertex 0.048432 -0.0252591 0.02
      vertex 0.0484101 -0.0256772 0.02
      vertex 0.0447505 -0.0245493 0.02
    endloop
  endfacet
  facet normal 0 0 -1
    outer loop
      vertex 0.0447505 -0.0245493 0.02
      vertex 0.0484101 -0.0256772 0.02
      vertex 0.0447114 -0.0246902 0.02
    endloop
  endfacet
  facet normal 0 0 -1
    outer loop
      vertex 0.0484101 -0.0256772 0.02
      vertex 0.0483446 -0.0260908 0.02
      vertex 0.0447114 -0.0246902 0.02
    endloop
  endfacet
  facet normal 0 0 -1
    outer loop
      vertex 0.0447114 -0.0246902 0.02
      vertex 0.0483446 -0.0260908 0.02
      vertex 0.0446573 -0.024826 0.02
    endloop
  endfacet
  facet normal 0 0 -1
    outer loop
      vertex 0.0483446 -0.0260908 0.02
      vertex 0.0482363 -0.0264952 0.02
      vertex 0.0446573 -0.024826 0.02
    endloop
  endfacet
  facet normal 0 0 -1
    outer loop
      vertex 0.0446573 -0.024826 0.02
      vertex 0.0482363 -0.0264952 0.02
      vertex 0.0445888 -0.0249551 0.02
    endloop
  endfacet
  facet normal 0 0 -1
    outer loop
      vertex 0.0482363 -0.0264952 0.02
      vertex 0.0480862 -0.0268861 0.02
      vertex 0.0445888 -0.0249551 0.02
    endloop
  endfacet
  facet normal 0 0 -1
    outer loop
      vertex 0.0445888 -0.0249551 0.02
      vertex 0.0480862 -0.0268861 0.02
      vertex 0.0478961 -0.0272591 0.02
    endloop
  endfacet
  facet normal 0 0 -1
    outer loop
      vertex 0.0447741 -0.0244051 0.02
      vertex 0.044782 -0.0242591 0.02
      vertex 0.048432 -0.0252591 0.02
    endloop
  endfacet
  facet normal 0 0 -1
    outer loop
      vertex 0.044782 -0.0242591 0.02
      vertex 0.0447741 -0.0241132 0.02
      vertex 0.048432 -0.0252591 0.02
    endloop
  endfacet
  facet normal 0 0 -1
    outer loop
      vertex 0.048432 -0.0252591 0.02
      vertex 0.0447741 -0.0241132 0.02
      vertex 0.0447505 -0.0239689 0.02
    endloop
  endfacet
  facet normal 0 0 -1
    outer loop
      vertex 0.0447505 -0.0239689 0.02
      vertex 0.0447114 -0.0238281 0.02
      vertex 0.048432 -0.0252591 0.02
    endloop
  endfacet
  facet normal 0 0 -1
    outer loop
      vertex 0.0447114 -0.0238281 0.02
      vertex 0.0446573 -0.0236923 0.02
      vertex 0.048432 -0.0252591 0.02
    endloop
  endfacet
  facet normal 0 0 -1
    outer loop
      vertex 0.048432 -0.0252591 0.02
      vertex 0.0446573 -0.0236923 0.02
      vertex 0.0445888 -0.0235631 0.02
    endloop
  endfacet
  facet normal 0 0 -1
    outer loop
      vertex -0.0425869 0.0384675 0.02
      vertex 0.0364131 0.0384675 0.02
      vertex -0.0425869 0.0382409 0.02
    endloop
  endfacet
  facet normal 0 0 -1
    outer loop
      vertex 0.0364131 0.0384675 0.02
      vertex -0.0426143 0.0377182 0.02
      vertex -0.0425869 0.0382409 0.02
    endloop
  endfacet
  facet normal 0 0 -1
    outer loop
      vertex -0.0562247 0.0289369 0.02
      vertex -0.0562932 0.0288077 0.02
      vertex -0.0598722 0.0304769 0.02
    endloop
  endfacet
  facet normal 0 0 -1
    outer loop
      vertex -0.0598722 0.0304769 0.02
      vertex -0.0562932 0.0288077 0.02
      vertex -0.0599806 0.0300725 0.02
    endloop
  endfacet
  facet normal 0 0 -1
    outer loop
      vertex -0.0562932 0.0288077 0.02
      vertex -0.0563473 0.0286719 0.02
      vertex -0.0599806 0.0300725 0.02
    endloop
  endfacet
  facet normal 0 0 -1
    outer loop
      vertex -0.0599806 0.0300725 0.02
      vertex -0.0563473 0.0286719 0.02
      vertex -0.0600461 0.029659 0.02
    endloop
  endfacet
  facet normal 0 0 -1
    outer loop
      vertex -0.0563473 0.0286719 0.02
      vertex -0.0563864 0.0285311 0.02
      vertex -0.0600461 0.029659 0.02
    endloop
  endfacet
  facet normal 0 0 -1
    outer loop
      vertex -0.0600461 0.029659 0.02
      vertex -0.0563864 0.0285311 0.02
      vertex -0.060068 0.0292409 0.02
    endloop
  endfacet
  facet normal 0 0 -1
    outer loop
      vertex -0.0563864 0.0285311 0.02
      vertex -0.0564101 0.0283868 0.02
      vertex -0.060068 0.0292409 0.02
    endloop
  endfacet
  facet normal 0 0 -1
    outer loop
      vertex -0.060068 0.0292409 0.02
      vertex -0.0564101 0.0283868 0.02
      vertex -0.056418 0.0282409 0.02
    endloop
  endfacet
  facet normal 0 0 -1
    outer loop
      vertex -0.0432568 -0.0317591 0.02
      vertex -0.0435418 -0.0313202 0.02
      vertex 0.042082 -0.0242591 0.02
    endloop
  endfacet
  facet normal 0 0 -1
    outer loop
      vertex -0.0435418 -0.0313202 0.02
      vertex -0.0438712 -0.0309135 0.02
      vertex 0.042082 -0.0242591 0.02
    endloop
  endfacet
  facet normal 0 0 -1
    outer loop
      vertex 0.042082 -0.0242591 0.02
      vertex -0.0438712 -0.0309135 0.02
      vertex -0.0442413 -0.0305434 0.02
    endloop
  endfacet
  facet normal 0 0 -1
    outer loop
      vertex -0.0442413 -0.0305434 0.02
      vertex -0.044648 -0.030214 0.02
      vertex 0.042082 -0.0242591 0.02
    endloop
  endfacet
  facet normal 0 0 -1
    outer loop
      vertex -0.044648 -0.030214 0.02
      vertex -0.0450869 -0.029929 0.02
      vertex 0.042082 -0.0242591 0.02
    endloop
  endfacet
  facet normal 0 0 -1
    outer loop
      vertex 0.042082 -0.0242591 0.02
      vertex -0.0450869 -0.029929 0.02
      vertex -0.0455532 -0.0296914 0.02
    endloop
  endfacet
  facet normal 0 0 -1
    outer loop
      vertex -0.0555677 0.029495 0.02
      vertex -0.0557003 0.0294336 0.02
      vertex -0.0590405 0.0319174 0.02
    endloop
  endfacet
  facet normal 0 0 -1
    outer loop
      vertex -0.0557003 0.0294336 0.02
      vertex -0.0558256 0.0293583 0.02
      vertex -0.0590405 0.0319174 0.02
    endloop
  endfacet
  facet normal 0 0 -1
    outer loop
      vertex -0.0465474 -0.0293684 0.02
      vertex -0.0599806 -0.0260908 0.02
      vertex -0.0600461 -0.0256772 0.02
    endloop
  endfacet
  facet normal 0 0 -1
    outer loop
      vertex 0.0421136 -0.0245493 0.02
      vertex 0.0421527 -0.0246902 0.02
      vertex -0.0425869 -0.0345019 0.02
    endloop
  endfacet
  facet normal 0 0 -1
    outer loop
      vertex 0.0421527 -0.0246902 0.02
      vertex 0.0422068 -0.024826 0.02
      vertex -0.0425869 -0.0345019 0.02
    endloop
  endfacet
  facet normal 0 0 -1
    outer loop
      vertex -0.0425869 -0.0345019 0.02
      vertex 0.0422068 -0.024826 0.02
      vertex 0.0422753 -0.0249551 0.02
    endloop
  endfacet
  facet normal 0 0 -1
    outer loop
      vertex 0.0422753 -0.0249551 0.02
      vertex 0.0423573 -0.0250761 0.02
      vertex -0.0425869 -0.0345019 0.02
    endloop
  endfacet
  facet normal 0 0 -1
    outer loop
      vertex 0.0423573 -0.0250761 0.02
      vertex 0.0424519 -0.0251875 0.02
      vertex -0.0425869 -0.0345019 0.02
    endloop
  endfacet
  facet normal 0 0 -1
    outer loop
      vertex -0.0425869 -0.0345019 0.02
      vertex 0.0424519 -0.0251875 0.02
      vertex 0.0425581 -0.025288 0.02
    endloop
  endfacet
  facet normal 0 0 -1
    outer loop
      vertex 0.0384742 -0.030214 0.02
      vertex 0.0380674 -0.0305434 0.02
      vertex -0.0425869 -0.0345019 0.02
    endloop
  endfacet
  facet normal 0 0 -1
    outer loop
      vertex 0.0429323 -0.023005 0.02
      vertex 0.0427997 -0.0230664 0.02
      vertex -0.0537886 0.0278098 0.02
    endloop
  endfacet
  facet normal 0 0 -1
    outer loop
      vertex -0.0537495 0.0285311 0.02
      vertex 0.0364131 0.0384675 0.02
      vertex -0.0537259 0.0283868 0.02
    endloop
  endfacet
  facet normal 0 0 -1
    outer loop
      vertex 0.0364131 0.0384675 0.02
      vertex 0.0364131 0.0382409 0.02
      vertex -0.0537259 0.0283868 0.02
    endloop
  endfacet
  facet normal 0 0 -1
    outer loop
      vertex -0.0537259 0.0283868 0.02
      vertex 0.0364131 0.0382409 0.02
      vertex -0.053718 0.0282409 0.02
    endloop
  endfacet
  facet normal 0 0 -1
    outer loop
      vertex 0.0364131 0.0382409 0.02
      vertex 0.0364405 0.0377182 0.02
      vertex -0.053718 0.0282409 0.02
    endloop
  endfacet
  facet normal 0 0 -1
    outer loop
      vertex -0.053718 0.0282409 0.02
      vertex 0.0364405 0.0377182 0.02
      vertex 0.0365223 0.0372013 0.02
    endloop
  endfacet
  facet normal 0 0 -1
    outer loop
      vertex 0.0365223 0.0372013 0.02
      vertex 0.0366578 0.0366958 0.02
      vertex -0.053718 0.0282409 0.02
    endloop
  endfacet
  facet normal 0 0 -1
    outer loop
      vertex 0.0366578 0.0366958 0.02
      vertex 0.0368454 0.0362072 0.02
      vertex -0.053718 0.0282409 0.02
    endloop
  endfacet
  facet normal 0 0 -1
    outer loop
      vertex -0.053718 0.0282409 0.02
      vertex 0.0368454 0.0362072 0.02
      vertex 0.037083 0.0357409 0.02
    endloop
  endfacet
  facet normal 0 0 -1
    outer loop
      vertex -0.053718 0.0282409 0.02
      vertex 0.0393794 0.0336732 0.02
      vertex 0.039868 0.0334856 0.02
    endloop
  endfacet
  facet normal 0 0 -1
    outer loop
      vertex -0.053718 0.0282409 0.02
      vertex 0.039868 0.0334856 0.02
      vertex 0.048432 0.0292409 0.02
    endloop
  endfacet
  facet normal 0 0 -1
    outer loop
      vertex 0.039868 0.0334856 0.02
      vertex 0.0403735 0.0333501 0.02
      vertex 0.048432 0.0292409 0.02
    endloop
  endfacet
  facet normal 0 0 -1
    outer loop
      vertex 0.048432 0.0292409 0.02
      vertex 0.0403735 0.0333501 0.02
      vertex 0.0408904 0.0332683 0.02
    endloop
  endfacet
  facet normal 0 0 -1
    outer loop
      vertex 0.0482363 0.0304769 0.02
      vertex 0.0483446 0.0300725 0.02
      vertex 0.044432 0.0332409 0.02
    endloop
  endfacet
  facet normal 0 0 -1
    outer loop
      vertex -0.0470643 0.0332683 0.02
      vertex -0.054194 0.0292698 0.02
      vertex -0.0475869 0.0332409 0.02
    endloop
  endfacet
  facet normal 0 0 -1
    outer loop
      vertex -0.054194 0.0292698 0.02
      vertex -0.0543104 0.0293583 0.02
      vertex -0.0475869 0.0332409 0.02
    endloop
  endfacet
  facet normal 0 0 -1
    outer loop
      vertex -0.0547068 0.0295417 0.02
      vertex -0.0548496 0.0295731 0.02
      vertex -0.0590405 0.0319174 0.02
    endloop
  endfacet
  facet normal 0 0 -1
    outer loop
      vertex -0.0548496 0.0295731 0.02
      vertex -0.0549949 0.0295889 0.02
      vertex -0.0590405 0.0319174 0.02
    endloop
  endfacet
  facet normal 0 0 -1
    outer loop
      vertex -0.0590405 0.0319174 0.02
      vertex -0.0549949 0.0295889 0.02
      vertex -0.0551411 0.0295889 0.02
    endloop
  endfacet
  facet normal 0 0 -1
    outer loop
      vertex -0.0598722 0.0304769 0.02
      vertex -0.0597221 0.0308678 0.02
      vertex -0.0562247 0.0289369 0.02
    endloop
  endfacet
  facet normal 0 0 -1
    outer loop
      vertex -0.0597221 0.0308678 0.02
      vertex -0.0595321 0.0312409 0.02
      vertex -0.0562247 0.0289369 0.02
    endloop
  endfacet
  facet normal 0 0 -1
    outer loop
      vertex -0.0562247 0.0289369 0.02
      vertex -0.0595321 0.0312409 0.02
      vertex -0.0561427 0.0290579 0.02
    endloop
  endfacet
  facet normal 0 0 -1
    outer loop
      vertex -0.0595321 0.0312409 0.02
      vertex -0.059304 0.031592 0.02
      vertex -0.0561427 0.0290579 0.02
    endloop
  endfacet
  facet normal 0 0 -1
    outer loop
      vertex -0.0561427 0.0290579 0.02
      vertex -0.059304 0.031592 0.02
      vertex -0.0560481 0.0291693 0.02
    endloop
  endfacet
  facet normal 0 0 -1
    outer loop
      vertex -0.059304 0.031592 0.02
      vertex -0.0590405 0.0319174 0.02
      vertex -0.0560481 0.0291693 0.02
    endloop
  endfacet
  facet normal 0 0 -1
    outer loop
      vertex -0.0560481 0.0291693 0.02
      vertex -0.0590405 0.0319174 0.02
      vertex -0.0559419 0.0292698 0.02
    endloop
  endfacet
  facet normal 0 0 -1
    outer loop
      vertex -0.0590405 0.0319174 0.02
      vertex -0.0558256 0.0293583 0.02
      vertex -0.0559419 0.0292698 0.02
    endloop
  endfacet
  facet normal 0 0 -1
    outer loop
      vertex -0.0470643 -0.0292865 0.02
      vertex -0.0590405 -0.0279356 0.02
      vertex -0.059304 -0.0276103 0.02
    endloop
  endfacet
  facet normal 0 0 -1
    outer loop
      vertex -0.0475869 -0.0292591 0.02
      vertex -0.057304 -0.0290633 0.02
      vertex -0.0576949 -0.0289133 0.02
    endloop
  endfacet
  facet normal 0 0 -1
    outer loop
      vertex -0.057304 -0.0290633 0.02
      vertex -0.0475869 -0.0292591 0.02
      vertex -0.0568996 -0.0291717 0.02
    endloop
  endfacet
  facet normal 0 0 -1
    outer loop
      vertex -0.0475869 -0.0292591 0.02
      vertex -0.056068 -0.0292591 0.02
      vertex -0.0568996 -0.0291717 0.02
    endloop
  endfacet
  facet normal 0 0 -1
    outer loop
      vertex -0.0568996 -0.0291717 0.02
      vertex -0.056068 -0.0292591 0.02
      vertex -0.0564861 -0.0292372 0.02
    endloop
  endfacet
  facet normal 0 0 -1
    outer loop
      vertex 0.0445888 -0.0235631 0.02
      vertex 0.0445068 -0.0234421 0.02
      vertex 0.048432 -0.0252591 0.02
    endloop
  endfacet
  facet normal 0 0 -1
    outer loop
      vertex 0.0445068 -0.0234421 0.02
      vertex 0.0444121 -0.0233307 0.02
      vertex 0.048432 -0.0252591 0.02
    endloop
  endfacet
  facet normal 0 0 -1
    outer loop
      vertex 0.048432 -0.0252591 0.02
      vertex 0.0444121 -0.0233307 0.02
      vertex 0.044306 -0.0232302 0.02
    endloop
  endfacet
  facet normal 0 0 -1
    outer loop
      vertex 0.0427997 -0.0230664 0.02
      vertex 0.0426744 -0.0231417 0.02
      vertex -0.0537886 0.0278098 0.02
    endloop
  endfacet
  facet normal 0 0 -1
    outer loop
      vertex 0.0426744 -0.0231417 0.02
      vertex 0.0425581 -0.0232302 0.02
      vertex -0.0537886 0.0278098 0.02
    endloop
  endfacet
  facet normal 0 0 -1
    outer loop
      vertex -0.0537886 0.0278098 0.02
      vertex 0.0425581 -0.0232302 0.02
      vertex -0.0538427 0.027674 0.02
    endloop
  endfacet
  facet normal 0 0 -1
    outer loop
      vertex 0.037083 0.0357409 0.02
      vertex 0.037368 0.035302 0.02
      vertex -0.053718 0.0282409 0.02
    endloop
  endfacet
  facet normal 0 0 -1
    outer loop
      vertex 0.037368 0.035302 0.02
      vertex 0.0376974 0.0348952 0.02
      vertex -0.053718 0.0282409 0.02
    endloop
  endfacet
  facet normal 0 0 -1
    outer loop
      vertex -0.053718 0.0282409 0.02
      vertex 0.0376974 0.0348952 0.02
      vertex 0.0380674 0.0345252 0.02
    endloop
  endfacet
  facet normal 0 0 -1
    outer loop
      vertex 0.0380674 0.0345252 0.02
      vertex 0.0384742 0.0341958 0.02
      vertex -0.053718 0.0282409 0.02
    endloop
  endfacet
  facet normal 0 0 -1
    outer loop
      vertex 0.0384742 0.0341958 0.02
      vertex 0.0389131 0.0339108 0.02
      vertex -0.053718 0.0282409 0.02
    endloop
  endfacet
  facet normal 0 0 -1
    outer loop
      vertex -0.053718 0.0282409 0.02
      vertex 0.0389131 0.0339108 0.02
      vertex 0.0393794 0.0336732 0.02
    endloop
  endfacet
  facet normal 0 0 -1
    outer loop
      vertex 0.0408904 0.0332683 0.02
      vertex 0.0414131 0.0332409 0.02
      vertex 0.048432 0.0292409 0.02
    endloop
  endfacet
  facet normal 0 0 -1
    outer loop
      vertex 0.0414131 0.0332409 0.02
      vertex 0.044432 0.0332409 0.02
      vertex 0.048432 0.0292409 0.02
    endloop
  endfacet
  facet normal 0 0 -1
    outer loop
      vertex 0.048432 0.0292409 0.02
      vertex 0.044432 0.0332409 0.02
      vertex 0.0484101 0.029659 0.02
    endloop
  endfacet
  facet normal 0 0 -1
    outer loop
      vertex 0.044432 0.0332409 0.02
      vertex 0.0483446 0.0300725 0.02
      vertex 0.0484101 0.029659 0.02
    endloop
  endfacet
  facet normal 0 0 -1
    outer loop
      vertex -0.0430192 0.0362072 0.02
      vertex -0.0428316 0.0366958 0.02
      vertex 0.0364131 0.0384675 0.02
    endloop
  endfacet
  facet normal 0 0 -1
    outer loop
      vertex -0.0428316 0.0366958 0.02
      vertex -0.0426962 0.0372013 0.02
      vertex 0.0364131 0.0384675 0.02
    endloop
  endfacet
  facet normal 0 0 -1
    outer loop
      vertex 0.0364131 0.0384675 0.02
      vertex -0.0426962 0.0372013 0.02
      vertex -0.0426143 0.0377182 0.02
    endloop
  endfacet
  facet normal 0 0 -1
    outer loop
      vertex -0.0551411 0.0295889 0.02
      vertex -0.0552864 0.0295731 0.02
      vertex -0.0590405 0.0319174 0.02
    endloop
  endfacet
  facet normal 0 0 -1
    outer loop
      vertex -0.0552864 0.0295731 0.02
      vertex -0.0554291 0.0295417 0.02
      vertex -0.0590405 0.0319174 0.02
    endloop
  endfacet
  facet normal 0 0 -1
    outer loop
      vertex -0.0590405 0.0319174 0.02
      vertex -0.0554291 0.0295417 0.02
      vertex -0.0555677 0.029495 0.02
    endloop
  endfacet
  facet normal 0 0 -1
    outer loop
      vertex 0.0429323 -0.0255132 0.02
      vertex 0.0414131 -0.0292591 0.02
      vertex 0.0427997 -0.0254519 0.02
    endloop
  endfacet
  facet normal 0 0 -1
    outer loop
      vertex 0.0414131 -0.0292591 0.02
      vertex 0.0408904 -0.0292865 0.02
      vertex 0.0427997 -0.0254519 0.02
    endloop
  endfacet
  facet normal 0 0 -1
    outer loop
      vertex 0.0427997 -0.0254519 0.02
      vertex 0.0408904 -0.0292865 0.02
      vertex 0.0426744 -0.0253765 0.02
    endloop
  endfacet
  facet normal 0 0 -1
    outer loop
      vertex -0.0545683 0.0269868 0.02
      vertex -0.0544356 0.0270481 0.02
      vertex 0.0421527 -0.0238281 0.02
    endloop
  endfacet
  facet normal 0 0 -1
    outer loop
      vertex 0.0423573 -0.0234421 0.02
      vertex 0.0422753 -0.0235631 0.02
      vertex -0.054194 0.027212 0.02
    endloop
  endfacet
  facet normal 0 0 -1
    outer loop
      vertex 0.0452637 0.0331535 0.02
      vertex 0.0467832 0.0324769 0.02
      vertex 0.0448501 0.033219 0.02
    endloop
  endfacet
  facet normal 0 0 -1
    outer loop
      vertex 0.0467832 0.0324769 0.02
      vertex 0.044432 0.0332409 0.02
      vertex 0.0448501 0.033219 0.02
    endloop
  endfacet
  facet normal 0 0 -1
    outer loop
      vertex 0.0467832 0.0324769 0.02
      vertex 0.0471086 0.0322135 0.02
      vertex 0.044432 0.0332409 0.02
    endloop
  endfacet
  facet normal 0 0 -1
    outer loop
      vertex 0.0471086 0.0322135 0.02
      vertex 0.0474046 0.0319174 0.02
      vertex 0.044432 0.0332409 0.02
    endloop
  endfacet
  facet normal 0 0 -1
    outer loop
      vertex 0.044432 0.0332409 0.02
      vertex 0.0474046 0.0319174 0.02
      vertex 0.0476681 0.031592 0.02
    endloop
  endfacet
  facet normal 0 0 -1
    outer loop
      vertex -0.0545683 0.029495 0.02
      vertex -0.0590405 0.0319174 0.02
      vertex -0.0544356 0.0294336 0.02
    endloop
  endfacet
  facet normal 0 0 -1
    outer loop
      vertex -0.0590405 0.0319174 0.02
      vertex -0.0587445 0.0322135 0.02
      vertex -0.0544356 0.0294336 0.02
    endloop
  endfacet
  facet normal 0 0 -1
    outer loop
      vertex -0.0544356 0.0294336 0.02
      vertex -0.0587445 0.0322135 0.02
      vertex -0.0543104 0.0293583 0.02
    endloop
  endfacet
  facet normal 0 0 -1
    outer loop
      vertex -0.0587445 0.0322135 0.02
      vertex -0.0584191 0.0324769 0.02
      vertex -0.0543104 0.0293583 0.02
    endloop
  endfacet
  facet normal 0 0 -1
    outer loop
      vertex -0.0543104 0.0293583 0.02
      vertex -0.0584191 0.0324769 0.02
      vertex -0.058068 0.032705 0.02
    endloop
  endfacet
  facet normal 0 0 -1
    outer loop
      vertex -0.0568996 0.0331535 0.02
      vertex -0.0564861 0.033219 0.02
      vertex -0.0543104 0.0293583 0.02
    endloop
  endfacet
  facet normal 0 0 -1
    outer loop
      vertex -0.0564861 0.033219 0.02
      vertex -0.056068 0.0332409 0.02
      vertex -0.0543104 0.0293583 0.02
    endloop
  endfacet
  facet normal 0 0 -1
    outer loop
      vertex -0.0543104 0.0293583 0.02
      vertex -0.056068 0.0332409 0.02
      vertex -0.0475869 0.0332409 0.02
    endloop
  endfacet
  facet normal 0 0 -1
    outer loop
      vertex -0.0450869 0.0339108 0.02
      vertex -0.044648 0.0341958 0.02
      vertex 0.0364131 0.0384675 0.02
    endloop
  endfacet
  facet normal 0 0 -1
    outer loop
      vertex -0.044648 0.0341958 0.02
      vertex -0.0442413 0.0345252 0.02
      vertex 0.0364131 0.0384675 0.02
    endloop
  endfacet
  facet normal 0 0 -1
    outer loop
      vertex 0.0364131 0.0384675 0.02
      vertex -0.0442413 0.0345252 0.02
      vertex -0.0438712 0.0348952 0.02
    endloop
  endfacet
  facet normal 0 0 -1
    outer loop
      vertex -0.0600461 -0.0256772 0.02
      vertex -0.060068 -0.0252591 0.02
      vertex -0.0465474 -0.0293684 0.02
    endloop
  endfacet
  facet normal 0 0 -1
    outer loop
      vertex -0.060068 -0.0252591 0.02
      vertex 0.042082 -0.0242591 0.02
      vertex -0.0465474 -0.0293684 0.02
    endloop
  endfacet
  facet normal 0 0 -1
    outer loop
      vertex -0.0465474 -0.0293684 0.02
      vertex 0.042082 -0.0242591 0.02
      vertex -0.0460418 -0.0295038 0.02
    endloop
  endfacet
  facet normal 0 0 -1
    outer loop
      vertex 0.042082 -0.0242591 0.02
      vertex -0.0455532 -0.0296914 0.02
      vertex -0.0460418 -0.0295038 0.02
    endloop
  endfacet
  facet normal 0 0 -1
    outer loop
      vertex 0.0408904 -0.0292865 0.02
      vertex 0.0403735 -0.0293684 0.02
      vertex 0.0426744 -0.0253765 0.02
    endloop
  endfacet
  facet normal 0 0 -1
    outer loop
      vertex 0.0403735 -0.0293684 0.02
      vertex 0.039868 -0.0295038 0.02
      vertex 0.0426744 -0.0253765 0.02
    endloop
  endfacet
  facet normal 0 0 -1
    outer loop
      vertex 0.0426744 -0.0253765 0.02
      vertex 0.039868 -0.0295038 0.02
      vertex 0.0425581 -0.025288 0.02
    endloop
  endfacet
  facet normal 0 0 -1
    outer loop
      vertex 0.039868 -0.0295038 0.02
      vertex 0.0393794 -0.0296914 0.02
      vertex 0.0425581 -0.025288 0.02
    endloop
  endfacet
  facet normal 0 0 -1
    outer loop
      vertex 0.0425581 -0.025288 0.02
      vertex 0.0393794 -0.0296914 0.02
      vertex -0.0425869 -0.0345019 0.02
    endloop
  endfacet
  facet normal 0 0 -1
    outer loop
      vertex 0.0393794 -0.0296914 0.02
      vertex 0.0389131 -0.029929 0.02
      vertex -0.0425869 -0.0345019 0.02
    endloop
  endfacet
  facet normal 0 0 -1
    outer loop
      vertex -0.0425869 -0.0345019 0.02
      vertex 0.0389131 -0.029929 0.02
      vertex 0.0384742 -0.030214 0.02
    endloop
  endfacet
  facet normal 0 0 -1
    outer loop
      vertex 0.0380674 -0.0305434 0.02
      vertex 0.0376974 -0.0309135 0.02
      vertex -0.0425869 -0.0345019 0.02
    endloop
  endfacet
  facet normal 0 0 -1
    outer loop
      vertex 0.0376974 -0.0309135 0.02
      vertex 0.037368 -0.0313202 0.02
      vertex -0.0425869 -0.0345019 0.02
    endloop
  endfacet
  facet normal 0 0 -1
    outer loop
      vertex -0.0425869 -0.0345019 0.02
      vertex 0.037368 -0.0313202 0.02
      vertex 0.037083 -0.0317591 0.02
    endloop
  endfacet
  facet normal 0 0 -1
    outer loop
      vertex 0.0476681 -0.0276103 0.02
      vertex 0.0474046 -0.0279356 0.02
      vertex 0.0444121 -0.0251875 0.02
    endloop
  endfacet
  facet normal 0 0 -1
    outer loop
      vertex 0.0474046 -0.0279356 0.02
      vertex 0.0471086 -0.0282317 0.02
      vertex 0.0444121 -0.0251875 0.02
    endloop
  endfacet
  facet normal 0 0 -1
    outer loop
      vertex 0.0444121 -0.0251875 0.02
      vertex 0.0471086 -0.0282317 0.02
      vertex 0.044306 -0.025288 0.02
    endloop
  endfacet
  facet normal 0 0 -1
    outer loop
      vertex 0.0471086 -0.0282317 0.02
      vertex 0.0467832 -0.0284952 0.02
      vertex 0.044306 -0.025288 0.02
    endloop
  endfacet
  facet normal 0 0 -1
    outer loop
      vertex 0.044306 -0.025288 0.02
      vertex 0.0467832 -0.0284952 0.02
      vertex 0.0441896 -0.0253765 0.02
    endloop
  endfacet
  facet normal 0 0 -1
    outer loop
      vertex 0.0467832 -0.0284952 0.02
      vertex 0.046432 -0.0287232 0.02
      vertex 0.0441896 -0.0253765 0.02
    endloop
  endfacet
  facet normal 0 0 -1
    outer loop
      vertex 0.0441896 -0.0253765 0.02
      vertex 0.046432 -0.0287232 0.02
      vertex 0.0440644 -0.0254519 0.02
    endloop
  endfacet
  facet normal 0 0 -1
    outer loop
      vertex 0.044306 -0.0232302 0.02
      vertex 0.0441896 -0.0231417 0.02
      vertex 0.048432 -0.0252591 0.02
    endloop
  endfacet
  facet normal 0 0 -1
    outer loop
      vertex 0.0441896 -0.0231417 0.02
      vertex 0.0440644 -0.0230664 0.02
      vertex 0.048432 -0.0252591 0.02
    endloop
  endfacet
  facet normal 0 0 -1
    outer loop
      vertex 0.048432 -0.0252591 0.02
      vertex 0.0440644 -0.0230664 0.02
      vertex -0.0537886 0.0278098 0.02
    endloop
  endfacet
  facet normal 0 0 -1
    outer loop
      vertex 0.0440644 -0.0230664 0.02
      vertex 0.0439317 -0.023005 0.02
      vertex -0.0537886 0.0278098 0.02
    endloop
  endfacet
  facet normal 0 0 -1
    outer loop
      vertex -0.0537886 0.0278098 0.02
      vertex 0.0439317 -0.023005 0.02
      vertex 0.0437932 -0.0229583 0.02
    endloop
  endfacet
  facet normal 0 0 -1
    outer loop
      vertex -0.0561427 0.0274239 0.02
      vertex -0.0560481 0.0273125 0.02
      vertex -0.060068 0.0292409 0.02
    endloop
  endfacet
  facet normal 0 0 -1
    outer loop
      vertex -0.0560481 0.0273125 0.02
      vertex -0.0559419 0.027212 0.02
      vertex -0.060068 0.0292409 0.02
    endloop
  endfacet
  facet normal 0 0 -1
    outer loop
      vertex 0.0422753 -0.0235631 0.02
      vertex 0.0422068 -0.0236923 0.02
      vertex -0.054194 0.027212 0.02
    endloop
  endfacet
  facet normal 0 0 -1
    outer loop
      vertex 0.0422068 -0.0236923 0.02
      vertex 0.0421527 -0.0238281 0.02
      vertex -0.054194 0.027212 0.02
    endloop
  endfacet
  facet normal 0 0 -1
    outer loop
      vertex -0.054194 0.027212 0.02
      vertex 0.0421527 -0.0238281 0.02
      vertex -0.0543104 0.0271235 0.02
    endloop
  endfacet
  facet normal 0 0 -1
    outer loop
      vertex 0.0421527 -0.0238281 0.02
      vertex -0.0544356 0.0270481 0.02
      vertex -0.0543104 0.0271235 0.02
    endloop
  endfacet
  facet normal 0 0 -1
    outer loop
      vertex -0.0540879 0.0273125 0.02
      vertex -0.0539932 0.0274239 0.02
      vertex 0.0425581 -0.0232302 0.02
    endloop
  endfacet
  facet normal 0 0 -1
    outer loop
      vertex -0.0539932 0.0274239 0.02
      vertex -0.0539112 0.0275449 0.02
      vertex 0.0425581 -0.0232302 0.02
    endloop
  endfacet
  facet normal 0 0 -1
    outer loop
      vertex 0.0425581 -0.0232302 0.02
      vertex -0.0539112 0.0275449 0.02
      vertex -0.0538427 0.027674 0.02
    endloop
  endfacet
  facet normal 0 0 -1
    outer loop
      vertex 0.0452637 0.0331535 0.02
      vertex 0.0456681 0.0330451 0.02
      vertex 0.0467832 0.0324769 0.02
    endloop
  endfacet
  facet normal 0 0 -1
    outer loop
      vertex 0.0456681 0.0330451 0.02
      vertex 0.046059 0.0328951 0.02
      vertex 0.0467832 0.0324769 0.02
    endloop
  endfacet
  facet normal 0 0 -1
    outer loop
      vertex 0.0467832 0.0324769 0.02
      vertex 0.046059 0.0328951 0.02
      vertex 0.046432 0.032705 0.02
    endloop
  endfacet
  facet normal 0 0 -1
    outer loop
      vertex 0.0476681 0.031592 0.02
      vertex 0.0478961 0.0312409 0.02
      vertex 0.044432 0.0332409 0.02
    endloop
  endfacet
  facet normal 0 0 -1
    outer loop
      vertex 0.0478961 0.0312409 0.02
      vertex 0.0480862 0.0308678 0.02
      vertex 0.044432 0.0332409 0.02
    endloop
  endfacet
  facet normal 0 0 -1
    outer loop
      vertex 0.044432 0.0332409 0.02
      vertex 0.0480862 0.0308678 0.02
      vertex 0.0482363 0.0304769 0.02
    endloop
  endfacet
  facet normal 0 0 -1
    outer loop
      vertex -0.0470643 0.0332683 0.02
      vertex -0.0465474 0.0333501 0.02
      vertex -0.054194 0.0292698 0.02
    endloop
  endfacet
  facet normal 0 0 -1
    outer loop
      vertex -0.0465474 0.0333501 0.02
      vertex -0.0460418 0.0334856 0.02
      vertex -0.054194 0.0292698 0.02
    endloop
  endfacet
  facet normal 0 0 -1
    outer loop
      vertex -0.054194 0.0292698 0.02
      vertex -0.0460418 0.0334856 0.02
      vertex 0.0364131 0.0384675 0.02
    endloop
  endfacet
  facet normal 0 0 -1
    outer loop
      vertex -0.0460418 0.0334856 0.02
      vertex -0.0455532 0.0336732 0.02
      vertex 0.0364131 0.0384675 0.02
    endloop
  endfacet
  facet normal 0 0 -1
    outer loop
      vertex 0.0364131 0.0384675 0.02
      vertex -0.0455532 0.0336732 0.02
      vertex -0.0450869 0.0339108 0.02
    endloop
  endfacet
  facet normal 0 0 -1
    outer loop
      vertex -0.0438712 0.0348952 0.02
      vertex -0.0435418 0.035302 0.02
      vertex 0.0364131 0.0384675 0.02
    endloop
  endfacet
  facet normal 0 0 -1
    outer loop
      vertex -0.0435418 0.035302 0.02
      vertex -0.0432568 0.0357409 0.02
      vertex 0.0364131 0.0384675 0.02
    endloop
  endfacet
  facet normal 0 0 -1
    outer loop
      vertex 0.0364131 0.0384675 0.02
      vertex -0.0432568 0.0357409 0.02
      vertex -0.0430192 0.0362072 0.02
    endloop
  endfacet
  facet normal 0 0 -1
    outer loop
      vertex -0.059304 -0.0276103 0.02
      vertex -0.0595321 -0.0272591 0.02
      vertex -0.0470643 -0.0292865 0.02
    endloop
  endfacet
  facet normal 0 0 -1
    outer loop
      vertex -0.0595321 -0.0272591 0.02
      vertex -0.0597221 -0.0268861 0.02
      vertex -0.0470643 -0.0292865 0.02
    endloop
  endfacet
  facet normal 0 0 -1
    outer loop
      vertex -0.0470643 -0.0292865 0.02
      vertex -0.0597221 -0.0268861 0.02
      vertex -0.0465474 -0.0293684 0.02
    endloop
  endfacet
  facet normal 0 0 -1
    outer loop
      vertex -0.0597221 -0.0268861 0.02
      vertex -0.0598722 -0.0264952 0.02
      vertex -0.0465474 -0.0293684 0.02
    endloop
  endfacet
  facet normal 0 0 -1
    outer loop
      vertex -0.0465474 -0.0293684 0.02
      vertex -0.0598722 -0.0264952 0.02
      vertex -0.0599806 -0.0260908 0.02
    endloop
  endfacet
  facet normal 0 0 -1
    outer loop
      vertex -0.0576949 -0.0289133 0.02
      vertex -0.058068 -0.0287232 0.02
      vertex -0.0475869 -0.0292591 0.02
    endloop
  endfacet
  facet normal 0 0 -1
    outer loop
      vertex -0.058068 -0.0287232 0.02
      vertex -0.0584191 -0.0284952 0.02
      vertex -0.0475869 -0.0292591 0.02
    endloop
  endfacet
  facet normal 0 0 -1
    outer loop
      vertex -0.0475869 -0.0292591 0.02
      vertex -0.0584191 -0.0284952 0.02
      vertex -0.0470643 -0.0292865 0.02
    endloop
  endfacet
  facet normal 0 0 -1
    outer loop
      vertex -0.0584191 -0.0284952 0.02
      vertex -0.0587445 -0.0282317 0.02
      vertex -0.0470643 -0.0292865 0.02
    endloop
  endfacet
  facet normal 0 0 -1
    outer loop
      vertex -0.0470643 -0.0292865 0.02
      vertex -0.0587445 -0.0282317 0.02
      vertex -0.0590405 -0.0279356 0.02
    endloop
  endfacet
  facet normal 0 0 -1
    outer loop
      vertex 0.037083 -0.0317591 0.02
      vertex 0.0368454 -0.0322254 0.02
      vertex -0.0425869 -0.0345019 0.02
    endloop
  endfacet
  facet normal 0 0 -1
    outer loop
      vertex 0.0368454 -0.0322254 0.02
      vertex 0.0366578 -0.032714 0.02
      vertex -0.0425869 -0.0345019 0.02
    endloop
  endfacet
  facet normal 0 0 -1
    outer loop
      vertex -0.0425869 -0.0345019 0.02
      vertex 0.0366578 -0.032714 0.02
      vertex 0.0365223 -0.0332196 0.02
    endloop
  endfacet
  facet normal 0 0 -1
    outer loop
      vertex 0.0365223 -0.0332196 0.02
      vertex 0.0364405 -0.0337365 0.02
      vertex -0.0425869 -0.0345019 0.02
    endloop
  endfacet
  facet normal 0 0 -1
    outer loop
      vertex 0.0364405 -0.0337365 0.02
      vertex 0.0364131 -0.0342591 0.02
      vertex -0.0425869 -0.0345019 0.02
    endloop
  endfacet
  facet normal 0 0 -1
    outer loop
      vertex -0.0425869 -0.0345019 0.02
      vertex 0.0364131 -0.0342591 0.02
      vertex 0.0364131 -0.0345019 0.02
    endloop
  endfacet
  facet normal 0 0 -1
    outer loop
      vertex 0.0433589 -0.0256071 0.02
      vertex 0.044432 -0.0292591 0.02
      vertex 0.0432136 -0.0255913 0.02
    endloop
  endfacet
  facet normal 0 0 -1
    outer loop
      vertex 0.044432 -0.0292591 0.02
      vertex 0.0414131 -0.0292591 0.02
      vertex 0.0432136 -0.0255913 0.02
    endloop
  endfacet
  facet normal 0 0 -1
    outer loop
      vertex 0.0432136 -0.0255913 0.02
      vertex 0.0414131 -0.0292591 0.02
      vertex 0.0430709 -0.0255599 0.02
    endloop
  endfacet
  facet normal 0 0 -1
    outer loop
      vertex 0.0414131 -0.0292591 0.02
      vertex 0.0429323 -0.0255132 0.02
      vertex 0.0430709 -0.0255599 0.02
    endloop
  endfacet
  facet normal 0 0 -1
    outer loop
      vertex 0.0437932 -0.0229583 0.02
      vertex 0.0436504 -0.0229269 0.02
      vertex -0.0537886 0.0278098 0.02
    endloop
  endfacet
  facet normal 0 0 -1
    outer loop
      vertex 0.0436504 -0.0229269 0.02
      vertex 0.0435051 -0.0229111 0.02
      vertex -0.0537886 0.0278098 0.02
    endloop
  endfacet
  facet normal 0 0 -1
    outer loop
      vertex -0.0537886 0.0278098 0.02
      vertex 0.0435051 -0.0229111 0.02
      vertex 0.0433589 -0.0229111 0.02
    endloop
  endfacet
  facet normal 0 0 -1
    outer loop
      vertex -0.056418 0.0282409 0.02
      vertex -0.0564101 0.0280949 0.02
      vertex -0.060068 0.0292409 0.02
    endloop
  endfacet
  facet normal 0 0 -1
    outer loop
      vertex -0.0564101 0.0280949 0.02
      vertex -0.0563864 0.0279507 0.02
      vertex -0.060068 0.0292409 0.02
    endloop
  endfacet
  facet normal 0 0 -1
    outer loop
      vertex -0.060068 0.0292409 0.02
      vertex -0.0563864 0.0279507 0.02
      vertex -0.0563473 0.0278098 0.02
    endloop
  endfacet
  facet normal 0 0 -1
    outer loop
      vertex -0.0563473 0.0278098 0.02
      vertex -0.0562932 0.027674 0.02
      vertex -0.060068 0.0292409 0.02
    endloop
  endfacet
  facet normal 0 0 -1
    outer loop
      vertex -0.0562932 0.027674 0.02
      vertex -0.0562247 0.0275449 0.02
      vertex -0.060068 0.0292409 0.02
    endloop
  endfacet
  facet normal 0 0 -1
    outer loop
      vertex -0.060068 0.0292409 0.02
      vertex -0.0562247 0.0275449 0.02
      vertex -0.0561427 0.0274239 0.02
    endloop
  endfacet
  facet normal 0 0 -1
    outer loop
      vertex -0.0540879 0.0273125 0.02
      vertex 0.0425581 -0.0232302 0.02
      vertex -0.054194 0.027212 0.02
    endloop
  endfacet
  facet normal 0 0 -1
    outer loop
      vertex 0.0425581 -0.0232302 0.02
      vertex 0.0424519 -0.0233307 0.02
      vertex -0.054194 0.027212 0.02
    endloop
  endfacet
  facet normal 0 0 -1
    outer loop
      vertex -0.054194 0.027212 0.02
      vertex 0.0424519 -0.0233307 0.02
      vertex 0.0423573 -0.0234421 0.02
    endloop
  endfacet
  facet normal 0 0 -1
    outer loop
      vertex 0.046432 -0.0287232 0.02
      vertex 0.046059 -0.0289133 0.02
      vertex 0.0440644 -0.0254519 0.02
    endloop
  endfacet
  facet normal 0 0 -1
    outer loop
      vertex 0.046059 -0.0289133 0.02
      vertex 0.0456681 -0.0290633 0.02
      vertex 0.0440644 -0.0254519 0.02
    endloop
  endfacet
  facet normal 0 0 -1
    outer loop
      vertex 0.0440644 -0.0254519 0.02
      vertex 0.0456681 -0.0290633 0.02
      vertex 0.0439317 -0.0255132 0.02
    endloop
  endfacet
  facet normal 0 0 -1
    outer loop
      vertex 0.0456681 -0.0290633 0.02
      vertex 0.0452637 -0.0291717 0.02
      vertex 0.0439317 -0.0255132 0.02
    endloop
  endfacet
  facet normal 0 0 -1
    outer loop
      vertex 0.0439317 -0.0255132 0.02
      vertex 0.0452637 -0.0291717 0.02
      vertex 0.0437932 -0.0255599 0.02
    endloop
  endfacet
  facet normal 0 0 -1
    outer loop
      vertex 0.0452637 -0.0291717 0.02
      vertex 0.0448501 -0.0292372 0.02
      vertex 0.0437932 -0.0255599 0.02
    endloop
  endfacet
  facet normal 0 0 -1
    outer loop
      vertex 0.0437932 -0.0255599 0.02
      vertex 0.0448501 -0.0292372 0.02
      vertex 0.0436504 -0.0255913 0.02
    endloop
  endfacet
  facet normal 0 0 -1
    outer loop
      vertex 0.0448501 -0.0292372 0.02
      vertex 0.044432 -0.0292591 0.02
      vertex 0.0436504 -0.0255913 0.02
    endloop
  endfacet
  facet normal 0 0 -1
    outer loop
      vertex 0.0436504 -0.0255913 0.02
      vertex 0.044432 -0.0292591 0.02
      vertex 0.0435051 -0.0256071 0.02
    endloop
  endfacet
  facet normal 0 0 -1
    outer loop
      vertex 0.044432 -0.0292591 0.02
      vertex 0.0433589 -0.0256071 0.02
      vertex 0.0435051 -0.0256071 0.02
    endloop
  endfacet
  facet normal 0 0 -1
    outer loop
      vertex 0.0433589 -0.0229111 0.02
      vertex 0.0432136 -0.0229269 0.02
      vertex -0.0537886 0.0278098 0.02
    endloop
  endfacet
  facet normal 0 0 -1
    outer loop
      vertex 0.0432136 -0.0229269 0.02
      vertex 0.0430709 -0.0229583 0.02
      vertex -0.0537886 0.0278098 0.02
    endloop
  endfacet
  facet normal 0 0 -1
    outer loop
      vertex -0.0537886 0.0278098 0.02
      vertex 0.0430709 -0.0229583 0.02
      vertex 0.0429323 -0.023005 0.02
    endloop
  endfacet
  facet normal 0 0 -1
    outer loop
      vertex -0.0559419 0.027212 0.02
      vertex -0.0558256 0.0271235 0.02
      vertex -0.060068 0.0292409 0.02
    endloop
  endfacet
  facet normal 0 0 -1
    outer loop
      vertex -0.0558256 0.0271235 0.02
      vertex -0.0557003 0.0270481 0.02
      vertex -0.060068 0.0292409 0.02
    endloop
  endfacet
  facet normal 0 0 -1
    outer loop
      vertex -0.060068 0.0292409 0.02
      vertex -0.0557003 0.0270481 0.02
      vertex 0.0421527 -0.0238281 0.02
    endloop
  endfacet
  facet normal 0 0 -1
    outer loop
      vertex -0.0557003 0.0270481 0.02
      vertex -0.0555677 0.0269868 0.02
      vertex 0.0421527 -0.0238281 0.02
    endloop
  endfacet
  facet normal 0 0 -1
    outer loop
      vertex 0.0421527 -0.0238281 0.02
      vertex -0.0555677 0.0269868 0.02
      vertex -0.0554291 0.0269401 0.02
    endloop
  endfacet
  facet normal 0 0 -1
    outer loop
      vertex -0.058068 0.032705 0.02
      vertex -0.0576949 0.0328951 0.02
      vertex -0.0543104 0.0293583 0.02
    endloop
  endfacet
  facet normal 0 0 -1
    outer loop
      vertex -0.0576949 0.0328951 0.02
      vertex -0.057304 0.0330451 0.02
      vertex -0.0543104 0.0293583 0.02
    endloop
  endfacet
  facet normal 0 0 -1
    outer loop
      vertex -0.0543104 0.0293583 0.02
      vertex -0.057304 0.0330451 0.02
      vertex -0.0568996 0.0331535 0.02
    endloop
  endfacet
  facet normal 0 0 -1
    outer loop
      vertex -0.0554291 0.0269401 0.02
      vertex -0.0552864 0.0269087 0.02
      vertex 0.0421527 -0.0238281 0.02
    endloop
  endfacet
  facet normal 0 0 -1
    outer loop
      vertex -0.0552864 0.0269087 0.02
      vertex -0.0551411 0.0268929 0.02
      vertex 0.0421527 -0.0238281 0.02
    endloop
  endfacet
  facet normal 0 0 -1
    outer loop
      vertex 0.0421527 -0.0238281 0.02
      vertex -0.0551411 0.0268929 0.02
      vertex -0.0549949 0.0268929 0.02
    endloop
  endfacet
  facet normal 0 0 -1
    outer loop
      vertex -0.0549949 0.0268929 0.02
      vertex -0.0548496 0.0269087 0.02
      vertex 0.0421527 -0.0238281 0.02
    endloop
  endfacet
  facet normal 0 0 -1
    outer loop
      vertex -0.0548496 0.0269087 0.02
      vertex -0.0547068 0.0269401 0.02
      vertex 0.0421527 -0.0238281 0.02
    endloop
  endfacet
  facet normal 0 0 -1
    outer loop
      vertex 0.0421527 -0.0238281 0.02
      vertex -0.0547068 0.0269401 0.02
      vertex -0.0545683 0.0269868 0.02
    endloop
  endfacet
  facet normal 0 1 0
    outer loop
      vertex -0.056068 0.0332409 0.02
      vertex -0.056068 0.0332409 0.025
      vertex -0.0475869 0.0332409 0.02
    endloop
  endfacet
  facet normal 0 1 0
    outer loop
      vertex -0.056068 0.0332409 0.025
      vertex -0.0475869 0.0332409 0.025
      vertex -0.0475869 0.0332409 0.02
    endloop
  endfacet
  facet normal 0 0 1
    outer loop
      vertex 0.0294131 0.0119828 0.045
      vertex 0.0364131 0.0119828 0.045
      vertex 0.0294131 0.0314675 0.045
    endloop
  endfacet
  facet normal 0 0 1
    outer loop
      vertex 0.0364131 0.0119828 0.045
      vertex 0.0364131 0.0384675 0.045
      vertex 0.0294131 0.0314675 0.045
    endloop
  endfacet
  facet normal 0 0 1
    outer loop
      vertex 0.0294131 0.0314675 0.045
      vertex 0.0364131 0.0384675 0.045
      vertex -0.0355869 0.0314675 0.045
    endloop
  endfacet
  facet normal 0 0 1
    outer loop
      vertex 0.0364131 0.0384675 0.045
      vertex -0.0425869 0.0384675 0.045
      vertex -0.0355869 0.0314675 0.045
    endloop
  endfacet
  facet normal 0 0 1
    outer loop
      vertex -0.0355869 0.0314675 0.045
      vertex -0.0425869 0.0384675 0.045
      vertex -0.0355869 0.0108806 0.045
    endloop
  endfacet
  facet normal 0 0 1
    outer loop
      vertex -0.0425869 0.0384675 0.045
      vertex -0.0425869 0.0108806 0.045
      vertex -0.0355869 0.0108806 0.045
    endloop
  endfacet
  facet normal 0 -1 0
    outer loop
      vertex -0.0355869 0.0108806 0.045
      vertex -0.0425869 0.0108806 0.045
      vertex -0.0355869 0.0108806 0.025
    endloop
  endfacet
  facet normal 0 -1 0
    outer loop
      vertex -0.0425869 0.0108806 0.045
      vertex -0.0425869 0.0108806 0.025
      vertex -0.0355869 0.0108806 0.025
    endloop
  endfacet
  facet normal 1 0 0
    outer loop
      vertex -0.0355869 0.0314675 0.045
      vertex -0.0355869 0.0108806 0.045
      vertex -0.0355869 0.0314675 0.025
    endloop
  endfacet
  facet normal 1 0 0
    outer loop
      vertex -0.0355869 0.0108806 0.045
      vertex -0.0355869 0.0108806 0.025
      vertex -0.0355869 0.0314675 0.025
    endloop
  endfacet
  facet normal 0 1 0
    outer loop
      vertex 0.0188262 0.0384675 0.04
      vertex -0.0425869 0.0384675 0.045
      vertex 0.0364131 0.0384675 0.045
    endloop
  endfacet
  facet normal 0 1 0
    outer loop
      vertex 0.0188262 0.0384675 0.035
      vertex 0.0238262 0.0384675 0.035
      vertex 0.0364131 0.0384675 0.02
    endloop
  endfacet
  facet normal 0 1 0
    outer loop
      vertex 0.0364131 0.0384675 0.02
      vertex 0.0238262 0.0384675 0.035
      vertex 0.0364131 0.0384675 0.045
    endloop
  endfacet
  facet normal 0 1 0
    outer loop
      vertex 0.0238262 0.0384675 0.035
      vertex 0.0238262 0.0384675 0.04
      vertex 0.0364131 0.0384675 0.045
    endloop
  endfacet
  facet normal 0 1 0
    outer loop
      vertex 0.0364131 0.0384675 0.045
      vertex 0.0238262 0.0384675 0.04
      vertex 0.0188262 0.0384675 0.04
    endloop
  endfacet
  facet normal 0 1 0
    outer loop
      vertex 0.0364131 0.0384675 0.02
      vertex -0.0425869 0.0384675 0.02
      vertex 0.0188262 0.0384675 0.035
    endloop
  endfacet
  facet normal 0 1 0
    outer loop
      vertex -0.0425869 0.0384675 0.02
      vertex -0.025 0.0384675 0.035
      vertex 0.0188262 0.0384675 0.035
    endloop
  endfacet
  facet normal 0 1 0
    outer loop
      vertex 0.0188262 0.0384675 0.035
      vertex -0.025 0.0384675 0.035
      vertex 0.0188262 0.0384675 0.04
    endloop
  endfacet
  facet normal 0 1 0
    outer loop
      vertex -0.025 0.0384675 0.035
      vertex -0.025 0.0384675 0.04
      vertex 0.0188262 0.0384675 0.04
    endloop
  endfacet
  facet normal 0 1 0
    outer loop
      vertex 0.0188262 0.0384675 0.04
      vertex -0.025 0.0384675 0.04
      vertex -0.0425869 0.0384675 0.045
    endloop
  endfacet
  facet normal 0 1 0
    outer loop
      vertex -0.025 0.0384675 0.04
      vertex -0.03 0.0384675 0.04
      vertex -0.0425869 0.0384675 0.045
    endloop
  endfacet
  facet normal 0 1 0
    outer loop
      vertex -0.0425869 0.0384675 0.045
      vertex -0.03 0.0384675 0.04
      vertex -0.0425869 0.0384675 0.02
    endloop
  endfacet
  facet normal 0 1 0
    outer loop
      vertex -0.03 0.0384675 0.04
      vertex -0.03 0.0384675 0.035
      vertex -0.0425869 0.0384675 0.02
    endloop
  endfacet
  facet normal 0 1 0
    outer loop
      vertex -0.0425869 0.0384675 0.02
      vertex -0.03 0.0384675 0.035
      vertex -0.025 0.0384675 0.035
    endloop
  endfacet
  facet normal 1 0 0
    outer loop
      vertex 0.0364131 0.0382409 0.02
      vertex 0.0364131 0.0384675 0.02
      vertex 0.0364131 0.0382409 0.025
    endloop
  endfacet
  facet normal 1 0 0
    outer loop
      vertex 0.0364131 0.0384675 0.02
      vertex 0.0364131 0.0384675 0.045
      vertex 0.0364131 0.0382409 0.025
    endloop
  endfacet
  facet normal 1 0 0
    outer loop
      vertex 0.0364131 0.0382409 0.025
      vertex 0.0364131 0.0384675 0.045
      vertex 0.0364131 0.0119828 0.025
    endloop
  endfacet
  facet normal 1 0 0
    outer loop
      vertex 0.0364131 0.0384675 0.045
      vertex 0.0364131 0.0119828 0.045
      vertex 0.0364131 0.0119828 0.025
    endloop
  endfacet
  facet normal 0 -1 0
    outer loop
      vertex 0.0364131 0.0119828 0.045
      vertex 0.0294131 0.0119828 0.045
      vertex 0.0364131 0.0119828 0.025
    endloop
  endfacet
  facet normal 0 -1 0
    outer loop
      vertex 0.0294131 0.0119828 0.045
      vertex 0.0294131 0.0119828 0.025
      vertex 0.0364131 0.0119828 0.025
    endloop
  endfacet
  facet normal -1 0 0
    outer loop
      vertex 0.0294131 0.0119828 0.045
      vertex 0.0294131 0.0314675 0.045
      vertex 0.0294131 0.0119828 0.025
    endloop
  endfacet
  facet normal -1 0 0
    outer loop
      vertex 0.0294131 0.0314675 0.045
      vertex 0.0294131 0.0314675 0.025
      vertex 0.0294131 0.0119828 0.025
    endloop
  endfacet
  facet normal 0 -1 0
    outer loop
      vertex -0.025 0.0314675 0.035
      vertex -0.03 0.0314675 0.035
      vertex -0.0355869 0.0314675 0.025
    endloop
  endfacet
  facet normal 0 -1 0
    outer loop
      vertex -0.025 0.0314675 0.04
      vertex 0.0294131 0.0314675 0.045
      vertex -0.0355869 0.0314675 0.045
    endloop
  endfacet
  facet normal 0 -1 0
    outer loop
      vertex -0.0355869 0.0314675 0.025
      vertex -0.03 0.0314675 0.035
      vertex -0.0355869 0.0314675 0.045
    endloop
  endfacet
  facet normal 0 -1 0
    outer loop
      vertex -0.03 0.0314675 0.035
      vertex -0.03 0.0314675 0.04
      vertex -0.0355869 0.0314675 0.045
    endloop
  endfacet
  facet normal 0 -1 0
    outer loop
      vertex -0.0355869 0.0314675 0.045
      vertex -0.03 0.0314675 0.04
      vertex -0.025 0.0314675 0.04
    endloop
  endfacet
  facet normal 0 -1 0
    outer loop
      vertex -0.0355869 0.0314675 0.025
      vertex 0.0294131 0.0314675 0.025
      vertex -0.025 0.0314675 0.035
    endloop
  endfacet
  facet normal 0 -1 0
    outer loop
      vertex 0.0294131 0.0314675 0.025
      vertex 0.0188262 0.0314675 0.035
      vertex -0.025 0.0314675 0.035
    endloop
  endfacet
  facet normal 0 -1 0
    outer loop
      vertex -0.025 0.0314675 0.035
      vertex 0.0188262 0.0314675 0.035
      vertex -0.025 0.0314675 0.04
    endloop
  endfacet
  facet normal 0 -1 0
    outer loop
      vertex 0.0188262 0.0314675 0.035
      vertex 0.0188262 0.0314675 0.04
      vertex -0.025 0.0314675 0.04
    endloop
  endfacet
  facet normal 0 -1 0
    outer loop
      vertex -0.025 0.0314675 0.04
      vertex 0.0188262 0.0314675 0.04
      vertex 0.0294131 0.0314675 0.045
    endloop
  endfacet
  facet normal 0 -1 0
    outer loop
      vertex 0.0188262 0.0314675 0.04
      vertex 0.0238262 0.0314675 0.04
      vertex 0.0294131 0.0314675 0.045
    endloop
  endfacet
  facet normal 0 -1 0
    outer loop
      vertex 0.0294131 0.0314675 0.045
      vertex 0.0238262 0.0314675 0.04
      vertex 0.0294131 0.0314675 0.025
    endloop
  endfacet
  facet normal 0 -1 0
    outer loop
      vertex 0.0238262 0.0314675 0.04
      vertex 0.0238262 0.0314675 0.035
      vertex 0.0294131 0.0314675 0.025
    endloop
  endfacet
  facet normal 0 -1 0
    outer loop
      vertex 0.0294131 0.0314675 0.025
      vertex 0.0238262 0.0314675 0.035
      vertex 0.0188262 0.0314675 0.035
    endloop
  endfacet
  facet normal -1 0 0
    outer loop
      vertex 0.0238262 0.0384675 0.04
      vertex 0.0238262 0.0384675 0.035
      vertex 0.0238262 0.0314675 0.04
    endloop
  endfacet
  facet normal -1 0 0
    outer loop
      vertex 0.0238262 0.0384675 0.035
      vertex 0.0238262 0.0314675 0.035
      vertex 0.0238262 0.0314675 0.04
    endloop
  endfacet
  facet normal 0 0 -1
    outer loop
      vertex 0.0188262 0.0384675 0.04
      vertex 0.0238262 0.0384675 0.04
      vertex 0.0188262 0.0314675 0.04
    endloop
  endfacet
  facet normal 0 0 -1
    outer loop
      vertex 0.0238262 0.0384675 0.04
      vertex 0.0238262 0.0314675 0.04
      vertex 0.0188262 0.0314675 0.04
    endloop
  endfacet
  facet normal 0 0 -1
    outer loop
      vertex 0.0238262 -0.0345019 0.04
      vertex 0.0188262 -0.0345019 0.04
      vertex 0.0238262 -0.0275019 0.04
    endloop
  endfacet
  facet normal 0 0 -1
    outer loop
      vertex 0.0188262 -0.0345019 0.04
      vertex 0.0188262 -0.0275019 0.04
      vertex 0.0238262 -0.0275019 0.04
    endloop
  endfacet
  facet normal -1 0 0
    outer loop
      vertex 0.0238262 -0.0345019 0.035
      vertex 0.0238262 -0.0345019 0.04
      vertex 0.0238262 -0.0275019 0.035
    endloop
  endfacet
  facet normal -1 0 0
    outer loop
      vertex 0.0238262 -0.0345019 0.04
      vertex 0.0238262 -0.0275019 0.04
      vertex 0.0238262 -0.0275019 0.035
    endloop
  endfacet
  facet normal 1 0 0
    outer loop
      vertex 0.0188262 0.0384675 0.035
      vertex 0.0188262 0.0384675 0.04
      vertex 0.0188262 0.0314675 0.035
    endloop
  endfacet
  facet normal 1 0 0
    outer loop
      vertex 0.0188262 0.0384675 0.04
      vertex 0.0188262 0.0314675 0.04
      vertex 0.0188262 0.0314675 0.035
    endloop
  endfacet
  facet normal 1 0 0
    outer loop
      vertex 0.0188262 -0.0345019 0.04
      vertex 0.0188262 -0.0345019 0.035
      vertex 0.0188262 -0.0275019 0.04
    endloop
  endfacet
  facet normal 1 0 0
    outer loop
      vertex 0.0188262 -0.0345019 0.035
      vertex 0.0188262 -0.0275019 0.035
      vertex 0.0188262 -0.0275019 0.04
    endloop
  endfacet
  facet normal 0 0 1
    outer loop
      vertex 0.0238262 0.0384675 0.035
      vertex 0.0188262 0.0384675 0.035
      vertex 0.0238262 0.0314675 0.035
    endloop
  endfacet
  facet normal 0 0 1
    outer loop
      vertex 0.0188262 0.0384675 0.035
      vertex 0.0188262 0.0314675 0.035
      vertex 0.0238262 0.0314675 0.035
    endloop
  endfacet
  facet normal 0 0 1
    outer loop
      vertex 0.0188262 -0.0345019 0.035
      vertex 0.0238262 -0.0345019 0.035
      vertex 0.0188262 -0.0275019 0.035
    endloop
  endfacet
  facet normal 0 0 1
    outer loop
      vertex 0.0238262 -0.0345019 0.035
      vertex 0.0238262 -0.0275019 0.035
      vertex 0.0188262 -0.0275019 0.035
    endloop
  endfacet
endsolid Mesh
