ISO-10303-21;
HEADER;
/* Generated by software containing ST-Developer
 * from STEP Tools, Inc. (www.steptools.com) 
 */
/* OPTION: using custom renumber hook */

FILE_DESCRIPTION(
/* description */ ('STEP AP242 Edition 2',
'CAx-IF Rec.Pracs.---Representation and Presentation of Product Manufa
cturing Information (PMI)---4.0---2014-10-13',
'CAx-IF Rec.Pracs.---3D Tessellated Geometry---0.4---2014-09-14','2;1',
'CAx-IF Rec.Pracs.---User Defined Attributes---1.5---2016-08-15'),
/* implementation_level */ '2;1');

FILE_NAME(
/* name */ 'GPS Case - GPS Case Body',
/* time_stamp */ '2026-06-05T01:46:40Z',
/* author */ (''),
/* organization */ (''),
/* preprocessor_version */ 'ST-DEVELOPER v20',
/* originating_system */ 'ONSHAPE BY PTC INC, 1.215',
/* authorisation */ '  ');

FILE_SCHEMA (('AP242_MANAGED_MODEL_BASED_3D_ENGINEERING_MIM_LF { 1 0 10303 442 3 1 4 }'));
ENDSEC;

DATA;
#10=SHAPE_REPRESENTATION_RELATIONSHIP('','',#5575,#11);
#11=ADVANCED_BREP_SHAPE_REPRESENTATION('',(#5573),#9279);
#12=B_SPLINE_CURVE_WITH_KNOTS('',3,(#8667,#8668,#8669,#8670,#8671),
 .UNSPECIFIED.,.F.,.F.,(4,1,4),(1.00639732375521E-16,0.00161529619796473,
0.00323059239592936),.UNSPECIFIED.);
#13=B_SPLINE_CURVE_WITH_KNOTS('',3,(#8686,#8687,#8688,#8689,#8690),
 .UNSPECIFIED.,.F.,.F.,(4,1,4),(9.89045645759435E-17,0.00161529619796473,
0.00323059239592936),.UNSPECIFIED.);
#14=B_SPLINE_CURVE_WITH_KNOTS('',3,(#8775,#8776,#8777,#8778,#8779,#8780,
#8781,#8782,#8783,#8784,#8785,#8786,#8787,#8788,#8789,#8790,#8791,#8792,
#8793),.UNSPECIFIED.,.T.,.F.,(1,1,1,1,1,1,1,1,1,1,1,1,1,1,1,1,1,1,1,1,1,
1,1),(-0.00241917059843835,-0.0016127803989589,-0.000806390199479449,0.,
0.000806390199479449,0.0016127803989589,0.00241917059843835,0.0032255607979178,
0.00403195099739724,0.00483834119687669,0.00564473139635614,0.00645112159583559,
0.00725751179531504,0.00806390199479449,0.00887029219427394,0.00967668239375339,
0.0104830725932328,0.0112894627927123,0.0120958529921917,0.0129022431916712,
0.0137086333911506,0.0145150235906301,0.0153214137901095),.UNSPECIFIED.);
#15=B_SPLINE_CURVE_WITH_KNOTS('',3,(#8795,#8796,#8797,#8798,#8799,#8800,
#8801,#8802,#8803,#8804,#8805,#8806,#8807,#8808,#8809,#8810,#8811,#8812,
#8813),.UNSPECIFIED.,.T.,.F.,(1,1,1,1,1,1,1,1,1,1,1,1,1,1,1,1,1,1,1,1,1,
1,1),(-0.00241869718752909,-0.00161246479168606,-0.000806232395843031,0.,
0.00080623239584303,0.00161246479168606,0.00241869718752909,0.00322492958337212,
0.00403116197921515,0.00483739437505818,0.00564362677090121,0.00644985916674424,
0.00725609156258727,0.0080623239584303,0.00886855635427333,0.00967478875011636,
0.0104810211459594,0.0112872535418024,0.0120934859376455,0.0128997183334885,
0.0137059507293315,0.0145121831251745,0.0153184155210176),.UNSPECIFIED.);
#16=TOROIDAL_SURFACE('',#5795,0.005,0.001);
#17=TOROIDAL_SURFACE('',#5799,0.005,0.001);
#18=TOROIDAL_SURFACE('',#5802,0.005,0.001);
#19=TOROIDAL_SURFACE('',#5805,0.005,0.001);
#20=CYLINDRICAL_SURFACE('',#5777,0.00225);
#21=CYLINDRICAL_SURFACE('',#5779,0.00225);
#22=CYLINDRICAL_SURFACE('',#5781,0.00225);
#23=CYLINDRICAL_SURFACE('',#5783,0.00225);
#24=CYLINDRICAL_SURFACE('',#5793,0.004);
#25=CYLINDRICAL_SURFACE('',#5796,0.004);
#26=CYLINDRICAL_SURFACE('',#5800,0.004);
#27=CYLINDRICAL_SURFACE('',#5803,0.004);
#28=CYLINDRICAL_SURFACE('',#5806,0.004);
#29=CYLINDRICAL_SURFACE('',#5810,0.004);
#30=CYLINDRICAL_SURFACE('',#5812,0.004);
#31=CYLINDRICAL_SURFACE('',#5814,0.004);
#32=CYLINDRICAL_SURFACE('',#5816,0.004);
#33=CYLINDRICAL_SURFACE('',#5819,0.004);
#34=CYLINDRICAL_SURFACE('',#5821,0.004);
#35=CYLINDRICAL_SURFACE('',#5831,0.004);
#36=CYLINDRICAL_SURFACE('',#5834,0.00135);
#37=CYLINDRICAL_SURFACE('',#5837,0.00135);
#38=CYLINDRICAL_SURFACE('',#5842,0.003);
#39=CYLINDRICAL_SURFACE('',#5843,0.002);
#40=CYLINDRICAL_SURFACE('',#5844,0.002);
#41=CYLINDRICAL_SURFACE('',#5845,0.002);
#42=CYLINDRICAL_SURFACE('',#5901,0.001);
#43=CYLINDRICAL_SURFACE('',#5904,0.001);
#44=CYLINDRICAL_SURFACE('',#5906,0.001);
#45=CYLINDRICAL_SURFACE('',#5907,0.001);
#46=CYLINDRICAL_SURFACE('',#5909,0.001);
#47=CYLINDRICAL_SURFACE('',#5911,0.001);
#48=CYLINDRICAL_SURFACE('',#5914,0.001);
#49=CYLINDRICAL_SURFACE('',#5915,0.00100000000000001);
#50=CYLINDRICAL_SURFACE('',#5917,0.001);
#51=CYLINDRICAL_SURFACE('',#5920,0.001);
#52=CYLINDRICAL_SURFACE('',#5922,0.001);
#53=CYLINDRICAL_SURFACE('',#5923,0.001);
#54=CYLINDRICAL_SURFACE('',#5925,0.001);
#55=CYLINDRICAL_SURFACE('',#5927,0.001);
#56=CYLINDRICAL_SURFACE('',#5930,0.001);
#57=CYLINDRICAL_SURFACE('',#5931,0.001);
#58=CYLINDRICAL_SURFACE('',#5933,0.001);
#59=CYLINDRICAL_SURFACE('',#5936,0.001);
#60=CYLINDRICAL_SURFACE('',#5938,0.001);
#61=CYLINDRICAL_SURFACE('',#5939,0.001);
#62=CYLINDRICAL_SURFACE('',#5942,0.001);
#63=CYLINDRICAL_SURFACE('',#5944,0.001);
#64=CYLINDRICAL_SURFACE('',#5946,0.001);
#65=CYLINDRICAL_SURFACE('',#5947,0.001);
#66=CYLINDRICAL_SURFACE('',#5950,0.001);
#67=CYLINDRICAL_SURFACE('',#5952,0.001);
#68=CYLINDRICAL_SURFACE('',#5954,0.001);
#69=CYLINDRICAL_SURFACE('',#5955,0.001);
#70=CYLINDRICAL_SURFACE('',#5958,0.001);
#71=CYLINDRICAL_SURFACE('',#5960,0.001);
#72=CYLINDRICAL_SURFACE('',#5962,0.001);
#73=CYLINDRICAL_SURFACE('',#5963,0.001);
#74=CYLINDRICAL_SURFACE('',#5966,0.001);
#75=CYLINDRICAL_SURFACE('',#5968,0.001);
#76=CYLINDRICAL_SURFACE('',#5970,0.001);
#77=CYLINDRICAL_SURFACE('',#5971,0.001);
#78=CYLINDRICAL_SURFACE('',#5974,0.001);
#79=CYLINDRICAL_SURFACE('',#5976,0.001);
#80=CYLINDRICAL_SURFACE('',#5978,0.001);
#81=CYLINDRICAL_SURFACE('',#5979,0.001);
#82=CYLINDRICAL_SURFACE('',#5982,0.001);
#83=CYLINDRICAL_SURFACE('',#5984,0.001);
#84=CYLINDRICAL_SURFACE('',#5986,0.001);
#85=CYLINDRICAL_SURFACE('',#5987,0.001);
#86=CYLINDRICAL_SURFACE('',#5988,0.001);
#87=CYLINDRICAL_SURFACE('',#5990,0.001);
#88=CYLINDRICAL_SURFACE('',#5992,0.001);
#89=CYLINDRICAL_SURFACE('',#5994,0.001);
#90=CYLINDRICAL_SURFACE('',#5997,0.00100000000000001);
#91=CYLINDRICAL_SURFACE('',#5999,0.001);
#92=CYLINDRICAL_SURFACE('',#6001,0.001);
#93=CYLINDRICAL_SURFACE('',#6003,0.001);
#94=CYLINDRICAL_SURFACE('',#6005,0.001);
#95=CYLINDRICAL_SURFACE('',#6007,0.001);
#96=CYLINDRICAL_SURFACE('',#6009,0.001);
#97=CYLINDRICAL_SURFACE('',#6011,0.001);
#98=CYLINDRICAL_SURFACE('',#6013,0.001);
#99=CYLINDRICAL_SURFACE('',#6015,0.001);
#100=CYLINDRICAL_SURFACE('',#6017,0.001);
#101=CYLINDRICAL_SURFACE('',#6019,0.001);
#102=CYLINDRICAL_SURFACE('',#6021,0.001);
#103=CYLINDRICAL_SURFACE('',#6023,0.001);
#104=CYLINDRICAL_SURFACE('',#6025,0.001);
#105=CYLINDRICAL_SURFACE('',#6027,0.001);
#106=CYLINDRICAL_SURFACE('',#6028,0.001);
#107=CYLINDRICAL_SURFACE('',#6030,0.001);
#108=CYLINDRICAL_SURFACE('',#6032,0.001);
#109=CYLINDRICAL_SURFACE('',#6035,0.001);
#110=CYLINDRICAL_SURFACE('',#6036,0.001);
#111=CYLINDRICAL_SURFACE('',#6038,0.001);
#112=CYLINDRICAL_SURFACE('',#6040,0.001);
#113=CYLINDRICAL_SURFACE('',#6043,0.001);
#114=CYLINDRICAL_SURFACE('',#6044,0.001);
#115=CYLINDRICAL_SURFACE('',#6046,0.001);
#116=CYLINDRICAL_SURFACE('',#6048,0.001);
#117=CYLINDRICAL_SURFACE('',#6051,0.001);
#118=CYLINDRICAL_SURFACE('',#6052,0.001);
#119=CYLINDRICAL_SURFACE('',#6054,0.001);
#120=CYLINDRICAL_SURFACE('',#6056,0.001);
#121=CYLINDRICAL_SURFACE('',#6059,0.001);
#122=CYLINDRICAL_SURFACE('',#6060,0.001);
#123=CYLINDRICAL_SURFACE('',#6062,0.001);
#124=CYLINDRICAL_SURFACE('',#6064,0.001);
#125=CYLINDRICAL_SURFACE('',#6067,0.001);
#126=CYLINDRICAL_SURFACE('',#6068,0.001);
#127=CYLINDRICAL_SURFACE('',#6070,0.001);
#128=CYLINDRICAL_SURFACE('',#6072,0.001);
#129=CYLINDRICAL_SURFACE('',#6075,0.001);
#130=LINE('',#7641,#690);
#131=LINE('',#7645,#691);
#132=LINE('',#7649,#692);
#133=LINE('',#7653,#693);
#134=LINE('',#7657,#694);
#135=LINE('',#7661,#695);
#136=LINE('',#7665,#696);
#137=LINE('',#7669,#697);
#138=LINE('',#7673,#698);
#139=LINE('',#7677,#699);
#140=LINE('',#7681,#700);
#141=LINE('',#7685,#701);
#142=LINE('',#7689,#702);
#143=LINE('',#7693,#703);
#144=LINE('',#7697,#704);
#145=LINE('',#7701,#705);
#146=LINE('',#7705,#706);
#147=LINE('',#7709,#707);
#148=LINE('',#7713,#708);
#149=LINE('',#7717,#709);
#150=LINE('',#7721,#710);
#151=LINE('',#7725,#711);
#152=LINE('',#7729,#712);
#153=LINE('',#7733,#713);
#154=LINE('',#7734,#714);
#155=LINE('',#7737,#715);
#156=LINE('',#7739,#716);
#157=LINE('',#7741,#717);
#158=LINE('',#7742,#718);
#159=LINE('',#7747,#719);
#160=LINE('',#7751,#720);
#161=LINE('',#7755,#721);
#162=LINE('',#7761,#722);
#163=LINE('',#7765,#723);
#164=LINE('',#7769,#724);
#165=LINE('',#7773,#725);
#166=LINE('',#7777,#726);
#167=LINE('',#7781,#727);
#168=LINE('',#7785,#728);
#169=LINE('',#7789,#729);
#170=LINE('',#7793,#730);
#171=LINE('',#7797,#731);
#172=LINE('',#7801,#732);
#173=LINE('',#7805,#733);
#174=LINE('',#7809,#734);
#175=LINE('',#7813,#735);
#176=LINE('',#7817,#736);
#177=LINE('',#7821,#737);
#178=LINE('',#7826,#738);
#179=LINE('',#7830,#739);
#180=LINE('',#7834,#740);
#181=LINE('',#7838,#741);
#182=LINE('',#7842,#742);
#183=LINE('',#7846,#743);
#184=LINE('',#7850,#744);
#185=LINE('',#7854,#745);
#186=LINE('',#7858,#746);
#187=LINE('',#7862,#747);
#188=LINE('',#7866,#748);
#189=LINE('',#7870,#749);
#190=LINE('',#7874,#750);
#191=LINE('',#7878,#751);
#192=LINE('',#7882,#752);
#193=LINE('',#7886,#753);
#194=LINE('',#7890,#754);
#195=LINE('',#7894,#755);
#196=LINE('',#7898,#756);
#197=LINE('',#7902,#757);
#198=LINE('',#7906,#758);
#199=LINE('',#7910,#759);
#200=LINE('',#7914,#760);
#201=LINE('',#7918,#761);
#202=LINE('',#7919,#762);
#203=LINE('',#7922,#763);
#204=LINE('',#7924,#764);
#205=LINE('',#7926,#765);
#206=LINE('',#7927,#766);
#207=LINE('',#7932,#767);
#208=LINE('',#7936,#768);
#209=LINE('',#7940,#769);
#210=LINE('',#7946,#770);
#211=LINE('',#7950,#771);
#212=LINE('',#7954,#772);
#213=LINE('',#7958,#773);
#214=LINE('',#7962,#774);
#215=LINE('',#7966,#775);
#216=LINE('',#7970,#776);
#217=LINE('',#7974,#777);
#218=LINE('',#7978,#778);
#219=LINE('',#7982,#779);
#220=LINE('',#7986,#780);
#221=LINE('',#7990,#781);
#222=LINE('',#7994,#782);
#223=LINE('',#7998,#783);
#224=LINE('',#8002,#784);
#225=LINE('',#8006,#785);
#226=LINE('',#8011,#786);
#227=LINE('',#8015,#787);
#228=LINE('',#8019,#788);
#229=LINE('',#8023,#789);
#230=LINE('',#8027,#790);
#231=LINE('',#8031,#791);
#232=LINE('',#8035,#792);
#233=LINE('',#8039,#793);
#234=LINE('',#8043,#794);
#235=LINE('',#8047,#795);
#236=LINE('',#8051,#796);
#237=LINE('',#8055,#797);
#238=LINE('',#8059,#798);
#239=LINE('',#8063,#799);
#240=LINE('',#8067,#800);
#241=LINE('',#8071,#801);
#242=LINE('',#8075,#802);
#243=LINE('',#8079,#803);
#244=LINE('',#8083,#804);
#245=LINE('',#8087,#805);
#246=LINE('',#8091,#806);
#247=LINE('',#8095,#807);
#248=LINE('',#8099,#808);
#249=LINE('',#8103,#809);
#250=LINE('',#8104,#810);
#251=LINE('',#8107,#811);
#252=LINE('',#8109,#812);
#253=LINE('',#8111,#813);
#254=LINE('',#8112,#814);
#255=LINE('',#8117,#815);
#256=LINE('',#8121,#816);
#257=LINE('',#8125,#817);
#258=LINE('',#8128,#818);
#259=LINE('',#8133,#819);
#260=LINE('',#8137,#820);
#261=LINE('',#8141,#821);
#262=LINE('',#8144,#822);
#263=LINE('',#8149,#823);
#264=LINE('',#8153,#824);
#265=LINE('',#8157,#825);
#266=LINE('',#8160,#826);
#267=LINE('',#8165,#827);
#268=LINE('',#8169,#828);
#269=LINE('',#8173,#829);
#270=LINE('',#8176,#830);
#271=LINE('',#8181,#831);
#272=LINE('',#8185,#832);
#273=LINE('',#8189,#833);
#274=LINE('',#8196,#834);
#275=LINE('',#8200,#835);
#276=LINE('',#8204,#836);
#277=LINE('',#8208,#837);
#278=LINE('',#8212,#838);
#279=LINE('',#8216,#839);
#280=LINE('',#8220,#840);
#281=LINE('',#8224,#841);
#282=LINE('',#8228,#842);
#283=LINE('',#8232,#843);
#284=LINE('',#8236,#844);
#285=LINE('',#8240,#845);
#286=LINE('',#8244,#846);
#287=LINE('',#8248,#847);
#288=LINE('',#8252,#848);
#289=LINE('',#8256,#849);
#290=LINE('',#8260,#850);
#291=LINE('',#8264,#851);
#292=LINE('',#8268,#852);
#293=LINE('',#8272,#853);
#294=LINE('',#8273,#854);
#295=LINE('',#8276,#855);
#296=LINE('',#8278,#856);
#297=LINE('',#8280,#857);
#298=LINE('',#8281,#858);
#299=LINE('',#8286,#859);
#300=LINE('',#8290,#860);
#301=LINE('',#8294,#861);
#302=LINE('',#8297,#862);
#303=LINE('',#8302,#863);
#304=LINE('',#8306,#864);
#305=LINE('',#8310,#865);
#306=LINE('',#8313,#866);
#307=LINE('',#8318,#867);
#308=LINE('',#8322,#868);
#309=LINE('',#8326,#869);
#310=LINE('',#8329,#870);
#311=LINE('',#8334,#871);
#312=LINE('',#8338,#872);
#313=LINE('',#8342,#873);
#314=LINE('',#8345,#874);
#315=LINE('',#8350,#875);
#316=LINE('',#8354,#876);
#317=LINE('',#8358,#877);
#318=LINE('',#8361,#878);
#319=LINE('',#8366,#879);
#320=LINE('',#8370,#880);
#321=LINE('',#8374,#881);
#322=LINE('',#8378,#882);
#323=LINE('',#8381,#883);
#324=LINE('',#8383,#884);
#325=LINE('',#8385,#885);
#326=LINE('',#8387,#886);
#327=LINE('',#8389,#887);
#328=LINE('',#8390,#888);
#329=LINE('',#8393,#889);
#330=LINE('',#8395,#890);
#331=LINE('',#8397,#891);
#332=LINE('',#8399,#892);
#333=LINE('',#8401,#893);
#334=LINE('',#8402,#894);
#335=LINE('',#8405,#895);
#336=LINE('',#8407,#896);
#337=LINE('',#8409,#897);
#338=LINE('',#8411,#898);
#339=LINE('',#8413,#899);
#340=LINE('',#8414,#900);
#341=LINE('',#8417,#901);
#342=LINE('',#8419,#902);
#343=LINE('',#8421,#903);
#344=LINE('',#8423,#904);
#345=LINE('',#8425,#905);
#346=LINE('',#8426,#906);
#347=LINE('',#8429,#907);
#348=LINE('',#8431,#908);
#349=LINE('',#8433,#909);
#350=LINE('',#8435,#910);
#351=LINE('',#8437,#911);
#352=LINE('',#8452,#912);
#353=LINE('',#8457,#913);
#354=LINE('',#8460,#914);
#355=LINE('',#8463,#915);
#356=LINE('',#8465,#916);
#357=LINE('',#8467,#917);
#358=LINE('',#8469,#918);
#359=LINE('',#8471,#919);
#360=LINE('',#8472,#920);
#361=LINE('',#8475,#921);
#362=LINE('',#8477,#922);
#363=LINE('',#8479,#923);
#364=LINE('',#8481,#924);
#365=LINE('',#8483,#925);
#366=LINE('',#8484,#926);
#367=LINE('',#8487,#927);
#368=LINE('',#8489,#928);
#369=LINE('',#8491,#929);
#370=LINE('',#8493,#930);
#371=LINE('',#8495,#931);
#372=LINE('',#8496,#932);
#373=LINE('',#8499,#933);
#374=LINE('',#8501,#934);
#375=LINE('',#8503,#935);
#376=LINE('',#8505,#936);
#377=LINE('',#8507,#937);
#378=LINE('',#8509,#938);
#379=LINE('',#8512,#939);
#380=LINE('',#8514,#940);
#381=LINE('',#8516,#941);
#382=LINE('',#8518,#942);
#383=LINE('',#8520,#943);
#384=LINE('',#8521,#944);
#385=LINE('',#8524,#945);
#386=LINE('',#8526,#946);
#387=LINE('',#8528,#947);
#388=LINE('',#8530,#948);
#389=LINE('',#8532,#949);
#390=LINE('',#8533,#950);
#391=LINE('',#8536,#951);
#392=LINE('',#8538,#952);
#393=LINE('',#8540,#953);
#394=LINE('',#8542,#954);
#395=LINE('',#8544,#955);
#396=LINE('',#8545,#956);
#397=LINE('',#8548,#957);
#398=LINE('',#8550,#958);
#399=LINE('',#8552,#959);
#400=LINE('',#8554,#960);
#401=LINE('',#8556,#961);
#402=LINE('',#8557,#962);
#403=LINE('',#8560,#963);
#404=LINE('',#8562,#964);
#405=LINE('',#8564,#965);
#406=LINE('',#8566,#966);
#407=LINE('',#8568,#967);
#408=LINE('',#8577,#968);
#409=LINE('',#8582,#969);
#410=LINE('',#8586,#970);
#411=LINE('',#8590,#971);
#412=LINE('',#8591,#972);
#413=LINE('',#8594,#973);
#414=LINE('',#8596,#974);
#415=LINE('',#8598,#975);
#416=LINE('',#8600,#976);
#417=LINE('',#8602,#977);
#418=LINE('',#8603,#978);
#419=LINE('',#8606,#979);
#420=LINE('',#8608,#980);
#421=LINE('',#8610,#981);
#422=LINE('',#8612,#982);
#423=LINE('',#8614,#983);
#424=LINE('',#8615,#984);
#425=LINE('',#8618,#985);
#426=LINE('',#8620,#986);
#427=LINE('',#8622,#987);
#428=LINE('',#8624,#988);
#429=LINE('',#8626,#989);
#430=LINE('',#8627,#990);
#431=LINE('',#8630,#991);
#432=LINE('',#8632,#992);
#433=LINE('',#8634,#993);
#434=LINE('',#8636,#994);
#435=LINE('',#8638,#995);
#436=LINE('',#8676,#996);
#437=LINE('',#8679,#997);
#438=LINE('',#8681,#998);
#439=LINE('',#8683,#999);
#440=LINE('',#8684,#1000);
#441=LINE('',#8691,#1001);
#442=LINE('',#8693,#1002);
#443=LINE('',#8706,#1003);
#444=LINE('',#8710,#1004);
#445=LINE('',#8712,#1005);
#446=LINE('',#8722,#1006);
#447=LINE('',#8724,#1007);
#448=LINE('',#8727,#1008);
#449=LINE('',#8729,#1009);
#450=LINE('',#8731,#1010);
#451=LINE('',#8732,#1011);
#452=LINE('',#8734,#1012);
#453=LINE('',#8740,#1013);
#454=LINE('',#8752,#1014);
#455=LINE('',#8756,#1015);
#456=LINE('',#8767,#1016);
#457=LINE('',#8768,#1017);
#458=LINE('',#8770,#1018);
#459=LINE('',#8772,#1019);
#460=LINE('',#8819,#1020);
#461=LINE('',#8820,#1021);
#462=LINE('',#8822,#1022);
#463=LINE('',#8824,#1023);
#464=LINE('',#8826,#1024);
#465=LINE('',#8828,#1025);
#466=LINE('',#8831,#1026);
#467=LINE('',#8832,#1027);
#468=LINE('',#8834,#1028);
#469=LINE('',#8836,#1029);
#470=LINE('',#8838,#1030);
#471=LINE('',#8840,#1031);
#472=LINE('',#8843,#1032);
#473=LINE('',#8844,#1033);
#474=LINE('',#8846,#1034);
#475=LINE('',#8848,#1035);
#476=LINE('',#8850,#1036);
#477=LINE('',#8852,#1037);
#478=LINE('',#8855,#1038);
#479=LINE('',#8856,#1039);
#480=LINE('',#8858,#1040);
#481=LINE('',#8860,#1041);
#482=LINE('',#8862,#1042);
#483=LINE('',#8864,#1043);
#484=LINE('',#8867,#1044);
#485=LINE('',#8868,#1045);
#486=LINE('',#8870,#1046);
#487=LINE('',#8872,#1047);
#488=LINE('',#8874,#1048);
#489=LINE('',#8876,#1049);
#490=LINE('',#8879,#1050);
#491=LINE('',#8880,#1051);
#492=LINE('',#8882,#1052);
#493=LINE('',#8884,#1053);
#494=LINE('',#8886,#1054);
#495=LINE('',#8888,#1055);
#496=LINE('',#8891,#1056);
#497=LINE('',#8892,#1057);
#498=LINE('',#8894,#1058);
#499=LINE('',#8896,#1059);
#500=LINE('',#8898,#1060);
#501=LINE('',#8900,#1061);
#502=LINE('',#8903,#1062);
#503=LINE('',#8904,#1063);
#504=LINE('',#8906,#1064);
#505=LINE('',#8908,#1065);
#506=LINE('',#8910,#1066);
#507=LINE('',#8912,#1067);
#508=LINE('',#8915,#1068);
#509=LINE('',#8916,#1069);
#510=LINE('',#8918,#1070);
#511=LINE('',#8920,#1071);
#512=LINE('',#8922,#1072);
#513=LINE('',#8924,#1073);
#514=LINE('',#8927,#1074);
#515=LINE('',#8928,#1075);
#516=LINE('',#8930,#1076);
#517=LINE('',#8932,#1077);
#518=LINE('',#8934,#1078);
#519=LINE('',#8935,#1079);
#520=LINE('',#8937,#1080);
#521=LINE('',#8939,#1081);
#522=LINE('',#8943,#1082);
#523=LINE('',#8944,#1083);
#524=LINE('',#8946,#1084);
#525=LINE('',#8948,#1085);
#526=LINE('',#8950,#1086);
#527=LINE('',#8951,#1087);
#528=LINE('',#8953,#1088);
#529=LINE('',#8955,#1089);
#530=LINE('',#8959,#1090);
#531=LINE('',#8960,#1091);
#532=LINE('',#8962,#1092);
#533=LINE('',#8964,#1093);
#534=LINE('',#8966,#1094);
#535=LINE('',#8967,#1095);
#536=LINE('',#8969,#1096);
#537=LINE('',#8971,#1097);
#538=LINE('',#8975,#1098);
#539=LINE('',#8976,#1099);
#540=LINE('',#8978,#1100);
#541=LINE('',#8980,#1101);
#542=LINE('',#8982,#1102);
#543=LINE('',#8983,#1103);
#544=LINE('',#8985,#1104);
#545=LINE('',#8987,#1105);
#546=LINE('',#8991,#1106);
#547=LINE('',#8992,#1107);
#548=LINE('',#8994,#1108);
#549=LINE('',#8996,#1109);
#550=LINE('',#8998,#1110);
#551=LINE('',#8999,#1111);
#552=LINE('',#9001,#1112);
#553=LINE('',#9003,#1113);
#554=LINE('',#9007,#1114);
#555=LINE('',#9008,#1115);
#556=LINE('',#9010,#1116);
#557=LINE('',#9011,#1117);
#558=LINE('',#9014,#1118);
#559=LINE('',#9015,#1119);
#560=LINE('',#9017,#1120);
#561=LINE('',#9019,#1121);
#562=LINE('',#9023,#1122);
#563=LINE('',#9024,#1123);
#564=LINE('',#9026,#1124);
#565=LINE('',#9027,#1125);
#566=LINE('',#9030,#1126);
#567=LINE('',#9031,#1127);
#568=LINE('',#9033,#1128);
#569=LINE('',#9035,#1129);
#570=LINE('',#9039,#1130);
#571=LINE('',#9040,#1131);
#572=LINE('',#9042,#1132);
#573=LINE('',#9043,#1133);
#574=LINE('',#9046,#1134);
#575=LINE('',#9047,#1135);
#576=LINE('',#9049,#1136);
#577=LINE('',#9051,#1137);
#578=LINE('',#9055,#1138);
#579=LINE('',#9056,#1139);
#580=LINE('',#9058,#1140);
#581=LINE('',#9059,#1141);
#582=LINE('',#9062,#1142);
#583=LINE('',#9063,#1143);
#584=LINE('',#9065,#1144);
#585=LINE('',#9067,#1145);
#586=LINE('',#9071,#1146);
#587=LINE('',#9072,#1147);
#588=LINE('',#9074,#1148);
#589=LINE('',#9075,#1149);
#590=LINE('',#9078,#1150);
#591=LINE('',#9079,#1151);
#592=LINE('',#9081,#1152);
#593=LINE('',#9083,#1153);
#594=LINE('',#9087,#1154);
#595=LINE('',#9088,#1155);
#596=LINE('',#9090,#1156);
#597=LINE('',#9091,#1157);
#598=LINE('',#9094,#1158);
#599=LINE('',#9095,#1159);
#600=LINE('',#9097,#1160);
#601=LINE('',#9099,#1161);
#602=LINE('',#9103,#1162);
#603=LINE('',#9104,#1163);
#604=LINE('',#9106,#1164);
#605=LINE('',#9108,#1165);
#606=LINE('',#9110,#1166);
#607=LINE('',#9112,#1167);
#608=LINE('',#9114,#1168);
#609=LINE('',#9116,#1169);
#610=LINE('',#9119,#1170);
#611=LINE('',#9120,#1171);
#612=LINE('',#9122,#1172);
#613=LINE('',#9124,#1173);
#614=LINE('',#9126,#1174);
#615=LINE('',#9128,#1175);
#616=LINE('',#9130,#1176);
#617=LINE('',#9132,#1177);
#618=LINE('',#9135,#1178);
#619=LINE('',#9136,#1179);
#620=LINE('',#9138,#1180);
#621=LINE('',#9140,#1181);
#622=LINE('',#9142,#1182);
#623=LINE('',#9144,#1183);
#624=LINE('',#9146,#1184);
#625=LINE('',#9148,#1185);
#626=LINE('',#9151,#1186);
#627=LINE('',#9152,#1187);
#628=LINE('',#9154,#1188);
#629=LINE('',#9156,#1189);
#630=LINE('',#9158,#1190);
#631=LINE('',#9160,#1191);
#632=LINE('',#9162,#1192);
#633=LINE('',#9164,#1193);
#634=LINE('',#9167,#1194);
#635=LINE('',#9168,#1195);
#636=LINE('',#9170,#1196);
#637=LINE('',#9172,#1197);
#638=LINE('',#9174,#1198);
#639=LINE('',#9176,#1199);
#640=LINE('',#9178,#1200);
#641=LINE('',#9180,#1201);
#642=LINE('',#9183,#1202);
#643=LINE('',#9184,#1203);
#644=LINE('',#9186,#1204);
#645=LINE('',#9188,#1205);
#646=LINE('',#9190,#1206);
#647=LINE('',#9192,#1207);
#648=LINE('',#9194,#1208);
#649=LINE('',#9196,#1209);
#650=LINE('',#9199,#1210);
#651=LINE('',#9200,#1211);
#652=LINE('',#9202,#1212);
#653=LINE('',#9204,#1213);
#654=LINE('',#9206,#1214);
#655=LINE('',#9208,#1215);
#656=LINE('',#9210,#1216);
#657=LINE('',#9212,#1217);
#658=LINE('',#9215,#1218);
#659=LINE('',#9216,#1219);
#660=LINE('',#9218,#1220);
#661=LINE('',#9220,#1221);
#662=LINE('',#9222,#1222);
#663=LINE('',#9224,#1223);
#664=LINE('',#9226,#1224);
#665=LINE('',#9228,#1225);
#666=LINE('',#9231,#1226);
#667=LINE('',#9232,#1227);
#668=LINE('',#9234,#1228);
#669=LINE('',#9236,#1229);
#670=LINE('',#9238,#1230);
#671=LINE('',#9240,#1231);
#672=LINE('',#9242,#1232);
#673=LINE('',#9244,#1233);
#674=LINE('',#9247,#1234);
#675=LINE('',#9248,#1235);
#676=LINE('',#9250,#1236);
#677=LINE('',#9252,#1237);
#678=LINE('',#9254,#1238);
#679=LINE('',#9256,#1239);
#680=LINE('',#9258,#1240);
#681=LINE('',#9260,#1241);
#682=LINE('',#9263,#1242);
#683=LINE('',#9264,#1243);
#684=LINE('',#9266,#1244);
#685=LINE('',#9268,#1245);
#686=LINE('',#9270,#1246);
#687=LINE('',#9272,#1247);
#688=LINE('',#9274,#1248);
#689=LINE('',#9276,#1249);
#690=VECTOR('',#6082,1.);
#691=VECTOR('',#6085,1.);
#692=VECTOR('',#6088,1.);
#693=VECTOR('',#6091,1.);
#694=VECTOR('',#6094,1.);
#695=VECTOR('',#6097,1.);
#696=VECTOR('',#6100,1.);
#697=VECTOR('',#6103,1.);
#698=VECTOR('',#6106,1.);
#699=VECTOR('',#6109,1.);
#700=VECTOR('',#6112,1.);
#701=VECTOR('',#6115,1.);
#702=VECTOR('',#6118,1.);
#703=VECTOR('',#6121,1.);
#704=VECTOR('',#6124,1.);
#705=VECTOR('',#6127,1.);
#706=VECTOR('',#6130,1.);
#707=VECTOR('',#6133,1.);
#708=VECTOR('',#6136,1.);
#709=VECTOR('',#6139,1.);
#710=VECTOR('',#6142,1.);
#711=VECTOR('',#6145,1.);
#712=VECTOR('',#6148,1.);
#713=VECTOR('',#6151,1.);
#714=VECTOR('',#6152,1.);
#715=VECTOR('',#6153,1.);
#716=VECTOR('',#6154,1.);
#717=VECTOR('',#6155,1.);
#718=VECTOR('',#6156,1.);
#719=VECTOR('',#6159,1.);
#720=VECTOR('',#6162,1.);
#721=VECTOR('',#6165,1.);
#722=VECTOR('',#6170,1.);
#723=VECTOR('',#6173,1.);
#724=VECTOR('',#6176,1.);
#725=VECTOR('',#6179,1.);
#726=VECTOR('',#6182,1.);
#727=VECTOR('',#6185,1.);
#728=VECTOR('',#6188,1.);
#729=VECTOR('',#6191,1.);
#730=VECTOR('',#6194,1.);
#731=VECTOR('',#6197,1.);
#732=VECTOR('',#6200,1.);
#733=VECTOR('',#6203,1.);
#734=VECTOR('',#6206,1.);
#735=VECTOR('',#6209,1.);
#736=VECTOR('',#6212,1.);
#737=VECTOR('',#6215,1.);
#738=VECTOR('',#6220,1.);
#739=VECTOR('',#6223,1.);
#740=VECTOR('',#6226,1.);
#741=VECTOR('',#6229,1.);
#742=VECTOR('',#6232,1.);
#743=VECTOR('',#6235,1.);
#744=VECTOR('',#6238,1.);
#745=VECTOR('',#6241,1.);
#746=VECTOR('',#6244,1.);
#747=VECTOR('',#6247,1.);
#748=VECTOR('',#6250,1.);
#749=VECTOR('',#6253,1.);
#750=VECTOR('',#6256,1.);
#751=VECTOR('',#6259,1.);
#752=VECTOR('',#6262,1.);
#753=VECTOR('',#6265,1.);
#754=VECTOR('',#6268,1.);
#755=VECTOR('',#6271,1.);
#756=VECTOR('',#6274,1.);
#757=VECTOR('',#6277,1.);
#758=VECTOR('',#6280,1.);
#759=VECTOR('',#6283,1.);
#760=VECTOR('',#6286,1.);
#761=VECTOR('',#6289,1.);
#762=VECTOR('',#6290,1.);
#763=VECTOR('',#6291,1.);
#764=VECTOR('',#6292,1.);
#765=VECTOR('',#6293,1.);
#766=VECTOR('',#6294,1.);
#767=VECTOR('',#6297,1.);
#768=VECTOR('',#6300,1.);
#769=VECTOR('',#6303,1.);
#770=VECTOR('',#6308,1.);
#771=VECTOR('',#6311,1.);
#772=VECTOR('',#6314,1.);
#773=VECTOR('',#6317,1.);
#774=VECTOR('',#6320,1.);
#775=VECTOR('',#6323,1.);
#776=VECTOR('',#6326,1.);
#777=VECTOR('',#6329,1.);
#778=VECTOR('',#6332,1.);
#779=VECTOR('',#6335,1.);
#780=VECTOR('',#6338,1.);
#781=VECTOR('',#6341,1.);
#782=VECTOR('',#6344,1.);
#783=VECTOR('',#6347,1.);
#784=VECTOR('',#6350,1.);
#785=VECTOR('',#6353,1.);
#786=VECTOR('',#6358,1.);
#787=VECTOR('',#6361,1.);
#788=VECTOR('',#6364,1.);
#789=VECTOR('',#6367,1.);
#790=VECTOR('',#6370,1.);
#791=VECTOR('',#6373,1.);
#792=VECTOR('',#6376,1.);
#793=VECTOR('',#6379,1.);
#794=VECTOR('',#6382,1.);
#795=VECTOR('',#6385,1.);
#796=VECTOR('',#6388,1.);
#797=VECTOR('',#6391,1.);
#798=VECTOR('',#6394,1.);
#799=VECTOR('',#6397,1.);
#800=VECTOR('',#6400,1.);
#801=VECTOR('',#6403,1.);
#802=VECTOR('',#6406,1.);
#803=VECTOR('',#6409,1.);
#804=VECTOR('',#6412,1.);
#805=VECTOR('',#6415,1.);
#806=VECTOR('',#6418,1.);
#807=VECTOR('',#6421,1.);
#808=VECTOR('',#6424,1.);
#809=VECTOR('',#6427,1.);
#810=VECTOR('',#6428,1.);
#811=VECTOR('',#6429,1.);
#812=VECTOR('',#6430,1.);
#813=VECTOR('',#6431,1.);
#814=VECTOR('',#6432,1.);
#815=VECTOR('',#6435,1.);
#816=VECTOR('',#6438,1.);
#817=VECTOR('',#6441,1.);
#818=VECTOR('',#6444,1.);
#819=VECTOR('',#6447,1.);
#820=VECTOR('',#6450,1.);
#821=VECTOR('',#6453,1.);
#822=VECTOR('',#6456,1.);
#823=VECTOR('',#6459,1.);
#824=VECTOR('',#6462,1.);
#825=VECTOR('',#6465,1.);
#826=VECTOR('',#6468,1.);
#827=VECTOR('',#6471,1.);
#828=VECTOR('',#6474,1.);
#829=VECTOR('',#6477,1.);
#830=VECTOR('',#6480,1.);
#831=VECTOR('',#6483,1.);
#832=VECTOR('',#6486,1.);
#833=VECTOR('',#6489,1.);
#834=VECTOR('',#6496,1.);
#835=VECTOR('',#6499,1.);
#836=VECTOR('',#6502,1.);
#837=VECTOR('',#6505,1.);
#838=VECTOR('',#6508,1.);
#839=VECTOR('',#6511,1.);
#840=VECTOR('',#6514,1.);
#841=VECTOR('',#6517,1.);
#842=VECTOR('',#6520,1.);
#843=VECTOR('',#6523,1.);
#844=VECTOR('',#6526,1.);
#845=VECTOR('',#6529,1.);
#846=VECTOR('',#6532,1.);
#847=VECTOR('',#6535,1.);
#848=VECTOR('',#6538,1.);
#849=VECTOR('',#6541,1.);
#850=VECTOR('',#6544,1.);
#851=VECTOR('',#6547,1.);
#852=VECTOR('',#6550,1.);
#853=VECTOR('',#6553,1.);
#854=VECTOR('',#6554,1.);
#855=VECTOR('',#6555,1.);
#856=VECTOR('',#6556,1.);
#857=VECTOR('',#6557,1.);
#858=VECTOR('',#6558,1.);
#859=VECTOR('',#6561,1.);
#860=VECTOR('',#6564,1.);
#861=VECTOR('',#6567,1.);
#862=VECTOR('',#6570,1.);
#863=VECTOR('',#6573,1.);
#864=VECTOR('',#6576,1.);
#865=VECTOR('',#6579,1.);
#866=VECTOR('',#6582,1.);
#867=VECTOR('',#6585,1.);
#868=VECTOR('',#6588,1.);
#869=VECTOR('',#6591,1.);
#870=VECTOR('',#6594,1.);
#871=VECTOR('',#6597,1.);
#872=VECTOR('',#6600,1.);
#873=VECTOR('',#6603,1.);
#874=VECTOR('',#6606,1.);
#875=VECTOR('',#6609,1.);
#876=VECTOR('',#6612,1.);
#877=VECTOR('',#6615,1.);
#878=VECTOR('',#6618,1.);
#879=VECTOR('',#6621,1.);
#880=VECTOR('',#6624,1.);
#881=VECTOR('',#6627,1.);
#882=VECTOR('',#6632,1.);
#883=VECTOR('',#6633,1.);
#884=VECTOR('',#6634,1.);
#885=VECTOR('',#6635,1.);
#886=VECTOR('',#6636,1.);
#887=VECTOR('',#6637,1.);
#888=VECTOR('',#6638,1.);
#889=VECTOR('',#6639,1.);
#890=VECTOR('',#6640,1.);
#891=VECTOR('',#6641,1.);
#892=VECTOR('',#6642,1.);
#893=VECTOR('',#6643,1.);
#894=VECTOR('',#6644,1.);
#895=VECTOR('',#6645,1.);
#896=VECTOR('',#6646,1.);
#897=VECTOR('',#6647,1.);
#898=VECTOR('',#6648,1.);
#899=VECTOR('',#6649,1.);
#900=VECTOR('',#6650,1.);
#901=VECTOR('',#6651,1.);
#902=VECTOR('',#6652,1.);
#903=VECTOR('',#6653,1.);
#904=VECTOR('',#6654,1.);
#905=VECTOR('',#6655,1.);
#906=VECTOR('',#6656,1.);
#907=VECTOR('',#6657,1.);
#908=VECTOR('',#6658,1.);
#909=VECTOR('',#6659,1.);
#910=VECTOR('',#6660,1.);
#911=VECTOR('',#6661,1.);
#912=VECTOR('',#6676,1.);
#913=VECTOR('',#6681,1.);
#914=VECTOR('',#6684,1.);
#915=VECTOR('',#6685,1.);
#916=VECTOR('',#6686,1.);
#917=VECTOR('',#6687,1.);
#918=VECTOR('',#6688,1.);
#919=VECTOR('',#6689,1.);
#920=VECTOR('',#6690,1.);
#921=VECTOR('',#6691,1.);
#922=VECTOR('',#6692,1.);
#923=VECTOR('',#6693,1.);
#924=VECTOR('',#6694,1.);
#925=VECTOR('',#6695,1.);
#926=VECTOR('',#6696,1.);
#927=VECTOR('',#6697,1.);
#928=VECTOR('',#6698,1.);
#929=VECTOR('',#6699,1.);
#930=VECTOR('',#6700,1.);
#931=VECTOR('',#6701,1.);
#932=VECTOR('',#6702,1.);
#933=VECTOR('',#6703,1.);
#934=VECTOR('',#6704,1.);
#935=VECTOR('',#6705,1.);
#936=VECTOR('',#6706,1.);
#937=VECTOR('',#6707,1.);
#938=VECTOR('',#6710,1.);
#939=VECTOR('',#6711,1.);
#940=VECTOR('',#6712,1.);
#941=VECTOR('',#6713,1.);
#942=VECTOR('',#6714,1.);
#943=VECTOR('',#6715,1.);
#944=VECTOR('',#6716,1.);
#945=VECTOR('',#6717,1.);
#946=VECTOR('',#6718,1.);
#947=VECTOR('',#6719,1.);
#948=VECTOR('',#6720,1.);
#949=VECTOR('',#6721,1.);
#950=VECTOR('',#6722,1.);
#951=VECTOR('',#6723,1.);
#952=VECTOR('',#6724,1.);
#953=VECTOR('',#6725,1.);
#954=VECTOR('',#6726,1.);
#955=VECTOR('',#6727,1.);
#956=VECTOR('',#6728,1.);
#957=VECTOR('',#6729,1.);
#958=VECTOR('',#6730,1.);
#959=VECTOR('',#6731,1.);
#960=VECTOR('',#6732,1.);
#961=VECTOR('',#6733,1.);
#962=VECTOR('',#6734,1.);
#963=VECTOR('',#6735,1.);
#964=VECTOR('',#6736,1.);
#965=VECTOR('',#6737,1.);
#966=VECTOR('',#6738,1.);
#967=VECTOR('',#6739,1.);
#968=VECTOR('',#6748,1.);
#969=VECTOR('',#6753,1.);
#970=VECTOR('',#6756,1.);
#971=VECTOR('',#6759,1.);
#972=VECTOR('',#6760,1.);
#973=VECTOR('',#6761,1.);
#974=VECTOR('',#6762,1.);
#975=VECTOR('',#6763,1.);
#976=VECTOR('',#6764,1.);
#977=VECTOR('',#6765,1.);
#978=VECTOR('',#6766,1.);
#979=VECTOR('',#6767,1.);
#980=VECTOR('',#6768,1.);
#981=VECTOR('',#6769,1.);
#982=VECTOR('',#6770,1.);
#983=VECTOR('',#6771,1.);
#984=VECTOR('',#6772,1.);
#985=VECTOR('',#6773,1.);
#986=VECTOR('',#6774,1.);
#987=VECTOR('',#6775,1.);
#988=VECTOR('',#6776,1.);
#989=VECTOR('',#6777,1.);
#990=VECTOR('',#6778,1.);
#991=VECTOR('',#6779,1.);
#992=VECTOR('',#6780,1.);
#993=VECTOR('',#6781,1.);
#994=VECTOR('',#6782,1.);
#995=VECTOR('',#6783,1.);
#996=VECTOR('',#6828,1.);
#997=VECTOR('',#6829,1.);
#998=VECTOR('',#6830,1.);
#999=VECTOR('',#6831,1.);
#1000=VECTOR('',#6832,1.);
#1001=VECTOR('',#6833,1.);
#1002=VECTOR('',#6834,1.);
#1003=VECTOR('',#6853,1.);
#1004=VECTOR('',#6858,1.);
#1005=VECTOR('',#6859,1.);
#1006=VECTOR('',#6876,1.);
#1007=VECTOR('',#6879,1.);
#1008=VECTOR('',#6880,1.);
#1009=VECTOR('',#6881,1.);
#1010=VECTOR('',#6882,1.);
#1011=VECTOR('',#6883,1.);
#1012=VECTOR('',#6884,1.);
#1013=VECTOR('',#6893,1.);
#1014=VECTOR('',#6906,1.);
#1015=VECTOR('',#6911,1.);
#1016=VECTOR('',#6928,1.);
#1017=VECTOR('',#6929,1.);
#1018=VECTOR('',#6932,1.);
#1019=VECTOR('',#6935,1.);
#1020=VECTOR('',#6948,1.);
#1021=VECTOR('',#6949,1.);
#1022=VECTOR('',#6952,1.);
#1023=VECTOR('',#6955,1.);
#1024=VECTOR('',#6958,1.);
#1025=VECTOR('',#6961,1.);
#1026=VECTOR('',#6966,1.);
#1027=VECTOR('',#6967,1.);
#1028=VECTOR('',#6970,1.);
#1029=VECTOR('',#6973,1.);
#1030=VECTOR('',#6976,1.);
#1031=VECTOR('',#6979,1.);
#1032=VECTOR('',#6984,1.);
#1033=VECTOR('',#6985,1.);
#1034=VECTOR('',#6988,1.);
#1035=VECTOR('',#6991,1.);
#1036=VECTOR('',#6994,1.);
#1037=VECTOR('',#6997,1.);
#1038=VECTOR('',#7002,1.);
#1039=VECTOR('',#7003,1.);
#1040=VECTOR('',#7006,1.);
#1041=VECTOR('',#7009,1.);
#1042=VECTOR('',#7012,1.);
#1043=VECTOR('',#7015,1.);
#1044=VECTOR('',#7020,1.);
#1045=VECTOR('',#7021,1.);
#1046=VECTOR('',#7024,1.);
#1047=VECTOR('',#7027,1.);
#1048=VECTOR('',#7030,1.);
#1049=VECTOR('',#7033,1.);
#1050=VECTOR('',#7038,1.);
#1051=VECTOR('',#7039,1.);
#1052=VECTOR('',#7042,1.);
#1053=VECTOR('',#7045,1.);
#1054=VECTOR('',#7048,1.);
#1055=VECTOR('',#7051,1.);
#1056=VECTOR('',#7056,1.);
#1057=VECTOR('',#7057,1.);
#1058=VECTOR('',#7060,1.);
#1059=VECTOR('',#7063,1.);
#1060=VECTOR('',#7066,1.);
#1061=VECTOR('',#7069,1.);
#1062=VECTOR('',#7074,1.);
#1063=VECTOR('',#7075,1.);
#1064=VECTOR('',#7078,1.);
#1065=VECTOR('',#7081,1.);
#1066=VECTOR('',#7084,1.);
#1067=VECTOR('',#7087,1.);
#1068=VECTOR('',#7092,1.);
#1069=VECTOR('',#7093,1.);
#1070=VECTOR('',#7096,1.);
#1071=VECTOR('',#7099,1.);
#1072=VECTOR('',#7102,1.);
#1073=VECTOR('',#7105,1.);
#1074=VECTOR('',#7110,1.);
#1075=VECTOR('',#7111,1.);
#1076=VECTOR('',#7114,1.);
#1077=VECTOR('',#7117,1.);
#1078=VECTOR('',#7120,1.);
#1079=VECTOR('',#7121,1.);
#1080=VECTOR('',#7124,1.);
#1081=VECTOR('',#7127,1.);
#1082=VECTOR('',#7134,1.);
#1083=VECTOR('',#7135,1.);
#1084=VECTOR('',#7138,1.);
#1085=VECTOR('',#7141,1.);
#1086=VECTOR('',#7144,1.);
#1087=VECTOR('',#7145,1.);
#1088=VECTOR('',#7148,1.);
#1089=VECTOR('',#7151,1.);
#1090=VECTOR('',#7158,1.);
#1091=VECTOR('',#7159,1.);
#1092=VECTOR('',#7162,1.);
#1093=VECTOR('',#7165,1.);
#1094=VECTOR('',#7168,1.);
#1095=VECTOR('',#7169,1.);
#1096=VECTOR('',#7172,1.);
#1097=VECTOR('',#7175,1.);
#1098=VECTOR('',#7182,1.);
#1099=VECTOR('',#7183,1.);
#1100=VECTOR('',#7186,1.);
#1101=VECTOR('',#7189,1.);
#1102=VECTOR('',#7192,1.);
#1103=VECTOR('',#7193,1.);
#1104=VECTOR('',#7196,1.);
#1105=VECTOR('',#7199,1.);
#1106=VECTOR('',#7206,1.);
#1107=VECTOR('',#7207,1.);
#1108=VECTOR('',#7210,1.);
#1109=VECTOR('',#7213,1.);
#1110=VECTOR('',#7216,1.);
#1111=VECTOR('',#7217,1.);
#1112=VECTOR('',#7220,1.);
#1113=VECTOR('',#7223,1.);
#1114=VECTOR('',#7230,1.);
#1115=VECTOR('',#7231,1.);
#1116=VECTOR('',#7234,1.);
#1117=VECTOR('',#7235,1.);
#1118=VECTOR('',#7240,1.);
#1119=VECTOR('',#7241,1.);
#1120=VECTOR('',#7244,1.);
#1121=VECTOR('',#7247,1.);
#1122=VECTOR('',#7254,1.);
#1123=VECTOR('',#7255,1.);
#1124=VECTOR('',#7258,1.);
#1125=VECTOR('',#7259,1.);
#1126=VECTOR('',#7264,1.);
#1127=VECTOR('',#7265,1.);
#1128=VECTOR('',#7268,1.);
#1129=VECTOR('',#7271,1.);
#1130=VECTOR('',#7278,1.);
#1131=VECTOR('',#7279,1.);
#1132=VECTOR('',#7282,1.);
#1133=VECTOR('',#7283,1.);
#1134=VECTOR('',#7288,1.);
#1135=VECTOR('',#7289,1.);
#1136=VECTOR('',#7292,1.);
#1137=VECTOR('',#7295,1.);
#1138=VECTOR('',#7302,1.);
#1139=VECTOR('',#7303,1.);
#1140=VECTOR('',#7306,1.);
#1141=VECTOR('',#7307,1.);
#1142=VECTOR('',#7312,1.);
#1143=VECTOR('',#7313,1.);
#1144=VECTOR('',#7316,1.);
#1145=VECTOR('',#7319,1.);
#1146=VECTOR('',#7326,1.);
#1147=VECTOR('',#7327,1.);
#1148=VECTOR('',#7330,1.);
#1149=VECTOR('',#7331,1.);
#1150=VECTOR('',#7336,1.);
#1151=VECTOR('',#7337,1.);
#1152=VECTOR('',#7340,1.);
#1153=VECTOR('',#7343,1.);
#1154=VECTOR('',#7350,1.);
#1155=VECTOR('',#7351,1.);
#1156=VECTOR('',#7354,1.);
#1157=VECTOR('',#7355,1.);
#1158=VECTOR('',#7360,1.);
#1159=VECTOR('',#7361,1.);
#1160=VECTOR('',#7364,1.);
#1161=VECTOR('',#7367,1.);
#1162=VECTOR('',#7374,1.);
#1163=VECTOR('',#7375,1.);
#1164=VECTOR('',#7378,1.);
#1165=VECTOR('',#7381,1.);
#1166=VECTOR('',#7384,1.);
#1167=VECTOR('',#7387,1.);
#1168=VECTOR('',#7390,1.);
#1169=VECTOR('',#7393,1.);
#1170=VECTOR('',#7398,1.);
#1171=VECTOR('',#7399,1.);
#1172=VECTOR('',#7402,1.);
#1173=VECTOR('',#7405,1.);
#1174=VECTOR('',#7408,1.);
#1175=VECTOR('',#7411,1.);
#1176=VECTOR('',#7414,1.);
#1177=VECTOR('',#7417,1.);
#1178=VECTOR('',#7422,1.);
#1179=VECTOR('',#7423,1.);
#1180=VECTOR('',#7426,1.);
#1181=VECTOR('',#7429,1.);
#1182=VECTOR('',#7432,1.);
#1183=VECTOR('',#7435,1.);
#1184=VECTOR('',#7438,1.);
#1185=VECTOR('',#7441,1.);
#1186=VECTOR('',#7446,1.);
#1187=VECTOR('',#7447,1.);
#1188=VECTOR('',#7450,1.);
#1189=VECTOR('',#7453,1.);
#1190=VECTOR('',#7456,1.);
#1191=VECTOR('',#7459,1.);
#1192=VECTOR('',#7462,1.);
#1193=VECTOR('',#7465,1.);
#1194=VECTOR('',#7470,1.);
#1195=VECTOR('',#7471,1.);
#1196=VECTOR('',#7474,1.);
#1197=VECTOR('',#7477,1.);
#1198=VECTOR('',#7480,1.);
#1199=VECTOR('',#7483,1.);
#1200=VECTOR('',#7486,1.);
#1201=VECTOR('',#7489,1.);
#1202=VECTOR('',#7494,1.);
#1203=VECTOR('',#7495,1.);
#1204=VECTOR('',#7498,1.);
#1205=VECTOR('',#7501,1.);
#1206=VECTOR('',#7504,1.);
#1207=VECTOR('',#7507,1.);
#1208=VECTOR('',#7510,1.);
#1209=VECTOR('',#7513,1.);
#1210=VECTOR('',#7518,1.);
#1211=VECTOR('',#7519,1.);
#1212=VECTOR('',#7522,1.);
#1213=VECTOR('',#7525,1.);
#1214=VECTOR('',#7528,1.);
#1215=VECTOR('',#7531,1.);
#1216=VECTOR('',#7534,1.);
#1217=VECTOR('',#7537,1.);
#1218=VECTOR('',#7542,1.);
#1219=VECTOR('',#7543,1.);
#1220=VECTOR('',#7546,1.);
#1221=VECTOR('',#7549,1.);
#1222=VECTOR('',#7552,1.);
#1223=VECTOR('',#7555,1.);
#1224=VECTOR('',#7558,1.);
#1225=VECTOR('',#7561,1.);
#1226=VECTOR('',#7566,1.);
#1227=VECTOR('',#7567,1.);
#1228=VECTOR('',#7570,1.);
#1229=VECTOR('',#7573,1.);
#1230=VECTOR('',#7576,1.);
#1231=VECTOR('',#7579,1.);
#1232=VECTOR('',#7582,1.);
#1233=VECTOR('',#7585,1.);
#1234=VECTOR('',#7590,1.);
#1235=VECTOR('',#7591,1.);
#1236=VECTOR('',#7594,1.);
#1237=VECTOR('',#7597,1.);
#1238=VECTOR('',#7600,1.);
#1239=VECTOR('',#7603,1.);
#1240=VECTOR('',#7606,1.);
#1241=VECTOR('',#7609,1.);
#1242=VECTOR('',#7614,1.);
#1243=VECTOR('',#7615,1.);
#1244=VECTOR('',#7618,1.);
#1245=VECTOR('',#7621,1.);
#1246=VECTOR('',#7624,1.);
#1247=VECTOR('',#7627,1.);
#1248=VECTOR('',#7630,1.);
#1249=VECTOR('',#7633,1.);
#1250=ORIENTED_EDGE('',*,*,#2822,.F.);
#1251=ORIENTED_EDGE('',*,*,#2823,.F.);
#1252=ORIENTED_EDGE('',*,*,#2824,.F.);
#1253=ORIENTED_EDGE('',*,*,#2825,.F.);
#1254=ORIENTED_EDGE('',*,*,#2826,.F.);
#1255=ORIENTED_EDGE('',*,*,#2827,.F.);
#1256=ORIENTED_EDGE('',*,*,#2828,.F.);
#1257=ORIENTED_EDGE('',*,*,#2829,.T.);
#1258=ORIENTED_EDGE('',*,*,#2830,.F.);
#1259=ORIENTED_EDGE('',*,*,#2831,.F.);
#1260=ORIENTED_EDGE('',*,*,#2832,.F.);
#1261=ORIENTED_EDGE('',*,*,#2833,.F.);
#1262=ORIENTED_EDGE('',*,*,#2834,.F.);
#1263=ORIENTED_EDGE('',*,*,#2835,.F.);
#1264=ORIENTED_EDGE('',*,*,#2836,.F.);
#1265=ORIENTED_EDGE('',*,*,#2837,.T.);
#1266=ORIENTED_EDGE('',*,*,#2838,.F.);
#1267=ORIENTED_EDGE('',*,*,#2839,.F.);
#1268=ORIENTED_EDGE('',*,*,#2840,.F.);
#1269=ORIENTED_EDGE('',*,*,#2841,.F.);
#1270=ORIENTED_EDGE('',*,*,#2842,.F.);
#1271=ORIENTED_EDGE('',*,*,#2843,.F.);
#1272=ORIENTED_EDGE('',*,*,#2844,.F.);
#1273=ORIENTED_EDGE('',*,*,#2845,.T.);
#1274=ORIENTED_EDGE('',*,*,#2846,.F.);
#1275=ORIENTED_EDGE('',*,*,#2847,.F.);
#1276=ORIENTED_EDGE('',*,*,#2848,.F.);
#1277=ORIENTED_EDGE('',*,*,#2849,.F.);
#1278=ORIENTED_EDGE('',*,*,#2850,.F.);
#1279=ORIENTED_EDGE('',*,*,#2851,.F.);
#1280=ORIENTED_EDGE('',*,*,#2852,.F.);
#1281=ORIENTED_EDGE('',*,*,#2853,.T.);
#1282=ORIENTED_EDGE('',*,*,#2854,.F.);
#1283=ORIENTED_EDGE('',*,*,#2855,.F.);
#1284=ORIENTED_EDGE('',*,*,#2856,.F.);
#1285=ORIENTED_EDGE('',*,*,#2857,.F.);
#1286=ORIENTED_EDGE('',*,*,#2858,.F.);
#1287=ORIENTED_EDGE('',*,*,#2859,.F.);
#1288=ORIENTED_EDGE('',*,*,#2860,.F.);
#1289=ORIENTED_EDGE('',*,*,#2861,.T.);
#1290=ORIENTED_EDGE('',*,*,#2862,.F.);
#1291=ORIENTED_EDGE('',*,*,#2863,.F.);
#1292=ORIENTED_EDGE('',*,*,#2864,.F.);
#1293=ORIENTED_EDGE('',*,*,#2865,.T.);
#1294=ORIENTED_EDGE('',*,*,#2866,.F.);
#1295=ORIENTED_EDGE('',*,*,#2867,.F.);
#1296=ORIENTED_EDGE('',*,*,#2868,.F.);
#1297=ORIENTED_EDGE('',*,*,#2869,.F.);
#1298=ORIENTED_EDGE('',*,*,#2870,.F.);
#1299=ORIENTED_EDGE('',*,*,#2871,.F.);
#1300=ORIENTED_EDGE('',*,*,#2872,.F.);
#1301=ORIENTED_EDGE('',*,*,#2873,.F.);
#1302=ORIENTED_EDGE('',*,*,#2874,.T.);
#1303=ORIENTED_EDGE('',*,*,#2875,.T.);
#1304=ORIENTED_EDGE('',*,*,#2876,.T.);
#1305=ORIENTED_EDGE('',*,*,#2877,.T.);
#1306=ORIENTED_EDGE('',*,*,#2878,.F.);
#1307=ORIENTED_EDGE('',*,*,#2879,.T.);
#1308=ORIENTED_EDGE('',*,*,#2880,.T.);
#1309=ORIENTED_EDGE('',*,*,#2881,.T.);
#1310=ORIENTED_EDGE('',*,*,#2882,.T.);
#1311=ORIENTED_EDGE('',*,*,#2883,.T.);
#1312=ORIENTED_EDGE('',*,*,#2884,.T.);
#1313=ORIENTED_EDGE('',*,*,#2885,.T.);
#1314=ORIENTED_EDGE('',*,*,#2886,.T.);
#1315=ORIENTED_EDGE('',*,*,#2887,.F.);
#1316=ORIENTED_EDGE('',*,*,#2888,.T.);
#1317=ORIENTED_EDGE('',*,*,#2889,.T.);
#1318=ORIENTED_EDGE('',*,*,#2890,.T.);
#1319=ORIENTED_EDGE('',*,*,#2891,.T.);
#1320=ORIENTED_EDGE('',*,*,#2892,.T.);
#1321=ORIENTED_EDGE('',*,*,#2893,.T.);
#1322=ORIENTED_EDGE('',*,*,#2894,.T.);
#1323=ORIENTED_EDGE('',*,*,#2895,.T.);
#1324=ORIENTED_EDGE('',*,*,#2896,.T.);
#1325=ORIENTED_EDGE('',*,*,#2897,.F.);
#1326=ORIENTED_EDGE('',*,*,#2898,.T.);
#1327=ORIENTED_EDGE('',*,*,#2899,.T.);
#1328=ORIENTED_EDGE('',*,*,#2900,.T.);
#1329=ORIENTED_EDGE('',*,*,#2901,.T.);
#1330=ORIENTED_EDGE('',*,*,#2902,.T.);
#1331=ORIENTED_EDGE('',*,*,#2903,.F.);
#1332=ORIENTED_EDGE('',*,*,#2904,.T.);
#1333=ORIENTED_EDGE('',*,*,#2905,.T.);
#1334=ORIENTED_EDGE('',*,*,#2906,.T.);
#1335=ORIENTED_EDGE('',*,*,#2907,.T.);
#1336=ORIENTED_EDGE('',*,*,#2908,.T.);
#1337=ORIENTED_EDGE('',*,*,#2909,.F.);
#1338=ORIENTED_EDGE('',*,*,#2910,.T.);
#1339=ORIENTED_EDGE('',*,*,#2911,.T.);
#1340=ORIENTED_EDGE('',*,*,#2912,.T.);
#1341=ORIENTED_EDGE('',*,*,#2913,.T.);
#1342=ORIENTED_EDGE('',*,*,#2914,.F.);
#1343=ORIENTED_EDGE('',*,*,#2915,.T.);
#1344=ORIENTED_EDGE('',*,*,#2916,.F.);
#1345=ORIENTED_EDGE('',*,*,#2917,.F.);
#1346=ORIENTED_EDGE('',*,*,#2918,.F.);
#1347=ORIENTED_EDGE('',*,*,#2919,.F.);
#1348=ORIENTED_EDGE('',*,*,#2920,.F.);
#1349=ORIENTED_EDGE('',*,*,#2921,.F.);
#1350=ORIENTED_EDGE('',*,*,#2922,.F.);
#1351=ORIENTED_EDGE('',*,*,#2923,.T.);
#1352=ORIENTED_EDGE('',*,*,#2924,.F.);
#1353=ORIENTED_EDGE('',*,*,#2925,.F.);
#1354=ORIENTED_EDGE('',*,*,#2926,.F.);
#1355=ORIENTED_EDGE('',*,*,#2927,.F.);
#1356=ORIENTED_EDGE('',*,*,#2928,.F.);
#1357=ORIENTED_EDGE('',*,*,#2929,.F.);
#1358=ORIENTED_EDGE('',*,*,#2930,.F.);
#1359=ORIENTED_EDGE('',*,*,#2931,.T.);
#1360=ORIENTED_EDGE('',*,*,#2932,.F.);
#1361=ORIENTED_EDGE('',*,*,#2933,.F.);
#1362=ORIENTED_EDGE('',*,*,#2934,.F.);
#1363=ORIENTED_EDGE('',*,*,#2935,.F.);
#1364=ORIENTED_EDGE('',*,*,#2936,.F.);
#1365=ORIENTED_EDGE('',*,*,#2937,.F.);
#1366=ORIENTED_EDGE('',*,*,#2938,.F.);
#1367=ORIENTED_EDGE('',*,*,#2939,.T.);
#1368=ORIENTED_EDGE('',*,*,#2940,.F.);
#1369=ORIENTED_EDGE('',*,*,#2941,.F.);
#1370=ORIENTED_EDGE('',*,*,#2942,.F.);
#1371=ORIENTED_EDGE('',*,*,#2943,.F.);
#1372=ORIENTED_EDGE('',*,*,#2944,.F.);
#1373=ORIENTED_EDGE('',*,*,#2945,.F.);
#1374=ORIENTED_EDGE('',*,*,#2946,.F.);
#1375=ORIENTED_EDGE('',*,*,#2947,.T.);
#1376=ORIENTED_EDGE('',*,*,#2948,.F.);
#1377=ORIENTED_EDGE('',*,*,#2949,.F.);
#1378=ORIENTED_EDGE('',*,*,#2950,.F.);
#1379=ORIENTED_EDGE('',*,*,#2951,.F.);
#1380=ORIENTED_EDGE('',*,*,#2952,.F.);
#1381=ORIENTED_EDGE('',*,*,#2953,.F.);
#1382=ORIENTED_EDGE('',*,*,#2954,.F.);
#1383=ORIENTED_EDGE('',*,*,#2955,.F.);
#1384=ORIENTED_EDGE('',*,*,#2956,.F.);
#1385=ORIENTED_EDGE('',*,*,#2957,.F.);
#1386=ORIENTED_EDGE('',*,*,#2958,.F.);
#1387=ORIENTED_EDGE('',*,*,#2959,.T.);
#1388=ORIENTED_EDGE('',*,*,#2960,.F.);
#1389=ORIENTED_EDGE('',*,*,#2961,.F.);
#1390=ORIENTED_EDGE('',*,*,#2962,.F.);
#1391=ORIENTED_EDGE('',*,*,#2963,.F.);
#1392=ORIENTED_EDGE('',*,*,#2964,.F.);
#1393=ORIENTED_EDGE('',*,*,#2965,.F.);
#1394=ORIENTED_EDGE('',*,*,#2966,.T.);
#1395=ORIENTED_EDGE('',*,*,#2967,.T.);
#1396=ORIENTED_EDGE('',*,*,#2968,.T.);
#1397=ORIENTED_EDGE('',*,*,#2969,.T.);
#1398=ORIENTED_EDGE('',*,*,#2970,.T.);
#1399=ORIENTED_EDGE('',*,*,#2971,.T.);
#1400=ORIENTED_EDGE('',*,*,#2972,.F.);
#1401=ORIENTED_EDGE('',*,*,#2973,.T.);
#1402=ORIENTED_EDGE('',*,*,#2974,.T.);
#1403=ORIENTED_EDGE('',*,*,#2975,.T.);
#1404=ORIENTED_EDGE('',*,*,#2976,.T.);
#1405=ORIENTED_EDGE('',*,*,#2977,.T.);
#1406=ORIENTED_EDGE('',*,*,#2978,.T.);
#1407=ORIENTED_EDGE('',*,*,#2979,.F.);
#1408=ORIENTED_EDGE('',*,*,#2980,.T.);
#1409=ORIENTED_EDGE('',*,*,#2981,.T.);
#1410=ORIENTED_EDGE('',*,*,#2982,.T.);
#1411=ORIENTED_EDGE('',*,*,#2983,.T.);
#1412=ORIENTED_EDGE('',*,*,#2984,.T.);
#1413=ORIENTED_EDGE('',*,*,#2985,.F.);
#1414=ORIENTED_EDGE('',*,*,#2986,.T.);
#1415=ORIENTED_EDGE('',*,*,#2987,.T.);
#1416=ORIENTED_EDGE('',*,*,#2988,.T.);
#1417=ORIENTED_EDGE('',*,*,#2989,.T.);
#1418=ORIENTED_EDGE('',*,*,#2990,.T.);
#1419=ORIENTED_EDGE('',*,*,#2991,.T.);
#1420=ORIENTED_EDGE('',*,*,#2992,.T.);
#1421=ORIENTED_EDGE('',*,*,#2993,.T.);
#1422=ORIENTED_EDGE('',*,*,#2994,.T.);
#1423=ORIENTED_EDGE('',*,*,#2995,.F.);
#1424=ORIENTED_EDGE('',*,*,#2996,.T.);
#1425=ORIENTED_EDGE('',*,*,#2997,.T.);
#1426=ORIENTED_EDGE('',*,*,#2998,.T.);
#1427=ORIENTED_EDGE('',*,*,#2999,.T.);
#1428=ORIENTED_EDGE('',*,*,#3000,.T.);
#1429=ORIENTED_EDGE('',*,*,#3001,.T.);
#1430=ORIENTED_EDGE('',*,*,#3002,.T.);
#1431=ORIENTED_EDGE('',*,*,#3003,.T.);
#1432=ORIENTED_EDGE('',*,*,#3004,.T.);
#1433=ORIENTED_EDGE('',*,*,#3005,.F.);
#1434=ORIENTED_EDGE('',*,*,#3006,.F.);
#1435=ORIENTED_EDGE('',*,*,#3007,.F.);
#1436=ORIENTED_EDGE('',*,*,#3008,.F.);
#1437=ORIENTED_EDGE('',*,*,#3009,.T.);
#1438=ORIENTED_EDGE('',*,*,#3010,.F.);
#1439=ORIENTED_EDGE('',*,*,#3011,.F.);
#1440=ORIENTED_EDGE('',*,*,#3012,.F.);
#1441=ORIENTED_EDGE('',*,*,#3013,.F.);
#1442=ORIENTED_EDGE('',*,*,#3014,.F.);
#1443=ORIENTED_EDGE('',*,*,#3015,.F.);
#1444=ORIENTED_EDGE('',*,*,#3016,.F.);
#1445=ORIENTED_EDGE('',*,*,#3017,.T.);
#1446=ORIENTED_EDGE('',*,*,#3018,.F.);
#1447=ORIENTED_EDGE('',*,*,#3019,.F.);
#1448=ORIENTED_EDGE('',*,*,#3020,.F.);
#1449=ORIENTED_EDGE('',*,*,#3021,.F.);
#1450=ORIENTED_EDGE('',*,*,#3022,.F.);
#1451=ORIENTED_EDGE('',*,*,#3023,.F.);
#1452=ORIENTED_EDGE('',*,*,#3024,.F.);
#1453=ORIENTED_EDGE('',*,*,#3025,.T.);
#1454=ORIENTED_EDGE('',*,*,#3026,.F.);
#1455=ORIENTED_EDGE('',*,*,#3027,.F.);
#1456=ORIENTED_EDGE('',*,*,#3028,.F.);
#1457=ORIENTED_EDGE('',*,*,#3029,.F.);
#1458=ORIENTED_EDGE('',*,*,#3030,.F.);
#1459=ORIENTED_EDGE('',*,*,#3031,.F.);
#1460=ORIENTED_EDGE('',*,*,#3032,.F.);
#1461=ORIENTED_EDGE('',*,*,#3033,.T.);
#1462=ORIENTED_EDGE('',*,*,#3034,.F.);
#1463=ORIENTED_EDGE('',*,*,#3035,.F.);
#1464=ORIENTED_EDGE('',*,*,#3036,.F.);
#1465=ORIENTED_EDGE('',*,*,#3037,.F.);
#1466=ORIENTED_EDGE('',*,*,#3038,.F.);
#1467=ORIENTED_EDGE('',*,*,#3039,.F.);
#1468=ORIENTED_EDGE('',*,*,#3040,.F.);
#1469=ORIENTED_EDGE('',*,*,#3041,.T.);
#1470=ORIENTED_EDGE('',*,*,#3042,.F.);
#1471=ORIENTED_EDGE('',*,*,#3043,.F.);
#1472=ORIENTED_EDGE('',*,*,#3044,.F.);
#1473=ORIENTED_EDGE('',*,*,#3045,.F.);
#1474=ORIENTED_EDGE('',*,*,#3046,.F.);
#1475=ORIENTED_EDGE('',*,*,#3047,.F.);
#1476=ORIENTED_EDGE('',*,*,#3048,.F.);
#1477=ORIENTED_EDGE('',*,*,#3049,.F.);
#1478=ORIENTED_EDGE('',*,*,#3050,.F.);
#1479=ORIENTED_EDGE('',*,*,#3051,.F.);
#1480=ORIENTED_EDGE('',*,*,#3052,.F.);
#1481=ORIENTED_EDGE('',*,*,#3053,.T.);
#1482=ORIENTED_EDGE('',*,*,#3054,.F.);
#1483=ORIENTED_EDGE('',*,*,#3055,.F.);
#1484=ORIENTED_EDGE('',*,*,#3056,.F.);
#1485=ORIENTED_EDGE('',*,*,#3057,.F.);
#1486=ORIENTED_EDGE('',*,*,#3058,.T.);
#1487=ORIENTED_EDGE('',*,*,#3059,.T.);
#1488=ORIENTED_EDGE('',*,*,#3060,.T.);
#1489=ORIENTED_EDGE('',*,*,#3061,.T.);
#1490=ORIENTED_EDGE('',*,*,#3062,.T.);
#1491=ORIENTED_EDGE('',*,*,#3063,.T.);
#1492=ORIENTED_EDGE('',*,*,#3064,.F.);
#1493=ORIENTED_EDGE('',*,*,#3065,.T.);
#1494=ORIENTED_EDGE('',*,*,#3066,.T.);
#1495=ORIENTED_EDGE('',*,*,#3067,.T.);
#1496=ORIENTED_EDGE('',*,*,#3068,.F.);
#1497=ORIENTED_EDGE('',*,*,#3069,.T.);
#1498=ORIENTED_EDGE('',*,*,#3070,.T.);
#1499=ORIENTED_EDGE('',*,*,#3071,.T.);
#1500=ORIENTED_EDGE('',*,*,#3072,.T.);
#1501=ORIENTED_EDGE('',*,*,#3073,.T.);
#1502=ORIENTED_EDGE('',*,*,#3074,.T.);
#1503=ORIENTED_EDGE('',*,*,#3075,.T.);
#1504=ORIENTED_EDGE('',*,*,#3076,.F.);
#1505=ORIENTED_EDGE('',*,*,#3077,.T.);
#1506=ORIENTED_EDGE('',*,*,#3078,.T.);
#1507=ORIENTED_EDGE('',*,*,#3079,.T.);
#1508=ORIENTED_EDGE('',*,*,#3080,.T.);
#1509=ORIENTED_EDGE('',*,*,#3081,.T.);
#1510=ORIENTED_EDGE('',*,*,#3082,.T.);
#1511=ORIENTED_EDGE('',*,*,#3083,.T.);
#1512=ORIENTED_EDGE('',*,*,#3084,.T.);
#1513=ORIENTED_EDGE('',*,*,#3085,.T.);
#1514=ORIENTED_EDGE('',*,*,#3086,.T.);
#1515=ORIENTED_EDGE('',*,*,#3087,.T.);
#1516=ORIENTED_EDGE('',*,*,#3088,.F.);
#1517=ORIENTED_EDGE('',*,*,#3089,.T.);
#1518=ORIENTED_EDGE('',*,*,#3090,.T.);
#1519=ORIENTED_EDGE('',*,*,#3091,.T.);
#1520=ORIENTED_EDGE('',*,*,#3092,.F.);
#1521=ORIENTED_EDGE('',*,*,#3093,.T.);
#1522=ORIENTED_EDGE('',*,*,#3094,.T.);
#1523=ORIENTED_EDGE('',*,*,#3095,.T.);
#1524=ORIENTED_EDGE('',*,*,#3096,.T.);
#1525=ORIENTED_EDGE('',*,*,#3097,.T.);
#1526=ORIENTED_EDGE('',*,*,#3098,.F.);
#1527=ORIENTED_EDGE('',*,*,#3099,.F.);
#1528=ORIENTED_EDGE('',*,*,#3100,.F.);
#1529=ORIENTED_EDGE('',*,*,#3101,.T.);
#1530=ORIENTED_EDGE('',*,*,#3102,.F.);
#1531=ORIENTED_EDGE('',*,*,#3103,.F.);
#1532=ORIENTED_EDGE('',*,*,#3104,.F.);
#1533=ORIENTED_EDGE('',*,*,#3105,.F.);
#1534=ORIENTED_EDGE('',*,*,#3106,.F.);
#1535=ORIENTED_EDGE('',*,*,#3107,.F.);
#1536=ORIENTED_EDGE('',*,*,#3108,.F.);
#1537=ORIENTED_EDGE('',*,*,#3109,.T.);
#1538=ORIENTED_EDGE('',*,*,#3110,.F.);
#1539=ORIENTED_EDGE('',*,*,#3111,.F.);
#1540=ORIENTED_EDGE('',*,*,#3112,.F.);
#1541=ORIENTED_EDGE('',*,*,#3113,.F.);
#1542=ORIENTED_EDGE('',*,*,#3114,.F.);
#1543=ORIENTED_EDGE('',*,*,#3115,.F.);
#1544=ORIENTED_EDGE('',*,*,#3116,.F.);
#1545=ORIENTED_EDGE('',*,*,#3117,.T.);
#1546=ORIENTED_EDGE('',*,*,#3118,.F.);
#1547=ORIENTED_EDGE('',*,*,#3119,.F.);
#1548=ORIENTED_EDGE('',*,*,#3120,.F.);
#1549=ORIENTED_EDGE('',*,*,#3121,.F.);
#1550=ORIENTED_EDGE('',*,*,#3122,.F.);
#1551=ORIENTED_EDGE('',*,*,#3123,.F.);
#1552=ORIENTED_EDGE('',*,*,#3124,.F.);
#1553=ORIENTED_EDGE('',*,*,#3125,.F.);
#1554=ORIENTED_EDGE('',*,*,#3126,.F.);
#1555=ORIENTED_EDGE('',*,*,#3127,.F.);
#1556=ORIENTED_EDGE('',*,*,#3128,.F.);
#1557=ORIENTED_EDGE('',*,*,#3129,.T.);
#1558=ORIENTED_EDGE('',*,*,#3130,.F.);
#1559=ORIENTED_EDGE('',*,*,#3131,.F.);
#1560=ORIENTED_EDGE('',*,*,#3132,.F.);
#1561=ORIENTED_EDGE('',*,*,#3133,.T.);
#1562=ORIENTED_EDGE('',*,*,#3134,.F.);
#1563=ORIENTED_EDGE('',*,*,#3135,.F.);
#1564=ORIENTED_EDGE('',*,*,#3136,.F.);
#1565=ORIENTED_EDGE('',*,*,#3137,.F.);
#1566=ORIENTED_EDGE('',*,*,#3138,.F.);
#1567=ORIENTED_EDGE('',*,*,#3139,.F.);
#1568=ORIENTED_EDGE('',*,*,#3140,.F.);
#1569=ORIENTED_EDGE('',*,*,#3141,.F.);
#1570=ORIENTED_EDGE('',*,*,#3142,.T.);
#1571=ORIENTED_EDGE('',*,*,#3143,.T.);
#1572=ORIENTED_EDGE('',*,*,#3144,.T.);
#1573=ORIENTED_EDGE('',*,*,#3145,.T.);
#1574=ORIENTED_EDGE('',*,*,#3146,.T.);
#1575=ORIENTED_EDGE('',*,*,#3147,.T.);
#1576=ORIENTED_EDGE('',*,*,#3148,.F.);
#1577=ORIENTED_EDGE('',*,*,#3149,.T.);
#1578=ORIENTED_EDGE('',*,*,#3150,.T.);
#1579=ORIENTED_EDGE('',*,*,#3151,.T.);
#1580=ORIENTED_EDGE('',*,*,#3152,.F.);
#1581=ORIENTED_EDGE('',*,*,#3153,.T.);
#1582=ORIENTED_EDGE('',*,*,#3154,.T.);
#1583=ORIENTED_EDGE('',*,*,#3155,.T.);
#1584=ORIENTED_EDGE('',*,*,#3156,.T.);
#1585=ORIENTED_EDGE('',*,*,#3157,.T.);
#1586=ORIENTED_EDGE('',*,*,#3158,.T.);
#1587=ORIENTED_EDGE('',*,*,#3159,.T.);
#1588=ORIENTED_EDGE('',*,*,#3160,.F.);
#1589=ORIENTED_EDGE('',*,*,#3161,.T.);
#1590=ORIENTED_EDGE('',*,*,#3162,.T.);
#1591=ORIENTED_EDGE('',*,*,#3163,.T.);
#1592=ORIENTED_EDGE('',*,*,#3164,.T.);
#1593=ORIENTED_EDGE('',*,*,#3165,.T.);
#1594=ORIENTED_EDGE('',*,*,#3166,.T.);
#1595=ORIENTED_EDGE('',*,*,#3167,.T.);
#1596=ORIENTED_EDGE('',*,*,#3168,.F.);
#1597=ORIENTED_EDGE('',*,*,#3169,.T.);
#1598=ORIENTED_EDGE('',*,*,#3170,.T.);
#1599=ORIENTED_EDGE('',*,*,#3171,.T.);
#1600=ORIENTED_EDGE('',*,*,#3172,.T.);
#1601=ORIENTED_EDGE('',*,*,#3173,.T.);
#1602=ORIENTED_EDGE('',*,*,#3174,.T.);
#1603=ORIENTED_EDGE('',*,*,#3175,.T.);
#1604=ORIENTED_EDGE('',*,*,#3176,.F.);
#1605=ORIENTED_EDGE('',*,*,#3177,.T.);
#1606=ORIENTED_EDGE('',*,*,#3178,.T.);
#1607=ORIENTED_EDGE('',*,*,#3179,.T.);
#1608=ORIENTED_EDGE('',*,*,#3180,.T.);
#1609=ORIENTED_EDGE('',*,*,#3181,.T.);
#1610=ORIENTED_EDGE('',*,*,#3182,.T.);
#1611=ORIENTED_EDGE('',*,*,#3183,.T.);
#1612=ORIENTED_EDGE('',*,*,#3184,.F.);
#1613=ORIENTED_EDGE('',*,*,#3185,.T.);
#1614=ORIENTED_EDGE('',*,*,#3186,.T.);
#1615=ORIENTED_EDGE('',*,*,#3187,.T.);
#1616=ORIENTED_EDGE('',*,*,#3188,.T.);
#1617=ORIENTED_EDGE('',*,*,#3189,.T.);
#1618=ORIENTED_EDGE('',*,*,#3190,.F.);
#1619=ORIENTED_EDGE('',*,*,#3191,.F.);
#1620=ORIENTED_EDGE('',*,*,#3192,.F.);
#1621=ORIENTED_EDGE('',*,*,#3193,.F.);
#1622=ORIENTED_EDGE('',*,*,#3194,.F.);
#1623=ORIENTED_EDGE('',*,*,#3195,.F.);
#1624=ORIENTED_EDGE('',*,*,#3196,.T.);
#1625=ORIENTED_EDGE('',*,*,#3197,.T.);
#1626=ORIENTED_EDGE('',*,*,#3198,.T.);
#1627=ORIENTED_EDGE('',*,*,#3199,.T.);
#1628=ORIENTED_EDGE('',*,*,#3200,.T.);
#1629=ORIENTED_EDGE('',*,*,#3201,.T.);
#1630=ORIENTED_EDGE('',*,*,#3202,.T.);
#1631=ORIENTED_EDGE('',*,*,#3203,.T.);
#1632=ORIENTED_EDGE('',*,*,#3204,.T.);
#1633=ORIENTED_EDGE('',*,*,#3205,.T.);
#1634=ORIENTED_EDGE('',*,*,#3206,.T.);
#1635=ORIENTED_EDGE('',*,*,#3207,.T.);
#1636=ORIENTED_EDGE('',*,*,#3208,.F.);
#1637=ORIENTED_EDGE('',*,*,#3209,.F.);
#1638=ORIENTED_EDGE('',*,*,#3210,.F.);
#1639=ORIENTED_EDGE('',*,*,#3211,.F.);
#1640=ORIENTED_EDGE('',*,*,#3212,.F.);
#1641=ORIENTED_EDGE('',*,*,#3213,.F.);
#1642=ORIENTED_EDGE('',*,*,#3214,.F.);
#1643=ORIENTED_EDGE('',*,*,#3215,.F.);
#1644=ORIENTED_EDGE('',*,*,#3216,.F.);
#1645=ORIENTED_EDGE('',*,*,#3217,.F.);
#1646=ORIENTED_EDGE('',*,*,#3218,.F.);
#1647=ORIENTED_EDGE('',*,*,#3219,.F.);
#1648=ORIENTED_EDGE('',*,*,#3220,.T.);
#1649=ORIENTED_EDGE('',*,*,#3221,.T.);
#1650=ORIENTED_EDGE('',*,*,#3222,.T.);
#1651=ORIENTED_EDGE('',*,*,#3223,.T.);
#1652=ORIENTED_EDGE('',*,*,#3224,.T.);
#1653=ORIENTED_EDGE('',*,*,#3225,.T.);
#1654=ORIENTED_EDGE('',*,*,#3226,.F.);
#1655=ORIENTED_EDGE('',*,*,#3227,.T.);
#1656=ORIENTED_EDGE('',*,*,#3228,.F.);
#1657=ORIENTED_EDGE('',*,*,#3141,.T.);
#1658=ORIENTED_EDGE('',*,*,#3229,.F.);
#1659=ORIENTED_EDGE('',*,*,#3230,.T.);
#1660=ORIENTED_EDGE('',*,*,#3231,.F.);
#1661=ORIENTED_EDGE('',*,*,#3055,.T.);
#1662=ORIENTED_EDGE('',*,*,#3232,.F.);
#1663=ORIENTED_EDGE('',*,*,#3233,.F.);
#1664=ORIENTED_EDGE('',*,*,#3234,.F.);
#1665=ORIENTED_EDGE('',*,*,#3235,.F.);
#1666=ORIENTED_EDGE('',*,*,#3236,.F.);
#1667=ORIENTED_EDGE('',*,*,#3237,.F.);
#1668=ORIENTED_EDGE('',*,*,#3238,.T.);
#1669=ORIENTED_EDGE('',*,*,#3239,.T.);
#1670=ORIENTED_EDGE('',*,*,#3240,.T.);
#1671=ORIENTED_EDGE('',*,*,#3241,.T.);
#1672=ORIENTED_EDGE('',*,*,#3242,.T.);
#1673=ORIENTED_EDGE('',*,*,#3243,.T.);
#1674=ORIENTED_EDGE('',*,*,#3244,.F.);
#1675=ORIENTED_EDGE('',*,*,#3245,.F.);
#1676=ORIENTED_EDGE('',*,*,#3246,.F.);
#1677=ORIENTED_EDGE('',*,*,#3247,.F.);
#1678=ORIENTED_EDGE('',*,*,#3248,.F.);
#1679=ORIENTED_EDGE('',*,*,#3249,.F.);
#1680=ORIENTED_EDGE('',*,*,#3250,.T.);
#1681=ORIENTED_EDGE('',*,*,#3251,.T.);
#1682=ORIENTED_EDGE('',*,*,#3252,.T.);
#1683=ORIENTED_EDGE('',*,*,#3253,.T.);
#1684=ORIENTED_EDGE('',*,*,#3254,.T.);
#1685=ORIENTED_EDGE('',*,*,#3255,.T.);
#1686=ORIENTED_EDGE('',*,*,#3256,.F.);
#1687=ORIENTED_EDGE('',*,*,#3257,.F.);
#1688=ORIENTED_EDGE('',*,*,#3258,.F.);
#1689=ORIENTED_EDGE('',*,*,#3259,.F.);
#1690=ORIENTED_EDGE('',*,*,#3260,.F.);
#1691=ORIENTED_EDGE('',*,*,#3261,.F.);
#1692=ORIENTED_EDGE('',*,*,#3262,.F.);
#1693=ORIENTED_EDGE('',*,*,#3263,.F.);
#1694=ORIENTED_EDGE('',*,*,#3264,.F.);
#1695=ORIENTED_EDGE('',*,*,#3265,.F.);
#1696=ORIENTED_EDGE('',*,*,#3266,.F.);
#1697=ORIENTED_EDGE('',*,*,#3267,.F.);
#1698=ORIENTED_EDGE('',*,*,#3268,.F.);
#1699=ORIENTED_EDGE('',*,*,#3269,.F.);
#1700=ORIENTED_EDGE('',*,*,#3270,.F.);
#1701=ORIENTED_EDGE('',*,*,#3271,.F.);
#1702=ORIENTED_EDGE('',*,*,#3272,.F.);
#1703=ORIENTED_EDGE('',*,*,#3273,.F.);
#1704=ORIENTED_EDGE('',*,*,#3274,.F.);
#1705=ORIENTED_EDGE('',*,*,#3275,.F.);
#1706=ORIENTED_EDGE('',*,*,#3276,.F.);
#1707=ORIENTED_EDGE('',*,*,#3277,.F.);
#1708=ORIENTED_EDGE('',*,*,#3278,.F.);
#1709=ORIENTED_EDGE('',*,*,#3279,.F.);
#1710=ORIENTED_EDGE('',*,*,#3280,.F.);
#1711=ORIENTED_EDGE('',*,*,#3281,.F.);
#1712=ORIENTED_EDGE('',*,*,#3282,.F.);
#1713=ORIENTED_EDGE('',*,*,#3283,.F.);
#1714=ORIENTED_EDGE('',*,*,#3284,.F.);
#1715=ORIENTED_EDGE('',*,*,#3285,.F.);
#1716=ORIENTED_EDGE('',*,*,#3286,.F.);
#1717=ORIENTED_EDGE('',*,*,#3287,.F.);
#1718=ORIENTED_EDGE('',*,*,#3288,.T.);
#1719=ORIENTED_EDGE('',*,*,#2965,.T.);
#1720=ORIENTED_EDGE('',*,*,#3289,.T.);
#1721=ORIENTED_EDGE('',*,*,#3290,.T.);
#1722=ORIENTED_EDGE('',*,*,#3291,.T.);
#1723=ORIENTED_EDGE('',*,*,#2871,.T.);
#1724=ORIENTED_EDGE('',*,*,#3292,.T.);
#1725=ORIENTED_EDGE('',*,*,#3293,.T.);
#1726=ORIENTED_EDGE('',*,*,#3294,.F.);
#1727=ORIENTED_EDGE('',*,*,#3295,.T.);
#1728=ORIENTED_EDGE('',*,*,#3296,.F.);
#1729=ORIENTED_EDGE('',*,*,#3297,.T.);
#1730=ORIENTED_EDGE('',*,*,#3298,.T.);
#1731=ORIENTED_EDGE('',*,*,#3299,.T.);
#1732=ORIENTED_EDGE('',*,*,#3300,.T.);
#1733=ORIENTED_EDGE('',*,*,#3301,.T.);
#1734=ORIENTED_EDGE('',*,*,#3302,.T.);
#1735=ORIENTED_EDGE('',*,*,#3303,.T.);
#1736=ORIENTED_EDGE('',*,*,#3304,.T.);
#1737=ORIENTED_EDGE('',*,*,#3305,.T.);
#1738=ORIENTED_EDGE('',*,*,#3306,.T.);
#1739=ORIENTED_EDGE('',*,*,#3307,.T.);
#1740=ORIENTED_EDGE('',*,*,#3308,.T.);
#1741=ORIENTED_EDGE('',*,*,#3309,.T.);
#1742=ORIENTED_EDGE('',*,*,#3310,.T.);
#1743=ORIENTED_EDGE('',*,*,#3311,.T.);
#1744=ORIENTED_EDGE('',*,*,#3312,.T.);
#1745=ORIENTED_EDGE('',*,*,#3313,.T.);
#1746=ORIENTED_EDGE('',*,*,#3314,.T.);
#1747=ORIENTED_EDGE('',*,*,#3315,.T.);
#1748=ORIENTED_EDGE('',*,*,#3316,.T.);
#1749=ORIENTED_EDGE('',*,*,#3317,.T.);
#1750=ORIENTED_EDGE('',*,*,#3318,.T.);
#1751=ORIENTED_EDGE('',*,*,#3319,.T.);
#1752=ORIENTED_EDGE('',*,*,#3320,.T.);
#1753=ORIENTED_EDGE('',*,*,#3321,.T.);
#1754=ORIENTED_EDGE('',*,*,#3322,.F.);
#1755=ORIENTED_EDGE('',*,*,#3223,.F.);
#1756=ORIENTED_EDGE('',*,*,#3323,.F.);
#1757=ORIENTED_EDGE('',*,*,#3222,.F.);
#1758=ORIENTED_EDGE('',*,*,#3324,.F.);
#1759=ORIENTED_EDGE('',*,*,#3221,.F.);
#1760=ORIENTED_EDGE('',*,*,#3325,.F.);
#1761=ORIENTED_EDGE('',*,*,#3220,.F.);
#1762=ORIENTED_EDGE('',*,*,#3324,.T.);
#1763=ORIENTED_EDGE('',*,*,#3326,.T.);
#1764=ORIENTED_EDGE('',*,*,#3322,.T.);
#1765=ORIENTED_EDGE('',*,*,#3327,.T.);
#1766=ORIENTED_EDGE('',*,*,#3323,.T.);
#1767=ORIENTED_EDGE('',*,*,#3328,.T.);
#1768=ORIENTED_EDGE('',*,*,#3325,.T.);
#1769=ORIENTED_EDGE('',*,*,#3329,.T.);
#1770=ORIENTED_EDGE('',*,*,#3330,.F.);
#1771=ORIENTED_EDGE('',*,*,#3326,.F.);
#1772=ORIENTED_EDGE('',*,*,#3296,.T.);
#1773=ORIENTED_EDGE('',*,*,#3331,.F.);
#1774=ORIENTED_EDGE('',*,*,#3330,.T.);
#1775=ORIENTED_EDGE('',*,*,#3332,.F.);
#1776=ORIENTED_EDGE('',*,*,#3327,.F.);
#1777=ORIENTED_EDGE('',*,*,#3333,.T.);
#1778=ORIENTED_EDGE('',*,*,#3334,.T.);
#1779=ORIENTED_EDGE('',*,*,#3335,.T.);
#1780=ORIENTED_EDGE('',*,*,#3336,.T.);
#1781=ORIENTED_EDGE('',*,*,#3337,.F.);
#1782=ORIENTED_EDGE('',*,*,#3297,.F.);
#1783=ORIENTED_EDGE('',*,*,#3331,.T.);
#1784=ORIENTED_EDGE('',*,*,#3295,.F.);
#1785=ORIENTED_EDGE('',*,*,#3338,.T.);
#1786=ORIENTED_EDGE('',*,*,#3293,.F.);
#1787=ORIENTED_EDGE('',*,*,#3339,.F.);
#1788=ORIENTED_EDGE('',*,*,#3340,.T.);
#1789=ORIENTED_EDGE('',*,*,#3294,.T.);
#1790=ORIENTED_EDGE('',*,*,#3338,.F.);
#1791=ORIENTED_EDGE('',*,*,#3332,.T.);
#1792=ORIENTED_EDGE('',*,*,#3341,.F.);
#1793=ORIENTED_EDGE('',*,*,#3329,.F.);
#1794=ORIENTED_EDGE('',*,*,#3286,.T.);
#1795=ORIENTED_EDGE('',*,*,#3341,.T.);
#1796=ORIENTED_EDGE('',*,*,#3342,.F.);
#1797=ORIENTED_EDGE('',*,*,#3328,.F.);
#1798=ORIENTED_EDGE('',*,*,#3287,.T.);
#1799=ORIENTED_EDGE('',*,*,#3342,.T.);
#1800=ORIENTED_EDGE('',*,*,#3289,.F.);
#1801=ORIENTED_EDGE('',*,*,#2964,.T.);
#1802=ORIENTED_EDGE('',*,*,#3343,.T.);
#1803=ORIENTED_EDGE('',*,*,#3344,.T.);
#1804=ORIENTED_EDGE('',*,*,#3345,.T.);
#1805=ORIENTED_EDGE('',*,*,#3346,.F.);
#1806=ORIENTED_EDGE('',*,*,#3290,.F.);
#1807=ORIENTED_EDGE('',*,*,#3344,.F.);
#1808=ORIENTED_EDGE('',*,*,#3347,.T.);
#1809=ORIENTED_EDGE('',*,*,#3291,.F.);
#1810=ORIENTED_EDGE('',*,*,#3346,.T.);
#1811=ORIENTED_EDGE('',*,*,#3348,.T.);
#1812=ORIENTED_EDGE('',*,*,#2872,.T.);
#1813=ORIENTED_EDGE('',*,*,#3292,.F.);
#1814=ORIENTED_EDGE('',*,*,#2870,.T.);
#1815=ORIENTED_EDGE('',*,*,#3349,.T.);
#1816=ORIENTED_EDGE('',*,*,#3339,.T.);
#1817=ORIENTED_EDGE('',*,*,#3288,.F.);
#1818=ORIENTED_EDGE('',*,*,#3337,.T.);
#1819=ORIENTED_EDGE('',*,*,#3350,.T.);
#1820=ORIENTED_EDGE('',*,*,#2962,.T.);
#1821=ORIENTED_EDGE('',*,*,#3351,.T.);
#1822=ORIENTED_EDGE('',*,*,#3056,.T.);
#1823=ORIENTED_EDGE('',*,*,#3231,.T.);
#1824=ORIENTED_EDGE('',*,*,#3352,.T.);
#1825=ORIENTED_EDGE('',*,*,#3353,.T.);
#1826=ORIENTED_EDGE('',*,*,#3354,.T.);
#1827=ORIENTED_EDGE('',*,*,#3355,.T.);
#1828=ORIENTED_EDGE('',*,*,#3356,.T.);
#1829=ORIENTED_EDGE('',*,*,#3357,.F.);
#1830=ORIENTED_EDGE('',*,*,#3358,.F.);
#1831=ORIENTED_EDGE('',*,*,#3352,.F.);
#1832=ORIENTED_EDGE('',*,*,#3230,.F.);
#1833=ORIENTED_EDGE('',*,*,#3359,.T.);
#1834=ORIENTED_EDGE('',*,*,#3357,.T.);
#1835=ORIENTED_EDGE('',*,*,#3229,.T.);
#1836=ORIENTED_EDGE('',*,*,#3140,.T.);
#1837=ORIENTED_EDGE('',*,*,#3360,.T.);
#1838=ORIENTED_EDGE('',*,*,#3138,.T.);
#1839=ORIENTED_EDGE('',*,*,#3228,.T.);
#1840=ORIENTED_EDGE('',*,*,#3361,.T.);
#1841=ORIENTED_EDGE('',*,*,#2873,.T.);
#1842=ORIENTED_EDGE('',*,*,#3348,.F.);
#1843=ORIENTED_EDGE('',*,*,#3347,.F.);
#1844=ORIENTED_EDGE('',*,*,#3343,.F.);
#1845=ORIENTED_EDGE('',*,*,#2963,.T.);
#1846=ORIENTED_EDGE('',*,*,#3350,.F.);
#1847=ORIENTED_EDGE('',*,*,#3340,.F.);
#1848=ORIENTED_EDGE('',*,*,#3349,.F.);
#1849=ORIENTED_EDGE('',*,*,#3362,.T.);
#1850=ORIENTED_EDGE('',*,*,#3363,.T.);
#1851=ORIENTED_EDGE('',*,*,#3364,.T.);
#1852=ORIENTED_EDGE('',*,*,#3365,.T.);
#1853=ORIENTED_EDGE('',*,*,#3366,.F.);
#1854=ORIENTED_EDGE('',*,*,#3057,.T.);
#1855=ORIENTED_EDGE('',*,*,#3351,.F.);
#1856=ORIENTED_EDGE('',*,*,#3358,.T.);
#1857=ORIENTED_EDGE('',*,*,#3359,.F.);
#1858=ORIENTED_EDGE('',*,*,#3139,.T.);
#1859=ORIENTED_EDGE('',*,*,#3360,.F.);
#1860=ORIENTED_EDGE('',*,*,#3367,.T.);
#1861=ORIENTED_EDGE('',*,*,#3368,.T.);
#1862=ORIENTED_EDGE('',*,*,#3369,.F.);
#1863=ORIENTED_EDGE('',*,*,#3367,.F.);
#1864=ORIENTED_EDGE('',*,*,#3361,.F.);
#1865=ORIENTED_EDGE('',*,*,#3227,.F.);
#1866=ORIENTED_EDGE('',*,*,#3226,.T.);
#1867=ORIENTED_EDGE('',*,*,#3054,.T.);
#1868=ORIENTED_EDGE('',*,*,#3366,.T.);
#1869=ORIENTED_EDGE('',*,*,#3369,.T.);
#1870=ORIENTED_EDGE('',*,*,#3370,.F.);
#1871=ORIENTED_EDGE('',*,*,#3370,.T.);
#1872=ORIENTED_EDGE('',*,*,#3362,.F.);
#1873=ORIENTED_EDGE('',*,*,#3371,.F.);
#1874=ORIENTED_EDGE('',*,*,#3371,.T.);
#1875=ORIENTED_EDGE('',*,*,#3363,.F.);
#1876=ORIENTED_EDGE('',*,*,#3334,.F.);
#1877=ORIENTED_EDGE('',*,*,#3372,.F.);
#1878=ORIENTED_EDGE('',*,*,#3356,.F.);
#1879=ORIENTED_EDGE('',*,*,#3373,.T.);
#1880=ORIENTED_EDGE('',*,*,#3333,.F.);
#1881=ORIENTED_EDGE('',*,*,#3374,.F.);
#1882=ORIENTED_EDGE('',*,*,#3353,.F.);
#1883=ORIENTED_EDGE('',*,*,#3372,.T.);
#1884=ORIENTED_EDGE('',*,*,#3336,.F.);
#1885=ORIENTED_EDGE('',*,*,#3375,.F.);
#1886=ORIENTED_EDGE('',*,*,#3354,.F.);
#1887=ORIENTED_EDGE('',*,*,#3374,.T.);
#1888=ORIENTED_EDGE('',*,*,#3335,.F.);
#1889=ORIENTED_EDGE('',*,*,#3373,.F.);
#1890=ORIENTED_EDGE('',*,*,#3355,.F.);
#1891=ORIENTED_EDGE('',*,*,#3375,.T.);
#1892=ORIENTED_EDGE('',*,*,#3345,.F.);
#1893=ORIENTED_EDGE('',*,*,#3376,.T.);
#1894=ORIENTED_EDGE('',*,*,#3377,.T.);
#1895=ORIENTED_EDGE('',*,*,#3368,.F.);
#1896=ORIENTED_EDGE('',*,*,#3364,.F.);
#1897=ORIENTED_EDGE('',*,*,#3224,.F.);
#1898=ORIENTED_EDGE('',*,*,#3365,.F.);
#1899=ORIENTED_EDGE('',*,*,#3377,.F.);
#1900=ORIENTED_EDGE('',*,*,#3376,.F.);
#1901=ORIENTED_EDGE('',*,*,#3225,.F.);
#1902=ORIENTED_EDGE('',*,*,#3280,.T.);
#1903=ORIENTED_EDGE('',*,*,#3378,.T.);
#1904=ORIENTED_EDGE('',*,*,#3215,.T.);
#1905=ORIENTED_EDGE('',*,*,#3379,.F.);
#1906=ORIENTED_EDGE('',*,*,#3281,.T.);
#1907=ORIENTED_EDGE('',*,*,#3379,.T.);
#1908=ORIENTED_EDGE('',*,*,#3214,.T.);
#1909=ORIENTED_EDGE('',*,*,#3380,.F.);
#1910=ORIENTED_EDGE('',*,*,#3282,.T.);
#1911=ORIENTED_EDGE('',*,*,#3380,.T.);
#1912=ORIENTED_EDGE('',*,*,#3219,.T.);
#1913=ORIENTED_EDGE('',*,*,#3381,.F.);
#1914=ORIENTED_EDGE('',*,*,#3285,.T.);
#1915=ORIENTED_EDGE('',*,*,#3382,.T.);
#1916=ORIENTED_EDGE('',*,*,#3216,.T.);
#1917=ORIENTED_EDGE('',*,*,#3378,.F.);
#1918=ORIENTED_EDGE('',*,*,#3283,.T.);
#1919=ORIENTED_EDGE('',*,*,#3381,.T.);
#1920=ORIENTED_EDGE('',*,*,#3218,.T.);
#1921=ORIENTED_EDGE('',*,*,#3383,.F.);
#1922=ORIENTED_EDGE('',*,*,#3284,.T.);
#1923=ORIENTED_EDGE('',*,*,#3383,.T.);
#1924=ORIENTED_EDGE('',*,*,#3217,.T.);
#1925=ORIENTED_EDGE('',*,*,#3382,.F.);
#1926=ORIENTED_EDGE('',*,*,#3274,.T.);
#1927=ORIENTED_EDGE('',*,*,#3384,.T.);
#1928=ORIENTED_EDGE('',*,*,#3209,.T.);
#1929=ORIENTED_EDGE('',*,*,#3385,.F.);
#1930=ORIENTED_EDGE('',*,*,#3275,.T.);
#1931=ORIENTED_EDGE('',*,*,#3385,.T.);
#1932=ORIENTED_EDGE('',*,*,#3208,.T.);
#1933=ORIENTED_EDGE('',*,*,#3386,.F.);
#1934=ORIENTED_EDGE('',*,*,#3276,.T.);
#1935=ORIENTED_EDGE('',*,*,#3386,.T.);
#1936=ORIENTED_EDGE('',*,*,#3213,.T.);
#1937=ORIENTED_EDGE('',*,*,#3387,.F.);
#1938=ORIENTED_EDGE('',*,*,#3279,.T.);
#1939=ORIENTED_EDGE('',*,*,#3388,.T.);
#1940=ORIENTED_EDGE('',*,*,#3210,.T.);
#1941=ORIENTED_EDGE('',*,*,#3384,.F.);
#1942=ORIENTED_EDGE('',*,*,#3277,.T.);
#1943=ORIENTED_EDGE('',*,*,#3387,.T.);
#1944=ORIENTED_EDGE('',*,*,#3212,.T.);
#1945=ORIENTED_EDGE('',*,*,#3389,.F.);
#1946=ORIENTED_EDGE('',*,*,#3278,.T.);
#1947=ORIENTED_EDGE('',*,*,#3389,.T.);
#1948=ORIENTED_EDGE('',*,*,#3211,.T.);
#1949=ORIENTED_EDGE('',*,*,#3388,.F.);
#1950=ORIENTED_EDGE('',*,*,#3390,.T.);
#1951=ORIENTED_EDGE('',*,*,#3202,.F.);
#1952=ORIENTED_EDGE('',*,*,#3391,.F.);
#1953=ORIENTED_EDGE('',*,*,#3299,.F.);
#1954=ORIENTED_EDGE('',*,*,#3391,.T.);
#1955=ORIENTED_EDGE('',*,*,#3207,.F.);
#1956=ORIENTED_EDGE('',*,*,#3392,.F.);
#1957=ORIENTED_EDGE('',*,*,#3300,.F.);
#1958=ORIENTED_EDGE('',*,*,#3392,.T.);
#1959=ORIENTED_EDGE('',*,*,#3206,.F.);
#1960=ORIENTED_EDGE('',*,*,#3393,.F.);
#1961=ORIENTED_EDGE('',*,*,#3301,.F.);
#1962=ORIENTED_EDGE('',*,*,#3393,.T.);
#1963=ORIENTED_EDGE('',*,*,#3205,.F.);
#1964=ORIENTED_EDGE('',*,*,#3394,.F.);
#1965=ORIENTED_EDGE('',*,*,#3302,.F.);
#1966=ORIENTED_EDGE('',*,*,#3394,.T.);
#1967=ORIENTED_EDGE('',*,*,#3204,.F.);
#1968=ORIENTED_EDGE('',*,*,#3395,.F.);
#1969=ORIENTED_EDGE('',*,*,#3303,.F.);
#1970=ORIENTED_EDGE('',*,*,#3395,.T.);
#1971=ORIENTED_EDGE('',*,*,#3203,.F.);
#1972=ORIENTED_EDGE('',*,*,#3390,.F.);
#1973=ORIENTED_EDGE('',*,*,#3298,.F.);
#1974=ORIENTED_EDGE('',*,*,#3268,.T.);
#1975=ORIENTED_EDGE('',*,*,#3396,.T.);
#1976=ORIENTED_EDGE('',*,*,#3233,.T.);
#1977=ORIENTED_EDGE('',*,*,#3397,.F.);
#1978=ORIENTED_EDGE('',*,*,#3269,.T.);
#1979=ORIENTED_EDGE('',*,*,#3397,.T.);
#1980=ORIENTED_EDGE('',*,*,#3232,.T.);
#1981=ORIENTED_EDGE('',*,*,#3398,.F.);
#1982=ORIENTED_EDGE('',*,*,#3270,.T.);
#1983=ORIENTED_EDGE('',*,*,#3398,.T.);
#1984=ORIENTED_EDGE('',*,*,#3237,.T.);
#1985=ORIENTED_EDGE('',*,*,#3399,.F.);
#1986=ORIENTED_EDGE('',*,*,#3273,.T.);
#1987=ORIENTED_EDGE('',*,*,#3400,.T.);
#1988=ORIENTED_EDGE('',*,*,#3234,.T.);
#1989=ORIENTED_EDGE('',*,*,#3396,.F.);
#1990=ORIENTED_EDGE('',*,*,#3271,.T.);
#1991=ORIENTED_EDGE('',*,*,#3399,.T.);
#1992=ORIENTED_EDGE('',*,*,#3236,.T.);
#1993=ORIENTED_EDGE('',*,*,#3401,.F.);
#1994=ORIENTED_EDGE('',*,*,#3272,.T.);
#1995=ORIENTED_EDGE('',*,*,#3401,.T.);
#1996=ORIENTED_EDGE('',*,*,#3235,.T.);
#1997=ORIENTED_EDGE('',*,*,#3400,.F.);
#1998=ORIENTED_EDGE('',*,*,#3402,.T.);
#1999=ORIENTED_EDGE('',*,*,#3238,.F.);
#2000=ORIENTED_EDGE('',*,*,#3403,.F.);
#2001=ORIENTED_EDGE('',*,*,#3305,.F.);
#2002=ORIENTED_EDGE('',*,*,#3403,.T.);
#2003=ORIENTED_EDGE('',*,*,#3243,.F.);
#2004=ORIENTED_EDGE('',*,*,#3404,.F.);
#2005=ORIENTED_EDGE('',*,*,#3306,.F.);
#2006=ORIENTED_EDGE('',*,*,#3404,.T.);
#2007=ORIENTED_EDGE('',*,*,#3242,.F.);
#2008=ORIENTED_EDGE('',*,*,#3405,.F.);
#2009=ORIENTED_EDGE('',*,*,#3307,.F.);
#2010=ORIENTED_EDGE('',*,*,#3405,.T.);
#2011=ORIENTED_EDGE('',*,*,#3241,.F.);
#2012=ORIENTED_EDGE('',*,*,#3406,.F.);
#2013=ORIENTED_EDGE('',*,*,#3308,.F.);
#2014=ORIENTED_EDGE('',*,*,#3406,.T.);
#2015=ORIENTED_EDGE('',*,*,#3240,.F.);
#2016=ORIENTED_EDGE('',*,*,#3407,.F.);
#2017=ORIENTED_EDGE('',*,*,#3309,.F.);
#2018=ORIENTED_EDGE('',*,*,#3407,.T.);
#2019=ORIENTED_EDGE('',*,*,#3239,.F.);
#2020=ORIENTED_EDGE('',*,*,#3402,.F.);
#2021=ORIENTED_EDGE('',*,*,#3304,.F.);
#2022=ORIENTED_EDGE('',*,*,#3408,.T.);
#2023=ORIENTED_EDGE('',*,*,#3196,.F.);
#2024=ORIENTED_EDGE('',*,*,#3409,.F.);
#2025=ORIENTED_EDGE('',*,*,#3311,.F.);
#2026=ORIENTED_EDGE('',*,*,#3409,.T.);
#2027=ORIENTED_EDGE('',*,*,#3201,.F.);
#2028=ORIENTED_EDGE('',*,*,#3410,.F.);
#2029=ORIENTED_EDGE('',*,*,#3312,.F.);
#2030=ORIENTED_EDGE('',*,*,#3410,.T.);
#2031=ORIENTED_EDGE('',*,*,#3200,.F.);
#2032=ORIENTED_EDGE('',*,*,#3411,.F.);
#2033=ORIENTED_EDGE('',*,*,#3313,.F.);
#2034=ORIENTED_EDGE('',*,*,#3411,.T.);
#2035=ORIENTED_EDGE('',*,*,#3199,.F.);
#2036=ORIENTED_EDGE('',*,*,#3412,.F.);
#2037=ORIENTED_EDGE('',*,*,#3314,.F.);
#2038=ORIENTED_EDGE('',*,*,#3412,.T.);
#2039=ORIENTED_EDGE('',*,*,#3198,.F.);
#2040=ORIENTED_EDGE('',*,*,#3413,.F.);
#2041=ORIENTED_EDGE('',*,*,#3315,.F.);
#2042=ORIENTED_EDGE('',*,*,#3413,.T.);
#2043=ORIENTED_EDGE('',*,*,#3197,.F.);
#2044=ORIENTED_EDGE('',*,*,#3408,.F.);
#2045=ORIENTED_EDGE('',*,*,#3310,.F.);
#2046=ORIENTED_EDGE('',*,*,#3262,.T.);
#2047=ORIENTED_EDGE('',*,*,#3414,.T.);
#2048=ORIENTED_EDGE('',*,*,#3245,.T.);
#2049=ORIENTED_EDGE('',*,*,#3415,.F.);
#2050=ORIENTED_EDGE('',*,*,#3263,.T.);
#2051=ORIENTED_EDGE('',*,*,#3415,.T.);
#2052=ORIENTED_EDGE('',*,*,#3244,.T.);
#2053=ORIENTED_EDGE('',*,*,#3416,.F.);
#2054=ORIENTED_EDGE('',*,*,#3264,.T.);
#2055=ORIENTED_EDGE('',*,*,#3416,.T.);
#2056=ORIENTED_EDGE('',*,*,#3249,.T.);
#2057=ORIENTED_EDGE('',*,*,#3417,.F.);
#2058=ORIENTED_EDGE('',*,*,#3267,.T.);
#2059=ORIENTED_EDGE('',*,*,#3418,.T.);
#2060=ORIENTED_EDGE('',*,*,#3246,.T.);
#2061=ORIENTED_EDGE('',*,*,#3414,.F.);
#2062=ORIENTED_EDGE('',*,*,#3265,.T.);
#2063=ORIENTED_EDGE('',*,*,#3417,.T.);
#2064=ORIENTED_EDGE('',*,*,#3248,.T.);
#2065=ORIENTED_EDGE('',*,*,#3419,.F.);
#2066=ORIENTED_EDGE('',*,*,#3266,.T.);
#2067=ORIENTED_EDGE('',*,*,#3419,.T.);
#2068=ORIENTED_EDGE('',*,*,#3247,.T.);
#2069=ORIENTED_EDGE('',*,*,#3418,.F.);
#2070=ORIENTED_EDGE('',*,*,#3420,.T.);
#2071=ORIENTED_EDGE('',*,*,#3250,.F.);
#2072=ORIENTED_EDGE('',*,*,#3421,.F.);
#2073=ORIENTED_EDGE('',*,*,#3317,.F.);
#2074=ORIENTED_EDGE('',*,*,#3421,.T.);
#2075=ORIENTED_EDGE('',*,*,#3255,.F.);
#2076=ORIENTED_EDGE('',*,*,#3422,.F.);
#2077=ORIENTED_EDGE('',*,*,#3318,.F.);
#2078=ORIENTED_EDGE('',*,*,#3422,.T.);
#2079=ORIENTED_EDGE('',*,*,#3254,.F.);
#2080=ORIENTED_EDGE('',*,*,#3423,.F.);
#2081=ORIENTED_EDGE('',*,*,#3319,.F.);
#2082=ORIENTED_EDGE('',*,*,#3423,.T.);
#2083=ORIENTED_EDGE('',*,*,#3253,.F.);
#2084=ORIENTED_EDGE('',*,*,#3424,.F.);
#2085=ORIENTED_EDGE('',*,*,#3320,.F.);
#2086=ORIENTED_EDGE('',*,*,#3424,.T.);
#2087=ORIENTED_EDGE('',*,*,#3252,.F.);
#2088=ORIENTED_EDGE('',*,*,#3425,.F.);
#2089=ORIENTED_EDGE('',*,*,#3321,.F.);
#2090=ORIENTED_EDGE('',*,*,#3425,.T.);
#2091=ORIENTED_EDGE('',*,*,#3251,.F.);
#2092=ORIENTED_EDGE('',*,*,#3420,.F.);
#2093=ORIENTED_EDGE('',*,*,#3316,.F.);
#2094=ORIENTED_EDGE('',*,*,#3256,.T.);
#2095=ORIENTED_EDGE('',*,*,#3426,.T.);
#2096=ORIENTED_EDGE('',*,*,#3191,.T.);
#2097=ORIENTED_EDGE('',*,*,#3427,.F.);
#2098=ORIENTED_EDGE('',*,*,#3257,.T.);
#2099=ORIENTED_EDGE('',*,*,#3427,.T.);
#2100=ORIENTED_EDGE('',*,*,#3190,.T.);
#2101=ORIENTED_EDGE('',*,*,#3428,.F.);
#2102=ORIENTED_EDGE('',*,*,#3258,.T.);
#2103=ORIENTED_EDGE('',*,*,#3428,.T.);
#2104=ORIENTED_EDGE('',*,*,#3195,.T.);
#2105=ORIENTED_EDGE('',*,*,#3429,.F.);
#2106=ORIENTED_EDGE('',*,*,#3261,.T.);
#2107=ORIENTED_EDGE('',*,*,#3430,.T.);
#2108=ORIENTED_EDGE('',*,*,#3192,.T.);
#2109=ORIENTED_EDGE('',*,*,#3426,.F.);
#2110=ORIENTED_EDGE('',*,*,#3259,.T.);
#2111=ORIENTED_EDGE('',*,*,#3429,.T.);
#2112=ORIENTED_EDGE('',*,*,#3194,.T.);
#2113=ORIENTED_EDGE('',*,*,#3431,.F.);
#2114=ORIENTED_EDGE('',*,*,#3260,.T.);
#2115=ORIENTED_EDGE('',*,*,#3431,.T.);
#2116=ORIENTED_EDGE('',*,*,#3193,.T.);
#2117=ORIENTED_EDGE('',*,*,#3430,.F.);
#2118=ORIENTED_EDGE('',*,*,#2972,.T.);
#2119=ORIENTED_EDGE('',*,*,#3432,.F.);
#2120=ORIENTED_EDGE('',*,*,#3133,.F.);
#2121=ORIENTED_EDGE('',*,*,#3433,.T.);
#2122=ORIENTED_EDGE('',*,*,#3433,.F.);
#2123=ORIENTED_EDGE('',*,*,#3132,.T.);
#2124=ORIENTED_EDGE('',*,*,#3434,.T.);
#2125=ORIENTED_EDGE('',*,*,#2973,.F.);
#2126=ORIENTED_EDGE('',*,*,#3434,.F.);
#2127=ORIENTED_EDGE('',*,*,#3131,.T.);
#2128=ORIENTED_EDGE('',*,*,#3435,.T.);
#2129=ORIENTED_EDGE('',*,*,#2966,.F.);
#2130=ORIENTED_EDGE('',*,*,#3436,.F.);
#2131=ORIENTED_EDGE('',*,*,#3137,.T.);
#2132=ORIENTED_EDGE('',*,*,#3437,.T.);
#2133=ORIENTED_EDGE('',*,*,#2968,.F.);
#2134=ORIENTED_EDGE('',*,*,#3437,.F.);
#2135=ORIENTED_EDGE('',*,*,#3136,.T.);
#2136=ORIENTED_EDGE('',*,*,#3438,.T.);
#2137=ORIENTED_EDGE('',*,*,#2969,.F.);
#2138=ORIENTED_EDGE('',*,*,#3438,.F.);
#2139=ORIENTED_EDGE('',*,*,#3135,.T.);
#2140=ORIENTED_EDGE('',*,*,#3439,.T.);
#2141=ORIENTED_EDGE('',*,*,#2970,.F.);
#2142=ORIENTED_EDGE('',*,*,#3439,.F.);
#2143=ORIENTED_EDGE('',*,*,#3134,.T.);
#2144=ORIENTED_EDGE('',*,*,#3432,.T.);
#2145=ORIENTED_EDGE('',*,*,#2971,.F.);
#2146=ORIENTED_EDGE('',*,*,#3435,.F.);
#2147=ORIENTED_EDGE('',*,*,#3130,.T.);
#2148=ORIENTED_EDGE('',*,*,#3436,.T.);
#2149=ORIENTED_EDGE('',*,*,#2967,.F.);
#2150=ORIENTED_EDGE('',*,*,#2979,.T.);
#2151=ORIENTED_EDGE('',*,*,#3440,.F.);
#2152=ORIENTED_EDGE('',*,*,#3109,.F.);
#2153=ORIENTED_EDGE('',*,*,#3441,.T.);
#2154=ORIENTED_EDGE('',*,*,#3441,.F.);
#2155=ORIENTED_EDGE('',*,*,#3108,.T.);
#2156=ORIENTED_EDGE('',*,*,#3442,.T.);
#2157=ORIENTED_EDGE('',*,*,#2980,.F.);
#2158=ORIENTED_EDGE('',*,*,#3442,.F.);
#2159=ORIENTED_EDGE('',*,*,#3107,.T.);
#2160=ORIENTED_EDGE('',*,*,#3443,.T.);
#2161=ORIENTED_EDGE('',*,*,#2981,.F.);
#2162=ORIENTED_EDGE('',*,*,#3444,.F.);
#2163=ORIENTED_EDGE('',*,*,#3112,.T.);
#2164=ORIENTED_EDGE('',*,*,#3445,.T.);
#2165=ORIENTED_EDGE('',*,*,#2976,.F.);
#2166=ORIENTED_EDGE('',*,*,#3445,.F.);
#2167=ORIENTED_EDGE('',*,*,#3111,.T.);
#2168=ORIENTED_EDGE('',*,*,#3446,.T.);
#2169=ORIENTED_EDGE('',*,*,#2977,.F.);
#2170=ORIENTED_EDGE('',*,*,#3447,.F.);
#2171=ORIENTED_EDGE('',*,*,#3113,.T.);
#2172=ORIENTED_EDGE('',*,*,#3444,.T.);
#2173=ORIENTED_EDGE('',*,*,#2975,.F.);
#2174=ORIENTED_EDGE('',*,*,#3446,.F.);
#2175=ORIENTED_EDGE('',*,*,#3110,.T.);
#2176=ORIENTED_EDGE('',*,*,#3440,.T.);
#2177=ORIENTED_EDGE('',*,*,#2978,.F.);
#2178=ORIENTED_EDGE('',*,*,#3443,.F.);
#2179=ORIENTED_EDGE('',*,*,#3106,.T.);
#2180=ORIENTED_EDGE('',*,*,#3447,.T.);
#2181=ORIENTED_EDGE('',*,*,#2974,.F.);
#2182=ORIENTED_EDGE('',*,*,#2985,.T.);
#2183=ORIENTED_EDGE('',*,*,#3448,.F.);
#2184=ORIENTED_EDGE('',*,*,#3129,.F.);
#2185=ORIENTED_EDGE('',*,*,#3449,.T.);
#2186=ORIENTED_EDGE('',*,*,#3449,.F.);
#2187=ORIENTED_EDGE('',*,*,#3128,.T.);
#2188=ORIENTED_EDGE('',*,*,#3450,.T.);
#2189=ORIENTED_EDGE('',*,*,#2986,.F.);
#2190=ORIENTED_EDGE('',*,*,#3450,.F.);
#2191=ORIENTED_EDGE('',*,*,#3127,.T.);
#2192=ORIENTED_EDGE('',*,*,#3451,.T.);
#2193=ORIENTED_EDGE('',*,*,#2987,.F.);
#2194=ORIENTED_EDGE('',*,*,#3452,.F.);
#2195=ORIENTED_EDGE('',*,*,#3125,.T.);
#2196=ORIENTED_EDGE('',*,*,#3453,.T.);
#2197=ORIENTED_EDGE('',*,*,#2989,.F.);
#2198=ORIENTED_EDGE('',*,*,#3453,.F.);
#2199=ORIENTED_EDGE('',*,*,#3124,.T.);
#2200=ORIENTED_EDGE('',*,*,#3454,.T.);
#2201=ORIENTED_EDGE('',*,*,#2982,.F.);
#2202=ORIENTED_EDGE('',*,*,#3454,.F.);
#2203=ORIENTED_EDGE('',*,*,#3123,.T.);
#2204=ORIENTED_EDGE('',*,*,#3455,.T.);
#2205=ORIENTED_EDGE('',*,*,#2983,.F.);
#2206=ORIENTED_EDGE('',*,*,#3455,.F.);
#2207=ORIENTED_EDGE('',*,*,#3122,.T.);
#2208=ORIENTED_EDGE('',*,*,#3448,.T.);
#2209=ORIENTED_EDGE('',*,*,#2984,.F.);
#2210=ORIENTED_EDGE('',*,*,#3451,.F.);
#2211=ORIENTED_EDGE('',*,*,#3126,.T.);
#2212=ORIENTED_EDGE('',*,*,#3452,.T.);
#2213=ORIENTED_EDGE('',*,*,#2988,.F.);
#2214=ORIENTED_EDGE('',*,*,#2995,.T.);
#2215=ORIENTED_EDGE('',*,*,#3456,.F.);
#2216=ORIENTED_EDGE('',*,*,#3101,.F.);
#2217=ORIENTED_EDGE('',*,*,#3457,.T.);
#2218=ORIENTED_EDGE('',*,*,#3457,.F.);
#2219=ORIENTED_EDGE('',*,*,#3100,.T.);
#2220=ORIENTED_EDGE('',*,*,#3458,.T.);
#2221=ORIENTED_EDGE('',*,*,#2996,.F.);
#2222=ORIENTED_EDGE('',*,*,#3458,.F.);
#2223=ORIENTED_EDGE('',*,*,#3099,.T.);
#2224=ORIENTED_EDGE('',*,*,#3459,.T.);
#2225=ORIENTED_EDGE('',*,*,#2997,.F.);
#2226=ORIENTED_EDGE('',*,*,#3460,.F.);
#2227=ORIENTED_EDGE('',*,*,#3104,.T.);
#2228=ORIENTED_EDGE('',*,*,#3461,.T.);
#2229=ORIENTED_EDGE('',*,*,#2992,.F.);
#2230=ORIENTED_EDGE('',*,*,#3461,.F.);
#2231=ORIENTED_EDGE('',*,*,#3103,.T.);
#2232=ORIENTED_EDGE('',*,*,#3462,.T.);
#2233=ORIENTED_EDGE('',*,*,#2993,.F.);
#2234=ORIENTED_EDGE('',*,*,#3463,.F.);
#2235=ORIENTED_EDGE('',*,*,#3105,.T.);
#2236=ORIENTED_EDGE('',*,*,#3460,.T.);
#2237=ORIENTED_EDGE('',*,*,#2991,.F.);
#2238=ORIENTED_EDGE('',*,*,#3462,.F.);
#2239=ORIENTED_EDGE('',*,*,#3102,.T.);
#2240=ORIENTED_EDGE('',*,*,#3456,.T.);
#2241=ORIENTED_EDGE('',*,*,#2994,.F.);
#2242=ORIENTED_EDGE('',*,*,#3459,.F.);
#2243=ORIENTED_EDGE('',*,*,#3098,.T.);
#2244=ORIENTED_EDGE('',*,*,#3463,.T.);
#2245=ORIENTED_EDGE('',*,*,#2990,.F.);
#2246=ORIENTED_EDGE('',*,*,#3464,.F.);
#2247=ORIENTED_EDGE('',*,*,#3121,.T.);
#2248=ORIENTED_EDGE('',*,*,#3465,.T.);
#2249=ORIENTED_EDGE('',*,*,#3001,.F.);
#2250=ORIENTED_EDGE('',*,*,#3465,.F.);
#2251=ORIENTED_EDGE('',*,*,#3120,.T.);
#2252=ORIENTED_EDGE('',*,*,#3466,.T.);
#2253=ORIENTED_EDGE('',*,*,#3002,.F.);
#2254=ORIENTED_EDGE('',*,*,#3466,.F.);
#2255=ORIENTED_EDGE('',*,*,#3119,.T.);
#2256=ORIENTED_EDGE('',*,*,#3467,.T.);
#2257=ORIENTED_EDGE('',*,*,#3003,.F.);
#2258=ORIENTED_EDGE('',*,*,#3005,.T.);
#2259=ORIENTED_EDGE('',*,*,#3468,.F.);
#2260=ORIENTED_EDGE('',*,*,#3117,.F.);
#2261=ORIENTED_EDGE('',*,*,#3469,.T.);
#2262=ORIENTED_EDGE('',*,*,#3469,.F.);
#2263=ORIENTED_EDGE('',*,*,#3116,.T.);
#2264=ORIENTED_EDGE('',*,*,#3470,.T.);
#2265=ORIENTED_EDGE('',*,*,#2998,.F.);
#2266=ORIENTED_EDGE('',*,*,#3470,.F.);
#2267=ORIENTED_EDGE('',*,*,#3115,.T.);
#2268=ORIENTED_EDGE('',*,*,#3471,.T.);
#2269=ORIENTED_EDGE('',*,*,#2999,.F.);
#2270=ORIENTED_EDGE('',*,*,#3471,.F.);
#2271=ORIENTED_EDGE('',*,*,#3114,.T.);
#2272=ORIENTED_EDGE('',*,*,#3464,.T.);
#2273=ORIENTED_EDGE('',*,*,#3000,.F.);
#2274=ORIENTED_EDGE('',*,*,#3467,.F.);
#2275=ORIENTED_EDGE('',*,*,#3118,.T.);
#2276=ORIENTED_EDGE('',*,*,#3468,.T.);
#2277=ORIENTED_EDGE('',*,*,#3004,.F.);
#2278=ORIENTED_EDGE('',*,*,#2961,.T.);
#2279=ORIENTED_EDGE('',*,*,#3472,.F.);
#2280=ORIENTED_EDGE('',*,*,#3146,.F.);
#2281=ORIENTED_EDGE('',*,*,#3473,.T.);
#2282=ORIENTED_EDGE('',*,*,#2955,.T.);
#2283=ORIENTED_EDGE('',*,*,#3474,.F.);
#2284=ORIENTED_EDGE('',*,*,#3144,.F.);
#2285=ORIENTED_EDGE('',*,*,#3475,.T.);
#2286=ORIENTED_EDGE('',*,*,#2954,.T.);
#2287=ORIENTED_EDGE('',*,*,#3473,.F.);
#2288=ORIENTED_EDGE('',*,*,#3145,.F.);
#2289=ORIENTED_EDGE('',*,*,#3474,.T.);
#2290=ORIENTED_EDGE('',*,*,#2957,.T.);
#2291=ORIENTED_EDGE('',*,*,#3476,.F.);
#2292=ORIENTED_EDGE('',*,*,#3142,.F.);
#2293=ORIENTED_EDGE('',*,*,#3477,.T.);
#2294=ORIENTED_EDGE('',*,*,#2958,.T.);
#2295=ORIENTED_EDGE('',*,*,#3477,.F.);
#2296=ORIENTED_EDGE('',*,*,#3149,.F.);
#2297=ORIENTED_EDGE('',*,*,#3478,.T.);
#2298=ORIENTED_EDGE('',*,*,#3478,.F.);
#2299=ORIENTED_EDGE('',*,*,#3148,.T.);
#2300=ORIENTED_EDGE('',*,*,#3479,.T.);
#2301=ORIENTED_EDGE('',*,*,#2959,.F.);
#2302=ORIENTED_EDGE('',*,*,#2956,.T.);
#2303=ORIENTED_EDGE('',*,*,#3475,.F.);
#2304=ORIENTED_EDGE('',*,*,#3143,.F.);
#2305=ORIENTED_EDGE('',*,*,#3476,.T.);
#2306=ORIENTED_EDGE('',*,*,#2960,.T.);
#2307=ORIENTED_EDGE('',*,*,#3479,.F.);
#2308=ORIENTED_EDGE('',*,*,#3147,.F.);
#2309=ORIENTED_EDGE('',*,*,#3472,.T.);
#2310=ORIENTED_EDGE('',*,*,#2953,.T.);
#2311=ORIENTED_EDGE('',*,*,#3480,.F.);
#2312=ORIENTED_EDGE('',*,*,#3154,.F.);
#2313=ORIENTED_EDGE('',*,*,#3481,.T.);
#2314=ORIENTED_EDGE('',*,*,#3482,.F.);
#2315=ORIENTED_EDGE('',*,*,#3152,.T.);
#2316=ORIENTED_EDGE('',*,*,#3483,.T.);
#2317=ORIENTED_EDGE('',*,*,#2947,.F.);
#2318=ORIENTED_EDGE('',*,*,#2946,.T.);
#2319=ORIENTED_EDGE('',*,*,#3481,.F.);
#2320=ORIENTED_EDGE('',*,*,#3153,.F.);
#2321=ORIENTED_EDGE('',*,*,#3482,.T.);
#2322=ORIENTED_EDGE('',*,*,#2949,.T.);
#2323=ORIENTED_EDGE('',*,*,#3484,.F.);
#2324=ORIENTED_EDGE('',*,*,#3150,.F.);
#2325=ORIENTED_EDGE('',*,*,#3485,.T.);
#2326=ORIENTED_EDGE('',*,*,#2950,.T.);
#2327=ORIENTED_EDGE('',*,*,#3485,.F.);
#2328=ORIENTED_EDGE('',*,*,#3157,.F.);
#2329=ORIENTED_EDGE('',*,*,#3486,.T.);
#2330=ORIENTED_EDGE('',*,*,#2951,.T.);
#2331=ORIENTED_EDGE('',*,*,#3486,.F.);
#2332=ORIENTED_EDGE('',*,*,#3156,.F.);
#2333=ORIENTED_EDGE('',*,*,#3487,.T.);
#2334=ORIENTED_EDGE('',*,*,#2948,.T.);
#2335=ORIENTED_EDGE('',*,*,#3483,.F.);
#2336=ORIENTED_EDGE('',*,*,#3151,.F.);
#2337=ORIENTED_EDGE('',*,*,#3484,.T.);
#2338=ORIENTED_EDGE('',*,*,#2952,.T.);
#2339=ORIENTED_EDGE('',*,*,#3487,.F.);
#2340=ORIENTED_EDGE('',*,*,#3155,.F.);
#2341=ORIENTED_EDGE('',*,*,#3480,.T.);
#2342=ORIENTED_EDGE('',*,*,#2945,.T.);
#2343=ORIENTED_EDGE('',*,*,#3488,.F.);
#2344=ORIENTED_EDGE('',*,*,#3162,.F.);
#2345=ORIENTED_EDGE('',*,*,#3489,.T.);
#2346=ORIENTED_EDGE('',*,*,#3490,.F.);
#2347=ORIENTED_EDGE('',*,*,#3160,.T.);
#2348=ORIENTED_EDGE('',*,*,#3491,.T.);
#2349=ORIENTED_EDGE('',*,*,#2939,.F.);
#2350=ORIENTED_EDGE('',*,*,#2938,.T.);
#2351=ORIENTED_EDGE('',*,*,#3489,.F.);
#2352=ORIENTED_EDGE('',*,*,#3161,.F.);
#2353=ORIENTED_EDGE('',*,*,#3490,.T.);
#2354=ORIENTED_EDGE('',*,*,#2941,.T.);
#2355=ORIENTED_EDGE('',*,*,#3492,.F.);
#2356=ORIENTED_EDGE('',*,*,#3158,.F.);
#2357=ORIENTED_EDGE('',*,*,#3493,.T.);
#2358=ORIENTED_EDGE('',*,*,#2942,.T.);
#2359=ORIENTED_EDGE('',*,*,#3493,.F.);
#2360=ORIENTED_EDGE('',*,*,#3165,.F.);
#2361=ORIENTED_EDGE('',*,*,#3494,.T.);
#2362=ORIENTED_EDGE('',*,*,#2943,.T.);
#2363=ORIENTED_EDGE('',*,*,#3494,.F.);
#2364=ORIENTED_EDGE('',*,*,#3164,.F.);
#2365=ORIENTED_EDGE('',*,*,#3495,.T.);
#2366=ORIENTED_EDGE('',*,*,#2940,.T.);
#2367=ORIENTED_EDGE('',*,*,#3491,.F.);
#2368=ORIENTED_EDGE('',*,*,#3159,.F.);
#2369=ORIENTED_EDGE('',*,*,#3492,.T.);
#2370=ORIENTED_EDGE('',*,*,#2944,.T.);
#2371=ORIENTED_EDGE('',*,*,#3495,.F.);
#2372=ORIENTED_EDGE('',*,*,#3163,.F.);
#2373=ORIENTED_EDGE('',*,*,#3488,.T.);
#2374=ORIENTED_EDGE('',*,*,#2937,.T.);
#2375=ORIENTED_EDGE('',*,*,#3496,.F.);
#2376=ORIENTED_EDGE('',*,*,#3170,.F.);
#2377=ORIENTED_EDGE('',*,*,#3497,.T.);
#2378=ORIENTED_EDGE('',*,*,#3498,.F.);
#2379=ORIENTED_EDGE('',*,*,#3168,.T.);
#2380=ORIENTED_EDGE('',*,*,#3499,.T.);
#2381=ORIENTED_EDGE('',*,*,#2931,.F.);
#2382=ORIENTED_EDGE('',*,*,#2930,.T.);
#2383=ORIENTED_EDGE('',*,*,#3497,.F.);
#2384=ORIENTED_EDGE('',*,*,#3169,.F.);
#2385=ORIENTED_EDGE('',*,*,#3498,.T.);
#2386=ORIENTED_EDGE('',*,*,#2933,.T.);
#2387=ORIENTED_EDGE('',*,*,#3500,.F.);
#2388=ORIENTED_EDGE('',*,*,#3166,.F.);
#2389=ORIENTED_EDGE('',*,*,#3501,.T.);
#2390=ORIENTED_EDGE('',*,*,#2934,.T.);
#2391=ORIENTED_EDGE('',*,*,#3501,.F.);
#2392=ORIENTED_EDGE('',*,*,#3173,.F.);
#2393=ORIENTED_EDGE('',*,*,#3502,.T.);
#2394=ORIENTED_EDGE('',*,*,#2935,.T.);
#2395=ORIENTED_EDGE('',*,*,#3502,.F.);
#2396=ORIENTED_EDGE('',*,*,#3172,.F.);
#2397=ORIENTED_EDGE('',*,*,#3503,.T.);
#2398=ORIENTED_EDGE('',*,*,#2932,.T.);
#2399=ORIENTED_EDGE('',*,*,#3499,.F.);
#2400=ORIENTED_EDGE('',*,*,#3167,.F.);
#2401=ORIENTED_EDGE('',*,*,#3500,.T.);
#2402=ORIENTED_EDGE('',*,*,#2936,.T.);
#2403=ORIENTED_EDGE('',*,*,#3503,.F.);
#2404=ORIENTED_EDGE('',*,*,#3171,.F.);
#2405=ORIENTED_EDGE('',*,*,#3496,.T.);
#2406=ORIENTED_EDGE('',*,*,#2929,.T.);
#2407=ORIENTED_EDGE('',*,*,#3504,.F.);
#2408=ORIENTED_EDGE('',*,*,#3178,.F.);
#2409=ORIENTED_EDGE('',*,*,#3505,.T.);
#2410=ORIENTED_EDGE('',*,*,#3506,.F.);
#2411=ORIENTED_EDGE('',*,*,#3176,.T.);
#2412=ORIENTED_EDGE('',*,*,#3507,.T.);
#2413=ORIENTED_EDGE('',*,*,#2923,.F.);
#2414=ORIENTED_EDGE('',*,*,#2922,.T.);
#2415=ORIENTED_EDGE('',*,*,#3505,.F.);
#2416=ORIENTED_EDGE('',*,*,#3177,.F.);
#2417=ORIENTED_EDGE('',*,*,#3506,.T.);
#2418=ORIENTED_EDGE('',*,*,#2925,.T.);
#2419=ORIENTED_EDGE('',*,*,#3508,.F.);
#2420=ORIENTED_EDGE('',*,*,#3174,.F.);
#2421=ORIENTED_EDGE('',*,*,#3509,.T.);
#2422=ORIENTED_EDGE('',*,*,#2926,.T.);
#2423=ORIENTED_EDGE('',*,*,#3509,.F.);
#2424=ORIENTED_EDGE('',*,*,#3181,.F.);
#2425=ORIENTED_EDGE('',*,*,#3510,.T.);
#2426=ORIENTED_EDGE('',*,*,#2927,.T.);
#2427=ORIENTED_EDGE('',*,*,#3510,.F.);
#2428=ORIENTED_EDGE('',*,*,#3180,.F.);
#2429=ORIENTED_EDGE('',*,*,#3511,.T.);
#2430=ORIENTED_EDGE('',*,*,#2924,.T.);
#2431=ORIENTED_EDGE('',*,*,#3507,.F.);
#2432=ORIENTED_EDGE('',*,*,#3175,.F.);
#2433=ORIENTED_EDGE('',*,*,#3508,.T.);
#2434=ORIENTED_EDGE('',*,*,#2928,.T.);
#2435=ORIENTED_EDGE('',*,*,#3511,.F.);
#2436=ORIENTED_EDGE('',*,*,#3179,.F.);
#2437=ORIENTED_EDGE('',*,*,#3504,.T.);
#2438=ORIENTED_EDGE('',*,*,#2921,.T.);
#2439=ORIENTED_EDGE('',*,*,#3512,.F.);
#2440=ORIENTED_EDGE('',*,*,#3186,.F.);
#2441=ORIENTED_EDGE('',*,*,#3513,.T.);
#2442=ORIENTED_EDGE('',*,*,#3514,.F.);
#2443=ORIENTED_EDGE('',*,*,#3184,.T.);
#2444=ORIENTED_EDGE('',*,*,#3515,.T.);
#2445=ORIENTED_EDGE('',*,*,#2915,.F.);
#2446=ORIENTED_EDGE('',*,*,#2914,.T.);
#2447=ORIENTED_EDGE('',*,*,#3513,.F.);
#2448=ORIENTED_EDGE('',*,*,#3185,.F.);
#2449=ORIENTED_EDGE('',*,*,#3514,.T.);
#2450=ORIENTED_EDGE('',*,*,#2917,.T.);
#2451=ORIENTED_EDGE('',*,*,#3516,.F.);
#2452=ORIENTED_EDGE('',*,*,#3182,.F.);
#2453=ORIENTED_EDGE('',*,*,#3517,.T.);
#2454=ORIENTED_EDGE('',*,*,#2918,.T.);
#2455=ORIENTED_EDGE('',*,*,#3517,.F.);
#2456=ORIENTED_EDGE('',*,*,#3189,.F.);
#2457=ORIENTED_EDGE('',*,*,#3518,.T.);
#2458=ORIENTED_EDGE('',*,*,#2919,.T.);
#2459=ORIENTED_EDGE('',*,*,#3518,.F.);
#2460=ORIENTED_EDGE('',*,*,#3188,.F.);
#2461=ORIENTED_EDGE('',*,*,#3519,.T.);
#2462=ORIENTED_EDGE('',*,*,#2916,.T.);
#2463=ORIENTED_EDGE('',*,*,#3515,.F.);
#2464=ORIENTED_EDGE('',*,*,#3183,.F.);
#2465=ORIENTED_EDGE('',*,*,#3516,.T.);
#2466=ORIENTED_EDGE('',*,*,#2920,.T.);
#2467=ORIENTED_EDGE('',*,*,#3519,.F.);
#2468=ORIENTED_EDGE('',*,*,#3187,.F.);
#2469=ORIENTED_EDGE('',*,*,#3512,.T.);
#2470=ORIENTED_EDGE('',*,*,#3520,.T.);
#2471=ORIENTED_EDGE('',*,*,#3059,.F.);
#2472=ORIENTED_EDGE('',*,*,#3521,.F.);
#2473=ORIENTED_EDGE('',*,*,#2875,.F.);
#2474=ORIENTED_EDGE('',*,*,#3521,.T.);
#2475=ORIENTED_EDGE('',*,*,#3058,.F.);
#2476=ORIENTED_EDGE('',*,*,#3522,.F.);
#2477=ORIENTED_EDGE('',*,*,#2876,.F.);
#2478=ORIENTED_EDGE('',*,*,#3522,.T.);
#2479=ORIENTED_EDGE('',*,*,#3065,.F.);
#2480=ORIENTED_EDGE('',*,*,#3523,.F.);
#2481=ORIENTED_EDGE('',*,*,#2877,.F.);
#2482=ORIENTED_EDGE('',*,*,#2878,.T.);
#2483=ORIENTED_EDGE('',*,*,#3523,.T.);
#2484=ORIENTED_EDGE('',*,*,#3064,.T.);
#2485=ORIENTED_EDGE('',*,*,#3524,.F.);
#2486=ORIENTED_EDGE('',*,*,#3524,.T.);
#2487=ORIENTED_EDGE('',*,*,#3063,.F.);
#2488=ORIENTED_EDGE('',*,*,#3525,.F.);
#2489=ORIENTED_EDGE('',*,*,#2879,.F.);
#2490=ORIENTED_EDGE('',*,*,#3525,.T.);
#2491=ORIENTED_EDGE('',*,*,#3062,.F.);
#2492=ORIENTED_EDGE('',*,*,#3526,.F.);
#2493=ORIENTED_EDGE('',*,*,#2880,.F.);
#2494=ORIENTED_EDGE('',*,*,#3526,.T.);
#2495=ORIENTED_EDGE('',*,*,#3061,.F.);
#2496=ORIENTED_EDGE('',*,*,#3527,.F.);
#2497=ORIENTED_EDGE('',*,*,#2881,.F.);
#2498=ORIENTED_EDGE('',*,*,#3527,.T.);
#2499=ORIENTED_EDGE('',*,*,#3060,.F.);
#2500=ORIENTED_EDGE('',*,*,#3520,.F.);
#2501=ORIENTED_EDGE('',*,*,#2874,.F.);
#2502=ORIENTED_EDGE('',*,*,#3528,.T.);
#2503=ORIENTED_EDGE('',*,*,#3072,.F.);
#2504=ORIENTED_EDGE('',*,*,#3529,.F.);
#2505=ORIENTED_EDGE('',*,*,#2883,.F.);
#2506=ORIENTED_EDGE('',*,*,#3529,.T.);
#2507=ORIENTED_EDGE('',*,*,#3071,.F.);
#2508=ORIENTED_EDGE('',*,*,#3530,.F.);
#2509=ORIENTED_EDGE('',*,*,#2884,.F.);
#2510=ORIENTED_EDGE('',*,*,#3530,.T.);
#2511=ORIENTED_EDGE('',*,*,#3070,.F.);
#2512=ORIENTED_EDGE('',*,*,#3531,.F.);
#2513=ORIENTED_EDGE('',*,*,#2885,.F.);
#2514=ORIENTED_EDGE('',*,*,#3531,.T.);
#2515=ORIENTED_EDGE('',*,*,#3069,.F.);
#2516=ORIENTED_EDGE('',*,*,#3532,.F.);
#2517=ORIENTED_EDGE('',*,*,#2886,.F.);
#2518=ORIENTED_EDGE('',*,*,#2887,.T.);
#2519=ORIENTED_EDGE('',*,*,#3532,.T.);
#2520=ORIENTED_EDGE('',*,*,#3068,.T.);
#2521=ORIENTED_EDGE('',*,*,#3533,.F.);
#2522=ORIENTED_EDGE('',*,*,#3533,.T.);
#2523=ORIENTED_EDGE('',*,*,#3067,.F.);
#2524=ORIENTED_EDGE('',*,*,#3534,.F.);
#2525=ORIENTED_EDGE('',*,*,#2888,.F.);
#2526=ORIENTED_EDGE('',*,*,#3534,.T.);
#2527=ORIENTED_EDGE('',*,*,#3066,.F.);
#2528=ORIENTED_EDGE('',*,*,#3535,.F.);
#2529=ORIENTED_EDGE('',*,*,#2889,.F.);
#2530=ORIENTED_EDGE('',*,*,#3535,.T.);
#2531=ORIENTED_EDGE('',*,*,#3073,.F.);
#2532=ORIENTED_EDGE('',*,*,#3528,.F.);
#2533=ORIENTED_EDGE('',*,*,#2882,.F.);
#2534=ORIENTED_EDGE('',*,*,#3536,.T.);
#2535=ORIENTED_EDGE('',*,*,#3086,.F.);
#2536=ORIENTED_EDGE('',*,*,#3537,.F.);
#2537=ORIENTED_EDGE('',*,*,#2891,.F.);
#2538=ORIENTED_EDGE('',*,*,#3537,.T.);
#2539=ORIENTED_EDGE('',*,*,#3085,.F.);
#2540=ORIENTED_EDGE('',*,*,#3538,.F.);
#2541=ORIENTED_EDGE('',*,*,#2892,.F.);
#2542=ORIENTED_EDGE('',*,*,#3538,.T.);
#2543=ORIENTED_EDGE('',*,*,#3084,.F.);
#2544=ORIENTED_EDGE('',*,*,#3539,.F.);
#2545=ORIENTED_EDGE('',*,*,#2893,.F.);
#2546=ORIENTED_EDGE('',*,*,#3539,.T.);
#2547=ORIENTED_EDGE('',*,*,#3083,.F.);
#2548=ORIENTED_EDGE('',*,*,#3540,.F.);
#2549=ORIENTED_EDGE('',*,*,#2894,.F.);
#2550=ORIENTED_EDGE('',*,*,#3540,.T.);
#2551=ORIENTED_EDGE('',*,*,#3082,.F.);
#2552=ORIENTED_EDGE('',*,*,#3541,.F.);
#2553=ORIENTED_EDGE('',*,*,#2895,.F.);
#2554=ORIENTED_EDGE('',*,*,#3541,.T.);
#2555=ORIENTED_EDGE('',*,*,#3089,.F.);
#2556=ORIENTED_EDGE('',*,*,#3542,.F.);
#2557=ORIENTED_EDGE('',*,*,#2896,.F.);
#2558=ORIENTED_EDGE('',*,*,#2897,.T.);
#2559=ORIENTED_EDGE('',*,*,#3542,.T.);
#2560=ORIENTED_EDGE('',*,*,#3088,.T.);
#2561=ORIENTED_EDGE('',*,*,#3543,.F.);
#2562=ORIENTED_EDGE('',*,*,#3543,.T.);
#2563=ORIENTED_EDGE('',*,*,#3087,.F.);
#2564=ORIENTED_EDGE('',*,*,#3536,.F.);
#2565=ORIENTED_EDGE('',*,*,#2890,.F.);
#2566=ORIENTED_EDGE('',*,*,#3544,.T.);
#2567=ORIENTED_EDGE('',*,*,#3080,.F.);
#2568=ORIENTED_EDGE('',*,*,#3545,.F.);
#2569=ORIENTED_EDGE('',*,*,#2899,.F.);
#2570=ORIENTED_EDGE('',*,*,#3545,.T.);
#2571=ORIENTED_EDGE('',*,*,#3079,.F.);
#2572=ORIENTED_EDGE('',*,*,#3546,.F.);
#2573=ORIENTED_EDGE('',*,*,#2900,.F.);
#2574=ORIENTED_EDGE('',*,*,#3546,.T.);
#2575=ORIENTED_EDGE('',*,*,#3078,.F.);
#2576=ORIENTED_EDGE('',*,*,#3547,.F.);
#2577=ORIENTED_EDGE('',*,*,#2901,.F.);
#2578=ORIENTED_EDGE('',*,*,#3547,.T.);
#2579=ORIENTED_EDGE('',*,*,#3077,.F.);
#2580=ORIENTED_EDGE('',*,*,#3548,.F.);
#2581=ORIENTED_EDGE('',*,*,#2902,.F.);
#2582=ORIENTED_EDGE('',*,*,#2903,.T.);
#2583=ORIENTED_EDGE('',*,*,#3548,.T.);
#2584=ORIENTED_EDGE('',*,*,#3076,.T.);
#2585=ORIENTED_EDGE('',*,*,#3549,.F.);
#2586=ORIENTED_EDGE('',*,*,#3549,.T.);
#2587=ORIENTED_EDGE('',*,*,#3075,.F.);
#2588=ORIENTED_EDGE('',*,*,#3550,.F.);
#2589=ORIENTED_EDGE('',*,*,#2904,.F.);
#2590=ORIENTED_EDGE('',*,*,#3550,.T.);
#2591=ORIENTED_EDGE('',*,*,#3074,.F.);
#2592=ORIENTED_EDGE('',*,*,#3551,.F.);
#2593=ORIENTED_EDGE('',*,*,#2905,.F.);
#2594=ORIENTED_EDGE('',*,*,#3551,.T.);
#2595=ORIENTED_EDGE('',*,*,#3081,.F.);
#2596=ORIENTED_EDGE('',*,*,#3544,.F.);
#2597=ORIENTED_EDGE('',*,*,#2898,.F.);
#2598=ORIENTED_EDGE('',*,*,#3552,.T.);
#2599=ORIENTED_EDGE('',*,*,#3094,.F.);
#2600=ORIENTED_EDGE('',*,*,#3553,.F.);
#2601=ORIENTED_EDGE('',*,*,#2907,.F.);
#2602=ORIENTED_EDGE('',*,*,#3553,.T.);
#2603=ORIENTED_EDGE('',*,*,#3093,.F.);
#2604=ORIENTED_EDGE('',*,*,#3554,.F.);
#2605=ORIENTED_EDGE('',*,*,#2908,.F.);
#2606=ORIENTED_EDGE('',*,*,#2909,.T.);
#2607=ORIENTED_EDGE('',*,*,#3554,.T.);
#2608=ORIENTED_EDGE('',*,*,#3092,.T.);
#2609=ORIENTED_EDGE('',*,*,#3555,.F.);
#2610=ORIENTED_EDGE('',*,*,#3555,.T.);
#2611=ORIENTED_EDGE('',*,*,#3091,.F.);
#2612=ORIENTED_EDGE('',*,*,#3556,.F.);
#2613=ORIENTED_EDGE('',*,*,#2910,.F.);
#2614=ORIENTED_EDGE('',*,*,#3556,.T.);
#2615=ORIENTED_EDGE('',*,*,#3090,.F.);
#2616=ORIENTED_EDGE('',*,*,#3557,.F.);
#2617=ORIENTED_EDGE('',*,*,#2911,.F.);
#2618=ORIENTED_EDGE('',*,*,#3557,.T.);
#2619=ORIENTED_EDGE('',*,*,#3097,.F.);
#2620=ORIENTED_EDGE('',*,*,#3558,.F.);
#2621=ORIENTED_EDGE('',*,*,#2912,.F.);
#2622=ORIENTED_EDGE('',*,*,#3558,.T.);
#2623=ORIENTED_EDGE('',*,*,#3096,.F.);
#2624=ORIENTED_EDGE('',*,*,#3559,.F.);
#2625=ORIENTED_EDGE('',*,*,#2913,.F.);
#2626=ORIENTED_EDGE('',*,*,#3559,.T.);
#2627=ORIENTED_EDGE('',*,*,#3095,.F.);
#2628=ORIENTED_EDGE('',*,*,#3552,.F.);
#2629=ORIENTED_EDGE('',*,*,#2906,.F.);
#2630=ORIENTED_EDGE('',*,*,#2862,.T.);
#2631=ORIENTED_EDGE('',*,*,#3560,.T.);
#2632=ORIENTED_EDGE('',*,*,#3048,.T.);
#2633=ORIENTED_EDGE('',*,*,#3561,.F.);
#2634=ORIENTED_EDGE('',*,*,#2863,.T.);
#2635=ORIENTED_EDGE('',*,*,#3561,.T.);
#2636=ORIENTED_EDGE('',*,*,#3047,.T.);
#2637=ORIENTED_EDGE('',*,*,#3562,.F.);
#2638=ORIENTED_EDGE('',*,*,#2864,.T.);
#2639=ORIENTED_EDGE('',*,*,#3562,.T.);
#2640=ORIENTED_EDGE('',*,*,#3046,.T.);
#2641=ORIENTED_EDGE('',*,*,#3563,.F.);
#2642=ORIENTED_EDGE('',*,*,#3563,.T.);
#2643=ORIENTED_EDGE('',*,*,#3053,.F.);
#2644=ORIENTED_EDGE('',*,*,#3564,.F.);
#2645=ORIENTED_EDGE('',*,*,#2865,.F.);
#2646=ORIENTED_EDGE('',*,*,#2866,.T.);
#2647=ORIENTED_EDGE('',*,*,#3564,.T.);
#2648=ORIENTED_EDGE('',*,*,#3052,.T.);
#2649=ORIENTED_EDGE('',*,*,#3565,.F.);
#2650=ORIENTED_EDGE('',*,*,#2869,.T.);
#2651=ORIENTED_EDGE('',*,*,#3566,.T.);
#2652=ORIENTED_EDGE('',*,*,#3049,.T.);
#2653=ORIENTED_EDGE('',*,*,#3560,.F.);
#2654=ORIENTED_EDGE('',*,*,#2867,.T.);
#2655=ORIENTED_EDGE('',*,*,#3565,.T.);
#2656=ORIENTED_EDGE('',*,*,#3051,.T.);
#2657=ORIENTED_EDGE('',*,*,#3567,.F.);
#2658=ORIENTED_EDGE('',*,*,#2868,.T.);
#2659=ORIENTED_EDGE('',*,*,#3567,.T.);
#2660=ORIENTED_EDGE('',*,*,#3050,.T.);
#2661=ORIENTED_EDGE('',*,*,#3566,.F.);
#2662=ORIENTED_EDGE('',*,*,#2854,.T.);
#2663=ORIENTED_EDGE('',*,*,#3568,.T.);
#2664=ORIENTED_EDGE('',*,*,#3040,.T.);
#2665=ORIENTED_EDGE('',*,*,#3569,.F.);
#2666=ORIENTED_EDGE('',*,*,#2855,.T.);
#2667=ORIENTED_EDGE('',*,*,#3569,.T.);
#2668=ORIENTED_EDGE('',*,*,#3039,.T.);
#2669=ORIENTED_EDGE('',*,*,#3570,.F.);
#2670=ORIENTED_EDGE('',*,*,#2856,.T.);
#2671=ORIENTED_EDGE('',*,*,#3570,.T.);
#2672=ORIENTED_EDGE('',*,*,#3038,.T.);
#2673=ORIENTED_EDGE('',*,*,#3571,.F.);
#2674=ORIENTED_EDGE('',*,*,#2857,.T.);
#2675=ORIENTED_EDGE('',*,*,#3571,.T.);
#2676=ORIENTED_EDGE('',*,*,#3045,.T.);
#2677=ORIENTED_EDGE('',*,*,#3572,.F.);
#2678=ORIENTED_EDGE('',*,*,#2858,.T.);
#2679=ORIENTED_EDGE('',*,*,#3572,.T.);
#2680=ORIENTED_EDGE('',*,*,#3044,.T.);
#2681=ORIENTED_EDGE('',*,*,#3573,.F.);
#2682=ORIENTED_EDGE('',*,*,#3574,.T.);
#2683=ORIENTED_EDGE('',*,*,#3041,.F.);
#2684=ORIENTED_EDGE('',*,*,#3568,.F.);
#2685=ORIENTED_EDGE('',*,*,#2861,.F.);
#2686=ORIENTED_EDGE('',*,*,#2859,.T.);
#2687=ORIENTED_EDGE('',*,*,#3573,.T.);
#2688=ORIENTED_EDGE('',*,*,#3043,.T.);
#2689=ORIENTED_EDGE('',*,*,#3575,.F.);
#2690=ORIENTED_EDGE('',*,*,#2860,.T.);
#2691=ORIENTED_EDGE('',*,*,#3575,.T.);
#2692=ORIENTED_EDGE('',*,*,#3042,.T.);
#2693=ORIENTED_EDGE('',*,*,#3574,.F.);
#2694=ORIENTED_EDGE('',*,*,#2846,.T.);
#2695=ORIENTED_EDGE('',*,*,#3576,.T.);
#2696=ORIENTED_EDGE('',*,*,#3032,.T.);
#2697=ORIENTED_EDGE('',*,*,#3577,.F.);
#2698=ORIENTED_EDGE('',*,*,#2847,.T.);
#2699=ORIENTED_EDGE('',*,*,#3577,.T.);
#2700=ORIENTED_EDGE('',*,*,#3031,.T.);
#2701=ORIENTED_EDGE('',*,*,#3578,.F.);
#2702=ORIENTED_EDGE('',*,*,#2848,.T.);
#2703=ORIENTED_EDGE('',*,*,#3578,.T.);
#2704=ORIENTED_EDGE('',*,*,#3030,.T.);
#2705=ORIENTED_EDGE('',*,*,#3579,.F.);
#2706=ORIENTED_EDGE('',*,*,#2849,.T.);
#2707=ORIENTED_EDGE('',*,*,#3579,.T.);
#2708=ORIENTED_EDGE('',*,*,#3037,.T.);
#2709=ORIENTED_EDGE('',*,*,#3580,.F.);
#2710=ORIENTED_EDGE('',*,*,#2850,.T.);
#2711=ORIENTED_EDGE('',*,*,#3580,.T.);
#2712=ORIENTED_EDGE('',*,*,#3036,.T.);
#2713=ORIENTED_EDGE('',*,*,#3581,.F.);
#2714=ORIENTED_EDGE('',*,*,#3582,.T.);
#2715=ORIENTED_EDGE('',*,*,#3033,.F.);
#2716=ORIENTED_EDGE('',*,*,#3576,.F.);
#2717=ORIENTED_EDGE('',*,*,#2853,.F.);
#2718=ORIENTED_EDGE('',*,*,#2851,.T.);
#2719=ORIENTED_EDGE('',*,*,#3581,.T.);
#2720=ORIENTED_EDGE('',*,*,#3035,.T.);
#2721=ORIENTED_EDGE('',*,*,#3583,.F.);
#2722=ORIENTED_EDGE('',*,*,#2852,.T.);
#2723=ORIENTED_EDGE('',*,*,#3583,.T.);
#2724=ORIENTED_EDGE('',*,*,#3034,.T.);
#2725=ORIENTED_EDGE('',*,*,#3582,.F.);
#2726=ORIENTED_EDGE('',*,*,#2838,.T.);
#2727=ORIENTED_EDGE('',*,*,#3584,.T.);
#2728=ORIENTED_EDGE('',*,*,#3024,.T.);
#2729=ORIENTED_EDGE('',*,*,#3585,.F.);
#2730=ORIENTED_EDGE('',*,*,#2839,.T.);
#2731=ORIENTED_EDGE('',*,*,#3585,.T.);
#2732=ORIENTED_EDGE('',*,*,#3023,.T.);
#2733=ORIENTED_EDGE('',*,*,#3586,.F.);
#2734=ORIENTED_EDGE('',*,*,#2840,.T.);
#2735=ORIENTED_EDGE('',*,*,#3586,.T.);
#2736=ORIENTED_EDGE('',*,*,#3022,.T.);
#2737=ORIENTED_EDGE('',*,*,#3587,.F.);
#2738=ORIENTED_EDGE('',*,*,#2841,.T.);
#2739=ORIENTED_EDGE('',*,*,#3587,.T.);
#2740=ORIENTED_EDGE('',*,*,#3029,.T.);
#2741=ORIENTED_EDGE('',*,*,#3588,.F.);
#2742=ORIENTED_EDGE('',*,*,#2842,.T.);
#2743=ORIENTED_EDGE('',*,*,#3588,.T.);
#2744=ORIENTED_EDGE('',*,*,#3028,.T.);
#2745=ORIENTED_EDGE('',*,*,#3589,.F.);
#2746=ORIENTED_EDGE('',*,*,#3590,.T.);
#2747=ORIENTED_EDGE('',*,*,#3025,.F.);
#2748=ORIENTED_EDGE('',*,*,#3584,.F.);
#2749=ORIENTED_EDGE('',*,*,#2845,.F.);
#2750=ORIENTED_EDGE('',*,*,#2843,.T.);
#2751=ORIENTED_EDGE('',*,*,#3589,.T.);
#2752=ORIENTED_EDGE('',*,*,#3027,.T.);
#2753=ORIENTED_EDGE('',*,*,#3591,.F.);
#2754=ORIENTED_EDGE('',*,*,#2844,.T.);
#2755=ORIENTED_EDGE('',*,*,#3591,.T.);
#2756=ORIENTED_EDGE('',*,*,#3026,.T.);
#2757=ORIENTED_EDGE('',*,*,#3590,.F.);
#2758=ORIENTED_EDGE('',*,*,#2830,.T.);
#2759=ORIENTED_EDGE('',*,*,#3592,.T.);
#2760=ORIENTED_EDGE('',*,*,#3016,.T.);
#2761=ORIENTED_EDGE('',*,*,#3593,.F.);
#2762=ORIENTED_EDGE('',*,*,#2831,.T.);
#2763=ORIENTED_EDGE('',*,*,#3593,.T.);
#2764=ORIENTED_EDGE('',*,*,#3015,.T.);
#2765=ORIENTED_EDGE('',*,*,#3594,.F.);
#2766=ORIENTED_EDGE('',*,*,#2832,.T.);
#2767=ORIENTED_EDGE('',*,*,#3594,.T.);
#2768=ORIENTED_EDGE('',*,*,#3014,.T.);
#2769=ORIENTED_EDGE('',*,*,#3595,.F.);
#2770=ORIENTED_EDGE('',*,*,#2833,.T.);
#2771=ORIENTED_EDGE('',*,*,#3595,.T.);
#2772=ORIENTED_EDGE('',*,*,#3021,.T.);
#2773=ORIENTED_EDGE('',*,*,#3596,.F.);
#2774=ORIENTED_EDGE('',*,*,#2834,.T.);
#2775=ORIENTED_EDGE('',*,*,#3596,.T.);
#2776=ORIENTED_EDGE('',*,*,#3020,.T.);
#2777=ORIENTED_EDGE('',*,*,#3597,.F.);
#2778=ORIENTED_EDGE('',*,*,#3598,.T.);
#2779=ORIENTED_EDGE('',*,*,#3017,.F.);
#2780=ORIENTED_EDGE('',*,*,#3592,.F.);
#2781=ORIENTED_EDGE('',*,*,#2837,.F.);
#2782=ORIENTED_EDGE('',*,*,#2835,.T.);
#2783=ORIENTED_EDGE('',*,*,#3597,.T.);
#2784=ORIENTED_EDGE('',*,*,#3019,.T.);
#2785=ORIENTED_EDGE('',*,*,#3599,.F.);
#2786=ORIENTED_EDGE('',*,*,#2836,.T.);
#2787=ORIENTED_EDGE('',*,*,#3599,.T.);
#2788=ORIENTED_EDGE('',*,*,#3018,.T.);
#2789=ORIENTED_EDGE('',*,*,#3598,.F.);
#2790=ORIENTED_EDGE('',*,*,#2822,.T.);
#2791=ORIENTED_EDGE('',*,*,#3600,.T.);
#2792=ORIENTED_EDGE('',*,*,#3008,.T.);
#2793=ORIENTED_EDGE('',*,*,#3601,.F.);
#2794=ORIENTED_EDGE('',*,*,#2823,.T.);
#2795=ORIENTED_EDGE('',*,*,#3601,.T.);
#2796=ORIENTED_EDGE('',*,*,#3007,.T.);
#2797=ORIENTED_EDGE('',*,*,#3602,.F.);
#2798=ORIENTED_EDGE('',*,*,#2824,.T.);
#2799=ORIENTED_EDGE('',*,*,#3602,.T.);
#2800=ORIENTED_EDGE('',*,*,#3006,.T.);
#2801=ORIENTED_EDGE('',*,*,#3603,.F.);
#2802=ORIENTED_EDGE('',*,*,#2825,.T.);
#2803=ORIENTED_EDGE('',*,*,#3603,.T.);
#2804=ORIENTED_EDGE('',*,*,#3013,.T.);
#2805=ORIENTED_EDGE('',*,*,#3604,.F.);
#2806=ORIENTED_EDGE('',*,*,#2826,.T.);
#2807=ORIENTED_EDGE('',*,*,#3604,.T.);
#2808=ORIENTED_EDGE('',*,*,#3012,.T.);
#2809=ORIENTED_EDGE('',*,*,#3605,.F.);
#2810=ORIENTED_EDGE('',*,*,#3606,.T.);
#2811=ORIENTED_EDGE('',*,*,#3009,.F.);
#2812=ORIENTED_EDGE('',*,*,#3600,.F.);
#2813=ORIENTED_EDGE('',*,*,#2829,.F.);
#2814=ORIENTED_EDGE('',*,*,#2827,.T.);
#2815=ORIENTED_EDGE('',*,*,#3605,.T.);
#2816=ORIENTED_EDGE('',*,*,#3011,.T.);
#2817=ORIENTED_EDGE('',*,*,#3607,.F.);
#2818=ORIENTED_EDGE('',*,*,#2828,.T.);
#2819=ORIENTED_EDGE('',*,*,#3607,.T.);
#2820=ORIENTED_EDGE('',*,*,#3010,.T.);
#2821=ORIENTED_EDGE('',*,*,#3606,.F.);
#2822=EDGE_CURVE('',#3608,#3609,#4142,.T.);
#2823=EDGE_CURVE('',#3610,#3608,#130,.T.);
#2824=EDGE_CURVE('',#3611,#3610,#4143,.T.);
#2825=EDGE_CURVE('',#3612,#3611,#131,.T.);
#2826=EDGE_CURVE('',#3613,#3612,#4144,.T.);
#2827=EDGE_CURVE('',#3614,#3613,#132,.T.);
#2828=EDGE_CURVE('',#3615,#3614,#4145,.T.);
#2829=EDGE_CURVE('',#3615,#3609,#133,.T.);
#2830=EDGE_CURVE('',#3616,#3617,#4146,.T.);
#2831=EDGE_CURVE('',#3618,#3616,#134,.T.);
#2832=EDGE_CURVE('',#3619,#3618,#4147,.T.);
#2833=EDGE_CURVE('',#3620,#3619,#135,.T.);
#2834=EDGE_CURVE('',#3621,#3620,#4148,.T.);
#2835=EDGE_CURVE('',#3622,#3621,#136,.T.);
#2836=EDGE_CURVE('',#3623,#3622,#4149,.T.);
#2837=EDGE_CURVE('',#3623,#3617,#137,.T.);
#2838=EDGE_CURVE('',#3624,#3625,#4150,.T.);
#2839=EDGE_CURVE('',#3626,#3624,#138,.T.);
#2840=EDGE_CURVE('',#3627,#3626,#4151,.T.);
#2841=EDGE_CURVE('',#3628,#3627,#139,.T.);
#2842=EDGE_CURVE('',#3629,#3628,#4152,.T.);
#2843=EDGE_CURVE('',#3630,#3629,#140,.T.);
#2844=EDGE_CURVE('',#3631,#3630,#4153,.T.);
#2845=EDGE_CURVE('',#3631,#3625,#141,.T.);
#2846=EDGE_CURVE('',#3632,#3633,#4154,.T.);
#2847=EDGE_CURVE('',#3634,#3632,#142,.T.);
#2848=EDGE_CURVE('',#3635,#3634,#4155,.T.);
#2849=EDGE_CURVE('',#3636,#3635,#143,.T.);
#2850=EDGE_CURVE('',#3637,#3636,#4156,.T.);
#2851=EDGE_CURVE('',#3638,#3637,#144,.T.);
#2852=EDGE_CURVE('',#3639,#3638,#4157,.T.);
#2853=EDGE_CURVE('',#3639,#3633,#145,.T.);
#2854=EDGE_CURVE('',#3640,#3641,#4158,.T.);
#2855=EDGE_CURVE('',#3642,#3640,#146,.T.);
#2856=EDGE_CURVE('',#3643,#3642,#4159,.T.);
#2857=EDGE_CURVE('',#3644,#3643,#147,.T.);
#2858=EDGE_CURVE('',#3645,#3644,#4160,.T.);
#2859=EDGE_CURVE('',#3646,#3645,#148,.T.);
#2860=EDGE_CURVE('',#3647,#3646,#4161,.T.);
#2861=EDGE_CURVE('',#3647,#3641,#149,.T.);
#2862=EDGE_CURVE('',#3648,#3649,#4162,.T.);
#2863=EDGE_CURVE('',#3650,#3648,#150,.T.);
#2864=EDGE_CURVE('',#3651,#3650,#4163,.T.);
#2865=EDGE_CURVE('',#3651,#3652,#151,.T.);
#2866=EDGE_CURVE('',#3653,#3652,#4164,.T.);
#2867=EDGE_CURVE('',#3654,#3653,#152,.T.);
#2868=EDGE_CURVE('',#3655,#3654,#4165,.T.);
#2869=EDGE_CURVE('',#3649,#3655,#153,.T.);
#2870=EDGE_CURVE('',#3656,#3657,#154,.T.);
#2871=EDGE_CURVE('',#3658,#3656,#155,.T.);
#2872=EDGE_CURVE('',#3659,#3658,#156,.T.);
#2873=EDGE_CURVE('',#3657,#3659,#157,.T.);
#2874=EDGE_CURVE('',#3660,#3661,#158,.T.);
#2875=EDGE_CURVE('',#3661,#3662,#4166,.F.);
#2876=EDGE_CURVE('',#3662,#3663,#159,.T.);
#2877=EDGE_CURVE('',#3663,#3664,#4167,.F.);
#2878=EDGE_CURVE('',#3665,#3664,#160,.T.);
#2879=EDGE_CURVE('',#3665,#3666,#4168,.F.);
#2880=EDGE_CURVE('',#3666,#3667,#161,.T.);
#2881=EDGE_CURVE('',#3667,#3660,#4169,.F.);
#2882=EDGE_CURVE('',#3668,#3669,#4170,.F.);
#2883=EDGE_CURVE('',#3669,#3670,#162,.T.);
#2884=EDGE_CURVE('',#3670,#3671,#4171,.F.);
#2885=EDGE_CURVE('',#3671,#3672,#163,.T.);
#2886=EDGE_CURVE('',#3672,#3673,#4172,.F.);
#2887=EDGE_CURVE('',#3674,#3673,#164,.T.);
#2888=EDGE_CURVE('',#3674,#3675,#4173,.F.);
#2889=EDGE_CURVE('',#3675,#3668,#165,.T.);
#2890=EDGE_CURVE('',#3676,#3677,#4174,.F.);
#2891=EDGE_CURVE('',#3677,#3678,#166,.T.);
#2892=EDGE_CURVE('',#3678,#3679,#4175,.F.);
#2893=EDGE_CURVE('',#3679,#3680,#167,.T.);
#2894=EDGE_CURVE('',#3680,#3681,#4176,.F.);
#2895=EDGE_CURVE('',#3681,#3682,#168,.T.);
#2896=EDGE_CURVE('',#3682,#3683,#4177,.F.);
#2897=EDGE_CURVE('',#3676,#3683,#169,.T.);
#2898=EDGE_CURVE('',#3684,#3685,#4178,.F.);
#2899=EDGE_CURVE('',#3685,#3686,#170,.T.);
#2900=EDGE_CURVE('',#3686,#3687,#4179,.F.);
#2901=EDGE_CURVE('',#3687,#3688,#171,.T.);
#2902=EDGE_CURVE('',#3688,#3689,#4180,.F.);
#2903=EDGE_CURVE('',#3690,#3689,#172,.T.);
#2904=EDGE_CURVE('',#3690,#3691,#4181,.F.);
#2905=EDGE_CURVE('',#3691,#3684,#173,.T.);
#2906=EDGE_CURVE('',#3692,#3693,#4182,.F.);
#2907=EDGE_CURVE('',#3693,#3694,#174,.T.);
#2908=EDGE_CURVE('',#3694,#3695,#4183,.F.);
#2909=EDGE_CURVE('',#3696,#3695,#175,.T.);
#2910=EDGE_CURVE('',#3696,#3697,#4184,.F.);
#2911=EDGE_CURVE('',#3697,#3698,#176,.T.);
#2912=EDGE_CURVE('',#3698,#3699,#4185,.F.);
#2913=EDGE_CURVE('',#3699,#3692,#177,.T.);
#2914=EDGE_CURVE('',#3700,#3701,#4186,.T.);
#2915=EDGE_CURVE('',#3700,#3702,#178,.T.);
#2916=EDGE_CURVE('',#3703,#3702,#4187,.T.);
#2917=EDGE_CURVE('',#3704,#3703,#179,.T.);
#2918=EDGE_CURVE('',#3705,#3704,#4188,.T.);
#2919=EDGE_CURVE('',#3706,#3705,#180,.T.);
#2920=EDGE_CURVE('',#3707,#3706,#4189,.T.);
#2921=EDGE_CURVE('',#3701,#3707,#181,.T.);
#2922=EDGE_CURVE('',#3708,#3709,#4190,.T.);
#2923=EDGE_CURVE('',#3708,#3710,#182,.T.);
#2924=EDGE_CURVE('',#3711,#3710,#4191,.T.);
#2925=EDGE_CURVE('',#3712,#3711,#183,.T.);
#2926=EDGE_CURVE('',#3713,#3712,#4192,.T.);
#2927=EDGE_CURVE('',#3714,#3713,#184,.T.);
#2928=EDGE_CURVE('',#3715,#3714,#4193,.T.);
#2929=EDGE_CURVE('',#3709,#3715,#185,.T.);
#2930=EDGE_CURVE('',#3716,#3717,#4194,.T.);
#2931=EDGE_CURVE('',#3716,#3718,#186,.T.);
#2932=EDGE_CURVE('',#3719,#3718,#4195,.T.);
#2933=EDGE_CURVE('',#3720,#3719,#187,.T.);
#2934=EDGE_CURVE('',#3721,#3720,#4196,.T.);
#2935=EDGE_CURVE('',#3722,#3721,#188,.T.);
#2936=EDGE_CURVE('',#3723,#3722,#4197,.T.);
#2937=EDGE_CURVE('',#3717,#3723,#189,.T.);
#2938=EDGE_CURVE('',#3724,#3725,#4198,.T.);
#2939=EDGE_CURVE('',#3724,#3726,#190,.T.);
#2940=EDGE_CURVE('',#3727,#3726,#4199,.T.);
#2941=EDGE_CURVE('',#3728,#3727,#191,.T.);
#2942=EDGE_CURVE('',#3729,#3728,#4200,.T.);
#2943=EDGE_CURVE('',#3730,#3729,#192,.T.);
#2944=EDGE_CURVE('',#3731,#3730,#4201,.T.);
#2945=EDGE_CURVE('',#3725,#3731,#193,.T.);
#2946=EDGE_CURVE('',#3732,#3733,#4202,.T.);
#2947=EDGE_CURVE('',#3732,#3734,#194,.T.);
#2948=EDGE_CURVE('',#3735,#3734,#4203,.T.);
#2949=EDGE_CURVE('',#3736,#3735,#195,.T.);
#2950=EDGE_CURVE('',#3737,#3736,#4204,.T.);
#2951=EDGE_CURVE('',#3738,#3737,#196,.T.);
#2952=EDGE_CURVE('',#3739,#3738,#4205,.T.);
#2953=EDGE_CURVE('',#3733,#3739,#197,.T.);
#2954=EDGE_CURVE('',#3740,#3741,#4206,.T.);
#2955=EDGE_CURVE('',#3742,#3740,#198,.T.);
#2956=EDGE_CURVE('',#3743,#3742,#4207,.T.);
#2957=EDGE_CURVE('',#3744,#3743,#199,.T.);
#2958=EDGE_CURVE('',#3745,#3744,#4208,.T.);
#2959=EDGE_CURVE('',#3745,#3746,#200,.T.);
#2960=EDGE_CURVE('',#3747,#3746,#4209,.T.);
#2961=EDGE_CURVE('',#3741,#3747,#201,.T.);
#2962=EDGE_CURVE('',#3748,#3749,#202,.T.);
#2963=EDGE_CURVE('',#3750,#3748,#203,.T.);
#2964=EDGE_CURVE('',#3751,#3750,#204,.T.);
#2965=EDGE_CURVE('',#3749,#3751,#205,.T.);
#2966=EDGE_CURVE('',#3752,#3753,#206,.T.);
#2967=EDGE_CURVE('',#3753,#3754,#4210,.F.);
#2968=EDGE_CURVE('',#3754,#3755,#207,.T.);
#2969=EDGE_CURVE('',#3755,#3756,#4211,.F.);
#2970=EDGE_CURVE('',#3756,#3757,#208,.T.);
#2971=EDGE_CURVE('',#3757,#3758,#4212,.F.);
#2972=EDGE_CURVE('',#3759,#3758,#209,.T.);
#2973=EDGE_CURVE('',#3759,#3752,#4213,.F.);
#2974=EDGE_CURVE('',#3760,#3761,#4214,.F.);
#2975=EDGE_CURVE('',#3761,#3762,#210,.T.);
#2976=EDGE_CURVE('',#3762,#3763,#4215,.F.);
#2977=EDGE_CURVE('',#3763,#3764,#211,.T.);
#2978=EDGE_CURVE('',#3764,#3765,#4216,.F.);
#2979=EDGE_CURVE('',#3766,#3765,#212,.T.);
#2980=EDGE_CURVE('',#3766,#3767,#4217,.F.);
#2981=EDGE_CURVE('',#3767,#3760,#213,.T.);
#2982=EDGE_CURVE('',#3768,#3769,#4218,.F.);
#2983=EDGE_CURVE('',#3769,#3770,#214,.T.);
#2984=EDGE_CURVE('',#3770,#3771,#4219,.F.);
#2985=EDGE_CURVE('',#3772,#3771,#215,.T.);
#2986=EDGE_CURVE('',#3772,#3773,#4220,.F.);
#2987=EDGE_CURVE('',#3773,#3774,#216,.T.);
#2988=EDGE_CURVE('',#3774,#3775,#4221,.F.);
#2989=EDGE_CURVE('',#3775,#3768,#217,.T.);
#2990=EDGE_CURVE('',#3776,#3777,#4222,.F.);
#2991=EDGE_CURVE('',#3777,#3778,#218,.T.);
#2992=EDGE_CURVE('',#3778,#3779,#4223,.F.);
#2993=EDGE_CURVE('',#3779,#3780,#219,.T.);
#2994=EDGE_CURVE('',#3780,#3781,#4224,.F.);
#2995=EDGE_CURVE('',#3782,#3781,#220,.T.);
#2996=EDGE_CURVE('',#3782,#3783,#4225,.F.);
#2997=EDGE_CURVE('',#3783,#3776,#221,.T.);
#2998=EDGE_CURVE('',#3784,#3785,#4226,.F.);
#2999=EDGE_CURVE('',#3785,#3786,#222,.T.);
#3000=EDGE_CURVE('',#3786,#3787,#4227,.F.);
#3001=EDGE_CURVE('',#3787,#3788,#223,.T.);
#3002=EDGE_CURVE('',#3788,#3789,#4228,.F.);
#3003=EDGE_CURVE('',#3789,#3790,#224,.T.);
#3004=EDGE_CURVE('',#3790,#3791,#4229,.F.);
#3005=EDGE_CURVE('',#3784,#3791,#225,.T.);
#3006=EDGE_CURVE('',#3792,#3793,#4230,.T.);
#3007=EDGE_CURVE('',#3794,#3792,#226,.T.);
#3008=EDGE_CURVE('',#3795,#3794,#4231,.T.);
#3009=EDGE_CURVE('',#3795,#3796,#227,.T.);
#3010=EDGE_CURVE('',#3797,#3796,#4232,.T.);
#3011=EDGE_CURVE('',#3798,#3797,#228,.T.);
#3012=EDGE_CURVE('',#3799,#3798,#4233,.T.);
#3013=EDGE_CURVE('',#3793,#3799,#229,.T.);
#3014=EDGE_CURVE('',#3800,#3801,#4234,.T.);
#3015=EDGE_CURVE('',#3802,#3800,#230,.T.);
#3016=EDGE_CURVE('',#3803,#3802,#4235,.T.);
#3017=EDGE_CURVE('',#3803,#3804,#231,.T.);
#3018=EDGE_CURVE('',#3805,#3804,#4236,.T.);
#3019=EDGE_CURVE('',#3806,#3805,#232,.T.);
#3020=EDGE_CURVE('',#3807,#3806,#4237,.T.);
#3021=EDGE_CURVE('',#3801,#3807,#233,.T.);
#3022=EDGE_CURVE('',#3808,#3809,#4238,.T.);
#3023=EDGE_CURVE('',#3810,#3808,#234,.T.);
#3024=EDGE_CURVE('',#3811,#3810,#4239,.T.);
#3025=EDGE_CURVE('',#3811,#3812,#235,.T.);
#3026=EDGE_CURVE('',#3813,#3812,#4240,.T.);
#3027=EDGE_CURVE('',#3814,#3813,#236,.T.);
#3028=EDGE_CURVE('',#3815,#3814,#4241,.T.);
#3029=EDGE_CURVE('',#3809,#3815,#237,.T.);
#3030=EDGE_CURVE('',#3816,#3817,#4242,.T.);
#3031=EDGE_CURVE('',#3818,#3816,#238,.T.);
#3032=EDGE_CURVE('',#3819,#3818,#4243,.T.);
#3033=EDGE_CURVE('',#3819,#3820,#239,.T.);
#3034=EDGE_CURVE('',#3821,#3820,#4244,.T.);
#3035=EDGE_CURVE('',#3822,#3821,#240,.T.);
#3036=EDGE_CURVE('',#3823,#3822,#4245,.T.);
#3037=EDGE_CURVE('',#3817,#3823,#241,.T.);
#3038=EDGE_CURVE('',#3824,#3825,#4246,.T.);
#3039=EDGE_CURVE('',#3826,#3824,#242,.T.);
#3040=EDGE_CURVE('',#3827,#3826,#4247,.T.);
#3041=EDGE_CURVE('',#3827,#3828,#243,.T.);
#3042=EDGE_CURVE('',#3829,#3828,#4248,.T.);
#3043=EDGE_CURVE('',#3830,#3829,#244,.T.);
#3044=EDGE_CURVE('',#3831,#3830,#4249,.T.);
#3045=EDGE_CURVE('',#3825,#3831,#245,.T.);
#3046=EDGE_CURVE('',#3832,#3833,#4250,.T.);
#3047=EDGE_CURVE('',#3834,#3832,#246,.T.);
#3048=EDGE_CURVE('',#3835,#3834,#4251,.T.);
#3049=EDGE_CURVE('',#3836,#3835,#247,.T.);
#3050=EDGE_CURVE('',#3837,#3836,#4252,.T.);
#3051=EDGE_CURVE('',#3838,#3837,#248,.T.);
#3052=EDGE_CURVE('',#3839,#3838,#4253,.T.);
#3053=EDGE_CURVE('',#3839,#3833,#249,.T.);
#3054=EDGE_CURVE('',#3840,#3841,#250,.T.);
#3055=EDGE_CURVE('',#3842,#3840,#251,.T.);
#3056=EDGE_CURVE('',#3843,#3842,#252,.T.);
#3057=EDGE_CURVE('',#3841,#3843,#253,.T.);
#3058=EDGE_CURVE('',#3844,#3845,#254,.T.);
#3059=EDGE_CURVE('',#3845,#3846,#4254,.T.);
#3060=EDGE_CURVE('',#3846,#3847,#255,.T.);
#3061=EDGE_CURVE('',#3847,#3848,#4255,.T.);
#3062=EDGE_CURVE('',#3848,#3849,#256,.T.);
#3063=EDGE_CURVE('',#3849,#3850,#4256,.T.);
#3064=EDGE_CURVE('',#3851,#3850,#257,.T.);
#3065=EDGE_CURVE('',#3851,#3844,#4257,.T.);
#3066=EDGE_CURVE('',#3852,#3853,#258,.T.);
#3067=EDGE_CURVE('',#3853,#3854,#4258,.T.);
#3068=EDGE_CURVE('',#3855,#3854,#259,.T.);
#3069=EDGE_CURVE('',#3855,#3856,#4259,.T.);
#3070=EDGE_CURVE('',#3856,#3857,#260,.T.);
#3071=EDGE_CURVE('',#3857,#3858,#4260,.T.);
#3072=EDGE_CURVE('',#3858,#3859,#261,.T.);
#3073=EDGE_CURVE('',#3859,#3852,#4261,.T.);
#3074=EDGE_CURVE('',#3860,#3861,#262,.T.);
#3075=EDGE_CURVE('',#3861,#3862,#4262,.T.);
#3076=EDGE_CURVE('',#3863,#3862,#263,.T.);
#3077=EDGE_CURVE('',#3863,#3864,#4263,.T.);
#3078=EDGE_CURVE('',#3864,#3865,#264,.T.);
#3079=EDGE_CURVE('',#3865,#3866,#4264,.T.);
#3080=EDGE_CURVE('',#3866,#3867,#265,.T.);
#3081=EDGE_CURVE('',#3867,#3860,#4265,.T.);
#3082=EDGE_CURVE('',#3868,#3869,#266,.T.);
#3083=EDGE_CURVE('',#3869,#3870,#4266,.T.);
#3084=EDGE_CURVE('',#3870,#3871,#267,.T.);
#3085=EDGE_CURVE('',#3871,#3872,#4267,.T.);
#3086=EDGE_CURVE('',#3872,#3873,#268,.T.);
#3087=EDGE_CURVE('',#3873,#3874,#4268,.T.);
#3088=EDGE_CURVE('',#3875,#3874,#269,.T.);
#3089=EDGE_CURVE('',#3875,#3868,#4269,.T.);
#3090=EDGE_CURVE('',#3876,#3877,#270,.T.);
#3091=EDGE_CURVE('',#3877,#3878,#4270,.T.);
#3092=EDGE_CURVE('',#3879,#3878,#271,.T.);
#3093=EDGE_CURVE('',#3879,#3880,#4271,.T.);
#3094=EDGE_CURVE('',#3880,#3881,#272,.T.);
#3095=EDGE_CURVE('',#3881,#3882,#4272,.T.);
#3096=EDGE_CURVE('',#3882,#3883,#273,.T.);
#3097=EDGE_CURVE('',#3883,#3876,#4273,.T.);
#3098=EDGE_CURVE('',#3884,#3885,#4274,.T.);
#3099=EDGE_CURVE('',#3886,#3884,#274,.T.);
#3100=EDGE_CURVE('',#3887,#3886,#4275,.T.);
#3101=EDGE_CURVE('',#3887,#3888,#275,.T.);
#3102=EDGE_CURVE('',#3889,#3888,#4276,.T.);
#3103=EDGE_CURVE('',#3890,#3889,#276,.T.);
#3104=EDGE_CURVE('',#3891,#3890,#4277,.T.);
#3105=EDGE_CURVE('',#3885,#3891,#277,.T.);
#3106=EDGE_CURVE('',#3892,#3893,#4278,.T.);
#3107=EDGE_CURVE('',#3894,#3892,#278,.T.);
#3108=EDGE_CURVE('',#3895,#3894,#4279,.T.);
#3109=EDGE_CURVE('',#3895,#3896,#279,.T.);
#3110=EDGE_CURVE('',#3897,#3896,#4280,.T.);
#3111=EDGE_CURVE('',#3898,#3897,#280,.T.);
#3112=EDGE_CURVE('',#3899,#3898,#4281,.T.);
#3113=EDGE_CURVE('',#3893,#3899,#281,.T.);
#3114=EDGE_CURVE('',#3900,#3901,#4282,.T.);
#3115=EDGE_CURVE('',#3902,#3900,#282,.T.);
#3116=EDGE_CURVE('',#3903,#3902,#4283,.T.);
#3117=EDGE_CURVE('',#3903,#3904,#283,.T.);
#3118=EDGE_CURVE('',#3905,#3904,#4284,.T.);
#3119=EDGE_CURVE('',#3906,#3905,#284,.T.);
#3120=EDGE_CURVE('',#3907,#3906,#4285,.T.);
#3121=EDGE_CURVE('',#3901,#3907,#285,.T.);
#3122=EDGE_CURVE('',#3908,#3909,#4286,.T.);
#3123=EDGE_CURVE('',#3910,#3908,#286,.T.);
#3124=EDGE_CURVE('',#3911,#3910,#4287,.T.);
#3125=EDGE_CURVE('',#3912,#3911,#287,.T.);
#3126=EDGE_CURVE('',#3913,#3912,#4288,.T.);
#3127=EDGE_CURVE('',#3914,#3913,#288,.T.);
#3128=EDGE_CURVE('',#3915,#3914,#4289,.T.);
#3129=EDGE_CURVE('',#3915,#3909,#289,.T.);
#3130=EDGE_CURVE('',#3916,#3917,#4290,.T.);
#3131=EDGE_CURVE('',#3918,#3916,#290,.T.);
#3132=EDGE_CURVE('',#3919,#3918,#4291,.T.);
#3133=EDGE_CURVE('',#3919,#3920,#291,.T.);
#3134=EDGE_CURVE('',#3921,#3920,#4292,.T.);
#3135=EDGE_CURVE('',#3922,#3921,#292,.T.);
#3136=EDGE_CURVE('',#3923,#3922,#4293,.T.);
#3137=EDGE_CURVE('',#3917,#3923,#293,.T.);
#3138=EDGE_CURVE('',#3924,#3925,#294,.T.);
#3139=EDGE_CURVE('',#3926,#3924,#295,.T.);
#3140=EDGE_CURVE('',#3927,#3926,#296,.T.);
#3141=EDGE_CURVE('',#3925,#3927,#297,.T.);
#3142=EDGE_CURVE('',#3928,#3929,#298,.T.);
#3143=EDGE_CURVE('',#3929,#3930,#4294,.F.);
#3144=EDGE_CURVE('',#3930,#3931,#299,.T.);
#3145=EDGE_CURVE('',#3931,#3932,#4295,.F.);
#3146=EDGE_CURVE('',#3932,#3933,#300,.T.);
#3147=EDGE_CURVE('',#3933,#3934,#4296,.F.);
#3148=EDGE_CURVE('',#3935,#3934,#301,.T.);
#3149=EDGE_CURVE('',#3935,#3928,#4297,.F.);
#3150=EDGE_CURVE('',#3936,#3937,#302,.T.);
#3151=EDGE_CURVE('',#3937,#3938,#4298,.F.);
#3152=EDGE_CURVE('',#3939,#3938,#303,.T.);
#3153=EDGE_CURVE('',#3939,#3940,#4299,.F.);
#3154=EDGE_CURVE('',#3940,#3941,#304,.T.);
#3155=EDGE_CURVE('',#3941,#3942,#4300,.F.);
#3156=EDGE_CURVE('',#3942,#3943,#305,.T.);
#3157=EDGE_CURVE('',#3943,#3936,#4301,.F.);
#3158=EDGE_CURVE('',#3944,#3945,#306,.T.);
#3159=EDGE_CURVE('',#3945,#3946,#4302,.F.);
#3160=EDGE_CURVE('',#3947,#3946,#307,.T.);
#3161=EDGE_CURVE('',#3947,#3948,#4303,.F.);
#3162=EDGE_CURVE('',#3948,#3949,#308,.T.);
#3163=EDGE_CURVE('',#3949,#3950,#4304,.F.);
#3164=EDGE_CURVE('',#3950,#3951,#309,.T.);
#3165=EDGE_CURVE('',#3951,#3944,#4305,.F.);
#3166=EDGE_CURVE('',#3952,#3953,#310,.T.);
#3167=EDGE_CURVE('',#3953,#3954,#4306,.F.);
#3168=EDGE_CURVE('',#3955,#3954,#311,.T.);
#3169=EDGE_CURVE('',#3955,#3956,#4307,.F.);
#3170=EDGE_CURVE('',#3956,#3957,#312,.T.);
#3171=EDGE_CURVE('',#3957,#3958,#4308,.F.);
#3172=EDGE_CURVE('',#3958,#3959,#313,.T.);
#3173=EDGE_CURVE('',#3959,#3952,#4309,.F.);
#3174=EDGE_CURVE('',#3960,#3961,#314,.T.);
#3175=EDGE_CURVE('',#3961,#3962,#4310,.F.);
#3176=EDGE_CURVE('',#3963,#3962,#315,.T.);
#3177=EDGE_CURVE('',#3963,#3964,#4311,.F.);
#3178=EDGE_CURVE('',#3964,#3965,#316,.T.);
#3179=EDGE_CURVE('',#3965,#3966,#4312,.F.);
#3180=EDGE_CURVE('',#3966,#3967,#317,.T.);
#3181=EDGE_CURVE('',#3967,#3960,#4313,.F.);
#3182=EDGE_CURVE('',#3968,#3969,#318,.T.);
#3183=EDGE_CURVE('',#3969,#3970,#4314,.F.);
#3184=EDGE_CURVE('',#3971,#3970,#319,.T.);
#3185=EDGE_CURVE('',#3971,#3972,#4315,.F.);
#3186=EDGE_CURVE('',#3972,#3973,#320,.T.);
#3187=EDGE_CURVE('',#3973,#3974,#4316,.F.);
#3188=EDGE_CURVE('',#3974,#3975,#321,.T.);
#3189=EDGE_CURVE('',#3975,#3968,#4317,.F.);
#3190=EDGE_CURVE('',#3976,#3977,#322,.T.);
#3191=EDGE_CURVE('',#3978,#3976,#323,.T.);
#3192=EDGE_CURVE('',#3979,#3978,#324,.T.);
#3193=EDGE_CURVE('',#3980,#3979,#325,.T.);
#3194=EDGE_CURVE('',#3981,#3980,#326,.T.);
#3195=EDGE_CURVE('',#3977,#3981,#327,.T.);
#3196=EDGE_CURVE('',#3982,#3983,#328,.T.);
#3197=EDGE_CURVE('',#3983,#3984,#329,.T.);
#3198=EDGE_CURVE('',#3984,#3985,#330,.T.);
#3199=EDGE_CURVE('',#3985,#3986,#331,.T.);
#3200=EDGE_CURVE('',#3986,#3987,#332,.T.);
#3201=EDGE_CURVE('',#3987,#3982,#333,.T.);
#3202=EDGE_CURVE('',#3988,#3989,#334,.T.);
#3203=EDGE_CURVE('',#3989,#3990,#335,.T.);
#3204=EDGE_CURVE('',#3990,#3991,#336,.T.);
#3205=EDGE_CURVE('',#3991,#3992,#337,.T.);
#3206=EDGE_CURVE('',#3992,#3993,#338,.T.);
#3207=EDGE_CURVE('',#3993,#3988,#339,.T.);
#3208=EDGE_CURVE('',#3994,#3995,#340,.T.);
#3209=EDGE_CURVE('',#3996,#3994,#341,.T.);
#3210=EDGE_CURVE('',#3997,#3996,#342,.T.);
#3211=EDGE_CURVE('',#3998,#3997,#343,.T.);
#3212=EDGE_CURVE('',#3999,#3998,#344,.T.);
#3213=EDGE_CURVE('',#3995,#3999,#345,.T.);
#3214=EDGE_CURVE('',#4000,#4001,#346,.T.);
#3215=EDGE_CURVE('',#4002,#4000,#347,.T.);
#3216=EDGE_CURVE('',#4003,#4002,#348,.T.);
#3217=EDGE_CURVE('',#4004,#4003,#349,.T.);
#3218=EDGE_CURVE('',#4005,#4004,#350,.T.);
#3219=EDGE_CURVE('',#4001,#4005,#351,.T.);
#3220=EDGE_CURVE('',#4006,#4006,#4318,.T.);
#3221=EDGE_CURVE('',#4007,#4007,#4319,.T.);
#3222=EDGE_CURVE('',#4008,#4008,#4320,.T.);
#3223=EDGE_CURVE('',#4009,#4009,#4321,.T.);
#3224=EDGE_CURVE('',#4010,#4010,#4322,.T.);
#3225=EDGE_CURVE('',#4011,#4011,#4323,.T.);
#3226=EDGE_CURVE('',#4012,#3840,#4324,.T.);
#3227=EDGE_CURVE('',#4012,#4013,#352,.T.);
#3228=EDGE_CURVE('',#3925,#4013,#4325,.T.);
#3229=EDGE_CURVE('',#4014,#3927,#4326,.T.);
#3230=EDGE_CURVE('',#4014,#4015,#353,.T.);
#3231=EDGE_CURVE('',#3842,#4015,#4327,.T.);
#3232=EDGE_CURVE('',#4016,#4017,#354,.T.);
#3233=EDGE_CURVE('',#4018,#4016,#355,.T.);
#3234=EDGE_CURVE('',#4019,#4018,#356,.T.);
#3235=EDGE_CURVE('',#4020,#4019,#357,.T.);
#3236=EDGE_CURVE('',#4021,#4020,#358,.T.);
#3237=EDGE_CURVE('',#4017,#4021,#359,.T.);
#3238=EDGE_CURVE('',#4022,#4023,#360,.T.);
#3239=EDGE_CURVE('',#4023,#4024,#361,.T.);
#3240=EDGE_CURVE('',#4024,#4025,#362,.T.);
#3241=EDGE_CURVE('',#4025,#4026,#363,.T.);
#3242=EDGE_CURVE('',#4026,#4027,#364,.T.);
#3243=EDGE_CURVE('',#4027,#4022,#365,.T.);
#3244=EDGE_CURVE('',#4028,#4029,#366,.T.);
#3245=EDGE_CURVE('',#4030,#4028,#367,.T.);
#3246=EDGE_CURVE('',#4031,#4030,#368,.T.);
#3247=EDGE_CURVE('',#4032,#4031,#369,.T.);
#3248=EDGE_CURVE('',#4033,#4032,#370,.T.);
#3249=EDGE_CURVE('',#4029,#4033,#371,.T.);
#3250=EDGE_CURVE('',#4034,#4035,#372,.T.);
#3251=EDGE_CURVE('',#4035,#4036,#373,.T.);
#3252=EDGE_CURVE('',#4036,#4037,#374,.T.);
#3253=EDGE_CURVE('',#4037,#4038,#375,.T.);
#3254=EDGE_CURVE('',#4038,#4039,#376,.T.);
#3255=EDGE_CURVE('',#4039,#4034,#377,.T.);
#3256=EDGE_CURVE('',#4040,#4041,#378,.T.);
#3257=EDGE_CURVE('',#4042,#4040,#379,.T.);
#3258=EDGE_CURVE('',#4043,#4042,#380,.T.);
#3259=EDGE_CURVE('',#4044,#4043,#381,.T.);
#3260=EDGE_CURVE('',#4045,#4044,#382,.T.);
#3261=EDGE_CURVE('',#4041,#4045,#383,.T.);
#3262=EDGE_CURVE('',#4046,#4047,#384,.T.);
#3263=EDGE_CURVE('',#4048,#4046,#385,.T.);
#3264=EDGE_CURVE('',#4049,#4048,#386,.T.);
#3265=EDGE_CURVE('',#4050,#4049,#387,.T.);
#3266=EDGE_CURVE('',#4051,#4050,#388,.T.);
#3267=EDGE_CURVE('',#4047,#4051,#389,.T.);
#3268=EDGE_CURVE('',#4052,#4053,#390,.T.);
#3269=EDGE_CURVE('',#4054,#4052,#391,.T.);
#3270=EDGE_CURVE('',#4055,#4054,#392,.T.);
#3271=EDGE_CURVE('',#4056,#4055,#393,.T.);
#3272=EDGE_CURVE('',#4057,#4056,#394,.T.);
#3273=EDGE_CURVE('',#4053,#4057,#395,.T.);
#3274=EDGE_CURVE('',#4058,#4059,#396,.T.);
#3275=EDGE_CURVE('',#4060,#4058,#397,.T.);
#3276=EDGE_CURVE('',#4061,#4060,#398,.T.);
#3277=EDGE_CURVE('',#4062,#4061,#399,.T.);
#3278=EDGE_CURVE('',#4063,#4062,#400,.T.);
#3279=EDGE_CURVE('',#4059,#4063,#401,.T.);
#3280=EDGE_CURVE('',#4064,#4065,#402,.T.);
#3281=EDGE_CURVE('',#4066,#4064,#403,.T.);
#3282=EDGE_CURVE('',#4067,#4066,#404,.T.);
#3283=EDGE_CURVE('',#4068,#4067,#405,.T.);
#3284=EDGE_CURVE('',#4069,#4068,#406,.T.);
#3285=EDGE_CURVE('',#4065,#4069,#407,.T.);
#3286=EDGE_CURVE('',#4070,#4070,#4328,.T.);
#3287=EDGE_CURVE('',#4071,#4071,#4329,.T.);
#3288=EDGE_CURVE('',#4072,#3749,#4330,.T.);
#3289=EDGE_CURVE('',#3751,#4073,#4331,.T.);
#3290=EDGE_CURVE('',#4073,#4074,#408,.T.);
#3291=EDGE_CURVE('',#4074,#3658,#4332,.T.);
#3292=EDGE_CURVE('',#3656,#4075,#4333,.T.);
#3293=EDGE_CURVE('',#4075,#4076,#409,.T.);
#3294=EDGE_CURVE('',#4077,#4076,#4334,.T.);
#3295=EDGE_CURVE('',#4077,#4078,#410,.T.);
#3296=EDGE_CURVE('',#4079,#4078,#4335,.T.);
#3297=EDGE_CURVE('',#4079,#4072,#411,.T.);
#3298=EDGE_CURVE('',#4080,#4081,#412,.T.);
#3299=EDGE_CURVE('',#4081,#4082,#413,.T.);
#3300=EDGE_CURVE('',#4082,#4083,#414,.T.);
#3301=EDGE_CURVE('',#4083,#4084,#415,.T.);
#3302=EDGE_CURVE('',#4084,#4085,#416,.T.);
#3303=EDGE_CURVE('',#4085,#4080,#417,.T.);
#3304=EDGE_CURVE('',#4086,#4087,#418,.T.);
#3305=EDGE_CURVE('',#4087,#4088,#419,.T.);
#3306=EDGE_CURVE('',#4088,#4089,#420,.T.);
#3307=EDGE_CURVE('',#4089,#4090,#421,.T.);
#3308=EDGE_CURVE('',#4090,#4091,#422,.T.);
#3309=EDGE_CURVE('',#4091,#4086,#423,.T.);
#3310=EDGE_CURVE('',#4092,#4093,#424,.T.);
#3311=EDGE_CURVE('',#4093,#4094,#425,.T.);
#3312=EDGE_CURVE('',#4094,#4095,#426,.T.);
#3313=EDGE_CURVE('',#4095,#4096,#427,.T.);
#3314=EDGE_CURVE('',#4096,#4097,#428,.T.);
#3315=EDGE_CURVE('',#4097,#4092,#429,.T.);
#3316=EDGE_CURVE('',#4098,#4099,#430,.T.);
#3317=EDGE_CURVE('',#4099,#4100,#431,.T.);
#3318=EDGE_CURVE('',#4100,#4101,#432,.T.);
#3319=EDGE_CURVE('',#4101,#4102,#433,.T.);
#3320=EDGE_CURVE('',#4102,#4103,#434,.T.);
#3321=EDGE_CURVE('',#4103,#4098,#435,.T.);
#3322=EDGE_CURVE('',#4104,#4104,#4336,.T.);
#3323=EDGE_CURVE('',#4105,#4105,#4337,.T.);
#3324=EDGE_CURVE('',#4106,#4106,#4338,.T.);
#3325=EDGE_CURVE('',#4107,#4107,#4339,.T.);
#3326=EDGE_CURVE('',#4108,#4108,#4340,.T.);
#3327=EDGE_CURVE('',#4109,#4109,#4341,.T.);
#3328=EDGE_CURVE('',#4110,#4110,#4342,.T.);
#3329=EDGE_CURVE('',#4111,#4111,#4343,.T.);
#3330=EDGE_CURVE('',#4112,#4112,#4344,.T.);
#3331=EDGE_CURVE('',#4079,#4078,#12,.T.);
#3332=EDGE_CURVE('',#4113,#4113,#4345,.T.);
#3333=EDGE_CURVE('',#4114,#4115,#436,.T.);
#3334=EDGE_CURVE('',#4115,#4116,#437,.T.);
#3335=EDGE_CURVE('',#4116,#4117,#438,.T.);
#3336=EDGE_CURVE('',#4117,#4114,#439,.T.);
#3337=EDGE_CURVE('',#4072,#4118,#440,.T.);
#3338=EDGE_CURVE('',#4077,#4076,#13,.T.);
#3339=EDGE_CURVE('',#4119,#4075,#441,.T.);
#3340=EDGE_CURVE('',#4119,#4118,#442,.T.);
#3341=EDGE_CURVE('',#4120,#4120,#4346,.T.);
#3342=EDGE_CURVE('',#4121,#4121,#4347,.T.);
#3343=EDGE_CURVE('',#3750,#4122,#4348,.T.);
#3344=EDGE_CURVE('',#4122,#4073,#443,.T.);
#3345=EDGE_CURVE('',#4123,#4123,#4349,.T.);
#3346=EDGE_CURVE('',#4074,#4124,#444,.T.);
#3347=EDGE_CURVE('',#4122,#4124,#445,.T.);
#3348=EDGE_CURVE('',#4124,#3659,#4350,.T.);
#3349=EDGE_CURVE('',#3657,#4119,#4351,.T.);
#3350=EDGE_CURVE('',#4118,#3748,#4352,.T.);
#3351=EDGE_CURVE('',#4125,#3843,#4353,.T.);
#3352=EDGE_CURVE('',#4015,#4125,#446,.T.);
#3353=EDGE_CURVE('',#4126,#4127,#447,.T.);
#3354=EDGE_CURVE('',#4127,#4128,#448,.T.);
#3355=EDGE_CURVE('',#4128,#4129,#449,.T.);
#3356=EDGE_CURVE('',#4129,#4126,#450,.T.);
#3357=EDGE_CURVE('',#4130,#4014,#451,.T.);
#3358=EDGE_CURVE('',#4125,#4130,#452,.T.);
#3359=EDGE_CURVE('',#3926,#4130,#4354,.T.);
#3360=EDGE_CURVE('',#4131,#3924,#4355,.T.);
#3361=EDGE_CURVE('',#4013,#4131,#453,.T.);
#3362=EDGE_CURVE('',#4132,#4132,#4356,.T.);
#3363=EDGE_CURVE('',#4133,#4133,#4357,.T.);
#3364=EDGE_CURVE('',#4134,#4134,#4358,.T.);
#3365=EDGE_CURVE('',#4135,#4135,#4359,.T.);
#3366=EDGE_CURVE('',#3841,#4136,#4360,.T.);
#3367=EDGE_CURVE('',#4131,#4136,#454,.T.);
#3368=EDGE_CURVE('',#4137,#4137,#4361,.T.);
#3369=EDGE_CURVE('',#4136,#4012,#455,.T.);
#3370=EDGE_CURVE('',#4138,#4138,#4362,.T.);
#3371=EDGE_CURVE('',#4139,#4139,#4363,.T.);
#3372=EDGE_CURVE('',#4126,#4115,#456,.T.);
#3373=EDGE_CURVE('',#4129,#4116,#457,.T.);
#3374=EDGE_CURVE('',#4127,#4114,#458,.T.);
#3375=EDGE_CURVE('',#4128,#4117,#459,.T.);
#3376=EDGE_CURVE('',#4140,#4140,#14,.T.);
#3377=EDGE_CURVE('',#4141,#4141,#15,.T.);
#3378=EDGE_CURVE('',#4065,#4002,#460,.T.);
#3379=EDGE_CURVE('',#4064,#4000,#461,.T.);
#3380=EDGE_CURVE('',#4066,#4001,#462,.T.);
#3381=EDGE_CURVE('',#4067,#4005,#463,.T.);
#3382=EDGE_CURVE('',#4069,#4003,#464,.T.);
#3383=EDGE_CURVE('',#4068,#4004,#465,.T.);
#3384=EDGE_CURVE('',#4059,#3996,#466,.T.);
#3385=EDGE_CURVE('',#4058,#3994,#467,.T.);
#3386=EDGE_CURVE('',#4060,#3995,#468,.T.);
#3387=EDGE_CURVE('',#4061,#3999,#469,.T.);
#3388=EDGE_CURVE('',#4063,#3997,#470,.T.);
#3389=EDGE_CURVE('',#4062,#3998,#471,.T.);
#3390=EDGE_CURVE('',#4081,#3989,#472,.T.);
#3391=EDGE_CURVE('',#4082,#3988,#473,.T.);
#3392=EDGE_CURVE('',#4083,#3993,#474,.T.);
#3393=EDGE_CURVE('',#4084,#3992,#475,.T.);
#3394=EDGE_CURVE('',#4085,#3991,#476,.T.);
#3395=EDGE_CURVE('',#4080,#3990,#477,.T.);
#3396=EDGE_CURVE('',#4053,#4018,#478,.T.);
#3397=EDGE_CURVE('',#4052,#4016,#479,.T.);
#3398=EDGE_CURVE('',#4054,#4017,#480,.T.);
#3399=EDGE_CURVE('',#4055,#4021,#481,.T.);
#3400=EDGE_CURVE('',#4057,#4019,#482,.T.);
#3401=EDGE_CURVE('',#4056,#4020,#483,.T.);
#3402=EDGE_CURVE('',#4087,#4023,#484,.T.);
#3403=EDGE_CURVE('',#4088,#4022,#485,.T.);
#3404=EDGE_CURVE('',#4089,#4027,#486,.T.);
#3405=EDGE_CURVE('',#4090,#4026,#487,.T.);
#3406=EDGE_CURVE('',#4091,#4025,#488,.T.);
#3407=EDGE_CURVE('',#4086,#4024,#489,.T.);
#3408=EDGE_CURVE('',#4093,#3983,#490,.T.);
#3409=EDGE_CURVE('',#4094,#3982,#491,.T.);
#3410=EDGE_CURVE('',#4095,#3987,#492,.T.);
#3411=EDGE_CURVE('',#4096,#3986,#493,.T.);
#3412=EDGE_CURVE('',#4097,#3985,#494,.T.);
#3413=EDGE_CURVE('',#4092,#3984,#495,.T.);
#3414=EDGE_CURVE('',#4047,#4030,#496,.T.);
#3415=EDGE_CURVE('',#4046,#4028,#497,.T.);
#3416=EDGE_CURVE('',#4048,#4029,#498,.T.);
#3417=EDGE_CURVE('',#4049,#4033,#499,.T.);
#3418=EDGE_CURVE('',#4051,#4031,#500,.T.);
#3419=EDGE_CURVE('',#4050,#4032,#501,.T.);
#3420=EDGE_CURVE('',#4099,#4035,#502,.T.);
#3421=EDGE_CURVE('',#4100,#4034,#503,.T.);
#3422=EDGE_CURVE('',#4101,#4039,#504,.T.);
#3423=EDGE_CURVE('',#4102,#4038,#505,.T.);
#3424=EDGE_CURVE('',#4103,#4037,#506,.T.);
#3425=EDGE_CURVE('',#4098,#4036,#507,.T.);
#3426=EDGE_CURVE('',#4041,#3978,#508,.T.);
#3427=EDGE_CURVE('',#4040,#3976,#509,.T.);
#3428=EDGE_CURVE('',#4042,#3977,#510,.T.);
#3429=EDGE_CURVE('',#4043,#3981,#511,.T.);
#3430=EDGE_CURVE('',#4045,#3979,#512,.T.);
#3431=EDGE_CURVE('',#4044,#3980,#513,.T.);
#3432=EDGE_CURVE('',#3920,#3758,#514,.T.);
#3433=EDGE_CURVE('',#3919,#3759,#515,.T.);
#3434=EDGE_CURVE('',#3918,#3752,#516,.T.);
#3435=EDGE_CURVE('',#3916,#3753,#517,.T.);
#3436=EDGE_CURVE('',#3917,#3754,#518,.T.);
#3437=EDGE_CURVE('',#3923,#3755,#519,.T.);
#3438=EDGE_CURVE('',#3922,#3756,#520,.T.);
#3439=EDGE_CURVE('',#3921,#3757,#521,.T.);
#3440=EDGE_CURVE('',#3896,#3765,#522,.T.);
#3441=EDGE_CURVE('',#3895,#3766,#523,.T.);
#3442=EDGE_CURVE('',#3894,#3767,#524,.T.);
#3443=EDGE_CURVE('',#3892,#3760,#525,.T.);
#3444=EDGE_CURVE('',#3899,#3762,#526,.T.);
#3445=EDGE_CURVE('',#3898,#3763,#527,.T.);
#3446=EDGE_CURVE('',#3897,#3764,#528,.T.);
#3447=EDGE_CURVE('',#3893,#3761,#529,.T.);
#3448=EDGE_CURVE('',#3909,#3771,#530,.T.);
#3449=EDGE_CURVE('',#3915,#3772,#531,.T.);
#3450=EDGE_CURVE('',#3914,#3773,#532,.T.);
#3451=EDGE_CURVE('',#3913,#3774,#533,.T.);
#3452=EDGE_CURVE('',#3912,#3775,#534,.T.);
#3453=EDGE_CURVE('',#3911,#3768,#535,.T.);
#3454=EDGE_CURVE('',#3910,#3769,#536,.T.);
#3455=EDGE_CURVE('',#3908,#3770,#537,.T.);
#3456=EDGE_CURVE('',#3888,#3781,#538,.T.);
#3457=EDGE_CURVE('',#3887,#3782,#539,.T.);
#3458=EDGE_CURVE('',#3886,#3783,#540,.T.);
#3459=EDGE_CURVE('',#3884,#3776,#541,.T.);
#3460=EDGE_CURVE('',#3891,#3778,#542,.T.);
#3461=EDGE_CURVE('',#3890,#3779,#543,.T.);
#3462=EDGE_CURVE('',#3889,#3780,#544,.T.);
#3463=EDGE_CURVE('',#3885,#3777,#545,.T.);
#3464=EDGE_CURVE('',#3901,#3787,#546,.T.);
#3465=EDGE_CURVE('',#3907,#3788,#547,.T.);
#3466=EDGE_CURVE('',#3906,#3789,#548,.T.);
#3467=EDGE_CURVE('',#3905,#3790,#549,.T.);
#3468=EDGE_CURVE('',#3904,#3791,#550,.T.);
#3469=EDGE_CURVE('',#3903,#3784,#551,.T.);
#3470=EDGE_CURVE('',#3902,#3785,#552,.T.);
#3471=EDGE_CURVE('',#3900,#3786,#553,.T.);
#3472=EDGE_CURVE('',#3933,#3747,#554,.T.);
#3473=EDGE_CURVE('',#3932,#3741,#555,.T.);
#3474=EDGE_CURVE('',#3931,#3740,#556,.T.);
#3475=EDGE_CURVE('',#3930,#3742,#557,.T.);
#3476=EDGE_CURVE('',#3929,#3743,#558,.T.);
#3477=EDGE_CURVE('',#3928,#3744,#559,.T.);
#3478=EDGE_CURVE('',#3935,#3745,#560,.T.);
#3479=EDGE_CURVE('',#3934,#3746,#561,.T.);
#3480=EDGE_CURVE('',#3941,#3739,#562,.T.);
#3481=EDGE_CURVE('',#3940,#3733,#563,.T.);
#3482=EDGE_CURVE('',#3939,#3732,#564,.T.);
#3483=EDGE_CURVE('',#3938,#3734,#565,.T.);
#3484=EDGE_CURVE('',#3937,#3735,#566,.T.);
#3485=EDGE_CURVE('',#3936,#3736,#567,.T.);
#3486=EDGE_CURVE('',#3943,#3737,#568,.T.);
#3487=EDGE_CURVE('',#3942,#3738,#569,.T.);
#3488=EDGE_CURVE('',#3949,#3731,#570,.T.);
#3489=EDGE_CURVE('',#3948,#3725,#571,.T.);
#3490=EDGE_CURVE('',#3947,#3724,#572,.T.);
#3491=EDGE_CURVE('',#3946,#3726,#573,.T.);
#3492=EDGE_CURVE('',#3945,#3727,#574,.T.);
#3493=EDGE_CURVE('',#3944,#3728,#575,.T.);
#3494=EDGE_CURVE('',#3951,#3729,#576,.T.);
#3495=EDGE_CURVE('',#3950,#3730,#577,.T.);
#3496=EDGE_CURVE('',#3957,#3723,#578,.T.);
#3497=EDGE_CURVE('',#3956,#3717,#579,.T.);
#3498=EDGE_CURVE('',#3955,#3716,#580,.T.);
#3499=EDGE_CURVE('',#3954,#3718,#581,.T.);
#3500=EDGE_CURVE('',#3953,#3719,#582,.T.);
#3501=EDGE_CURVE('',#3952,#3720,#583,.T.);
#3502=EDGE_CURVE('',#3959,#3721,#584,.T.);
#3503=EDGE_CURVE('',#3958,#3722,#585,.T.);
#3504=EDGE_CURVE('',#3965,#3715,#586,.T.);
#3505=EDGE_CURVE('',#3964,#3709,#587,.T.);
#3506=EDGE_CURVE('',#3963,#3708,#588,.T.);
#3507=EDGE_CURVE('',#3962,#3710,#589,.T.);
#3508=EDGE_CURVE('',#3961,#3711,#590,.T.);
#3509=EDGE_CURVE('',#3960,#3712,#591,.T.);
#3510=EDGE_CURVE('',#3967,#3713,#592,.T.);
#3511=EDGE_CURVE('',#3966,#3714,#593,.T.);
#3512=EDGE_CURVE('',#3973,#3707,#594,.T.);
#3513=EDGE_CURVE('',#3972,#3701,#595,.T.);
#3514=EDGE_CURVE('',#3971,#3700,#596,.T.);
#3515=EDGE_CURVE('',#3970,#3702,#597,.T.);
#3516=EDGE_CURVE('',#3969,#3703,#598,.T.);
#3517=EDGE_CURVE('',#3968,#3704,#599,.T.);
#3518=EDGE_CURVE('',#3975,#3705,#600,.T.);
#3519=EDGE_CURVE('',#3974,#3706,#601,.T.);
#3520=EDGE_CURVE('',#3661,#3846,#602,.T.);
#3521=EDGE_CURVE('',#3662,#3845,#603,.T.);
#3522=EDGE_CURVE('',#3663,#3844,#604,.T.);
#3523=EDGE_CURVE('',#3664,#3851,#605,.T.);
#3524=EDGE_CURVE('',#3665,#3850,#606,.T.);
#3525=EDGE_CURVE('',#3666,#3849,#607,.T.);
#3526=EDGE_CURVE('',#3667,#3848,#608,.T.);
#3527=EDGE_CURVE('',#3660,#3847,#609,.T.);
#3528=EDGE_CURVE('',#3669,#3859,#610,.T.);
#3529=EDGE_CURVE('',#3670,#3858,#611,.T.);
#3530=EDGE_CURVE('',#3671,#3857,#612,.T.);
#3531=EDGE_CURVE('',#3672,#3856,#613,.T.);
#3532=EDGE_CURVE('',#3673,#3855,#614,.T.);
#3533=EDGE_CURVE('',#3674,#3854,#615,.T.);
#3534=EDGE_CURVE('',#3675,#3853,#616,.T.);
#3535=EDGE_CURVE('',#3668,#3852,#617,.T.);
#3536=EDGE_CURVE('',#3677,#3873,#618,.T.);
#3537=EDGE_CURVE('',#3678,#3872,#619,.T.);
#3538=EDGE_CURVE('',#3679,#3871,#620,.T.);
#3539=EDGE_CURVE('',#3680,#3870,#621,.T.);
#3540=EDGE_CURVE('',#3681,#3869,#622,.T.);
#3541=EDGE_CURVE('',#3682,#3868,#623,.T.);
#3542=EDGE_CURVE('',#3683,#3875,#624,.T.);
#3543=EDGE_CURVE('',#3676,#3874,#625,.T.);
#3544=EDGE_CURVE('',#3685,#3867,#626,.T.);
#3545=EDGE_CURVE('',#3686,#3866,#627,.T.);
#3546=EDGE_CURVE('',#3687,#3865,#628,.T.);
#3547=EDGE_CURVE('',#3688,#3864,#629,.T.);
#3548=EDGE_CURVE('',#3689,#3863,#630,.T.);
#3549=EDGE_CURVE('',#3690,#3862,#631,.T.);
#3550=EDGE_CURVE('',#3691,#3861,#632,.T.);
#3551=EDGE_CURVE('',#3684,#3860,#633,.T.);
#3552=EDGE_CURVE('',#3693,#3881,#634,.T.);
#3553=EDGE_CURVE('',#3694,#3880,#635,.T.);
#3554=EDGE_CURVE('',#3695,#3879,#636,.T.);
#3555=EDGE_CURVE('',#3696,#3878,#637,.T.);
#3556=EDGE_CURVE('',#3697,#3877,#638,.T.);
#3557=EDGE_CURVE('',#3698,#3876,#639,.T.);
#3558=EDGE_CURVE('',#3699,#3883,#640,.T.);
#3559=EDGE_CURVE('',#3692,#3882,#641,.T.);
#3560=EDGE_CURVE('',#3649,#3835,#642,.T.);
#3561=EDGE_CURVE('',#3648,#3834,#643,.T.);
#3562=EDGE_CURVE('',#3650,#3832,#644,.T.);
#3563=EDGE_CURVE('',#3651,#3833,#645,.T.);
#3564=EDGE_CURVE('',#3652,#3839,#646,.T.);
#3565=EDGE_CURVE('',#3653,#3838,#647,.T.);
#3566=EDGE_CURVE('',#3655,#3836,#648,.T.);
#3567=EDGE_CURVE('',#3654,#3837,#649,.T.);
#3568=EDGE_CURVE('',#3641,#3827,#650,.T.);
#3569=EDGE_CURVE('',#3640,#3826,#651,.T.);
#3570=EDGE_CURVE('',#3642,#3824,#652,.T.);
#3571=EDGE_CURVE('',#3643,#3825,#653,.T.);
#3572=EDGE_CURVE('',#3644,#3831,#654,.T.);
#3573=EDGE_CURVE('',#3645,#3830,#655,.T.);
#3574=EDGE_CURVE('',#3647,#3828,#656,.T.);
#3575=EDGE_CURVE('',#3646,#3829,#657,.T.);
#3576=EDGE_CURVE('',#3633,#3819,#658,.T.);
#3577=EDGE_CURVE('',#3632,#3818,#659,.T.);
#3578=EDGE_CURVE('',#3634,#3816,#660,.T.);
#3579=EDGE_CURVE('',#3635,#3817,#661,.T.);
#3580=EDGE_CURVE('',#3636,#3823,#662,.T.);
#3581=EDGE_CURVE('',#3637,#3822,#663,.T.);
#3582=EDGE_CURVE('',#3639,#3820,#664,.T.);
#3583=EDGE_CURVE('',#3638,#3821,#665,.T.);
#3584=EDGE_CURVE('',#3625,#3811,#666,.T.);
#3585=EDGE_CURVE('',#3624,#3810,#667,.T.);
#3586=EDGE_CURVE('',#3626,#3808,#668,.T.);
#3587=EDGE_CURVE('',#3627,#3809,#669,.T.);
#3588=EDGE_CURVE('',#3628,#3815,#670,.T.);
#3589=EDGE_CURVE('',#3629,#3814,#671,.T.);
#3590=EDGE_CURVE('',#3631,#3812,#672,.T.);
#3591=EDGE_CURVE('',#3630,#3813,#673,.T.);
#3592=EDGE_CURVE('',#3617,#3803,#674,.T.);
#3593=EDGE_CURVE('',#3616,#3802,#675,.T.);
#3594=EDGE_CURVE('',#3618,#3800,#676,.T.);
#3595=EDGE_CURVE('',#3619,#3801,#677,.T.);
#3596=EDGE_CURVE('',#3620,#3807,#678,.T.);
#3597=EDGE_CURVE('',#3621,#3806,#679,.T.);
#3598=EDGE_CURVE('',#3623,#3804,#680,.T.);
#3599=EDGE_CURVE('',#3622,#3805,#681,.T.);
#3600=EDGE_CURVE('',#3609,#3795,#682,.T.);
#3601=EDGE_CURVE('',#3608,#3794,#683,.T.);
#3602=EDGE_CURVE('',#3610,#3792,#684,.T.);
#3603=EDGE_CURVE('',#3611,#3793,#685,.T.);
#3604=EDGE_CURVE('',#3612,#3799,#686,.T.);
#3605=EDGE_CURVE('',#3613,#3798,#687,.T.);
#3606=EDGE_CURVE('',#3615,#3796,#688,.T.);
#3607=EDGE_CURVE('',#3614,#3797,#689,.T.);
#3608=VERTEX_POINT('',#7639);
#3609=VERTEX_POINT('',#7640);
#3610=VERTEX_POINT('',#7642);
#3611=VERTEX_POINT('',#7644);
#3612=VERTEX_POINT('',#7646);
#3613=VERTEX_POINT('',#7648);
#3614=VERTEX_POINT('',#7650);
#3615=VERTEX_POINT('',#7652);
#3616=VERTEX_POINT('',#7655);
#3617=VERTEX_POINT('',#7656);
#3618=VERTEX_POINT('',#7658);
#3619=VERTEX_POINT('',#7660);
#3620=VERTEX_POINT('',#7662);
#3621=VERTEX_POINT('',#7664);
#3622=VERTEX_POINT('',#7666);
#3623=VERTEX_POINT('',#7668);
#3624=VERTEX_POINT('',#7671);
#3625=VERTEX_POINT('',#7672);
#3626=VERTEX_POINT('',#7674);
#3627=VERTEX_POINT('',#7676);
#3628=VERTEX_POINT('',#7678);
#3629=VERTEX_POINT('',#7680);
#3630=VERTEX_POINT('',#7682);
#3631=VERTEX_POINT('',#7684);
#3632=VERTEX_POINT('',#7687);
#3633=VERTEX_POINT('',#7688);
#3634=VERTEX_POINT('',#7690);
#3635=VERTEX_POINT('',#7692);
#3636=VERTEX_POINT('',#7694);
#3637=VERTEX_POINT('',#7696);
#3638=VERTEX_POINT('',#7698);
#3639=VERTEX_POINT('',#7700);
#3640=VERTEX_POINT('',#7703);
#3641=VERTEX_POINT('',#7704);
#3642=VERTEX_POINT('',#7706);
#3643=VERTEX_POINT('',#7708);
#3644=VERTEX_POINT('',#7710);
#3645=VERTEX_POINT('',#7712);
#3646=VERTEX_POINT('',#7714);
#3647=VERTEX_POINT('',#7716);
#3648=VERTEX_POINT('',#7719);
#3649=VERTEX_POINT('',#7720);
#3650=VERTEX_POINT('',#7722);
#3651=VERTEX_POINT('',#7724);
#3652=VERTEX_POINT('',#7726);
#3653=VERTEX_POINT('',#7728);
#3654=VERTEX_POINT('',#7730);
#3655=VERTEX_POINT('',#7732);
#3656=VERTEX_POINT('',#7735);
#3657=VERTEX_POINT('',#7736);
#3658=VERTEX_POINT('',#7738);
#3659=VERTEX_POINT('',#7740);
#3660=VERTEX_POINT('',#7743);
#3661=VERTEX_POINT('',#7744);
#3662=VERTEX_POINT('',#7746);
#3663=VERTEX_POINT('',#7748);
#3664=VERTEX_POINT('',#7750);
#3665=VERTEX_POINT('',#7752);
#3666=VERTEX_POINT('',#7754);
#3667=VERTEX_POINT('',#7756);
#3668=VERTEX_POINT('',#7759);
#3669=VERTEX_POINT('',#7760);
#3670=VERTEX_POINT('',#7762);
#3671=VERTEX_POINT('',#7764);
#3672=VERTEX_POINT('',#7766);
#3673=VERTEX_POINT('',#7768);
#3674=VERTEX_POINT('',#7770);
#3675=VERTEX_POINT('',#7772);
#3676=VERTEX_POINT('',#7775);
#3677=VERTEX_POINT('',#7776);
#3678=VERTEX_POINT('',#7778);
#3679=VERTEX_POINT('',#7780);
#3680=VERTEX_POINT('',#7782);
#3681=VERTEX_POINT('',#7784);
#3682=VERTEX_POINT('',#7786);
#3683=VERTEX_POINT('',#7788);
#3684=VERTEX_POINT('',#7791);
#3685=VERTEX_POINT('',#7792);
#3686=VERTEX_POINT('',#7794);
#3687=VERTEX_POINT('',#7796);
#3688=VERTEX_POINT('',#7798);
#3689=VERTEX_POINT('',#7800);
#3690=VERTEX_POINT('',#7802);
#3691=VERTEX_POINT('',#7804);
#3692=VERTEX_POINT('',#7807);
#3693=VERTEX_POINT('',#7808);
#3694=VERTEX_POINT('',#7810);
#3695=VERTEX_POINT('',#7812);
#3696=VERTEX_POINT('',#7814);
#3697=VERTEX_POINT('',#7816);
#3698=VERTEX_POINT('',#7818);
#3699=VERTEX_POINT('',#7820);
#3700=VERTEX_POINT('',#7824);
#3701=VERTEX_POINT('',#7825);
#3702=VERTEX_POINT('',#7827);
#3703=VERTEX_POINT('',#7829);
#3704=VERTEX_POINT('',#7831);
#3705=VERTEX_POINT('',#7833);
#3706=VERTEX_POINT('',#7835);
#3707=VERTEX_POINT('',#7837);
#3708=VERTEX_POINT('',#7840);
#3709=VERTEX_POINT('',#7841);
#3710=VERTEX_POINT('',#7843);
#3711=VERTEX_POINT('',#7845);
#3712=VERTEX_POINT('',#7847);
#3713=VERTEX_POINT('',#7849);
#3714=VERTEX_POINT('',#7851);
#3715=VERTEX_POINT('',#7853);
#3716=VERTEX_POINT('',#7856);
#3717=VERTEX_POINT('',#7857);
#3718=VERTEX_POINT('',#7859);
#3719=VERTEX_POINT('',#7861);
#3720=VERTEX_POINT('',#7863);
#3721=VERTEX_POINT('',#7865);
#3722=VERTEX_POINT('',#7867);
#3723=VERTEX_POINT('',#7869);
#3724=VERTEX_POINT('',#7872);
#3725=VERTEX_POINT('',#7873);
#3726=VERTEX_POINT('',#7875);
#3727=VERTEX_POINT('',#7877);
#3728=VERTEX_POINT('',#7879);
#3729=VERTEX_POINT('',#7881);
#3730=VERTEX_POINT('',#7883);
#3731=VERTEX_POINT('',#7885);
#3732=VERTEX_POINT('',#7888);
#3733=VERTEX_POINT('',#7889);
#3734=VERTEX_POINT('',#7891);
#3735=VERTEX_POINT('',#7893);
#3736=VERTEX_POINT('',#7895);
#3737=VERTEX_POINT('',#7897);
#3738=VERTEX_POINT('',#7899);
#3739=VERTEX_POINT('',#7901);
#3740=VERTEX_POINT('',#7904);
#3741=VERTEX_POINT('',#7905);
#3742=VERTEX_POINT('',#7907);
#3743=VERTEX_POINT('',#7909);
#3744=VERTEX_POINT('',#7911);
#3745=VERTEX_POINT('',#7913);
#3746=VERTEX_POINT('',#7915);
#3747=VERTEX_POINT('',#7917);
#3748=VERTEX_POINT('',#7920);
#3749=VERTEX_POINT('',#7921);
#3750=VERTEX_POINT('',#7923);
#3751=VERTEX_POINT('',#7925);
#3752=VERTEX_POINT('',#7928);
#3753=VERTEX_POINT('',#7929);
#3754=VERTEX_POINT('',#7931);
#3755=VERTEX_POINT('',#7933);
#3756=VERTEX_POINT('',#7935);
#3757=VERTEX_POINT('',#7937);
#3758=VERTEX_POINT('',#7939);
#3759=VERTEX_POINT('',#7941);
#3760=VERTEX_POINT('',#7944);
#3761=VERTEX_POINT('',#7945);
#3762=VERTEX_POINT('',#7947);
#3763=VERTEX_POINT('',#7949);
#3764=VERTEX_POINT('',#7951);
#3765=VERTEX_POINT('',#7953);
#3766=VERTEX_POINT('',#7955);
#3767=VERTEX_POINT('',#7957);
#3768=VERTEX_POINT('',#7960);
#3769=VERTEX_POINT('',#7961);
#3770=VERTEX_POINT('',#7963);
#3771=VERTEX_POINT('',#7965);
#3772=VERTEX_POINT('',#7967);
#3773=VERTEX_POINT('',#7969);
#3774=VERTEX_POINT('',#7971);
#3775=VERTEX_POINT('',#7973);
#3776=VERTEX_POINT('',#7976);
#3777=VERTEX_POINT('',#7977);
#3778=VERTEX_POINT('',#7979);
#3779=VERTEX_POINT('',#7981);
#3780=VERTEX_POINT('',#7983);
#3781=VERTEX_POINT('',#7985);
#3782=VERTEX_POINT('',#7987);
#3783=VERTEX_POINT('',#7989);
#3784=VERTEX_POINT('',#7992);
#3785=VERTEX_POINT('',#7993);
#3786=VERTEX_POINT('',#7995);
#3787=VERTEX_POINT('',#7997);
#3788=VERTEX_POINT('',#7999);
#3789=VERTEX_POINT('',#8001);
#3790=VERTEX_POINT('',#8003);
#3791=VERTEX_POINT('',#8005);
#3792=VERTEX_POINT('',#8009);
#3793=VERTEX_POINT('',#8010);
#3794=VERTEX_POINT('',#8012);
#3795=VERTEX_POINT('',#8014);
#3796=VERTEX_POINT('',#8016);
#3797=VERTEX_POINT('',#8018);
#3798=VERTEX_POINT('',#8020);
#3799=VERTEX_POINT('',#8022);
#3800=VERTEX_POINT('',#8025);
#3801=VERTEX_POINT('',#8026);
#3802=VERTEX_POINT('',#8028);
#3803=VERTEX_POINT('',#8030);
#3804=VERTEX_POINT('',#8032);
#3805=VERTEX_POINT('',#8034);
#3806=VERTEX_POINT('',#8036);
#3807=VERTEX_POINT('',#8038);
#3808=VERTEX_POINT('',#8041);
#3809=VERTEX_POINT('',#8042);
#3810=VERTEX_POINT('',#8044);
#3811=VERTEX_POINT('',#8046);
#3812=VERTEX_POINT('',#8048);
#3813=VERTEX_POINT('',#8050);
#3814=VERTEX_POINT('',#8052);
#3815=VERTEX_POINT('',#8054);
#3816=VERTEX_POINT('',#8057);
#3817=VERTEX_POINT('',#8058);
#3818=VERTEX_POINT('',#8060);
#3819=VERTEX_POINT('',#8062);
#3820=VERTEX_POINT('',#8064);
#3821=VERTEX_POINT('',#8066);
#3822=VERTEX_POINT('',#8068);
#3823=VERTEX_POINT('',#8070);
#3824=VERTEX_POINT('',#8073);
#3825=VERTEX_POINT('',#8074);
#3826=VERTEX_POINT('',#8076);
#3827=VERTEX_POINT('',#8078);
#3828=VERTEX_POINT('',#8080);
#3829=VERTEX_POINT('',#8082);
#3830=VERTEX_POINT('',#8084);
#3831=VERTEX_POINT('',#8086);
#3832=VERTEX_POINT('',#8089);
#3833=VERTEX_POINT('',#8090);
#3834=VERTEX_POINT('',#8092);
#3835=VERTEX_POINT('',#8094);
#3836=VERTEX_POINT('',#8096);
#3837=VERTEX_POINT('',#8098);
#3838=VERTEX_POINT('',#8100);
#3839=VERTEX_POINT('',#8102);
#3840=VERTEX_POINT('',#8105);
#3841=VERTEX_POINT('',#8106);
#3842=VERTEX_POINT('',#8108);
#3843=VERTEX_POINT('',#8110);
#3844=VERTEX_POINT('',#8113);
#3845=VERTEX_POINT('',#8114);
#3846=VERTEX_POINT('',#8116);
#3847=VERTEX_POINT('',#8118);
#3848=VERTEX_POINT('',#8120);
#3849=VERTEX_POINT('',#8122);
#3850=VERTEX_POINT('',#8124);
#3851=VERTEX_POINT('',#8126);
#3852=VERTEX_POINT('',#8129);
#3853=VERTEX_POINT('',#8130);
#3854=VERTEX_POINT('',#8132);
#3855=VERTEX_POINT('',#8134);
#3856=VERTEX_POINT('',#8136);
#3857=VERTEX_POINT('',#8138);
#3858=VERTEX_POINT('',#8140);
#3859=VERTEX_POINT('',#8142);
#3860=VERTEX_POINT('',#8145);
#3861=VERTEX_POINT('',#8146);
#3862=VERTEX_POINT('',#8148);
#3863=VERTEX_POINT('',#8150);
#3864=VERTEX_POINT('',#8152);
#3865=VERTEX_POINT('',#8154);
#3866=VERTEX_POINT('',#8156);
#3867=VERTEX_POINT('',#8158);
#3868=VERTEX_POINT('',#8161);
#3869=VERTEX_POINT('',#8162);
#3870=VERTEX_POINT('',#8164);
#3871=VERTEX_POINT('',#8166);
#3872=VERTEX_POINT('',#8168);
#3873=VERTEX_POINT('',#8170);
#3874=VERTEX_POINT('',#8172);
#3875=VERTEX_POINT('',#8174);
#3876=VERTEX_POINT('',#8177);
#3877=VERTEX_POINT('',#8178);
#3878=VERTEX_POINT('',#8180);
#3879=VERTEX_POINT('',#8182);
#3880=VERTEX_POINT('',#8184);
#3881=VERTEX_POINT('',#8186);
#3882=VERTEX_POINT('',#8188);
#3883=VERTEX_POINT('',#8190);
#3884=VERTEX_POINT('',#8194);
#3885=VERTEX_POINT('',#8195);
#3886=VERTEX_POINT('',#8197);
#3887=VERTEX_POINT('',#8199);
#3888=VERTEX_POINT('',#8201);
#3889=VERTEX_POINT('',#8203);
#3890=VERTEX_POINT('',#8205);
#3891=VERTEX_POINT('',#8207);
#3892=VERTEX_POINT('',#8210);
#3893=VERTEX_POINT('',#8211);
#3894=VERTEX_POINT('',#8213);
#3895=VERTEX_POINT('',#8215);
#3896=VERTEX_POINT('',#8217);
#3897=VERTEX_POINT('',#8219);
#3898=VERTEX_POINT('',#8221);
#3899=VERTEX_POINT('',#8223);
#3900=VERTEX_POINT('',#8226);
#3901=VERTEX_POINT('',#8227);
#3902=VERTEX_POINT('',#8229);
#3903=VERTEX_POINT('',#8231);
#3904=VERTEX_POINT('',#8233);
#3905=VERTEX_POINT('',#8235);
#3906=VERTEX_POINT('',#8237);
#3907=VERTEX_POINT('',#8239);
#3908=VERTEX_POINT('',#8242);
#3909=VERTEX_POINT('',#8243);
#3910=VERTEX_POINT('',#8245);
#3911=VERTEX_POINT('',#8247);
#3912=VERTEX_POINT('',#8249);
#3913=VERTEX_POINT('',#8251);
#3914=VERTEX_POINT('',#8253);
#3915=VERTEX_POINT('',#8255);
#3916=VERTEX_POINT('',#8258);
#3917=VERTEX_POINT('',#8259);
#3918=VERTEX_POINT('',#8261);
#3919=VERTEX_POINT('',#8263);
#3920=VERTEX_POINT('',#8265);
#3921=VERTEX_POINT('',#8267);
#3922=VERTEX_POINT('',#8269);
#3923=VERTEX_POINT('',#8271);
#3924=VERTEX_POINT('',#8274);
#3925=VERTEX_POINT('',#8275);
#3926=VERTEX_POINT('',#8277);
#3927=VERTEX_POINT('',#8279);
#3928=VERTEX_POINT('',#8282);
#3929=VERTEX_POINT('',#8283);
#3930=VERTEX_POINT('',#8285);
#3931=VERTEX_POINT('',#8287);
#3932=VERTEX_POINT('',#8289);
#3933=VERTEX_POINT('',#8291);
#3934=VERTEX_POINT('',#8293);
#3935=VERTEX_POINT('',#8295);
#3936=VERTEX_POINT('',#8298);
#3937=VERTEX_POINT('',#8299);
#3938=VERTEX_POINT('',#8301);
#3939=VERTEX_POINT('',#8303);
#3940=VERTEX_POINT('',#8305);
#3941=VERTEX_POINT('',#8307);
#3942=VERTEX_POINT('',#8309);
#3943=VERTEX_POINT('',#8311);
#3944=VERTEX_POINT('',#8314);
#3945=VERTEX_POINT('',#8315);
#3946=VERTEX_POINT('',#8317);
#3947=VERTEX_POINT('',#8319);
#3948=VERTEX_POINT('',#8321);
#3949=VERTEX_POINT('',#8323);
#3950=VERTEX_POINT('',#8325);
#3951=VERTEX_POINT('',#8327);
#3952=VERTEX_POINT('',#8330);
#3953=VERTEX_POINT('',#8331);
#3954=VERTEX_POINT('',#8333);
#3955=VERTEX_POINT('',#8335);
#3956=VERTEX_POINT('',#8337);
#3957=VERTEX_POINT('',#8339);
#3958=VERTEX_POINT('',#8341);
#3959=VERTEX_POINT('',#8343);
#3960=VERTEX_POINT('',#8346);
#3961=VERTEX_POINT('',#8347);
#3962=VERTEX_POINT('',#8349);
#3963=VERTEX_POINT('',#8351);
#3964=VERTEX_POINT('',#8353);
#3965=VERTEX_POINT('',#8355);
#3966=VERTEX_POINT('',#8357);
#3967=VERTEX_POINT('',#8359);
#3968=VERTEX_POINT('',#8362);
#3969=VERTEX_POINT('',#8363);
#3970=VERTEX_POINT('',#8365);
#3971=VERTEX_POINT('',#8367);
#3972=VERTEX_POINT('',#8369);
#3973=VERTEX_POINT('',#8371);
#3974=VERTEX_POINT('',#8373);
#3975=VERTEX_POINT('',#8375);
#3976=VERTEX_POINT('',#8379);
#3977=VERTEX_POINT('',#8380);
#3978=VERTEX_POINT('',#8382);
#3979=VERTEX_POINT('',#8384);
#3980=VERTEX_POINT('',#8386);
#3981=VERTEX_POINT('',#8388);
#3982=VERTEX_POINT('',#8391);
#3983=VERTEX_POINT('',#8392);
#3984=VERTEX_POINT('',#8394);
#3985=VERTEX_POINT('',#8396);
#3986=VERTEX_POINT('',#8398);
#3987=VERTEX_POINT('',#8400);
#3988=VERTEX_POINT('',#8403);
#3989=VERTEX_POINT('',#8404);
#3990=VERTEX_POINT('',#8406);
#3991=VERTEX_POINT('',#8408);
#3992=VERTEX_POINT('',#8410);
#3993=VERTEX_POINT('',#8412);
#3994=VERTEX_POINT('',#8415);
#3995=VERTEX_POINT('',#8416);
#3996=VERTEX_POINT('',#8418);
#3997=VERTEX_POINT('',#8420);
#3998=VERTEX_POINT('',#8422);
#3999=VERTEX_POINT('',#8424);
#4000=VERTEX_POINT('',#8427);
#4001=VERTEX_POINT('',#8428);
#4002=VERTEX_POINT('',#8430);
#4003=VERTEX_POINT('',#8432);
#4004=VERTEX_POINT('',#8434);
#4005=VERTEX_POINT('',#8436);
#4006=VERTEX_POINT('',#8439);
#4007=VERTEX_POINT('',#8441);
#4008=VERTEX_POINT('',#8443);
#4009=VERTEX_POINT('',#8445);
#4010=VERTEX_POINT('',#8447);
#4011=VERTEX_POINT('',#8449);
#4012=VERTEX_POINT('',#8451);
#4013=VERTEX_POINT('',#8453);
#4014=VERTEX_POINT('',#8456);
#4015=VERTEX_POINT('',#8458);
#4016=VERTEX_POINT('',#8461);
#4017=VERTEX_POINT('',#8462);
#4018=VERTEX_POINT('',#8464);
#4019=VERTEX_POINT('',#8466);
#4020=VERTEX_POINT('',#8468);
#4021=VERTEX_POINT('',#8470);
#4022=VERTEX_POINT('',#8473);
#4023=VERTEX_POINT('',#8474);
#4024=VERTEX_POINT('',#8476);
#4025=VERTEX_POINT('',#8478);
#4026=VERTEX_POINT('',#8480);
#4027=VERTEX_POINT('',#8482);
#4028=VERTEX_POINT('',#8485);
#4029=VERTEX_POINT('',#8486);
#4030=VERTEX_POINT('',#8488);
#4031=VERTEX_POINT('',#8490);
#4032=VERTEX_POINT('',#8492);
#4033=VERTEX_POINT('',#8494);
#4034=VERTEX_POINT('',#8497);
#4035=VERTEX_POINT('',#8498);
#4036=VERTEX_POINT('',#8500);
#4037=VERTEX_POINT('',#8502);
#4038=VERTEX_POINT('',#8504);
#4039=VERTEX_POINT('',#8506);
#4040=VERTEX_POINT('',#8510);
#4041=VERTEX_POINT('',#8511);
#4042=VERTEX_POINT('',#8513);
#4043=VERTEX_POINT('',#8515);
#4044=VERTEX_POINT('',#8517);
#4045=VERTEX_POINT('',#8519);
#4046=VERTEX_POINT('',#8522);
#4047=VERTEX_POINT('',#8523);
#4048=VERTEX_POINT('',#8525);
#4049=VERTEX_POINT('',#8527);
#4050=VERTEX_POINT('',#8529);
#4051=VERTEX_POINT('',#8531);
#4052=VERTEX_POINT('',#8534);
#4053=VERTEX_POINT('',#8535);
#4054=VERTEX_POINT('',#8537);
#4055=VERTEX_POINT('',#8539);
#4056=VERTEX_POINT('',#8541);
#4057=VERTEX_POINT('',#8543);
#4058=VERTEX_POINT('',#8546);
#4059=VERTEX_POINT('',#8547);
#4060=VERTEX_POINT('',#8549);
#4061=VERTEX_POINT('',#8551);
#4062=VERTEX_POINT('',#8553);
#4063=VERTEX_POINT('',#8555);
#4064=VERTEX_POINT('',#8558);
#4065=VERTEX_POINT('',#8559);
#4066=VERTEX_POINT('',#8561);
#4067=VERTEX_POINT('',#8563);
#4068=VERTEX_POINT('',#8565);
#4069=VERTEX_POINT('',#8567);
#4070=VERTEX_POINT('',#8570);
#4071=VERTEX_POINT('',#8572);
#4072=VERTEX_POINT('',#8574);
#4073=VERTEX_POINT('',#8576);
#4074=VERTEX_POINT('',#8578);
#4075=VERTEX_POINT('',#8581);
#4076=VERTEX_POINT('',#8583);
#4077=VERTEX_POINT('',#8585);
#4078=VERTEX_POINT('',#8587);
#4079=VERTEX_POINT('',#8589);
#4080=VERTEX_POINT('',#8592);
#4081=VERTEX_POINT('',#8593);
#4082=VERTEX_POINT('',#8595);
#4083=VERTEX_POINT('',#8597);
#4084=VERTEX_POINT('',#8599);
#4085=VERTEX_POINT('',#8601);
#4086=VERTEX_POINT('',#8604);
#4087=VERTEX_POINT('',#8605);
#4088=VERTEX_POINT('',#8607);
#4089=VERTEX_POINT('',#8609);
#4090=VERTEX_POINT('',#8611);
#4091=VERTEX_POINT('',#8613);
#4092=VERTEX_POINT('',#8616);
#4093=VERTEX_POINT('',#8617);
#4094=VERTEX_POINT('',#8619);
#4095=VERTEX_POINT('',#8621);
#4096=VERTEX_POINT('',#8623);
#4097=VERTEX_POINT('',#8625);
#4098=VERTEX_POINT('',#8628);
#4099=VERTEX_POINT('',#8629);
#4100=VERTEX_POINT('',#8631);
#4101=VERTEX_POINT('',#8633);
#4102=VERTEX_POINT('',#8635);
#4103=VERTEX_POINT('',#8637);
#4104=VERTEX_POINT('',#8641);
#4105=VERTEX_POINT('',#8644);
#4106=VERTEX_POINT('',#8647);
#4107=VERTEX_POINT('',#8650);
#4108=VERTEX_POINT('',#8653);
#4109=VERTEX_POINT('',#8656);
#4110=VERTEX_POINT('',#8659);
#4111=VERTEX_POINT('',#8662);
#4112=VERTEX_POINT('',#8665);
#4113=VERTEX_POINT('',#8674);
#4114=VERTEX_POINT('',#8677);
#4115=VERTEX_POINT('',#8678);
#4116=VERTEX_POINT('',#8680);
#4117=VERTEX_POINT('',#8682);
#4118=VERTEX_POINT('',#8685);
#4119=VERTEX_POINT('',#8692);
#4120=VERTEX_POINT('',#8697);
#4121=VERTEX_POINT('',#8701);
#4122=VERTEX_POINT('',#8705);
#4123=VERTEX_POINT('',#8709);
#4124=VERTEX_POINT('',#8711);
#4125=VERTEX_POINT('',#8721);
#4126=VERTEX_POINT('',#8725);
#4127=VERTEX_POINT('',#8726);
#4128=VERTEX_POINT('',#8728);
#4129=VERTEX_POINT('',#8730);
#4130=VERTEX_POINT('',#8733);
#4131=VERTEX_POINT('',#8739);
#4132=VERTEX_POINT('',#8743);
#4133=VERTEX_POINT('',#8745);
#4134=VERTEX_POINT('',#8747);
#4135=VERTEX_POINT('',#8749);
#4136=VERTEX_POINT('',#8751);
#4137=VERTEX_POINT('',#8755);
#4138=VERTEX_POINT('',#8760);
#4139=VERTEX_POINT('',#8764);
#4140=VERTEX_POINT('',#8794);
#4141=VERTEX_POINT('',#8814);
#4142=CIRCLE('',#5578,0.001);
#4143=CIRCLE('',#5579,0.001);
#4144=CIRCLE('',#5580,0.001);
#4145=CIRCLE('',#5581,0.001);
#4146=CIRCLE('',#5582,0.001);
#4147=CIRCLE('',#5583,0.001);
#4148=CIRCLE('',#5584,0.001);
#4149=CIRCLE('',#5585,0.001);
#4150=CIRCLE('',#5586,0.001);
#4151=CIRCLE('',#5587,0.001);
#4152=CIRCLE('',#5588,0.001);
#4153=CIRCLE('',#5589,0.001);
#4154=CIRCLE('',#5590,0.001);
#4155=CIRCLE('',#5591,0.001);
#4156=CIRCLE('',#5592,0.001);
#4157=CIRCLE('',#5593,0.001);
#4158=CIRCLE('',#5594,0.001);
#4159=CIRCLE('',#5595,0.001);
#4160=CIRCLE('',#5596,0.001);
#4161=CIRCLE('',#5597,0.001);
#4162=CIRCLE('',#5598,0.001);
#4163=CIRCLE('',#5599,0.001);
#4164=CIRCLE('',#5600,0.001);
#4165=CIRCLE('',#5601,0.001);
#4166=CIRCLE('',#5602,0.001);
#4167=CIRCLE('',#5603,0.001);
#4168=CIRCLE('',#5604,0.001);
#4169=CIRCLE('',#5605,0.001);
#4170=CIRCLE('',#5606,0.001);
#4171=CIRCLE('',#5607,0.00100000000000001);
#4172=CIRCLE('',#5608,0.001);
#4173=CIRCLE('',#5609,0.001);
#4174=CIRCLE('',#5610,0.001);
#4175=CIRCLE('',#5611,0.001);
#4176=CIRCLE('',#5612,0.001);
#4177=CIRCLE('',#5613,0.001);
#4178=CIRCLE('',#5614,0.001);
#4179=CIRCLE('',#5615,0.001);
#4180=CIRCLE('',#5616,0.001);
#4181=CIRCLE('',#5617,0.001);
#4182=CIRCLE('',#5618,0.001);
#4183=CIRCLE('',#5619,0.001);
#4184=CIRCLE('',#5620,0.001);
#4185=CIRCLE('',#5621,0.001);
#4186=CIRCLE('',#5623,0.001);
#4187=CIRCLE('',#5624,0.001);
#4188=CIRCLE('',#5625,0.001);
#4189=CIRCLE('',#5626,0.001);
#4190=CIRCLE('',#5627,0.001);
#4191=CIRCLE('',#5628,0.001);
#4192=CIRCLE('',#5629,0.001);
#4193=CIRCLE('',#5630,0.001);
#4194=CIRCLE('',#5631,0.001);
#4195=CIRCLE('',#5632,0.001);
#4196=CIRCLE('',#5633,0.001);
#4197=CIRCLE('',#5634,0.001);
#4198=CIRCLE('',#5635,0.001);
#4199=CIRCLE('',#5636,0.001);
#4200=CIRCLE('',#5637,0.001);
#4201=CIRCLE('',#5638,0.001);
#4202=CIRCLE('',#5639,0.001);
#4203=CIRCLE('',#5640,0.001);
#4204=CIRCLE('',#5641,0.001);
#4205=CIRCLE('',#5642,0.001);
#4206=CIRCLE('',#5643,0.001);
#4207=CIRCLE('',#5644,0.001);
#4208=CIRCLE('',#5645,0.001);
#4209=CIRCLE('',#5646,0.001);
#4210=CIRCLE('',#5647,0.001);
#4211=CIRCLE('',#5648,0.001);
#4212=CIRCLE('',#5649,0.001);
#4213=CIRCLE('',#5650,0.001);
#4214=CIRCLE('',#5651,0.00100000000000001);
#4215=CIRCLE('',#5652,0.001);
#4216=CIRCLE('',#5653,0.001);
#4217=CIRCLE('',#5654,0.001);
#4218=CIRCLE('',#5655,0.001);
#4219=CIRCLE('',#5656,0.001);
#4220=CIRCLE('',#5657,0.001);
#4221=CIRCLE('',#5658,0.001);
#4222=CIRCLE('',#5659,0.001);
#4223=CIRCLE('',#5660,0.001);
#4224=CIRCLE('',#5661,0.001);
#4225=CIRCLE('',#5662,0.001);
#4226=CIRCLE('',#5663,0.001);
#4227=CIRCLE('',#5664,0.001);
#4228=CIRCLE('',#5665,0.001);
#4229=CIRCLE('',#5666,0.001);
#4230=CIRCLE('',#5668,0.001);
#4231=CIRCLE('',#5669,0.001);
#4232=CIRCLE('',#5670,0.001);
#4233=CIRCLE('',#5671,0.001);
#4234=CIRCLE('',#5672,0.001);
#4235=CIRCLE('',#5673,0.001);
#4236=CIRCLE('',#5674,0.001);
#4237=CIRCLE('',#5675,0.001);
#4238=CIRCLE('',#5676,0.001);
#4239=CIRCLE('',#5677,0.001);
#4240=CIRCLE('',#5678,0.001);
#4241=CIRCLE('',#5679,0.001);
#4242=CIRCLE('',#5680,0.001);
#4243=CIRCLE('',#5681,0.001);
#4244=CIRCLE('',#5682,0.001);
#4245=CIRCLE('',#5683,0.001);
#4246=CIRCLE('',#5684,0.001);
#4247=CIRCLE('',#5685,0.001);
#4248=CIRCLE('',#5686,0.001);
#4249=CIRCLE('',#5687,0.001);
#4250=CIRCLE('',#5688,0.001);
#4251=CIRCLE('',#5689,0.001);
#4252=CIRCLE('',#5690,0.001);
#4253=CIRCLE('',#5691,0.001);
#4254=CIRCLE('',#5692,0.001);
#4255=CIRCLE('',#5693,0.001);
#4256=CIRCLE('',#5694,0.001);
#4257=CIRCLE('',#5695,0.001);
#4258=CIRCLE('',#5696,0.001);
#4259=CIRCLE('',#5697,0.001);
#4260=CIRCLE('',#5698,0.00100000000000001);
#4261=CIRCLE('',#5699,0.001);
#4262=CIRCLE('',#5700,0.001);
#4263=CIRCLE('',#5701,0.001);
#4264=CIRCLE('',#5702,0.001);
#4265=CIRCLE('',#5703,0.001);
#4266=CIRCLE('',#5704,0.001);
#4267=CIRCLE('',#5705,0.001);
#4268=CIRCLE('',#5706,0.001);
#4269=CIRCLE('',#5707,0.001);
#4270=CIRCLE('',#5708,0.001);
#4271=CIRCLE('',#5709,0.001);
#4272=CIRCLE('',#5710,0.001);
#4273=CIRCLE('',#5711,0.001);
#4274=CIRCLE('',#5713,0.001);
#4275=CIRCLE('',#5714,0.001);
#4276=CIRCLE('',#5715,0.001);
#4277=CIRCLE('',#5716,0.001);
#4278=CIRCLE('',#5717,0.00100000000000001);
#4279=CIRCLE('',#5718,0.001);
#4280=CIRCLE('',#5719,0.001);
#4281=CIRCLE('',#5720,0.001);
#4282=CIRCLE('',#5721,0.001);
#4283=CIRCLE('',#5722,0.001);
#4284=CIRCLE('',#5723,0.001);
#4285=CIRCLE('',#5724,0.001);
#4286=CIRCLE('',#5725,0.001);
#4287=CIRCLE('',#5726,0.001);
#4288=CIRCLE('',#5727,0.001);
#4289=CIRCLE('',#5728,0.001);
#4290=CIRCLE('',#5729,0.001);
#4291=CIRCLE('',#5730,0.001);
#4292=CIRCLE('',#5731,0.001);
#4293=CIRCLE('',#5732,0.001);
#4294=CIRCLE('',#5733,0.001);
#4295=CIRCLE('',#5734,0.001);
#4296=CIRCLE('',#5735,0.001);
#4297=CIRCLE('',#5736,0.001);
#4298=CIRCLE('',#5737,0.001);
#4299=CIRCLE('',#5738,0.001);
#4300=CIRCLE('',#5739,0.001);
#4301=CIRCLE('',#5740,0.001);
#4302=CIRCLE('',#5741,0.001);
#4303=CIRCLE('',#5742,0.001);
#4304=CIRCLE('',#5743,0.001);
#4305=CIRCLE('',#5744,0.001);
#4306=CIRCLE('',#5745,0.001);
#4307=CIRCLE('',#5746,0.001);
#4308=CIRCLE('',#5747,0.001);
#4309=CIRCLE('',#5748,0.001);
#4310=CIRCLE('',#5749,0.001);
#4311=CIRCLE('',#5750,0.001);
#4312=CIRCLE('',#5751,0.001);
#4313=CIRCLE('',#5752,0.001);
#4314=CIRCLE('',#5753,0.001);
#4315=CIRCLE('',#5754,0.001);
#4316=CIRCLE('',#5755,0.001);
#4317=CIRCLE('',#5756,0.001);
#4318=CIRCLE('',#5758,0.00225);
#4319=CIRCLE('',#5759,0.00225);
#4320=CIRCLE('',#5760,0.00225);
#4321=CIRCLE('',#5761,0.00225);
#4322=CIRCLE('',#5762,0.002);
#4323=CIRCLE('',#5763,0.002);
#4324=CIRCLE('',#5764,0.004);
#4325=CIRCLE('',#5765,0.004);
#4326=CIRCLE('',#5766,0.004);
#4327=CIRCLE('',#5767,0.004);
#4328=CIRCLE('',#5769,0.005);
#4329=CIRCLE('',#5770,0.005);
#4330=CIRCLE('',#5771,0.004);
#4331=CIRCLE('',#5772,0.004);
#4332=CIRCLE('',#5773,0.004);
#4333=CIRCLE('',#5774,0.004);
#4334=CIRCLE('',#5775,0.005);
#4335=CIRCLE('',#5776,0.005);
#4336=CIRCLE('',#5778,0.00225);
#4337=CIRCLE('',#5780,0.00225);
#4338=CIRCLE('',#5782,0.00225);
#4339=CIRCLE('',#5784,0.00225);
#4340=CIRCLE('',#5786,0.004);
#4341=CIRCLE('',#5788,0.004);
#4342=CIRCLE('',#5790,0.004);
#4343=CIRCLE('',#5792,0.004);
#4344=CIRCLE('',#5794,0.004);
#4345=CIRCLE('',#5797,0.004);
#4346=CIRCLE('',#5801,0.004);
#4347=CIRCLE('',#5804,0.004);
#4348=CIRCLE('',#5807,0.004);
#4349=CIRCLE('',#5809,0.003);
#4350=CIRCLE('',#5811,0.004);
#4351=CIRCLE('',#5813,0.004);
#4352=CIRCLE('',#5815,0.004);
#4353=CIRCLE('',#5817,0.004);
#4354=CIRCLE('',#5820,0.004);
#4355=CIRCLE('',#5822,0.004);
#4356=CIRCLE('',#5824,0.00135);
#4357=CIRCLE('',#5825,0.00135);
#4358=CIRCLE('',#5826,0.002);
#4359=CIRCLE('',#5827,0.002);
#4360=CIRCLE('',#5828,0.004);
#4361=CIRCLE('',#5830,0.003);
#4362=CIRCLE('',#5833,0.00135);
#4363=CIRCLE('',#5836,0.00135);
#4364=EDGE_LOOP('',(#1250,#1251,#1252,#1253,#1254,#1255,#1256,#1257));
#4365=EDGE_LOOP('',(#1258,#1259,#1260,#1261,#1262,#1263,#1264,#1265));
#4366=EDGE_LOOP('',(#1266,#1267,#1268,#1269,#1270,#1271,#1272,#1273));
#4367=EDGE_LOOP('',(#1274,#1275,#1276,#1277,#1278,#1279,#1280,#1281));
#4368=EDGE_LOOP('',(#1282,#1283,#1284,#1285,#1286,#1287,#1288,#1289));
#4369=EDGE_LOOP('',(#1290,#1291,#1292,#1293,#1294,#1295,#1296,#1297));
#4370=EDGE_LOOP('',(#1298,#1299,#1300,#1301));
#4371=EDGE_LOOP('',(#1302,#1303,#1304,#1305,#1306,#1307,#1308,#1309));
#4372=EDGE_LOOP('',(#1310,#1311,#1312,#1313,#1314,#1315,#1316,#1317));
#4373=EDGE_LOOP('',(#1318,#1319,#1320,#1321,#1322,#1323,#1324,#1325));
#4374=EDGE_LOOP('',(#1326,#1327,#1328,#1329,#1330,#1331,#1332,#1333));
#4375=EDGE_LOOP('',(#1334,#1335,#1336,#1337,#1338,#1339,#1340,#1341));
#4376=EDGE_LOOP('',(#1342,#1343,#1344,#1345,#1346,#1347,#1348,#1349));
#4377=EDGE_LOOP('',(#1350,#1351,#1352,#1353,#1354,#1355,#1356,#1357));
#4378=EDGE_LOOP('',(#1358,#1359,#1360,#1361,#1362,#1363,#1364,#1365));
#4379=EDGE_LOOP('',(#1366,#1367,#1368,#1369,#1370,#1371,#1372,#1373));
#4380=EDGE_LOOP('',(#1374,#1375,#1376,#1377,#1378,#1379,#1380,#1381));
#4381=EDGE_LOOP('',(#1382,#1383,#1384,#1385,#1386,#1387,#1388,#1389));
#4382=EDGE_LOOP('',(#1390,#1391,#1392,#1393));
#4383=EDGE_LOOP('',(#1394,#1395,#1396,#1397,#1398,#1399,#1400,#1401));
#4384=EDGE_LOOP('',(#1402,#1403,#1404,#1405,#1406,#1407,#1408,#1409));
#4385=EDGE_LOOP('',(#1410,#1411,#1412,#1413,#1414,#1415,#1416,#1417));
#4386=EDGE_LOOP('',(#1418,#1419,#1420,#1421,#1422,#1423,#1424,#1425));
#4387=EDGE_LOOP('',(#1426,#1427,#1428,#1429,#1430,#1431,#1432,#1433));
#4388=EDGE_LOOP('',(#1434,#1435,#1436,#1437,#1438,#1439,#1440,#1441));
#4389=EDGE_LOOP('',(#1442,#1443,#1444,#1445,#1446,#1447,#1448,#1449));
#4390=EDGE_LOOP('',(#1450,#1451,#1452,#1453,#1454,#1455,#1456,#1457));
#4391=EDGE_LOOP('',(#1458,#1459,#1460,#1461,#1462,#1463,#1464,#1465));
#4392=EDGE_LOOP('',(#1466,#1467,#1468,#1469,#1470,#1471,#1472,#1473));
#4393=EDGE_LOOP('',(#1474,#1475,#1476,#1477,#1478,#1479,#1480,#1481));
#4394=EDGE_LOOP('',(#1482,#1483,#1484,#1485));
#4395=EDGE_LOOP('',(#1486,#1487,#1488,#1489,#1490,#1491,#1492,#1493));
#4396=EDGE_LOOP('',(#1494,#1495,#1496,#1497,#1498,#1499,#1500,#1501));
#4397=EDGE_LOOP('',(#1502,#1503,#1504,#1505,#1506,#1507,#1508,#1509));
#4398=EDGE_LOOP('',(#1510,#1511,#1512,#1513,#1514,#1515,#1516,#1517));
#4399=EDGE_LOOP('',(#1518,#1519,#1520,#1521,#1522,#1523,#1524,#1525));
#4400=EDGE_LOOP('',(#1526,#1527,#1528,#1529,#1530,#1531,#1532,#1533));
#4401=EDGE_LOOP('',(#1534,#1535,#1536,#1537,#1538,#1539,#1540,#1541));
#4402=EDGE_LOOP('',(#1542,#1543,#1544,#1545,#1546,#1547,#1548,#1549));
#4403=EDGE_LOOP('',(#1550,#1551,#1552,#1553,#1554,#1555,#1556,#1557));
#4404=EDGE_LOOP('',(#1558,#1559,#1560,#1561,#1562,#1563,#1564,#1565));
#4405=EDGE_LOOP('',(#1566,#1567,#1568,#1569));
#4406=EDGE_LOOP('',(#1570,#1571,#1572,#1573,#1574,#1575,#1576,#1577));
#4407=EDGE_LOOP('',(#1578,#1579,#1580,#1581,#1582,#1583,#1584,#1585));
#4408=EDGE_LOOP('',(#1586,#1587,#1588,#1589,#1590,#1591,#1592,#1593));
#4409=EDGE_LOOP('',(#1594,#1595,#1596,#1597,#1598,#1599,#1600,#1601));
#4410=EDGE_LOOP('',(#1602,#1603,#1604,#1605,#1606,#1607,#1608,#1609));
#4411=EDGE_LOOP('',(#1610,#1611,#1612,#1613,#1614,#1615,#1616,#1617));
#4412=EDGE_LOOP('',(#1618,#1619,#1620,#1621,#1622,#1623));
#4413=EDGE_LOOP('',(#1624,#1625,#1626,#1627,#1628,#1629));
#4414=EDGE_LOOP('',(#1630,#1631,#1632,#1633,#1634,#1635));
#4415=EDGE_LOOP('',(#1636,#1637,#1638,#1639,#1640,#1641));
#4416=EDGE_LOOP('',(#1642,#1643,#1644,#1645,#1646,#1647));
#4417=EDGE_LOOP('',(#1648));
#4418=EDGE_LOOP('',(#1649));
#4419=EDGE_LOOP('',(#1650));
#4420=EDGE_LOOP('',(#1651));
#4421=EDGE_LOOP('',(#1652));
#4422=EDGE_LOOP('',(#1653));
#4423=EDGE_LOOP('',(#1654,#1655,#1656,#1657,#1658,#1659,#1660,#1661));
#4424=EDGE_LOOP('',(#1662,#1663,#1664,#1665,#1666,#1667));
#4425=EDGE_LOOP('',(#1668,#1669,#1670,#1671,#1672,#1673));
#4426=EDGE_LOOP('',(#1674,#1675,#1676,#1677,#1678,#1679));
#4427=EDGE_LOOP('',(#1680,#1681,#1682,#1683,#1684,#1685));
#4428=EDGE_LOOP('',(#1686,#1687,#1688,#1689,#1690,#1691));
#4429=EDGE_LOOP('',(#1692,#1693,#1694,#1695,#1696,#1697));
#4430=EDGE_LOOP('',(#1698,#1699,#1700,#1701,#1702,#1703));
#4431=EDGE_LOOP('',(#1704,#1705,#1706,#1707,#1708,#1709));
#4432=EDGE_LOOP('',(#1710,#1711,#1712,#1713,#1714,#1715));
#4433=EDGE_LOOP('',(#1716));
#4434=EDGE_LOOP('',(#1717));
#4435=EDGE_LOOP('',(#1718,#1719,#1720,#1721,#1722,#1723,#1724,#1725,#1726,
#1727,#1728,#1729));
#4436=EDGE_LOOP('',(#1730,#1731,#1732,#1733,#1734,#1735));
#4437=EDGE_LOOP('',(#1736,#1737,#1738,#1739,#1740,#1741));
#4438=EDGE_LOOP('',(#1742,#1743,#1744,#1745,#1746,#1747));
#4439=EDGE_LOOP('',(#1748,#1749,#1750,#1751,#1752,#1753));
#4440=EDGE_LOOP('',(#1754));
#4441=EDGE_LOOP('',(#1755));
#4442=EDGE_LOOP('',(#1756));
#4443=EDGE_LOOP('',(#1757));
#4444=EDGE_LOOP('',(#1758));
#4445=EDGE_LOOP('',(#1759));
#4446=EDGE_LOOP('',(#1760));
#4447=EDGE_LOOP('',(#1761));
#4448=EDGE_LOOP('',(#1762));
#4449=EDGE_LOOP('',(#1763));
#4450=EDGE_LOOP('',(#1764));
#4451=EDGE_LOOP('',(#1765));
#4452=EDGE_LOOP('',(#1766));
#4453=EDGE_LOOP('',(#1767));
#4454=EDGE_LOOP('',(#1768));
#4455=EDGE_LOOP('',(#1769));
#4456=EDGE_LOOP('',(#1770));
#4457=EDGE_LOOP('',(#1771));
#4458=EDGE_LOOP('',(#1772,#1773));
#4459=EDGE_LOOP('',(#1774));
#4460=EDGE_LOOP('',(#1775));
#4461=EDGE_LOOP('',(#1776));
#4462=EDGE_LOOP('',(#1777,#1778,#1779,#1780));
#4463=EDGE_LOOP('',(#1781,#1782,#1783,#1784,#1785,#1786,#1787,#1788));
#4464=EDGE_LOOP('',(#1789,#1790));
#4465=EDGE_LOOP('',(#1791));
#4466=EDGE_LOOP('',(#1792));
#4467=EDGE_LOOP('',(#1793));
#4468=EDGE_LOOP('',(#1794));
#4469=EDGE_LOOP('',(#1795));
#4470=EDGE_LOOP('',(#1796));
#4471=EDGE_LOOP('',(#1797));
#4472=EDGE_LOOP('',(#1798));
#4473=EDGE_LOOP('',(#1799));
#4474=EDGE_LOOP('',(#1800,#1801,#1802,#1803));
#4475=EDGE_LOOP('',(#1804));
#4476=EDGE_LOOP('',(#1805,#1806,#1807,#1808));
#4477=EDGE_LOOP('',(#1809,#1810,#1811,#1812));
#4478=EDGE_LOOP('',(#1813,#1814,#1815,#1816));
#4479=EDGE_LOOP('',(#1817,#1818,#1819,#1820));
#4480=EDGE_LOOP('',(#1821,#1822,#1823,#1824));
#4481=EDGE_LOOP('',(#1825,#1826,#1827,#1828));
#4482=EDGE_LOOP('',(#1829,#1830,#1831,#1832));
#4483=EDGE_LOOP('',(#1833,#1834,#1835,#1836));
#4484=EDGE_LOOP('',(#1837,#1838,#1839,#1840));
#4485=EDGE_LOOP('',(#1841,#1842,#1843,#1844,#1845,#1846,#1847,#1848));
#4486=EDGE_LOOP('',(#1849));
#4487=EDGE_LOOP('',(#1850));
#4488=EDGE_LOOP('',(#1851));
#4489=EDGE_LOOP('',(#1852));
#4490=EDGE_LOOP('',(#1853,#1854,#1855,#1856,#1857,#1858,#1859,#1860));
#4491=EDGE_LOOP('',(#1861));
#4492=EDGE_LOOP('',(#1862,#1863,#1864,#1865));
#4493=EDGE_LOOP('',(#1866,#1867,#1868,#1869));
#4494=EDGE_LOOP('',(#1870));
#4495=EDGE_LOOP('',(#1871));
#4496=EDGE_LOOP('',(#1872));
#4497=EDGE_LOOP('',(#1873));
#4498=EDGE_LOOP('',(#1874));
#4499=EDGE_LOOP('',(#1875));
#4500=EDGE_LOOP('',(#1876,#1877,#1878,#1879));
#4501=EDGE_LOOP('',(#1880,#1881,#1882,#1883));
#4502=EDGE_LOOP('',(#1884,#1885,#1886,#1887));
#4503=EDGE_LOOP('',(#1888,#1889,#1890,#1891));
#4504=EDGE_LOOP('',(#1892));
#4505=EDGE_LOOP('',(#1893));
#4506=EDGE_LOOP('',(#1894));
#4507=EDGE_LOOP('',(#1895));
#4508=EDGE_LOOP('',(#1896));
#4509=EDGE_LOOP('',(#1897));
#4510=EDGE_LOOP('',(#1898));
#4511=EDGE_LOOP('',(#1899));
#4512=EDGE_LOOP('',(#1900));
#4513=EDGE_LOOP('',(#1901));
#4514=EDGE_LOOP('',(#1902,#1903,#1904,#1905));
#4515=EDGE_LOOP('',(#1906,#1907,#1908,#1909));
#4516=EDGE_LOOP('',(#1910,#1911,#1912,#1913));
#4517=EDGE_LOOP('',(#1914,#1915,#1916,#1917));
#4518=EDGE_LOOP('',(#1918,#1919,#1920,#1921));
#4519=EDGE_LOOP('',(#1922,#1923,#1924,#1925));
#4520=EDGE_LOOP('',(#1926,#1927,#1928,#1929));
#4521=EDGE_LOOP('',(#1930,#1931,#1932,#1933));
#4522=EDGE_LOOP('',(#1934,#1935,#1936,#1937));
#4523=EDGE_LOOP('',(#1938,#1939,#1940,#1941));
#4524=EDGE_LOOP('',(#1942,#1943,#1944,#1945));
#4525=EDGE_LOOP('',(#1946,#1947,#1948,#1949));
#4526=EDGE_LOOP('',(#1950,#1951,#1952,#1953));
#4527=EDGE_LOOP('',(#1954,#1955,#1956,#1957));
#4528=EDGE_LOOP('',(#1958,#1959,#1960,#1961));
#4529=EDGE_LOOP('',(#1962,#1963,#1964,#1965));
#4530=EDGE_LOOP('',(#1966,#1967,#1968,#1969));
#4531=EDGE_LOOP('',(#1970,#1971,#1972,#1973));
#4532=EDGE_LOOP('',(#1974,#1975,#1976,#1977));
#4533=EDGE_LOOP('',(#1978,#1979,#1980,#1981));
#4534=EDGE_LOOP('',(#1982,#1983,#1984,#1985));
#4535=EDGE_LOOP('',(#1986,#1987,#1988,#1989));
#4536=EDGE_LOOP('',(#1990,#1991,#1992,#1993));
#4537=EDGE_LOOP('',(#1994,#1995,#1996,#1997));
#4538=EDGE_LOOP('',(#1998,#1999,#2000,#2001));
#4539=EDGE_LOOP('',(#2002,#2003,#2004,#2005));
#4540=EDGE_LOOP('',(#2006,#2007,#2008,#2009));
#4541=EDGE_LOOP('',(#2010,#2011,#2012,#2013));
#4542=EDGE_LOOP('',(#2014,#2015,#2016,#2017));
#4543=EDGE_LOOP('',(#2018,#2019,#2020,#2021));
#4544=EDGE_LOOP('',(#2022,#2023,#2024,#2025));
#4545=EDGE_LOOP('',(#2026,#2027,#2028,#2029));
#4546=EDGE_LOOP('',(#2030,#2031,#2032,#2033));
#4547=EDGE_LOOP('',(#2034,#2035,#2036,#2037));
#4548=EDGE_LOOP('',(#2038,#2039,#2040,#2041));
#4549=EDGE_LOOP('',(#2042,#2043,#2044,#2045));
#4550=EDGE_LOOP('',(#2046,#2047,#2048,#2049));
#4551=EDGE_LOOP('',(#2050,#2051,#2052,#2053));
#4552=EDGE_LOOP('',(#2054,#2055,#2056,#2057));
#4553=EDGE_LOOP('',(#2058,#2059,#2060,#2061));
#4554=EDGE_LOOP('',(#2062,#2063,#2064,#2065));
#4555=EDGE_LOOP('',(#2066,#2067,#2068,#2069));
#4556=EDGE_LOOP('',(#2070,#2071,#2072,#2073));
#4557=EDGE_LOOP('',(#2074,#2075,#2076,#2077));
#4558=EDGE_LOOP('',(#2078,#2079,#2080,#2081));
#4559=EDGE_LOOP('',(#2082,#2083,#2084,#2085));
#4560=EDGE_LOOP('',(#2086,#2087,#2088,#2089));
#4561=EDGE_LOOP('',(#2090,#2091,#2092,#2093));
#4562=EDGE_LOOP('',(#2094,#2095,#2096,#2097));
#4563=EDGE_LOOP('',(#2098,#2099,#2100,#2101));
#4564=EDGE_LOOP('',(#2102,#2103,#2104,#2105));
#4565=EDGE_LOOP('',(#2106,#2107,#2108,#2109));
#4566=EDGE_LOOP('',(#2110,#2111,#2112,#2113));
#4567=EDGE_LOOP('',(#2114,#2115,#2116,#2117));
#4568=EDGE_LOOP('',(#2118,#2119,#2120,#2121));
#4569=EDGE_LOOP('',(#2122,#2123,#2124,#2125));
#4570=EDGE_LOOP('',(#2126,#2127,#2128,#2129));
#4571=EDGE_LOOP('',(#2130,#2131,#2132,#2133));
#4572=EDGE_LOOP('',(#2134,#2135,#2136,#2137));
#4573=EDGE_LOOP('',(#2138,#2139,#2140,#2141));
#4574=EDGE_LOOP('',(#2142,#2143,#2144,#2145));
#4575=EDGE_LOOP('',(#2146,#2147,#2148,#2149));
#4576=EDGE_LOOP('',(#2150,#2151,#2152,#2153));
#4577=EDGE_LOOP('',(#2154,#2155,#2156,#2157));
#4578=EDGE_LOOP('',(#2158,#2159,#2160,#2161));
#4579=EDGE_LOOP('',(#2162,#2163,#2164,#2165));
#4580=EDGE_LOOP('',(#2166,#2167,#2168,#2169));
#4581=EDGE_LOOP('',(#2170,#2171,#2172,#2173));
#4582=EDGE_LOOP('',(#2174,#2175,#2176,#2177));
#4583=EDGE_LOOP('',(#2178,#2179,#2180,#2181));
#4584=EDGE_LOOP('',(#2182,#2183,#2184,#2185));
#4585=EDGE_LOOP('',(#2186,#2187,#2188,#2189));
#4586=EDGE_LOOP('',(#2190,#2191,#2192,#2193));
#4587=EDGE_LOOP('',(#2194,#2195,#2196,#2197));
#4588=EDGE_LOOP('',(#2198,#2199,#2200,#2201));
#4589=EDGE_LOOP('',(#2202,#2203,#2204,#2205));
#4590=EDGE_LOOP('',(#2206,#2207,#2208,#2209));
#4591=EDGE_LOOP('',(#2210,#2211,#2212,#2213));
#4592=EDGE_LOOP('',(#2214,#2215,#2216,#2217));
#4593=EDGE_LOOP('',(#2218,#2219,#2220,#2221));
#4594=EDGE_LOOP('',(#2222,#2223,#2224,#2225));
#4595=EDGE_LOOP('',(#2226,#2227,#2228,#2229));
#4596=EDGE_LOOP('',(#2230,#2231,#2232,#2233));
#4597=EDGE_LOOP('',(#2234,#2235,#2236,#2237));
#4598=EDGE_LOOP('',(#2238,#2239,#2240,#2241));
#4599=EDGE_LOOP('',(#2242,#2243,#2244,#2245));
#4600=EDGE_LOOP('',(#2246,#2247,#2248,#2249));
#4601=EDGE_LOOP('',(#2250,#2251,#2252,#2253));
#4602=EDGE_LOOP('',(#2254,#2255,#2256,#2257));
#4603=EDGE_LOOP('',(#2258,#2259,#2260,#2261));
#4604=EDGE_LOOP('',(#2262,#2263,#2264,#2265));
#4605=EDGE_LOOP('',(#2266,#2267,#2268,#2269));
#4606=EDGE_LOOP('',(#2270,#2271,#2272,#2273));
#4607=EDGE_LOOP('',(#2274,#2275,#2276,#2277));
#4608=EDGE_LOOP('',(#2278,#2279,#2280,#2281));
#4609=EDGE_LOOP('',(#2282,#2283,#2284,#2285));
#4610=EDGE_LOOP('',(#2286,#2287,#2288,#2289));
#4611=EDGE_LOOP('',(#2290,#2291,#2292,#2293));
#4612=EDGE_LOOP('',(#2294,#2295,#2296,#2297));
#4613=EDGE_LOOP('',(#2298,#2299,#2300,#2301));
#4614=EDGE_LOOP('',(#2302,#2303,#2304,#2305));
#4615=EDGE_LOOP('',(#2306,#2307,#2308,#2309));
#4616=EDGE_LOOP('',(#2310,#2311,#2312,#2313));
#4617=EDGE_LOOP('',(#2314,#2315,#2316,#2317));
#4618=EDGE_LOOP('',(#2318,#2319,#2320,#2321));
#4619=EDGE_LOOP('',(#2322,#2323,#2324,#2325));
#4620=EDGE_LOOP('',(#2326,#2327,#2328,#2329));
#4621=EDGE_LOOP('',(#2330,#2331,#2332,#2333));
#4622=EDGE_LOOP('',(#2334,#2335,#2336,#2337));
#4623=EDGE_LOOP('',(#2338,#2339,#2340,#2341));
#4624=EDGE_LOOP('',(#2342,#2343,#2344,#2345));
#4625=EDGE_LOOP('',(#2346,#2347,#2348,#2349));
#4626=EDGE_LOOP('',(#2350,#2351,#2352,#2353));
#4627=EDGE_LOOP('',(#2354,#2355,#2356,#2357));
#4628=EDGE_LOOP('',(#2358,#2359,#2360,#2361));
#4629=EDGE_LOOP('',(#2362,#2363,#2364,#2365));
#4630=EDGE_LOOP('',(#2366,#2367,#2368,#2369));
#4631=EDGE_LOOP('',(#2370,#2371,#2372,#2373));
#4632=EDGE_LOOP('',(#2374,#2375,#2376,#2377));
#4633=EDGE_LOOP('',(#2378,#2379,#2380,#2381));
#4634=EDGE_LOOP('',(#2382,#2383,#2384,#2385));
#4635=EDGE_LOOP('',(#2386,#2387,#2388,#2389));
#4636=EDGE_LOOP('',(#2390,#2391,#2392,#2393));
#4637=EDGE_LOOP('',(#2394,#2395,#2396,#2397));
#4638=EDGE_LOOP('',(#2398,#2399,#2400,#2401));
#4639=EDGE_LOOP('',(#2402,#2403,#2404,#2405));
#4640=EDGE_LOOP('',(#2406,#2407,#2408,#2409));
#4641=EDGE_LOOP('',(#2410,#2411,#2412,#2413));
#4642=EDGE_LOOP('',(#2414,#2415,#2416,#2417));
#4643=EDGE_LOOP('',(#2418,#2419,#2420,#2421));
#4644=EDGE_LOOP('',(#2422,#2423,#2424,#2425));
#4645=EDGE_LOOP('',(#2426,#2427,#2428,#2429));
#4646=EDGE_LOOP('',(#2430,#2431,#2432,#2433));
#4647=EDGE_LOOP('',(#2434,#2435,#2436,#2437));
#4648=EDGE_LOOP('',(#2438,#2439,#2440,#2441));
#4649=EDGE_LOOP('',(#2442,#2443,#2444,#2445));
#4650=EDGE_LOOP('',(#2446,#2447,#2448,#2449));
#4651=EDGE_LOOP('',(#2450,#2451,#2452,#2453));
#4652=EDGE_LOOP('',(#2454,#2455,#2456,#2457));
#4653=EDGE_LOOP('',(#2458,#2459,#2460,#2461));
#4654=EDGE_LOOP('',(#2462,#2463,#2464,#2465));
#4655=EDGE_LOOP('',(#2466,#2467,#2468,#2469));
#4656=EDGE_LOOP('',(#2470,#2471,#2472,#2473));
#4657=EDGE_LOOP('',(#2474,#2475,#2476,#2477));
#4658=EDGE_LOOP('',(#2478,#2479,#2480,#2481));
#4659=EDGE_LOOP('',(#2482,#2483,#2484,#2485));
#4660=EDGE_LOOP('',(#2486,#2487,#2488,#2489));
#4661=EDGE_LOOP('',(#2490,#2491,#2492,#2493));
#4662=EDGE_LOOP('',(#2494,#2495,#2496,#2497));
#4663=EDGE_LOOP('',(#2498,#2499,#2500,#2501));
#4664=EDGE_LOOP('',(#2502,#2503,#2504,#2505));
#4665=EDGE_LOOP('',(#2506,#2507,#2508,#2509));
#4666=EDGE_LOOP('',(#2510,#2511,#2512,#2513));
#4667=EDGE_LOOP('',(#2514,#2515,#2516,#2517));
#4668=EDGE_LOOP('',(#2518,#2519,#2520,#2521));
#4669=EDGE_LOOP('',(#2522,#2523,#2524,#2525));
#4670=EDGE_LOOP('',(#2526,#2527,#2528,#2529));
#4671=EDGE_LOOP('',(#2530,#2531,#2532,#2533));
#4672=EDGE_LOOP('',(#2534,#2535,#2536,#2537));
#4673=EDGE_LOOP('',(#2538,#2539,#2540,#2541));
#4674=EDGE_LOOP('',(#2542,#2543,#2544,#2545));
#4675=EDGE_LOOP('',(#2546,#2547,#2548,#2549));
#4676=EDGE_LOOP('',(#2550,#2551,#2552,#2553));
#4677=EDGE_LOOP('',(#2554,#2555,#2556,#2557));
#4678=EDGE_LOOP('',(#2558,#2559,#2560,#2561));
#4679=EDGE_LOOP('',(#2562,#2563,#2564,#2565));
#4680=EDGE_LOOP('',(#2566,#2567,#2568,#2569));
#4681=EDGE_LOOP('',(#2570,#2571,#2572,#2573));
#4682=EDGE_LOOP('',(#2574,#2575,#2576,#2577));
#4683=EDGE_LOOP('',(#2578,#2579,#2580,#2581));
#4684=EDGE_LOOP('',(#2582,#2583,#2584,#2585));
#4685=EDGE_LOOP('',(#2586,#2587,#2588,#2589));
#4686=EDGE_LOOP('',(#2590,#2591,#2592,#2593));
#4687=EDGE_LOOP('',(#2594,#2595,#2596,#2597));
#4688=EDGE_LOOP('',(#2598,#2599,#2600,#2601));
#4689=EDGE_LOOP('',(#2602,#2603,#2604,#2605));
#4690=EDGE_LOOP('',(#2606,#2607,#2608,#2609));
#4691=EDGE_LOOP('',(#2610,#2611,#2612,#2613));
#4692=EDGE_LOOP('',(#2614,#2615,#2616,#2617));
#4693=EDGE_LOOP('',(#2618,#2619,#2620,#2621));
#4694=EDGE_LOOP('',(#2622,#2623,#2624,#2625));
#4695=EDGE_LOOP('',(#2626,#2627,#2628,#2629));
#4696=EDGE_LOOP('',(#2630,#2631,#2632,#2633));
#4697=EDGE_LOOP('',(#2634,#2635,#2636,#2637));
#4698=EDGE_LOOP('',(#2638,#2639,#2640,#2641));
#4699=EDGE_LOOP('',(#2642,#2643,#2644,#2645));
#4700=EDGE_LOOP('',(#2646,#2647,#2648,#2649));
#4701=EDGE_LOOP('',(#2650,#2651,#2652,#2653));
#4702=EDGE_LOOP('',(#2654,#2655,#2656,#2657));
#4703=EDGE_LOOP('',(#2658,#2659,#2660,#2661));
#4704=EDGE_LOOP('',(#2662,#2663,#2664,#2665));
#4705=EDGE_LOOP('',(#2666,#2667,#2668,#2669));
#4706=EDGE_LOOP('',(#2670,#2671,#2672,#2673));
#4707=EDGE_LOOP('',(#2674,#2675,#2676,#2677));
#4708=EDGE_LOOP('',(#2678,#2679,#2680,#2681));
#4709=EDGE_LOOP('',(#2682,#2683,#2684,#2685));
#4710=EDGE_LOOP('',(#2686,#2687,#2688,#2689));
#4711=EDGE_LOOP('',(#2690,#2691,#2692,#2693));
#4712=EDGE_LOOP('',(#2694,#2695,#2696,#2697));
#4713=EDGE_LOOP('',(#2698,#2699,#2700,#2701));
#4714=EDGE_LOOP('',(#2702,#2703,#2704,#2705));
#4715=EDGE_LOOP('',(#2706,#2707,#2708,#2709));
#4716=EDGE_LOOP('',(#2710,#2711,#2712,#2713));
#4717=EDGE_LOOP('',(#2714,#2715,#2716,#2717));
#4718=EDGE_LOOP('',(#2718,#2719,#2720,#2721));
#4719=EDGE_LOOP('',(#2722,#2723,#2724,#2725));
#4720=EDGE_LOOP('',(#2726,#2727,#2728,#2729));
#4721=EDGE_LOOP('',(#2730,#2731,#2732,#2733));
#4722=EDGE_LOOP('',(#2734,#2735,#2736,#2737));
#4723=EDGE_LOOP('',(#2738,#2739,#2740,#2741));
#4724=EDGE_LOOP('',(#2742,#2743,#2744,#2745));
#4725=EDGE_LOOP('',(#2746,#2747,#2748,#2749));
#4726=EDGE_LOOP('',(#2750,#2751,#2752,#2753));
#4727=EDGE_LOOP('',(#2754,#2755,#2756,#2757));
#4728=EDGE_LOOP('',(#2758,#2759,#2760,#2761));
#4729=EDGE_LOOP('',(#2762,#2763,#2764,#2765));
#4730=EDGE_LOOP('',(#2766,#2767,#2768,#2769));
#4731=EDGE_LOOP('',(#2770,#2771,#2772,#2773));
#4732=EDGE_LOOP('',(#2774,#2775,#2776,#2777));
#4733=EDGE_LOOP('',(#2778,#2779,#2780,#2781));
#4734=EDGE_LOOP('',(#2782,#2783,#2784,#2785));
#4735=EDGE_LOOP('',(#2786,#2787,#2788,#2789));
#4736=EDGE_LOOP('',(#2790,#2791,#2792,#2793));
#4737=EDGE_LOOP('',(#2794,#2795,#2796,#2797));
#4738=EDGE_LOOP('',(#2798,#2799,#2800,#2801));
#4739=EDGE_LOOP('',(#2802,#2803,#2804,#2805));
#4740=EDGE_LOOP('',(#2806,#2807,#2808,#2809));
#4741=EDGE_LOOP('',(#2810,#2811,#2812,#2813));
#4742=EDGE_LOOP('',(#2814,#2815,#2816,#2817));
#4743=EDGE_LOOP('',(#2818,#2819,#2820,#2821));
#4744=FACE_BOUND('',#4364,.T.);
#4745=FACE_BOUND('',#4365,.T.);
#4746=FACE_BOUND('',#4366,.T.);
#4747=FACE_BOUND('',#4367,.T.);
#4748=FACE_BOUND('',#4368,.T.);
#4749=FACE_BOUND('',#4369,.T.);
#4750=FACE_BOUND('',#4370,.T.);
#4751=FACE_BOUND('',#4371,.T.);
#4752=FACE_BOUND('',#4372,.T.);
#4753=FACE_BOUND('',#4373,.T.);
#4754=FACE_BOUND('',#4374,.T.);
#4755=FACE_BOUND('',#4375,.T.);
#4756=FACE_BOUND('',#4376,.T.);
#4757=FACE_BOUND('',#4377,.T.);
#4758=FACE_BOUND('',#4378,.T.);
#4759=FACE_BOUND('',#4379,.T.);
#4760=FACE_BOUND('',#4380,.T.);
#4761=FACE_BOUND('',#4381,.T.);
#4762=FACE_BOUND('',#4382,.T.);
#4763=FACE_BOUND('',#4383,.T.);
#4764=FACE_BOUND('',#4384,.T.);
#4765=FACE_BOUND('',#4385,.T.);
#4766=FACE_BOUND('',#4386,.T.);
#4767=FACE_BOUND('',#4387,.T.);
#4768=FACE_BOUND('',#4388,.T.);
#4769=FACE_BOUND('',#4389,.T.);
#4770=FACE_BOUND('',#4390,.T.);
#4771=FACE_BOUND('',#4391,.T.);
#4772=FACE_BOUND('',#4392,.T.);
#4773=FACE_BOUND('',#4393,.T.);
#4774=FACE_BOUND('',#4394,.T.);
#4775=FACE_BOUND('',#4395,.T.);
#4776=FACE_BOUND('',#4396,.T.);
#4777=FACE_BOUND('',#4397,.T.);
#4778=FACE_BOUND('',#4398,.T.);
#4779=FACE_BOUND('',#4399,.T.);
#4780=FACE_BOUND('',#4400,.T.);
#4781=FACE_BOUND('',#4401,.T.);
#4782=FACE_BOUND('',#4402,.T.);
#4783=FACE_BOUND('',#4403,.T.);
#4784=FACE_BOUND('',#4404,.T.);
#4785=FACE_BOUND('',#4405,.T.);
#4786=FACE_BOUND('',#4406,.T.);
#4787=FACE_BOUND('',#4407,.T.);
#4788=FACE_BOUND('',#4408,.T.);
#4789=FACE_BOUND('',#4409,.T.);
#4790=FACE_BOUND('',#4410,.T.);
#4791=FACE_BOUND('',#4411,.T.);
#4792=FACE_BOUND('',#4412,.T.);
#4793=FACE_BOUND('',#4413,.T.);
#4794=FACE_BOUND('',#4414,.T.);
#4795=FACE_BOUND('',#4415,.T.);
#4796=FACE_BOUND('',#4416,.T.);
#4797=FACE_BOUND('',#4417,.T.);
#4798=FACE_BOUND('',#4418,.T.);
#4799=FACE_BOUND('',#4419,.T.);
#4800=FACE_BOUND('',#4420,.T.);
#4801=FACE_BOUND('',#4421,.T.);
#4802=FACE_BOUND('',#4422,.T.);
#4803=FACE_BOUND('',#4423,.T.);
#4804=FACE_BOUND('',#4424,.T.);
#4805=FACE_BOUND('',#4425,.T.);
#4806=FACE_BOUND('',#4426,.T.);
#4807=FACE_BOUND('',#4427,.T.);
#4808=FACE_BOUND('',#4428,.T.);
#4809=FACE_BOUND('',#4429,.T.);
#4810=FACE_BOUND('',#4430,.T.);
#4811=FACE_BOUND('',#4431,.T.);
#4812=FACE_BOUND('',#4432,.T.);
#4813=FACE_BOUND('',#4433,.T.);
#4814=FACE_BOUND('',#4434,.T.);
#4815=FACE_BOUND('',#4435,.T.);
#4816=FACE_BOUND('',#4436,.T.);
#4817=FACE_BOUND('',#4437,.T.);
#4818=FACE_BOUND('',#4438,.T.);
#4819=FACE_BOUND('',#4439,.T.);
#4820=FACE_BOUND('',#4440,.T.);
#4821=FACE_BOUND('',#4441,.T.);
#4822=FACE_BOUND('',#4442,.T.);
#4823=FACE_BOUND('',#4443,.T.);
#4824=FACE_BOUND('',#4444,.T.);
#4825=FACE_BOUND('',#4445,.T.);
#4826=FACE_BOUND('',#4446,.T.);
#4827=FACE_BOUND('',#4447,.T.);
#4828=FACE_BOUND('',#4448,.T.);
#4829=FACE_BOUND('',#4449,.T.);
#4830=FACE_BOUND('',#4450,.T.);
#4831=FACE_BOUND('',#4451,.T.);
#4832=FACE_BOUND('',#4452,.T.);
#4833=FACE_BOUND('',#4453,.T.);
#4834=FACE_BOUND('',#4454,.T.);
#4835=FACE_BOUND('',#4455,.T.);
#4836=FACE_BOUND('',#4456,.T.);
#4837=FACE_BOUND('',#4457,.T.);
#4838=FACE_BOUND('',#4458,.T.);
#4839=FACE_BOUND('',#4459,.T.);
#4840=FACE_BOUND('',#4460,.T.);
#4841=FACE_BOUND('',#4461,.T.);
#4842=FACE_BOUND('',#4462,.T.);
#4843=FACE_BOUND('',#4463,.T.);
#4844=FACE_BOUND('',#4464,.T.);
#4845=FACE_BOUND('',#4465,.T.);
#4846=FACE_BOUND('',#4466,.T.);
#4847=FACE_BOUND('',#4467,.T.);
#4848=FACE_BOUND('',#4468,.T.);
#4849=FACE_BOUND('',#4469,.T.);
#4850=FACE_BOUND('',#4470,.T.);
#4851=FACE_BOUND('',#4471,.T.);
#4852=FACE_BOUND('',#4472,.T.);
#4853=FACE_BOUND('',#4473,.T.);
#4854=FACE_BOUND('',#4474,.T.);
#4855=FACE_BOUND('',#4475,.T.);
#4856=FACE_BOUND('',#4476,.T.);
#4857=FACE_BOUND('',#4477,.T.);
#4858=FACE_BOUND('',#4478,.T.);
#4859=FACE_BOUND('',#4479,.T.);
#4860=FACE_BOUND('',#4480,.T.);
#4861=FACE_BOUND('',#4481,.T.);
#4862=FACE_BOUND('',#4482,.T.);
#4863=FACE_BOUND('',#4483,.T.);
#4864=FACE_BOUND('',#4484,.T.);
#4865=FACE_BOUND('',#4485,.T.);
#4866=FACE_BOUND('',#4486,.T.);
#4867=FACE_BOUND('',#4487,.T.);
#4868=FACE_BOUND('',#4488,.T.);
#4869=FACE_BOUND('',#4489,.T.);
#4870=FACE_BOUND('',#4490,.T.);
#4871=FACE_BOUND('',#4491,.T.);
#4872=FACE_BOUND('',#4492,.T.);
#4873=FACE_BOUND('',#4493,.T.);
#4874=FACE_BOUND('',#4494,.T.);
#4875=FACE_BOUND('',#4495,.T.);
#4876=FACE_BOUND('',#4496,.T.);
#4877=FACE_BOUND('',#4497,.T.);
#4878=FACE_BOUND('',#4498,.T.);
#4879=FACE_BOUND('',#4499,.T.);
#4880=FACE_BOUND('',#4500,.T.);
#4881=FACE_BOUND('',#4501,.T.);
#4882=FACE_BOUND('',#4502,.T.);
#4883=FACE_BOUND('',#4503,.T.);
#4884=FACE_BOUND('',#4504,.T.);
#4885=FACE_BOUND('',#4505,.T.);
#4886=FACE_BOUND('',#4506,.T.);
#4887=FACE_BOUND('',#4507,.T.);
#4888=FACE_BOUND('',#4508,.T.);
#4889=FACE_BOUND('',#4509,.T.);
#4890=FACE_BOUND('',#4510,.T.);
#4891=FACE_BOUND('',#4511,.T.);
#4892=FACE_BOUND('',#4512,.T.);
#4893=FACE_BOUND('',#4513,.T.);
#4894=FACE_BOUND('',#4514,.T.);
#4895=FACE_BOUND('',#4515,.T.);
#4896=FACE_BOUND('',#4516,.T.);
#4897=FACE_BOUND('',#4517,.T.);
#4898=FACE_BOUND('',#4518,.T.);
#4899=FACE_BOUND('',#4519,.T.);
#4900=FACE_BOUND('',#4520,.T.);
#4901=FACE_BOUND('',#4521,.T.);
#4902=FACE_BOUND('',#4522,.T.);
#4903=FACE_BOUND('',#4523,.T.);
#4904=FACE_BOUND('',#4524,.T.);
#4905=FACE_BOUND('',#4525,.T.);
#4906=FACE_BOUND('',#4526,.T.);
#4907=FACE_BOUND('',#4527,.T.);
#4908=FACE_BOUND('',#4528,.T.);
#4909=FACE_BOUND('',#4529,.T.);
#4910=FACE_BOUND('',#4530,.T.);
#4911=FACE_BOUND('',#4531,.T.);
#4912=FACE_BOUND('',#4532,.T.);
#4913=FACE_BOUND('',#4533,.T.);
#4914=FACE_BOUND('',#4534,.T.);
#4915=FACE_BOUND('',#4535,.T.);
#4916=FACE_BOUND('',#4536,.T.);
#4917=FACE_BOUND('',#4537,.T.);
#4918=FACE_BOUND('',#4538,.T.);
#4919=FACE_BOUND('',#4539,.T.);
#4920=FACE_BOUND('',#4540,.T.);
#4921=FACE_BOUND('',#4541,.T.);
#4922=FACE_BOUND('',#4542,.T.);
#4923=FACE_BOUND('',#4543,.T.);
#4924=FACE_BOUND('',#4544,.T.);
#4925=FACE_BOUND('',#4545,.T.);
#4926=FACE_BOUND('',#4546,.T.);
#4927=FACE_BOUND('',#4547,.T.);
#4928=FACE_BOUND('',#4548,.T.);
#4929=FACE_BOUND('',#4549,.T.);
#4930=FACE_BOUND('',#4550,.T.);
#4931=FACE_BOUND('',#4551,.T.);
#4932=FACE_BOUND('',#4552,.T.);
#4933=FACE_BOUND('',#4553,.T.);
#4934=FACE_BOUND('',#4554,.T.);
#4935=FACE_BOUND('',#4555,.T.);
#4936=FACE_BOUND('',#4556,.T.);
#4937=FACE_BOUND('',#4557,.T.);
#4938=FACE_BOUND('',#4558,.T.);
#4939=FACE_BOUND('',#4559,.T.);
#4940=FACE_BOUND('',#4560,.T.);
#4941=FACE_BOUND('',#4561,.T.);
#4942=FACE_BOUND('',#4562,.T.);
#4943=FACE_BOUND('',#4563,.T.);
#4944=FACE_BOUND('',#4564,.T.);
#4945=FACE_BOUND('',#4565,.T.);
#4946=FACE_BOUND('',#4566,.T.);
#4947=FACE_BOUND('',#4567,.T.);
#4948=FACE_BOUND('',#4568,.T.);
#4949=FACE_BOUND('',#4569,.T.);
#4950=FACE_BOUND('',#4570,.T.);
#4951=FACE_BOUND('',#4571,.T.);
#4952=FACE_BOUND('',#4572,.T.);
#4953=FACE_BOUND('',#4573,.T.);
#4954=FACE_BOUND('',#4574,.T.);
#4955=FACE_BOUND('',#4575,.T.);
#4956=FACE_BOUND('',#4576,.T.);
#4957=FACE_BOUND('',#4577,.T.);
#4958=FACE_BOUND('',#4578,.T.);
#4959=FACE_BOUND('',#4579,.T.);
#4960=FACE_BOUND('',#4580,.T.);
#4961=FACE_BOUND('',#4581,.T.);
#4962=FACE_BOUND('',#4582,.T.);
#4963=FACE_BOUND('',#4583,.T.);
#4964=FACE_BOUND('',#4584,.T.);
#4965=FACE_BOUND('',#4585,.T.);
#4966=FACE_BOUND('',#4586,.T.);
#4967=FACE_BOUND('',#4587,.T.);
#4968=FACE_BOUND('',#4588,.T.);
#4969=FACE_BOUND('',#4589,.T.);
#4970=FACE_BOUND('',#4590,.T.);
#4971=FACE_BOUND('',#4591,.T.);
#4972=FACE_BOUND('',#4592,.T.);
#4973=FACE_BOUND('',#4593,.T.);
#4974=FACE_BOUND('',#4594,.T.);
#4975=FACE_BOUND('',#4595,.T.);
#4976=FACE_BOUND('',#4596,.T.);
#4977=FACE_BOUND('',#4597,.T.);
#4978=FACE_BOUND('',#4598,.T.);
#4979=FACE_BOUND('',#4599,.T.);
#4980=FACE_BOUND('',#4600,.T.);
#4981=FACE_BOUND('',#4601,.T.);
#4982=FACE_BOUND('',#4602,.T.);
#4983=FACE_BOUND('',#4603,.T.);
#4984=FACE_BOUND('',#4604,.T.);
#4985=FACE_BOUND('',#4605,.T.);
#4986=FACE_BOUND('',#4606,.T.);
#4987=FACE_BOUND('',#4607,.T.);
#4988=FACE_BOUND('',#4608,.T.);
#4989=FACE_BOUND('',#4609,.T.);
#4990=FACE_BOUND('',#4610,.T.);
#4991=FACE_BOUND('',#4611,.T.);
#4992=FACE_BOUND('',#4612,.T.);
#4993=FACE_BOUND('',#4613,.T.);
#4994=FACE_BOUND('',#4614,.T.);
#4995=FACE_BOUND('',#4615,.T.);
#4996=FACE_BOUND('',#4616,.T.);
#4997=FACE_BOUND('',#4617,.T.);
#4998=FACE_BOUND('',#4618,.T.);
#4999=FACE_BOUND('',#4619,.T.);
#5000=FACE_BOUND('',#4620,.T.);
#5001=FACE_BOUND('',#4621,.T.);
#5002=FACE_BOUND('',#4622,.T.);
#5003=FACE_BOUND('',#4623,.T.);
#5004=FACE_BOUND('',#4624,.T.);
#5005=FACE_BOUND('',#4625,.T.);
#5006=FACE_BOUND('',#4626,.T.);
#5007=FACE_BOUND('',#4627,.T.);
#5008=FACE_BOUND('',#4628,.T.);
#5009=FACE_BOUND('',#4629,.T.);
#5010=FACE_BOUND('',#4630,.T.);
#5011=FACE_BOUND('',#4631,.T.);
#5012=FACE_BOUND('',#4632,.T.);
#5013=FACE_BOUND('',#4633,.T.);
#5014=FACE_BOUND('',#4634,.T.);
#5015=FACE_BOUND('',#4635,.T.);
#5016=FACE_BOUND('',#4636,.T.);
#5017=FACE_BOUND('',#4637,.T.);
#5018=FACE_BOUND('',#4638,.T.);
#5019=FACE_BOUND('',#4639,.T.);
#5020=FACE_BOUND('',#4640,.T.);
#5021=FACE_BOUND('',#4641,.T.);
#5022=FACE_BOUND('',#4642,.T.);
#5023=FACE_BOUND('',#4643,.T.);
#5024=FACE_BOUND('',#4644,.T.);
#5025=FACE_BOUND('',#4645,.T.);
#5026=FACE_BOUND('',#4646,.T.);
#5027=FACE_BOUND('',#4647,.T.);
#5028=FACE_BOUND('',#4648,.T.);
#5029=FACE_BOUND('',#4649,.T.);
#5030=FACE_BOUND('',#4650,.T.);
#5031=FACE_BOUND('',#4651,.T.);
#5032=FACE_BOUND('',#4652,.T.);
#5033=FACE_BOUND('',#4653,.T.);
#5034=FACE_BOUND('',#4654,.T.);
#5035=FACE_BOUND('',#4655,.T.);
#5036=FACE_BOUND('',#4656,.T.);
#5037=FACE_BOUND('',#4657,.T.);
#5038=FACE_BOUND('',#4658,.T.);
#5039=FACE_BOUND('',#4659,.T.);
#5040=FACE_BOUND('',#4660,.T.);
#5041=FACE_BOUND('',#4661,.T.);
#5042=FACE_BOUND('',#4662,.T.);
#5043=FACE_BOUND('',#4663,.T.);
#5044=FACE_BOUND('',#4664,.T.);
#5045=FACE_BOUND('',#4665,.T.);
#5046=FACE_BOUND('',#4666,.T.);
#5047=FACE_BOUND('',#4667,.T.);
#5048=FACE_BOUND('',#4668,.T.);
#5049=FACE_BOUND('',#4669,.T.);
#5050=FACE_BOUND('',#4670,.T.);
#5051=FACE_BOUND('',#4671,.T.);
#5052=FACE_BOUND('',#4672,.T.);
#5053=FACE_BOUND('',#4673,.T.);
#5054=FACE_BOUND('',#4674,.T.);
#5055=FACE_BOUND('',#4675,.T.);
#5056=FACE_BOUND('',#4676,.T.);
#5057=FACE_BOUND('',#4677,.T.);
#5058=FACE_BOUND('',#4678,.T.);
#5059=FACE_BOUND('',#4679,.T.);
#5060=FACE_BOUND('',#4680,.T.);
#5061=FACE_BOUND('',#4681,.T.);
#5062=FACE_BOUND('',#4682,.T.);
#5063=FACE_BOUND('',#4683,.T.);
#5064=FACE_BOUND('',#4684,.T.);
#5065=FACE_BOUND('',#4685,.T.);
#5066=FACE_BOUND('',#4686,.T.);
#5067=FACE_BOUND('',#4687,.T.);
#5068=FACE_BOUND('',#4688,.T.);
#5069=FACE_BOUND('',#4689,.T.);
#5070=FACE_BOUND('',#4690,.T.);
#5071=FACE_BOUND('',#4691,.T.);
#5072=FACE_BOUND('',#4692,.T.);
#5073=FACE_BOUND('',#4693,.T.);
#5074=FACE_BOUND('',#4694,.T.);
#5075=FACE_BOUND('',#4695,.T.);
#5076=FACE_BOUND('',#4696,.T.);
#5077=FACE_BOUND('',#4697,.T.);
#5078=FACE_BOUND('',#4698,.T.);
#5079=FACE_BOUND('',#4699,.T.);
#5080=FACE_BOUND('',#4700,.T.);
#5081=FACE_BOUND('',#4701,.T.);
#5082=FACE_BOUND('',#4702,.T.);
#5083=FACE_BOUND('',#4703,.T.);
#5084=FACE_BOUND('',#4704,.T.);
#5085=FACE_BOUND('',#4705,.T.);
#5086=FACE_BOUND('',#4706,.T.);
#5087=FACE_BOUND('',#4707,.T.);
#5088=FACE_BOUND('',#4708,.T.);
#5089=FACE_BOUND('',#4709,.T.);
#5090=FACE_BOUND('',#4710,.T.);
#5091=FACE_BOUND('',#4711,.T.);
#5092=FACE_BOUND('',#4712,.T.);
#5093=FACE_BOUND('',#4713,.T.);
#5094=FACE_BOUND('',#4714,.T.);
#5095=FACE_BOUND('',#4715,.T.);
#5096=FACE_BOUND('',#4716,.T.);
#5097=FACE_BOUND('',#4717,.T.);
#5098=FACE_BOUND('',#4718,.T.);
#5099=FACE_BOUND('',#4719,.T.);
#5100=FACE_BOUND('',#4720,.T.);
#5101=FACE_BOUND('',#4721,.T.);
#5102=FACE_BOUND('',#4722,.T.);
#5103=FACE_BOUND('',#4723,.T.);
#5104=FACE_BOUND('',#4724,.T.);
#5105=FACE_BOUND('',#4725,.T.);
#5106=FACE_BOUND('',#4726,.T.);
#5107=FACE_BOUND('',#4727,.T.);
#5108=FACE_BOUND('',#4728,.T.);
#5109=FACE_BOUND('',#4729,.T.);
#5110=FACE_BOUND('',#4730,.T.);
#5111=FACE_BOUND('',#4731,.T.);
#5112=FACE_BOUND('',#4732,.T.);
#5113=FACE_BOUND('',#4733,.T.);
#5114=FACE_BOUND('',#4734,.T.);
#5115=FACE_BOUND('',#4735,.T.);
#5116=FACE_BOUND('',#4736,.T.);
#5117=FACE_BOUND('',#4737,.T.);
#5118=FACE_BOUND('',#4738,.T.);
#5119=FACE_BOUND('',#4739,.T.);
#5120=FACE_BOUND('',#4740,.T.);
#5121=FACE_BOUND('',#4741,.T.);
#5122=FACE_BOUND('',#4742,.T.);
#5123=FACE_BOUND('',#4743,.T.);
#5124=PLANE('',#5577);
#5125=PLANE('',#5622);
#5126=PLANE('',#5667);
#5127=PLANE('',#5712);
#5128=PLANE('',#5757);
#5129=PLANE('',#5768);
#5130=PLANE('',#5785);
#5131=PLANE('',#5787);
#5132=PLANE('',#5789);
#5133=PLANE('',#5791);
#5134=PLANE('',#5798);
#5135=PLANE('',#5808);
#5136=PLANE('',#5818);
#5137=PLANE('',#5823);
#5138=PLANE('',#5829);
#5139=PLANE('',#5832);
#5140=PLANE('',#5835);
#5141=PLANE('',#5838);
#5142=PLANE('',#5839);
#5143=PLANE('',#5840);
#5144=PLANE('',#5841);
#5145=PLANE('',#5846);
#5146=PLANE('',#5847);
#5147=PLANE('',#5848);
#5148=PLANE('',#5849);
#5149=PLANE('',#5850);
#5150=PLANE('',#5851);
#5151=PLANE('',#5852);
#5152=PLANE('',#5853);
#5153=PLANE('',#5854);
#5154=PLANE('',#5855);
#5155=PLANE('',#5856);
#5156=PLANE('',#5857);
#5157=PLANE('',#5858);
#5158=PLANE('',#5859);
#5159=PLANE('',#5860);
#5160=PLANE('',#5861);
#5161=PLANE('',#5862);
#5162=PLANE('',#5863);
#5163=PLANE('',#5864);
#5164=PLANE('',#5865);
#5165=PLANE('',#5866);
#5166=PLANE('',#5867);
#5167=PLANE('',#5868);
#5168=PLANE('',#5869);
#5169=PLANE('',#5870);
#5170=PLANE('',#5871);
#5171=PLANE('',#5872);
#5172=PLANE('',#5873);
#5173=PLANE('',#5874);
#5174=PLANE('',#5875);
#5175=PLANE('',#5876);
#5176=PLANE('',#5877);
#5177=PLANE('',#5878);
#5178=PLANE('',#5879);
#5179=PLANE('',#5880);
#5180=PLANE('',#5881);
#5181=PLANE('',#5882);
#5182=PLANE('',#5883);
#5183=PLANE('',#5884);
#5184=PLANE('',#5885);
#5185=PLANE('',#5886);
#5186=PLANE('',#5887);
#5187=PLANE('',#5888);
#5188=PLANE('',#5889);
#5189=PLANE('',#5890);
#5190=PLANE('',#5891);
#5191=PLANE('',#5892);
#5192=PLANE('',#5893);
#5193=PLANE('',#5894);
#5194=PLANE('',#5895);
#5195=PLANE('',#5896);
#5196=PLANE('',#5897);
#5197=PLANE('',#5898);
#5198=PLANE('',#5899);
#5199=PLANE('',#5900);
#5200=PLANE('',#5902);
#5201=PLANE('',#5903);
#5202=PLANE('',#5905);
#5203=PLANE('',#5908);
#5204=PLANE('',#5910);
#5205=PLANE('',#5912);
#5206=PLANE('',#5913);
#5207=PLANE('',#5916);
#5208=PLANE('',#5918);
#5209=PLANE('',#5919);
#5210=PLANE('',#5921);
#5211=PLANE('',#5924);
#5212=PLANE('',#5926);
#5213=PLANE('',#5928);
#5214=PLANE('',#5929);
#5215=PLANE('',#5932);
#5216=PLANE('',#5934);
#5217=PLANE('',#5935);
#5218=PLANE('',#5937);
#5219=PLANE('',#5940);
#5220=PLANE('',#5941);
#5221=PLANE('',#5943);
#5222=PLANE('',#5945);
#5223=PLANE('',#5948);
#5224=PLANE('',#5949);
#5225=PLANE('',#5951);
#5226=PLANE('',#5953);
#5227=PLANE('',#5956);
#5228=PLANE('',#5957);
#5229=PLANE('',#5959);
#5230=PLANE('',#5961);
#5231=PLANE('',#5964);
#5232=PLANE('',#5965);
#5233=PLANE('',#5967);
#5234=PLANE('',#5969);
#5235=PLANE('',#5972);
#5236=PLANE('',#5973);
#5237=PLANE('',#5975);
#5238=PLANE('',#5977);
#5239=PLANE('',#5980);
#5240=PLANE('',#5981);
#5241=PLANE('',#5983);
#5242=PLANE('',#5985);
#5243=PLANE('',#5989);
#5244=PLANE('',#5991);
#5245=PLANE('',#5993);
#5246=PLANE('',#5995);
#5247=PLANE('',#5996);
#5248=PLANE('',#5998);
#5249=PLANE('',#6000);
#5250=PLANE('',#6002);
#5251=PLANE('',#6004);
#5252=PLANE('',#6006);
#5253=PLANE('',#6008);
#5254=PLANE('',#6010);
#5255=PLANE('',#6012);
#5256=PLANE('',#6014);
#5257=PLANE('',#6016);
#5258=PLANE('',#6018);
#5259=PLANE('',#6020);
#5260=PLANE('',#6022);
#5261=PLANE('',#6024);
#5262=PLANE('',#6026);
#5263=PLANE('',#6029);
#5264=PLANE('',#6031);
#5265=PLANE('',#6033);
#5266=PLANE('',#6034);
#5267=PLANE('',#6037);
#5268=PLANE('',#6039);
#5269=PLANE('',#6041);
#5270=PLANE('',#6042);
#5271=PLANE('',#6045);
#5272=PLANE('',#6047);
#5273=PLANE('',#6049);
#5274=PLANE('',#6050);
#5275=PLANE('',#6053);
#5276=PLANE('',#6055);
#5277=PLANE('',#6057);
#5278=PLANE('',#6058);
#5279=PLANE('',#6061);
#5280=PLANE('',#6063);
#5281=PLANE('',#6065);
#5282=PLANE('',#6066);
#5283=PLANE('',#6069);
#5284=PLANE('',#6071);
#5285=PLANE('',#6073);
#5286=PLANE('',#6074);
#5287=ADVANCED_FACE('',(#4744,#4745,#4746,#4747,#4748,#4749,#4750,#4751,
#4752,#4753,#4754,#4755),#5124,.T.);
#5288=ADVANCED_FACE('',(#4756,#4757,#4758,#4759,#4760,#4761,#4762,#4763,
#4764,#4765,#4766,#4767),#5125,.T.);
#5289=ADVANCED_FACE('',(#4768,#4769,#4770,#4771,#4772,#4773,#4774,#4775,
#4776,#4777,#4778,#4779),#5126,.T.);
#5290=ADVANCED_FACE('',(#4780,#4781,#4782,#4783,#4784,#4785,#4786,#4787,
#4788,#4789,#4790,#4791),#5127,.T.);
#5291=ADVANCED_FACE('',(#4792,#4793,#4794,#4795,#4796,#4797,#4798,#4799,
#4800,#4801,#4802,#4803,#4804,#4805,#4806,#4807),#5128,.F.);
#5292=ADVANCED_FACE('',(#4808,#4809,#4810,#4811,#4812,#4813,#4814,#4815,
#4816,#4817,#4818,#4819),#5129,.T.);
#5293=ADVANCED_FACE('',(#4820,#4821),#20,.F.);
#5294=ADVANCED_FACE('',(#4822,#4823),#21,.F.);
#5295=ADVANCED_FACE('',(#4824,#4825),#22,.F.);
#5296=ADVANCED_FACE('',(#4826,#4827),#23,.F.);
#5297=ADVANCED_FACE('',(#4828,#4829),#5130,.F.);
#5298=ADVANCED_FACE('',(#4830,#4831),#5131,.F.);
#5299=ADVANCED_FACE('',(#4832,#4833),#5132,.F.);
#5300=ADVANCED_FACE('',(#4834,#4835),#5133,.F.);
#5301=ADVANCED_FACE('',(#4836,#4837),#24,.T.);
#5302=ADVANCED_FACE('',(#4838,#4839),#16,.F.);
#5303=ADVANCED_FACE('',(#4840,#4841),#25,.T.);
#5304=ADVANCED_FACE('',(#4842,#4843),#5134,.T.);
#5305=ADVANCED_FACE('',(#4844,#4845),#17,.F.);
#5306=ADVANCED_FACE('',(#4846,#4847),#26,.T.);
#5307=ADVANCED_FACE('',(#4848,#4849),#18,.F.);
#5308=ADVANCED_FACE('',(#4850,#4851),#27,.T.);
#5309=ADVANCED_FACE('',(#4852,#4853),#19,.F.);
#5310=ADVANCED_FACE('',(#4854),#28,.F.);
#5311=ADVANCED_FACE('',(#4855,#4856),#5135,.T.);
#5312=ADVANCED_FACE('',(#4857),#29,.F.);
#5313=ADVANCED_FACE('',(#4858),#30,.F.);
#5314=ADVANCED_FACE('',(#4859),#31,.F.);
#5315=ADVANCED_FACE('',(#4860),#32,.T.);
#5316=ADVANCED_FACE('',(#4861,#4862),#5136,.T.);
#5317=ADVANCED_FACE('',(#4863),#33,.T.);
#5318=ADVANCED_FACE('',(#4864),#34,.T.);
#5319=ADVANCED_FACE('',(#4865,#4866,#4867,#4868,#4869,#4870),#5137,.T.);
#5320=ADVANCED_FACE('',(#4871,#4872),#5138,.T.);
#5321=ADVANCED_FACE('',(#4873),#35,.T.);
#5322=ADVANCED_FACE('',(#4874),#5139,.T.);
#5323=ADVANCED_FACE('',(#4875,#4876),#36,.F.);
#5324=ADVANCED_FACE('',(#4877),#5140,.T.);
#5325=ADVANCED_FACE('',(#4878,#4879),#37,.F.);
#5326=ADVANCED_FACE('',(#4880),#5141,.F.);
#5327=ADVANCED_FACE('',(#4881),#5142,.F.);
#5328=ADVANCED_FACE('',(#4882),#5143,.F.);
#5329=ADVANCED_FACE('',(#4883),#5144,.F.);
#5330=ADVANCED_FACE('',(#4884,#4885,#4886,#4887),#38,.F.);
#5331=ADVANCED_FACE('',(#4888,#4889),#39,.F.);
#5332=ADVANCED_FACE('',(#4890,#4891),#40,.F.);
#5333=ADVANCED_FACE('',(#4892,#4893),#41,.F.);
#5334=ADVANCED_FACE('',(#4894),#5145,.F.);
#5335=ADVANCED_FACE('',(#4895),#5146,.F.);
#5336=ADVANCED_FACE('',(#4896),#5147,.F.);
#5337=ADVANCED_FACE('',(#4897),#5148,.F.);
#5338=ADVANCED_FACE('',(#4898),#5149,.F.);
#5339=ADVANCED_FACE('',(#4899),#5150,.F.);
#5340=ADVANCED_FACE('',(#4900),#5151,.F.);
#5341=ADVANCED_FACE('',(#4901),#5152,.F.);
#5342=ADVANCED_FACE('',(#4902),#5153,.F.);
#5343=ADVANCED_FACE('',(#4903),#5154,.F.);
#5344=ADVANCED_FACE('',(#4904),#5155,.F.);
#5345=ADVANCED_FACE('',(#4905),#5156,.F.);
#5346=ADVANCED_FACE('',(#4906),#5157,.T.);
#5347=ADVANCED_FACE('',(#4907),#5158,.T.);
#5348=ADVANCED_FACE('',(#4908),#5159,.T.);
#5349=ADVANCED_FACE('',(#4909),#5160,.T.);
#5350=ADVANCED_FACE('',(#4910),#5161,.T.);
#5351=ADVANCED_FACE('',(#4911),#5162,.T.);
#5352=ADVANCED_FACE('',(#4912),#5163,.F.);
#5353=ADVANCED_FACE('',(#4913),#5164,.F.);
#5354=ADVANCED_FACE('',(#4914),#5165,.F.);
#5355=ADVANCED_FACE('',(#4915),#5166,.F.);
#5356=ADVANCED_FACE('',(#4916),#5167,.F.);
#5357=ADVANCED_FACE('',(#4917),#5168,.F.);
#5358=ADVANCED_FACE('',(#4918),#5169,.T.);
#5359=ADVANCED_FACE('',(#4919),#5170,.T.);
#5360=ADVANCED_FACE('',(#4920),#5171,.T.);
#5361=ADVANCED_FACE('',(#4921),#5172,.T.);
#5362=ADVANCED_FACE('',(#4922),#5173,.T.);
#5363=ADVANCED_FACE('',(#4923),#5174,.T.);
#5364=ADVANCED_FACE('',(#4924),#5175,.T.);
#5365=ADVANCED_FACE('',(#4925),#5176,.T.);
#5366=ADVANCED_FACE('',(#4926),#5177,.T.);
#5367=ADVANCED_FACE('',(#4927),#5178,.T.);
#5368=ADVANCED_FACE('',(#4928),#5179,.T.);
#5369=ADVANCED_FACE('',(#4929),#5180,.T.);
#5370=ADVANCED_FACE('',(#4930),#5181,.F.);
#5371=ADVANCED_FACE('',(#4931),#5182,.F.);
#5372=ADVANCED_FACE('',(#4932),#5183,.F.);
#5373=ADVANCED_FACE('',(#4933),#5184,.F.);
#5374=ADVANCED_FACE('',(#4934),#5185,.F.);
#5375=ADVANCED_FACE('',(#4935),#5186,.F.);
#5376=ADVANCED_FACE('',(#4936),#5187,.T.);
#5377=ADVANCED_FACE('',(#4937),#5188,.T.);
#5378=ADVANCED_FACE('',(#4938),#5189,.T.);
#5379=ADVANCED_FACE('',(#4939),#5190,.T.);
#5380=ADVANCED_FACE('',(#4940),#5191,.T.);
#5381=ADVANCED_FACE('',(#4941),#5192,.T.);
#5382=ADVANCED_FACE('',(#4942),#5193,.F.);
#5383=ADVANCED_FACE('',(#4943),#5194,.F.);
#5384=ADVANCED_FACE('',(#4944),#5195,.F.);
#5385=ADVANCED_FACE('',(#4945),#5196,.F.);
#5386=ADVANCED_FACE('',(#4946),#5197,.F.);
#5387=ADVANCED_FACE('',(#4947),#5198,.F.);
#5388=ADVANCED_FACE('',(#4948),#5199,.F.);
#5389=ADVANCED_FACE('',(#4949),#42,.F.);
#5390=ADVANCED_FACE('',(#4950),#5200,.T.);
#5391=ADVANCED_FACE('',(#4951),#5201,.T.);
#5392=ADVANCED_FACE('',(#4952),#43,.F.);
#5393=ADVANCED_FACE('',(#4953),#5202,.T.);
#5394=ADVANCED_FACE('',(#4954),#44,.F.);
#5395=ADVANCED_FACE('',(#4955),#45,.F.);
#5396=ADVANCED_FACE('',(#4956),#5203,.F.);
#5397=ADVANCED_FACE('',(#4957),#46,.F.);
#5398=ADVANCED_FACE('',(#4958),#5204,.T.);
#5399=ADVANCED_FACE('',(#4959),#47,.F.);
#5400=ADVANCED_FACE('',(#4960),#5205,.T.);
#5401=ADVANCED_FACE('',(#4961),#5206,.T.);
#5402=ADVANCED_FACE('',(#4962),#48,.F.);
#5403=ADVANCED_FACE('',(#4963),#49,.F.);
#5404=ADVANCED_FACE('',(#4964),#5207,.F.);
#5405=ADVANCED_FACE('',(#4965),#50,.F.);
#5406=ADVANCED_FACE('',(#4966),#5208,.T.);
#5407=ADVANCED_FACE('',(#4967),#5209,.T.);
#5408=ADVANCED_FACE('',(#4968),#51,.F.);
#5409=ADVANCED_FACE('',(#4969),#5210,.T.);
#5410=ADVANCED_FACE('',(#4970),#52,.F.);
#5411=ADVANCED_FACE('',(#4971),#53,.F.);
#5412=ADVANCED_FACE('',(#4972),#5211,.F.);
#5413=ADVANCED_FACE('',(#4973),#54,.F.);
#5414=ADVANCED_FACE('',(#4974),#5212,.T.);
#5415=ADVANCED_FACE('',(#4975),#55,.F.);
#5416=ADVANCED_FACE('',(#4976),#5213,.T.);
#5417=ADVANCED_FACE('',(#4977),#5214,.T.);
#5418=ADVANCED_FACE('',(#4978),#56,.F.);
#5419=ADVANCED_FACE('',(#4979),#57,.F.);
#5420=ADVANCED_FACE('',(#4980),#5215,.T.);
#5421=ADVANCED_FACE('',(#4981),#58,.F.);
#5422=ADVANCED_FACE('',(#4982),#5216,.T.);
#5423=ADVANCED_FACE('',(#4983),#5217,.F.);
#5424=ADVANCED_FACE('',(#4984),#59,.F.);
#5425=ADVANCED_FACE('',(#4985),#5218,.T.);
#5426=ADVANCED_FACE('',(#4986),#60,.F.);
#5427=ADVANCED_FACE('',(#4987),#61,.F.);
#5428=ADVANCED_FACE('',(#4988),#5219,.F.);
#5429=ADVANCED_FACE('',(#4989),#5220,.F.);
#5430=ADVANCED_FACE('',(#4990),#62,.F.);
#5431=ADVANCED_FACE('',(#4991),#5221,.F.);
#5432=ADVANCED_FACE('',(#4992),#63,.F.);
#5433=ADVANCED_FACE('',(#4993),#5222,.T.);
#5434=ADVANCED_FACE('',(#4994),#64,.F.);
#5435=ADVANCED_FACE('',(#4995),#65,.F.);
#5436=ADVANCED_FACE('',(#4996),#5223,.F.);
#5437=ADVANCED_FACE('',(#4997),#5224,.T.);
#5438=ADVANCED_FACE('',(#4998),#66,.F.);
#5439=ADVANCED_FACE('',(#4999),#5225,.F.);
#5440=ADVANCED_FACE('',(#5000),#67,.F.);
#5441=ADVANCED_FACE('',(#5001),#5226,.F.);
#5442=ADVANCED_FACE('',(#5002),#68,.F.);
#5443=ADVANCED_FACE('',(#5003),#69,.F.);
#5444=ADVANCED_FACE('',(#5004),#5227,.F.);
#5445=ADVANCED_FACE('',(#5005),#5228,.T.);
#5446=ADVANCED_FACE('',(#5006),#70,.F.);
#5447=ADVANCED_FACE('',(#5007),#5229,.F.);
#5448=ADVANCED_FACE('',(#5008),#71,.F.);
#5449=ADVANCED_FACE('',(#5009),#5230,.F.);
#5450=ADVANCED_FACE('',(#5010),#72,.F.);
#5451=ADVANCED_FACE('',(#5011),#73,.F.);
#5452=ADVANCED_FACE('',(#5012),#5231,.F.);
#5453=ADVANCED_FACE('',(#5013),#5232,.T.);
#5454=ADVANCED_FACE('',(#5014),#74,.F.);
#5455=ADVANCED_FACE('',(#5015),#5233,.F.);
#5456=ADVANCED_FACE('',(#5016),#75,.F.);
#5457=ADVANCED_FACE('',(#5017),#5234,.F.);
#5458=ADVANCED_FACE('',(#5018),#76,.F.);
#5459=ADVANCED_FACE('',(#5019),#77,.F.);
#5460=ADVANCED_FACE('',(#5020),#5235,.F.);
#5461=ADVANCED_FACE('',(#5021),#5236,.T.);
#5462=ADVANCED_FACE('',(#5022),#78,.F.);
#5463=ADVANCED_FACE('',(#5023),#5237,.F.);
#5464=ADVANCED_FACE('',(#5024),#79,.F.);
#5465=ADVANCED_FACE('',(#5025),#5238,.F.);
#5466=ADVANCED_FACE('',(#5026),#80,.F.);
#5467=ADVANCED_FACE('',(#5027),#81,.F.);
#5468=ADVANCED_FACE('',(#5028),#5239,.F.);
#5469=ADVANCED_FACE('',(#5029),#5240,.T.);
#5470=ADVANCED_FACE('',(#5030),#82,.F.);
#5471=ADVANCED_FACE('',(#5031),#5241,.F.);
#5472=ADVANCED_FACE('',(#5032),#83,.F.);
#5473=ADVANCED_FACE('',(#5033),#5242,.F.);
#5474=ADVANCED_FACE('',(#5034),#84,.F.);
#5475=ADVANCED_FACE('',(#5035),#85,.F.);
#5476=ADVANCED_FACE('',(#5036),#86,.F.);
#5477=ADVANCED_FACE('',(#5037),#5243,.T.);
#5478=ADVANCED_FACE('',(#5038),#87,.F.);
#5479=ADVANCED_FACE('',(#5039),#5244,.F.);
#5480=ADVANCED_FACE('',(#5040),#88,.F.);
#5481=ADVANCED_FACE('',(#5041),#5245,.T.);
#5482=ADVANCED_FACE('',(#5042),#89,.F.);
#5483=ADVANCED_FACE('',(#5043),#5246,.T.);
#5484=ADVANCED_FACE('',(#5044),#5247,.T.);
#5485=ADVANCED_FACE('',(#5045),#90,.F.);
#5486=ADVANCED_FACE('',(#5046),#5248,.T.);
#5487=ADVANCED_FACE('',(#5047),#91,.F.);
#5488=ADVANCED_FACE('',(#5048),#5249,.F.);
#5489=ADVANCED_FACE('',(#5049),#92,.F.);
#5490=ADVANCED_FACE('',(#5050),#5250,.T.);
#5491=ADVANCED_FACE('',(#5051),#93,.F.);
#5492=ADVANCED_FACE('',(#5052),#5251,.T.);
#5493=ADVANCED_FACE('',(#5053),#94,.F.);
#5494=ADVANCED_FACE('',(#5054),#5252,.T.);
#5495=ADVANCED_FACE('',(#5055),#95,.F.);
#5496=ADVANCED_FACE('',(#5056),#5253,.T.);
#5497=ADVANCED_FACE('',(#5057),#96,.F.);
#5498=ADVANCED_FACE('',(#5058),#5254,.F.);
#5499=ADVANCED_FACE('',(#5059),#97,.F.);
#5500=ADVANCED_FACE('',(#5060),#5255,.T.);
#5501=ADVANCED_FACE('',(#5061),#98,.F.);
#5502=ADVANCED_FACE('',(#5062),#5256,.T.);
#5503=ADVANCED_FACE('',(#5063),#99,.F.);
#5504=ADVANCED_FACE('',(#5064),#5257,.F.);
#5505=ADVANCED_FACE('',(#5065),#100,.F.);
#5506=ADVANCED_FACE('',(#5066),#5258,.T.);
#5507=ADVANCED_FACE('',(#5067),#101,.F.);
#5508=ADVANCED_FACE('',(#5068),#5259,.T.);
#5509=ADVANCED_FACE('',(#5069),#102,.F.);
#5510=ADVANCED_FACE('',(#5070),#5260,.F.);
#5511=ADVANCED_FACE('',(#5071),#103,.F.);
#5512=ADVANCED_FACE('',(#5072),#5261,.T.);
#5513=ADVANCED_FACE('',(#5073),#104,.F.);
#5514=ADVANCED_FACE('',(#5074),#5262,.T.);
#5515=ADVANCED_FACE('',(#5075),#105,.F.);
#5516=ADVANCED_FACE('',(#5076),#106,.F.);
#5517=ADVANCED_FACE('',(#5077),#5263,.F.);
#5518=ADVANCED_FACE('',(#5078),#107,.F.);
#5519=ADVANCED_FACE('',(#5079),#5264,.T.);
#5520=ADVANCED_FACE('',(#5080),#108,.F.);
#5521=ADVANCED_FACE('',(#5081),#5265,.F.);
#5522=ADVANCED_FACE('',(#5082),#5266,.F.);
#5523=ADVANCED_FACE('',(#5083),#109,.F.);
#5524=ADVANCED_FACE('',(#5084),#110,.F.);
#5525=ADVANCED_FACE('',(#5085),#5267,.F.);
#5526=ADVANCED_FACE('',(#5086),#111,.F.);
#5527=ADVANCED_FACE('',(#5087),#5268,.F.);
#5528=ADVANCED_FACE('',(#5088),#112,.F.);
#5529=ADVANCED_FACE('',(#5089),#5269,.T.);
#5530=ADVANCED_FACE('',(#5090),#5270,.F.);
#5531=ADVANCED_FACE('',(#5091),#113,.F.);
#5532=ADVANCED_FACE('',(#5092),#114,.F.);
#5533=ADVANCED_FACE('',(#5093),#5271,.F.);
#5534=ADVANCED_FACE('',(#5094),#115,.F.);
#5535=ADVANCED_FACE('',(#5095),#5272,.F.);
#5536=ADVANCED_FACE('',(#5096),#116,.F.);
#5537=ADVANCED_FACE('',(#5097),#5273,.T.);
#5538=ADVANCED_FACE('',(#5098),#5274,.F.);
#5539=ADVANCED_FACE('',(#5099),#117,.F.);
#5540=ADVANCED_FACE('',(#5100),#118,.F.);
#5541=ADVANCED_FACE('',(#5101),#5275,.F.);
#5542=ADVANCED_FACE('',(#5102),#119,.F.);
#5543=ADVANCED_FACE('',(#5103),#5276,.F.);
#5544=ADVANCED_FACE('',(#5104),#120,.F.);
#5545=ADVANCED_FACE('',(#5105),#5277,.T.);
#5546=ADVANCED_FACE('',(#5106),#5278,.F.);
#5547=ADVANCED_FACE('',(#5107),#121,.F.);
#5548=ADVANCED_FACE('',(#5108),#122,.F.);
#5549=ADVANCED_FACE('',(#5109),#5279,.F.);
#5550=ADVANCED_FACE('',(#5110),#123,.F.);
#5551=ADVANCED_FACE('',(#5111),#5280,.F.);
#5552=ADVANCED_FACE('',(#5112),#124,.F.);
#5553=ADVANCED_FACE('',(#5113),#5281,.T.);
#5554=ADVANCED_FACE('',(#5114),#5282,.F.);
#5555=ADVANCED_FACE('',(#5115),#125,.F.);
#5556=ADVANCED_FACE('',(#5116),#126,.F.);
#5557=ADVANCED_FACE('',(#5117),#5283,.F.);
#5558=ADVANCED_FACE('',(#5118),#127,.F.);
#5559=ADVANCED_FACE('',(#5119),#5284,.F.);
#5560=ADVANCED_FACE('',(#5120),#128,.F.);
#5561=ADVANCED_FACE('',(#5121),#5285,.T.);
#5562=ADVANCED_FACE('',(#5122),#5286,.F.);
#5563=ADVANCED_FACE('',(#5123),#129,.F.);
#5564=CLOSED_SHELL('',(#5287,#5288,#5289,#5290,#5291,#5292,#5293,#5294,
#5295,#5296,#5297,#5298,#5299,#5300,#5301,#5302,#5303,#5304,#5305,#5306,
#5307,#5308,#5309,#5310,#5311,#5312,#5313,#5314,#5315,#5316,#5317,#5318,
#5319,#5320,#5321,#5322,#5323,#5324,#5325,#5326,#5327,#5328,#5329,#5330,
#5331,#5332,#5333,#5334,#5335,#5336,#5337,#5338,#5339,#5340,#5341,#5342,
#5343,#5344,#5345,#5346,#5347,#5348,#5349,#5350,#5351,#5352,#5353,#5354,
#5355,#5356,#5357,#5358,#5359,#5360,#5361,#5362,#5363,#5364,#5365,#5366,
#5367,#5368,#5369,#5370,#5371,#5372,#5373,#5374,#5375,#5376,#5377,#5378,
#5379,#5380,#5381,#5382,#5383,#5384,#5385,#5386,#5387,#5388,#5389,#5390,
#5391,#5392,#5393,#5394,#5395,#5396,#5397,#5398,#5399,#5400,#5401,#5402,
#5403,#5404,#5405,#5406,#5407,#5408,#5409,#5410,#5411,#5412,#5413,#5414,
#5415,#5416,#5417,#5418,#5419,#5420,#5421,#5422,#5423,#5424,#5425,#5426,
#5427,#5428,#5429,#5430,#5431,#5432,#5433,#5434,#5435,#5436,#5437,#5438,
#5439,#5440,#5441,#5442,#5443,#5444,#5445,#5446,#5447,#5448,#5449,#5450,
#5451,#5452,#5453,#5454,#5455,#5456,#5457,#5458,#5459,#5460,#5461,#5462,
#5463,#5464,#5465,#5466,#5467,#5468,#5469,#5470,#5471,#5472,#5473,#5474,
#5475,#5476,#5477,#5478,#5479,#5480,#5481,#5482,#5483,#5484,#5485,#5486,
#5487,#5488,#5489,#5490,#5491,#5492,#5493,#5494,#5495,#5496,#5497,#5498,
#5499,#5500,#5501,#5502,#5503,#5504,#5505,#5506,#5507,#5508,#5509,#5510,
#5511,#5512,#5513,#5514,#5515,#5516,#5517,#5518,#5519,#5520,#5521,#5522,
#5523,#5524,#5525,#5526,#5527,#5528,#5529,#5530,#5531,#5532,#5533,#5534,
#5535,#5536,#5537,#5538,#5539,#5540,#5541,#5542,#5543,#5544,#5545,#5546,
#5547,#5548,#5549,#5550,#5551,#5552,#5553,#5554,#5555,#5556,#5557,#5558,
#5559,#5560,#5561,#5562,#5563));
#5565=STYLED_ITEM('',(#5566),#5573);
#5566=PRESENTATION_STYLE_ASSIGNMENT((#5567));
#5567=SURFACE_STYLE_USAGE(.BOTH.,#5568);
#5568=SURFACE_SIDE_STYLE('',(#5569));
#5569=SURFACE_STYLE_FILL_AREA(#5570);
#5570=FILL_AREA_STYLE('',(#5571));
#5571=FILL_AREA_STYLE_COLOUR('',#5572);
#5572=COLOUR_RGB('',0.627450980392157,0.627450980392157,0.627450980392157);
#5573=MANIFOLD_SOLID_BREP('GPS Case Body',#5564);
#5574=SHAPE_DEFINITION_REPRESENTATION(#9284,#5575);
#5575=SHAPE_REPRESENTATION('GPS Case Body',(#5576),#9279);
#5576=AXIS2_PLACEMENT_3D('',#7636,#6076,#6077);
#5577=AXIS2_PLACEMENT_3D('',#7637,#6078,#6079);
#5578=AXIS2_PLACEMENT_3D('',#7638,#6080,#6081);
#5579=AXIS2_PLACEMENT_3D('',#7643,#6083,#6084);
#5580=AXIS2_PLACEMENT_3D('',#7647,#6086,#6087);
#5581=AXIS2_PLACEMENT_3D('',#7651,#6089,#6090);
#5582=AXIS2_PLACEMENT_3D('',#7654,#6092,#6093);
#5583=AXIS2_PLACEMENT_3D('',#7659,#6095,#6096);
#5584=AXIS2_PLACEMENT_3D('',#7663,#6098,#6099);
#5585=AXIS2_PLACEMENT_3D('',#7667,#6101,#6102);
#5586=AXIS2_PLACEMENT_3D('',#7670,#6104,#6105);
#5587=AXIS2_PLACEMENT_3D('',#7675,#6107,#6108);
#5588=AXIS2_PLACEMENT_3D('',#7679,#6110,#6111);
#5589=AXIS2_PLACEMENT_3D('',#7683,#6113,#6114);
#5590=AXIS2_PLACEMENT_3D('',#7686,#6116,#6117);
#5591=AXIS2_PLACEMENT_3D('',#7691,#6119,#6120);
#5592=AXIS2_PLACEMENT_3D('',#7695,#6122,#6123);
#5593=AXIS2_PLACEMENT_3D('',#7699,#6125,#6126);
#5594=AXIS2_PLACEMENT_3D('',#7702,#6128,#6129);
#5595=AXIS2_PLACEMENT_3D('',#7707,#6131,#6132);
#5596=AXIS2_PLACEMENT_3D('',#7711,#6134,#6135);
#5597=AXIS2_PLACEMENT_3D('',#7715,#6137,#6138);
#5598=AXIS2_PLACEMENT_3D('',#7718,#6140,#6141);
#5599=AXIS2_PLACEMENT_3D('',#7723,#6143,#6144);
#5600=AXIS2_PLACEMENT_3D('',#7727,#6146,#6147);
#5601=AXIS2_PLACEMENT_3D('',#7731,#6149,#6150);
#5602=AXIS2_PLACEMENT_3D('',#7745,#6157,#6158);
#5603=AXIS2_PLACEMENT_3D('',#7749,#6160,#6161);
#5604=AXIS2_PLACEMENT_3D('',#7753,#6163,#6164);
#5605=AXIS2_PLACEMENT_3D('',#7757,#6166,#6167);
#5606=AXIS2_PLACEMENT_3D('',#7758,#6168,#6169);
#5607=AXIS2_PLACEMENT_3D('',#7763,#6171,#6172);
#5608=AXIS2_PLACEMENT_3D('',#7767,#6174,#6175);
#5609=AXIS2_PLACEMENT_3D('',#7771,#6177,#6178);
#5610=AXIS2_PLACEMENT_3D('',#7774,#6180,#6181);
#5611=AXIS2_PLACEMENT_3D('',#7779,#6183,#6184);
#5612=AXIS2_PLACEMENT_3D('',#7783,#6186,#6187);
#5613=AXIS2_PLACEMENT_3D('',#7787,#6189,#6190);
#5614=AXIS2_PLACEMENT_3D('',#7790,#6192,#6193);
#5615=AXIS2_PLACEMENT_3D('',#7795,#6195,#6196);
#5616=AXIS2_PLACEMENT_3D('',#7799,#6198,#6199);
#5617=AXIS2_PLACEMENT_3D('',#7803,#6201,#6202);
#5618=AXIS2_PLACEMENT_3D('',#7806,#6204,#6205);
#5619=AXIS2_PLACEMENT_3D('',#7811,#6207,#6208);
#5620=AXIS2_PLACEMENT_3D('',#7815,#6210,#6211);
#5621=AXIS2_PLACEMENT_3D('',#7819,#6213,#6214);
#5622=AXIS2_PLACEMENT_3D('',#7822,#6216,#6217);
#5623=AXIS2_PLACEMENT_3D('',#7823,#6218,#6219);
#5624=AXIS2_PLACEMENT_3D('',#7828,#6221,#6222);
#5625=AXIS2_PLACEMENT_3D('',#7832,#6224,#6225);
#5626=AXIS2_PLACEMENT_3D('',#7836,#6227,#6228);
#5627=AXIS2_PLACEMENT_3D('',#7839,#6230,#6231);
#5628=AXIS2_PLACEMENT_3D('',#7844,#6233,#6234);
#5629=AXIS2_PLACEMENT_3D('',#7848,#6236,#6237);
#5630=AXIS2_PLACEMENT_3D('',#7852,#6239,#6240);
#5631=AXIS2_PLACEMENT_3D('',#7855,#6242,#6243);
#5632=AXIS2_PLACEMENT_3D('',#7860,#6245,#6246);
#5633=AXIS2_PLACEMENT_3D('',#7864,#6248,#6249);
#5634=AXIS2_PLACEMENT_3D('',#7868,#6251,#6252);
#5635=AXIS2_PLACEMENT_3D('',#7871,#6254,#6255);
#5636=AXIS2_PLACEMENT_3D('',#7876,#6257,#6258);
#5637=AXIS2_PLACEMENT_3D('',#7880,#6260,#6261);
#5638=AXIS2_PLACEMENT_3D('',#7884,#6263,#6264);
#5639=AXIS2_PLACEMENT_3D('',#7887,#6266,#6267);
#5640=AXIS2_PLACEMENT_3D('',#7892,#6269,#6270);
#5641=AXIS2_PLACEMENT_3D('',#7896,#6272,#6273);
#5642=AXIS2_PLACEMENT_3D('',#7900,#6275,#6276);
#5643=AXIS2_PLACEMENT_3D('',#7903,#6278,#6279);
#5644=AXIS2_PLACEMENT_3D('',#7908,#6281,#6282);
#5645=AXIS2_PLACEMENT_3D('',#7912,#6284,#6285);
#5646=AXIS2_PLACEMENT_3D('',#7916,#6287,#6288);
#5647=AXIS2_PLACEMENT_3D('',#7930,#6295,#6296);
#5648=AXIS2_PLACEMENT_3D('',#7934,#6298,#6299);
#5649=AXIS2_PLACEMENT_3D('',#7938,#6301,#6302);
#5650=AXIS2_PLACEMENT_3D('',#7942,#6304,#6305);
#5651=AXIS2_PLACEMENT_3D('',#7943,#6306,#6307);
#5652=AXIS2_PLACEMENT_3D('',#7948,#6309,#6310);
#5653=AXIS2_PLACEMENT_3D('',#7952,#6312,#6313);
#5654=AXIS2_PLACEMENT_3D('',#7956,#6315,#6316);
#5655=AXIS2_PLACEMENT_3D('',#7959,#6318,#6319);
#5656=AXIS2_PLACEMENT_3D('',#7964,#6321,#6322);
#5657=AXIS2_PLACEMENT_3D('',#7968,#6324,#6325);
#5658=AXIS2_PLACEMENT_3D('',#7972,#6327,#6328);
#5659=AXIS2_PLACEMENT_3D('',#7975,#6330,#6331);
#5660=AXIS2_PLACEMENT_3D('',#7980,#6333,#6334);
#5661=AXIS2_PLACEMENT_3D('',#7984,#6336,#6337);
#5662=AXIS2_PLACEMENT_3D('',#7988,#6339,#6340);
#5663=AXIS2_PLACEMENT_3D('',#7991,#6342,#6343);
#5664=AXIS2_PLACEMENT_3D('',#7996,#6345,#6346);
#5665=AXIS2_PLACEMENT_3D('',#8000,#6348,#6349);
#5666=AXIS2_PLACEMENT_3D('',#8004,#6351,#6352);
#5667=AXIS2_PLACEMENT_3D('',#8007,#6354,#6355);
#5668=AXIS2_PLACEMENT_3D('',#8008,#6356,#6357);
#5669=AXIS2_PLACEMENT_3D('',#8013,#6359,#6360);
#5670=AXIS2_PLACEMENT_3D('',#8017,#6362,#6363);
#5671=AXIS2_PLACEMENT_3D('',#8021,#6365,#6366);
#5672=AXIS2_PLACEMENT_3D('',#8024,#6368,#6369);
#5673=AXIS2_PLACEMENT_3D('',#8029,#6371,#6372);
#5674=AXIS2_PLACEMENT_3D('',#8033,#6374,#6375);
#5675=AXIS2_PLACEMENT_3D('',#8037,#6377,#6378);
#5676=AXIS2_PLACEMENT_3D('',#8040,#6380,#6381);
#5677=AXIS2_PLACEMENT_3D('',#8045,#6383,#6384);
#5678=AXIS2_PLACEMENT_3D('',#8049,#6386,#6387);
#5679=AXIS2_PLACEMENT_3D('',#8053,#6389,#6390);
#5680=AXIS2_PLACEMENT_3D('',#8056,#6392,#6393);
#5681=AXIS2_PLACEMENT_3D('',#8061,#6395,#6396);
#5682=AXIS2_PLACEMENT_3D('',#8065,#6398,#6399);
#5683=AXIS2_PLACEMENT_3D('',#8069,#6401,#6402);
#5684=AXIS2_PLACEMENT_3D('',#8072,#6404,#6405);
#5685=AXIS2_PLACEMENT_3D('',#8077,#6407,#6408);
#5686=AXIS2_PLACEMENT_3D('',#8081,#6410,#6411);
#5687=AXIS2_PLACEMENT_3D('',#8085,#6413,#6414);
#5688=AXIS2_PLACEMENT_3D('',#8088,#6416,#6417);
#5689=AXIS2_PLACEMENT_3D('',#8093,#6419,#6420);
#5690=AXIS2_PLACEMENT_3D('',#8097,#6422,#6423);
#5691=AXIS2_PLACEMENT_3D('',#8101,#6425,#6426);
#5692=AXIS2_PLACEMENT_3D('',#8115,#6433,#6434);
#5693=AXIS2_PLACEMENT_3D('',#8119,#6436,#6437);
#5694=AXIS2_PLACEMENT_3D('',#8123,#6439,#6440);
#5695=AXIS2_PLACEMENT_3D('',#8127,#6442,#6443);
#5696=AXIS2_PLACEMENT_3D('',#8131,#6445,#6446);
#5697=AXIS2_PLACEMENT_3D('',#8135,#6448,#6449);
#5698=AXIS2_PLACEMENT_3D('',#8139,#6451,#6452);
#5699=AXIS2_PLACEMENT_3D('',#8143,#6454,#6455);
#5700=AXIS2_PLACEMENT_3D('',#8147,#6457,#6458);
#5701=AXIS2_PLACEMENT_3D('',#8151,#6460,#6461);
#5702=AXIS2_PLACEMENT_3D('',#8155,#6463,#6464);
#5703=AXIS2_PLACEMENT_3D('',#8159,#6466,#6467);
#5704=AXIS2_PLACEMENT_3D('',#8163,#6469,#6470);
#5705=AXIS2_PLACEMENT_3D('',#8167,#6472,#6473);
#5706=AXIS2_PLACEMENT_3D('',#8171,#6475,#6476);
#5707=AXIS2_PLACEMENT_3D('',#8175,#6478,#6479);
#5708=AXIS2_PLACEMENT_3D('',#8179,#6481,#6482);
#5709=AXIS2_PLACEMENT_3D('',#8183,#6484,#6485);
#5710=AXIS2_PLACEMENT_3D('',#8187,#6487,#6488);
#5711=AXIS2_PLACEMENT_3D('',#8191,#6490,#6491);
#5712=AXIS2_PLACEMENT_3D('',#8192,#6492,#6493);
#5713=AXIS2_PLACEMENT_3D('',#8193,#6494,#6495);
#5714=AXIS2_PLACEMENT_3D('',#8198,#6497,#6498);
#5715=AXIS2_PLACEMENT_3D('',#8202,#6500,#6501);
#5716=AXIS2_PLACEMENT_3D('',#8206,#6503,#6504);
#5717=AXIS2_PLACEMENT_3D('',#8209,#6506,#6507);
#5718=AXIS2_PLACEMENT_3D('',#8214,#6509,#6510);
#5719=AXIS2_PLACEMENT_3D('',#8218,#6512,#6513);
#5720=AXIS2_PLACEMENT_3D('',#8222,#6515,#6516);
#5721=AXIS2_PLACEMENT_3D('',#8225,#6518,#6519);
#5722=AXIS2_PLACEMENT_3D('',#8230,#6521,#6522);
#5723=AXIS2_PLACEMENT_3D('',#8234,#6524,#6525);
#5724=AXIS2_PLACEMENT_3D('',#8238,#6527,#6528);
#5725=AXIS2_PLACEMENT_3D('',#8241,#6530,#6531);
#5726=AXIS2_PLACEMENT_3D('',#8246,#6533,#6534);
#5727=AXIS2_PLACEMENT_3D('',#8250,#6536,#6537);
#5728=AXIS2_PLACEMENT_3D('',#8254,#6539,#6540);
#5729=AXIS2_PLACEMENT_3D('',#8257,#6542,#6543);
#5730=AXIS2_PLACEMENT_3D('',#8262,#6545,#6546);
#5731=AXIS2_PLACEMENT_3D('',#8266,#6548,#6549);
#5732=AXIS2_PLACEMENT_3D('',#8270,#6551,#6552);
#5733=AXIS2_PLACEMENT_3D('',#8284,#6559,#6560);
#5734=AXIS2_PLACEMENT_3D('',#8288,#6562,#6563);
#5735=AXIS2_PLACEMENT_3D('',#8292,#6565,#6566);
#5736=AXIS2_PLACEMENT_3D('',#8296,#6568,#6569);
#5737=AXIS2_PLACEMENT_3D('',#8300,#6571,#6572);
#5738=AXIS2_PLACEMENT_3D('',#8304,#6574,#6575);
#5739=AXIS2_PLACEMENT_3D('',#8308,#6577,#6578);
#5740=AXIS2_PLACEMENT_3D('',#8312,#6580,#6581);
#5741=AXIS2_PLACEMENT_3D('',#8316,#6583,#6584);
#5742=AXIS2_PLACEMENT_3D('',#8320,#6586,#6587);
#5743=AXIS2_PLACEMENT_3D('',#8324,#6589,#6590);
#5744=AXIS2_PLACEMENT_3D('',#8328,#6592,#6593);
#5745=AXIS2_PLACEMENT_3D('',#8332,#6595,#6596);
#5746=AXIS2_PLACEMENT_3D('',#8336,#6598,#6599);
#5747=AXIS2_PLACEMENT_3D('',#8340,#6601,#6602);
#5748=AXIS2_PLACEMENT_3D('',#8344,#6604,#6605);
#5749=AXIS2_PLACEMENT_3D('',#8348,#6607,#6608);
#5750=AXIS2_PLACEMENT_3D('',#8352,#6610,#6611);
#5751=AXIS2_PLACEMENT_3D('',#8356,#6613,#6614);
#5752=AXIS2_PLACEMENT_3D('',#8360,#6616,#6617);
#5753=AXIS2_PLACEMENT_3D('',#8364,#6619,#6620);
#5754=AXIS2_PLACEMENT_3D('',#8368,#6622,#6623);
#5755=AXIS2_PLACEMENT_3D('',#8372,#6625,#6626);
#5756=AXIS2_PLACEMENT_3D('',#8376,#6628,#6629);
#5757=AXIS2_PLACEMENT_3D('',#8377,#6630,#6631);
#5758=AXIS2_PLACEMENT_3D('',#8438,#6662,#6663);
#5759=AXIS2_PLACEMENT_3D('',#8440,#6664,#6665);
#5760=AXIS2_PLACEMENT_3D('',#8442,#6666,#6667);
#5761=AXIS2_PLACEMENT_3D('',#8444,#6668,#6669);
#5762=AXIS2_PLACEMENT_3D('',#8446,#6670,#6671);
#5763=AXIS2_PLACEMENT_3D('',#8448,#6672,#6673);
#5764=AXIS2_PLACEMENT_3D('',#8450,#6674,#6675);
#5765=AXIS2_PLACEMENT_3D('',#8454,#6677,#6678);
#5766=AXIS2_PLACEMENT_3D('',#8455,#6679,#6680);
#5767=AXIS2_PLACEMENT_3D('',#8459,#6682,#6683);
#5768=AXIS2_PLACEMENT_3D('',#8508,#6708,#6709);
#5769=AXIS2_PLACEMENT_3D('',#8569,#6740,#6741);
#5770=AXIS2_PLACEMENT_3D('',#8571,#6742,#6743);
#5771=AXIS2_PLACEMENT_3D('',#8573,#6744,#6745);
#5772=AXIS2_PLACEMENT_3D('',#8575,#6746,#6747);
#5773=AXIS2_PLACEMENT_3D('',#8579,#6749,#6750);
#5774=AXIS2_PLACEMENT_3D('',#8580,#6751,#6752);
#5775=AXIS2_PLACEMENT_3D('',#8584,#6754,#6755);
#5776=AXIS2_PLACEMENT_3D('',#8588,#6757,#6758);
#5777=AXIS2_PLACEMENT_3D('',#8639,#6784,#6785);
#5778=AXIS2_PLACEMENT_3D('',#8640,#6786,#6787);
#5779=AXIS2_PLACEMENT_3D('',#8642,#6788,#6789);
#5780=AXIS2_PLACEMENT_3D('',#8643,#6790,#6791);
#5781=AXIS2_PLACEMENT_3D('',#8645,#6792,#6793);
#5782=AXIS2_PLACEMENT_3D('',#8646,#6794,#6795);
#5783=AXIS2_PLACEMENT_3D('',#8648,#6796,#6797);
#5784=AXIS2_PLACEMENT_3D('',#8649,#6798,#6799);
#5785=AXIS2_PLACEMENT_3D('',#8651,#6800,#6801);
#5786=AXIS2_PLACEMENT_3D('',#8652,#6802,#6803);
#5787=AXIS2_PLACEMENT_3D('',#8654,#6804,#6805);
#5788=AXIS2_PLACEMENT_3D('',#8655,#6806,#6807);
#5789=AXIS2_PLACEMENT_3D('',#8657,#6808,#6809);
#5790=AXIS2_PLACEMENT_3D('',#8658,#6810,#6811);
#5791=AXIS2_PLACEMENT_3D('',#8660,#6812,#6813);
#5792=AXIS2_PLACEMENT_3D('',#8661,#6814,#6815);
#5793=AXIS2_PLACEMENT_3D('',#8663,#6816,#6817);
#5794=AXIS2_PLACEMENT_3D('',#8664,#6818,#6819);
#5795=AXIS2_PLACEMENT_3D('',#8666,#6820,#6821);
#5796=AXIS2_PLACEMENT_3D('',#8672,#6822,#6823);
#5797=AXIS2_PLACEMENT_3D('',#8673,#6824,#6825);
#5798=AXIS2_PLACEMENT_3D('',#8675,#6826,#6827);
#5799=AXIS2_PLACEMENT_3D('',#8694,#6835,#6836);
#5800=AXIS2_PLACEMENT_3D('',#8695,#6837,#6838);
#5801=AXIS2_PLACEMENT_3D('',#8696,#6839,#6840);
#5802=AXIS2_PLACEMENT_3D('',#8698,#6841,#6842);
#5803=AXIS2_PLACEMENT_3D('',#8699,#6843,#6844);
#5804=AXIS2_PLACEMENT_3D('',#8700,#6845,#6846);
#5805=AXIS2_PLACEMENT_3D('',#8702,#6847,#6848);
#5806=AXIS2_PLACEMENT_3D('',#8703,#6849,#6850);
#5807=AXIS2_PLACEMENT_3D('',#8704,#6851,#6852);
#5808=AXIS2_PLACEMENT_3D('',#8707,#6854,#6855);
#5809=AXIS2_PLACEMENT_3D('',#8708,#6856,#6857);
#5810=AXIS2_PLACEMENT_3D('',#8713,#6860,#6861);
#5811=AXIS2_PLACEMENT_3D('',#8714,#6862,#6863);
#5812=AXIS2_PLACEMENT_3D('',#8715,#6864,#6865);
#5813=AXIS2_PLACEMENT_3D('',#8716,#6866,#6867);
#5814=AXIS2_PLACEMENT_3D('',#8717,#6868,#6869);
#5815=AXIS2_PLACEMENT_3D('',#8718,#6870,#6871);
#5816=AXIS2_PLACEMENT_3D('',#8719,#6872,#6873);
#5817=AXIS2_PLACEMENT_3D('',#8720,#6874,#6875);
#5818=AXIS2_PLACEMENT_3D('',#8723,#6877,#6878);
#5819=AXIS2_PLACEMENT_3D('',#8735,#6885,#6886);
#5820=AXIS2_PLACEMENT_3D('',#8736,#6887,#6888);
#5821=AXIS2_PLACEMENT_3D('',#8737,#6889,#6890);
#5822=AXIS2_PLACEMENT_3D('',#8738,#6891,#6892);
#5823=AXIS2_PLACEMENT_3D('',#8741,#6894,#6895);
#5824=AXIS2_PLACEMENT_3D('',#8742,#6896,#6897);
#5825=AXIS2_PLACEMENT_3D('',#8744,#6898,#6899);
#5826=AXIS2_PLACEMENT_3D('',#8746,#6900,#6901);
#5827=AXIS2_PLACEMENT_3D('',#8748,#6902,#6903);
#5828=AXIS2_PLACEMENT_3D('',#8750,#6904,#6905);
#5829=AXIS2_PLACEMENT_3D('',#8753,#6907,#6908);
#5830=AXIS2_PLACEMENT_3D('',#8754,#6909,#6910);
#5831=AXIS2_PLACEMENT_3D('',#8757,#6912,#6913);
#5832=AXIS2_PLACEMENT_3D('',#8758,#6914,#6915);
#5833=AXIS2_PLACEMENT_3D('',#8759,#6916,#6917);
#5834=AXIS2_PLACEMENT_3D('',#8761,#6918,#6919);
#5835=AXIS2_PLACEMENT_3D('',#8762,#6920,#6921);
#5836=AXIS2_PLACEMENT_3D('',#8763,#6922,#6923);
#5837=AXIS2_PLACEMENT_3D('',#8765,#6924,#6925);
#5838=AXIS2_PLACEMENT_3D('',#8766,#6926,#6927);
#5839=AXIS2_PLACEMENT_3D('',#8769,#6930,#6931);
#5840=AXIS2_PLACEMENT_3D('',#8771,#6933,#6934);
#5841=AXIS2_PLACEMENT_3D('',#8773,#6936,#6937);
#5842=AXIS2_PLACEMENT_3D('',#8774,#6938,#6939);
#5843=AXIS2_PLACEMENT_3D('',#8815,#6940,#6941);
#5844=AXIS2_PLACEMENT_3D('',#8816,#6942,#6943);
#5845=AXIS2_PLACEMENT_3D('',#8817,#6944,#6945);
#5846=AXIS2_PLACEMENT_3D('',#8818,#6946,#6947);
#5847=AXIS2_PLACEMENT_3D('',#8821,#6950,#6951);
#5848=AXIS2_PLACEMENT_3D('',#8823,#6953,#6954);
#5849=AXIS2_PLACEMENT_3D('',#8825,#6956,#6957);
#5850=AXIS2_PLACEMENT_3D('',#8827,#6959,#6960);
#5851=AXIS2_PLACEMENT_3D('',#8829,#6962,#6963);
#5852=AXIS2_PLACEMENT_3D('',#8830,#6964,#6965);
#5853=AXIS2_PLACEMENT_3D('',#8833,#6968,#6969);
#5854=AXIS2_PLACEMENT_3D('',#8835,#6971,#6972);
#5855=AXIS2_PLACEMENT_3D('',#8837,#6974,#6975);
#5856=AXIS2_PLACEMENT_3D('',#8839,#6977,#6978);
#5857=AXIS2_PLACEMENT_3D('',#8841,#6980,#6981);
#5858=AXIS2_PLACEMENT_3D('',#8842,#6982,#6983);
#5859=AXIS2_PLACEMENT_3D('',#8845,#6986,#6987);
#5860=AXIS2_PLACEMENT_3D('',#8847,#6989,#6990);
#5861=AXIS2_PLACEMENT_3D('',#8849,#6992,#6993);
#5862=AXIS2_PLACEMENT_3D('',#8851,#6995,#6996);
#5863=AXIS2_PLACEMENT_3D('',#8853,#6998,#6999);
#5864=AXIS2_PLACEMENT_3D('',#8854,#7000,#7001);
#5865=AXIS2_PLACEMENT_3D('',#8857,#7004,#7005);
#5866=AXIS2_PLACEMENT_3D('',#8859,#7007,#7008);
#5867=AXIS2_PLACEMENT_3D('',#8861,#7010,#7011);
#5868=AXIS2_PLACEMENT_3D('',#8863,#7013,#7014);
#5869=AXIS2_PLACEMENT_3D('',#8865,#7016,#7017);
#5870=AXIS2_PLACEMENT_3D('',#8866,#7018,#7019);
#5871=AXIS2_PLACEMENT_3D('',#8869,#7022,#7023);
#5872=AXIS2_PLACEMENT_3D('',#8871,#7025,#7026);
#5873=AXIS2_PLACEMENT_3D('',#8873,#7028,#7029);
#5874=AXIS2_PLACEMENT_3D('',#8875,#7031,#7032);
#5875=AXIS2_PLACEMENT_3D('',#8877,#7034,#7035);
#5876=AXIS2_PLACEMENT_3D('',#8878,#7036,#7037);
#5877=AXIS2_PLACEMENT_3D('',#8881,#7040,#7041);
#5878=AXIS2_PLACEMENT_3D('',#8883,#7043,#7044);
#5879=AXIS2_PLACEMENT_3D('',#8885,#7046,#7047);
#5880=AXIS2_PLACEMENT_3D('',#8887,#7049,#7050);
#5881=AXIS2_PLACEMENT_3D('',#8889,#7052,#7053);
#5882=AXIS2_PLACEMENT_3D('',#8890,#7054,#7055);
#5883=AXIS2_PLACEMENT_3D('',#8893,#7058,#7059);
#5884=AXIS2_PLACEMENT_3D('',#8895,#7061,#7062);
#5885=AXIS2_PLACEMENT_3D('',#8897,#7064,#7065);
#5886=AXIS2_PLACEMENT_3D('',#8899,#7067,#7068);
#5887=AXIS2_PLACEMENT_3D('',#8901,#7070,#7071);
#5888=AXIS2_PLACEMENT_3D('',#8902,#7072,#7073);
#5889=AXIS2_PLACEMENT_3D('',#8905,#7076,#7077);
#5890=AXIS2_PLACEMENT_3D('',#8907,#7079,#7080);
#5891=AXIS2_PLACEMENT_3D('',#8909,#7082,#7083);
#5892=AXIS2_PLACEMENT_3D('',#8911,#7085,#7086);
#5893=AXIS2_PLACEMENT_3D('',#8913,#7088,#7089);
#5894=AXIS2_PLACEMENT_3D('',#8914,#7090,#7091);
#5895=AXIS2_PLACEMENT_3D('',#8917,#7094,#7095);
#5896=AXIS2_PLACEMENT_3D('',#8919,#7097,#7098);
#5897=AXIS2_PLACEMENT_3D('',#8921,#7100,#7101);
#5898=AXIS2_PLACEMENT_3D('',#8923,#7103,#7104);
#5899=AXIS2_PLACEMENT_3D('',#8925,#7106,#7107);
#5900=AXIS2_PLACEMENT_3D('',#8926,#7108,#7109);
#5901=AXIS2_PLACEMENT_3D('',#8929,#7112,#7113);
#5902=AXIS2_PLACEMENT_3D('',#8931,#7115,#7116);
#5903=AXIS2_PLACEMENT_3D('',#8933,#7118,#7119);
#5904=AXIS2_PLACEMENT_3D('',#8936,#7122,#7123);
#5905=AXIS2_PLACEMENT_3D('',#8938,#7125,#7126);
#5906=AXIS2_PLACEMENT_3D('',#8940,#7128,#7129);
#5907=AXIS2_PLACEMENT_3D('',#8941,#7130,#7131);
#5908=AXIS2_PLACEMENT_3D('',#8942,#7132,#7133);
#5909=AXIS2_PLACEMENT_3D('',#8945,#7136,#7137);
#5910=AXIS2_PLACEMENT_3D('',#8947,#7139,#7140);
#5911=AXIS2_PLACEMENT_3D('',#8949,#7142,#7143);
#5912=AXIS2_PLACEMENT_3D('',#8952,#7146,#7147);
#5913=AXIS2_PLACEMENT_3D('',#8954,#7149,#7150);
#5914=AXIS2_PLACEMENT_3D('',#8956,#7152,#7153);
#5915=AXIS2_PLACEMENT_3D('',#8957,#7154,#7155);
#5916=AXIS2_PLACEMENT_3D('',#8958,#7156,#7157);
#5917=AXIS2_PLACEMENT_3D('',#8961,#7160,#7161);
#5918=AXIS2_PLACEMENT_3D('',#8963,#7163,#7164);
#5919=AXIS2_PLACEMENT_3D('',#8965,#7166,#7167);
#5920=AXIS2_PLACEMENT_3D('',#8968,#7170,#7171);
#5921=AXIS2_PLACEMENT_3D('',#8970,#7173,#7174);
#5922=AXIS2_PLACEMENT_3D('',#8972,#7176,#7177);
#5923=AXIS2_PLACEMENT_3D('',#8973,#7178,#7179);
#5924=AXIS2_PLACEMENT_3D('',#8974,#7180,#7181);
#5925=AXIS2_PLACEMENT_3D('',#8977,#7184,#7185);
#5926=AXIS2_PLACEMENT_3D('',#8979,#7187,#7188);
#5927=AXIS2_PLACEMENT_3D('',#8981,#7190,#7191);
#5928=AXIS2_PLACEMENT_3D('',#8984,#7194,#7195);
#5929=AXIS2_PLACEMENT_3D('',#8986,#7197,#7198);
#5930=AXIS2_PLACEMENT_3D('',#8988,#7200,#7201);
#5931=AXIS2_PLACEMENT_3D('',#8989,#7202,#7203);
#5932=AXIS2_PLACEMENT_3D('',#8990,#7204,#7205);
#5933=AXIS2_PLACEMENT_3D('',#8993,#7208,#7209);
#5934=AXIS2_PLACEMENT_3D('',#8995,#7211,#7212);
#5935=AXIS2_PLACEMENT_3D('',#8997,#7214,#7215);
#5936=AXIS2_PLACEMENT_3D('',#9000,#7218,#7219);
#5937=AXIS2_PLACEMENT_3D('',#9002,#7221,#7222);
#5938=AXIS2_PLACEMENT_3D('',#9004,#7224,#7225);
#5939=AXIS2_PLACEMENT_3D('',#9005,#7226,#7227);
#5940=AXIS2_PLACEMENT_3D('',#9006,#7228,#7229);
#5941=AXIS2_PLACEMENT_3D('',#9009,#7232,#7233);
#5942=AXIS2_PLACEMENT_3D('',#9012,#7236,#7237);
#5943=AXIS2_PLACEMENT_3D('',#9013,#7238,#7239);
#5944=AXIS2_PLACEMENT_3D('',#9016,#7242,#7243);
#5945=AXIS2_PLACEMENT_3D('',#9018,#7245,#7246);
#5946=AXIS2_PLACEMENT_3D('',#9020,#7248,#7249);
#5947=AXIS2_PLACEMENT_3D('',#9021,#7250,#7251);
#5948=AXIS2_PLACEMENT_3D('',#9022,#7252,#7253);
#5949=AXIS2_PLACEMENT_3D('',#9025,#7256,#7257);
#5950=AXIS2_PLACEMENT_3D('',#9028,#7260,#7261);
#5951=AXIS2_PLACEMENT_3D('',#9029,#7262,#7263);
#5952=AXIS2_PLACEMENT_3D('',#9032,#7266,#7267);
#5953=AXIS2_PLACEMENT_3D('',#9034,#7269,#7270);
#5954=AXIS2_PLACEMENT_3D('',#9036,#7272,#7273);
#5955=AXIS2_PLACEMENT_3D('',#9037,#7274,#7275);
#5956=AXIS2_PLACEMENT_3D('',#9038,#7276,#7277);
#5957=AXIS2_PLACEMENT_3D('',#9041,#7280,#7281);
#5958=AXIS2_PLACEMENT_3D('',#9044,#7284,#7285);
#5959=AXIS2_PLACEMENT_3D('',#9045,#7286,#7287);
#5960=AXIS2_PLACEMENT_3D('',#9048,#7290,#7291);
#5961=AXIS2_PLACEMENT_3D('',#9050,#7293,#7294);
#5962=AXIS2_PLACEMENT_3D('',#9052,#7296,#7297);
#5963=AXIS2_PLACEMENT_3D('',#9053,#7298,#7299);
#5964=AXIS2_PLACEMENT_3D('',#9054,#7300,#7301);
#5965=AXIS2_PLACEMENT_3D('',#9057,#7304,#7305);
#5966=AXIS2_PLACEMENT_3D('',#9060,#7308,#7309);
#5967=AXIS2_PLACEMENT_3D('',#9061,#7310,#7311);
#5968=AXIS2_PLACEMENT_3D('',#9064,#7314,#7315);
#5969=AXIS2_PLACEMENT_3D('',#9066,#7317,#7318);
#5970=AXIS2_PLACEMENT_3D('',#9068,#7320,#7321);
#5971=AXIS2_PLACEMENT_3D('',#9069,#7322,#7323);
#5972=AXIS2_PLACEMENT_3D('',#9070,#7324,#7325);
#5973=AXIS2_PLACEMENT_3D('',#9073,#7328,#7329);
#5974=AXIS2_PLACEMENT_3D('',#9076,#7332,#7333);
#5975=AXIS2_PLACEMENT_3D('',#9077,#7334,#7335);
#5976=AXIS2_PLACEMENT_3D('',#9080,#7338,#7339);
#5977=AXIS2_PLACEMENT_3D('',#9082,#7341,#7342);
#5978=AXIS2_PLACEMENT_3D('',#9084,#7344,#7345);
#5979=AXIS2_PLACEMENT_3D('',#9085,#7346,#7347);
#5980=AXIS2_PLACEMENT_3D('',#9086,#7348,#7349);
#5981=AXIS2_PLACEMENT_3D('',#9089,#7352,#7353);
#5982=AXIS2_PLACEMENT_3D('',#9092,#7356,#7357);
#5983=AXIS2_PLACEMENT_3D('',#9093,#7358,#7359);
#5984=AXIS2_PLACEMENT_3D('',#9096,#7362,#7363);
#5985=AXIS2_PLACEMENT_3D('',#9098,#7365,#7366);
#5986=AXIS2_PLACEMENT_3D('',#9100,#7368,#7369);
#5987=AXIS2_PLACEMENT_3D('',#9101,#7370,#7371);
#5988=AXIS2_PLACEMENT_3D('',#9102,#7372,#7373);
#5989=AXIS2_PLACEMENT_3D('',#9105,#7376,#7377);
#5990=AXIS2_PLACEMENT_3D('',#9107,#7379,#7380);
#5991=AXIS2_PLACEMENT_3D('',#9109,#7382,#7383);
#5992=AXIS2_PLACEMENT_3D('',#9111,#7385,#7386);
#5993=AXIS2_PLACEMENT_3D('',#9113,#7388,#7389);
#5994=AXIS2_PLACEMENT_3D('',#9115,#7391,#7392);
#5995=AXIS2_PLACEMENT_3D('',#9117,#7394,#7395);
#5996=AXIS2_PLACEMENT_3D('',#9118,#7396,#7397);
#5997=AXIS2_PLACEMENT_3D('',#9121,#7400,#7401);
#5998=AXIS2_PLACEMENT_3D('',#9123,#7403,#7404);
#5999=AXIS2_PLACEMENT_3D('',#9125,#7406,#7407);
#6000=AXIS2_PLACEMENT_3D('',#9127,#7409,#7410);
#6001=AXIS2_PLACEMENT_3D('',#9129,#7412,#7413);
#6002=AXIS2_PLACEMENT_3D('',#9131,#7415,#7416);
#6003=AXIS2_PLACEMENT_3D('',#9133,#7418,#7419);
#6004=AXIS2_PLACEMENT_3D('',#9134,#7420,#7421);
#6005=AXIS2_PLACEMENT_3D('',#9137,#7424,#7425);
#6006=AXIS2_PLACEMENT_3D('',#9139,#7427,#7428);
#6007=AXIS2_PLACEMENT_3D('',#9141,#7430,#7431);
#6008=AXIS2_PLACEMENT_3D('',#9143,#7433,#7434);
#6009=AXIS2_PLACEMENT_3D('',#9145,#7436,#7437);
#6010=AXIS2_PLACEMENT_3D('',#9147,#7439,#7440);
#6011=AXIS2_PLACEMENT_3D('',#9149,#7442,#7443);
#6012=AXIS2_PLACEMENT_3D('',#9150,#7444,#7445);
#6013=AXIS2_PLACEMENT_3D('',#9153,#7448,#7449);
#6014=AXIS2_PLACEMENT_3D('',#9155,#7451,#7452);
#6015=AXIS2_PLACEMENT_3D('',#9157,#7454,#7455);
#6016=AXIS2_PLACEMENT_3D('',#9159,#7457,#7458);
#6017=AXIS2_PLACEMENT_3D('',#9161,#7460,#7461);
#6018=AXIS2_PLACEMENT_3D('',#9163,#7463,#7464);
#6019=AXIS2_PLACEMENT_3D('',#9165,#7466,#7467);
#6020=AXIS2_PLACEMENT_3D('',#9166,#7468,#7469);
#6021=AXIS2_PLACEMENT_3D('',#9169,#7472,#7473);
#6022=AXIS2_PLACEMENT_3D('',#9171,#7475,#7476);
#6023=AXIS2_PLACEMENT_3D('',#9173,#7478,#7479);
#6024=AXIS2_PLACEMENT_3D('',#9175,#7481,#7482);
#6025=AXIS2_PLACEMENT_3D('',#9177,#7484,#7485);
#6026=AXIS2_PLACEMENT_3D('',#9179,#7487,#7488);
#6027=AXIS2_PLACEMENT_3D('',#9181,#7490,#7491);
#6028=AXIS2_PLACEMENT_3D('',#9182,#7492,#7493);
#6029=AXIS2_PLACEMENT_3D('',#9185,#7496,#7497);
#6030=AXIS2_PLACEMENT_3D('',#9187,#7499,#7500);
#6031=AXIS2_PLACEMENT_3D('',#9189,#7502,#7503);
#6032=AXIS2_PLACEMENT_3D('',#9191,#7505,#7506);
#6033=AXIS2_PLACEMENT_3D('',#9193,#7508,#7509);
#6034=AXIS2_PLACEMENT_3D('',#9195,#7511,#7512);
#6035=AXIS2_PLACEMENT_3D('',#9197,#7514,#7515);
#6036=AXIS2_PLACEMENT_3D('',#9198,#7516,#7517);
#6037=AXIS2_PLACEMENT_3D('',#9201,#7520,#7521);
#6038=AXIS2_PLACEMENT_3D('',#9203,#7523,#7524);
#6039=AXIS2_PLACEMENT_3D('',#9205,#7526,#7527);
#6040=AXIS2_PLACEMENT_3D('',#9207,#7529,#7530);
#6041=AXIS2_PLACEMENT_3D('',#9209,#7532,#7533);
#6042=AXIS2_PLACEMENT_3D('',#9211,#7535,#7536);
#6043=AXIS2_PLACEMENT_3D('',#9213,#7538,#7539);
#6044=AXIS2_PLACEMENT_3D('',#9214,#7540,#7541);
#6045=AXIS2_PLACEMENT_3D('',#9217,#7544,#7545);
#6046=AXIS2_PLACEMENT_3D('',#9219,#7547,#7548);
#6047=AXIS2_PLACEMENT_3D('',#9221,#7550,#7551);
#6048=AXIS2_PLACEMENT_3D('',#9223,#7553,#7554);
#6049=AXIS2_PLACEMENT_3D('',#9225,#7556,#7557);
#6050=AXIS2_PLACEMENT_3D('',#9227,#7559,#7560);
#6051=AXIS2_PLACEMENT_3D('',#9229,#7562,#7563);
#6052=AXIS2_PLACEMENT_3D('',#9230,#7564,#7565);
#6053=AXIS2_PLACEMENT_3D('',#9233,#7568,#7569);
#6054=AXIS2_PLACEMENT_3D('',#9235,#7571,#7572);
#6055=AXIS2_PLACEMENT_3D('',#9237,#7574,#7575);
#6056=AXIS2_PLACEMENT_3D('',#9239,#7577,#7578);
#6057=AXIS2_PLACEMENT_3D('',#9241,#7580,#7581);
#6058=AXIS2_PLACEMENT_3D('',#9243,#7583,#7584);
#6059=AXIS2_PLACEMENT_3D('',#9245,#7586,#7587);
#6060=AXIS2_PLACEMENT_3D('',#9246,#7588,#7589);
#6061=AXIS2_PLACEMENT_3D('',#9249,#7592,#7593);
#6062=AXIS2_PLACEMENT_3D('',#9251,#7595,#7596);
#6063=AXIS2_PLACEMENT_3D('',#9253,#7598,#7599);
#6064=AXIS2_PLACEMENT_3D('',#9255,#7601,#7602);
#6065=AXIS2_PLACEMENT_3D('',#9257,#7604,#7605);
#6066=AXIS2_PLACEMENT_3D('',#9259,#7607,#7608);
#6067=AXIS2_PLACEMENT_3D('',#9261,#7610,#7611);
#6068=AXIS2_PLACEMENT_3D('',#9262,#7612,#7613);
#6069=AXIS2_PLACEMENT_3D('',#9265,#7616,#7617);
#6070=AXIS2_PLACEMENT_3D('',#9267,#7619,#7620);
#6071=AXIS2_PLACEMENT_3D('',#9269,#7622,#7623);
#6072=AXIS2_PLACEMENT_3D('',#9271,#7625,#7626);
#6073=AXIS2_PLACEMENT_3D('',#9273,#7628,#7629);
#6074=AXIS2_PLACEMENT_3D('',#9275,#7631,#7632);
#6075=AXIS2_PLACEMENT_3D('',#9277,#7634,#7635);
#6076=DIRECTION('',(0.,0.,1.));
#6077=DIRECTION('',(1.,0.,0.));
#6078=DIRECTION('',(-4.74961721764773E-17,1.,0.));
#6079=DIRECTION('',(-1.,-4.74961721764773E-17,0.));
#6080=DIRECTION('',(-4.74961721764773E-17,1.,0.));
#6081=DIRECTION('',(-1.,-4.74961721764773E-17,0.));
#6082=DIRECTION('',(0.821184604065467,3.90031253433657E-17,0.570662637681707));
#6083=DIRECTION('',(-4.74961721764773E-17,1.,0.));
#6084=DIRECTION('',(-1.,-4.74961721764773E-17,0.));
#6085=DIRECTION('',(0.,0.,1.));
#6086=DIRECTION('',(-4.74961721764773E-17,1.,0.));
#6087=DIRECTION('',(-1.,-4.74961721764773E-17,0.));
#6088=DIRECTION('',(-0.821184604065467,-3.90031253433657E-17,-0.570662637681706));
#6089=DIRECTION('',(-4.74961721764773E-17,1.,0.));
#6090=DIRECTION('',(-1.,-4.74961721764773E-17,0.));
#6091=DIRECTION('',(0.,0.,1.));
#6092=DIRECTION('',(-4.74961721764773E-17,1.,0.));
#6093=DIRECTION('',(-1.,-4.74961721764773E-17,0.));
#6094=DIRECTION('',(0.821184604065467,3.90031253433657E-17,0.570662637681707));
#6095=DIRECTION('',(-4.74961721764773E-17,1.,0.));
#6096=DIRECTION('',(-1.,-4.74961721764773E-17,0.));
#6097=DIRECTION('',(0.,0.,1.));
#6098=DIRECTION('',(-4.74961721764773E-17,1.,0.));
#6099=DIRECTION('',(-1.,-4.74961721764773E-17,0.));
#6100=DIRECTION('',(-0.821184604065467,-3.90031253433657E-17,-0.570662637681706));
#6101=DIRECTION('',(-4.74961721764773E-17,1.,0.));
#6102=DIRECTION('',(-1.,-4.74961721764773E-17,0.));
#6103=DIRECTION('',(0.,0.,1.));
#6104=DIRECTION('',(-4.74961721764773E-17,1.,0.));
#6105=DIRECTION('',(-1.,-4.74961721764773E-17,0.));
#6106=DIRECTION('',(0.821184604065467,3.90031253433657E-17,0.570662637681706));
#6107=DIRECTION('',(-4.74961721764773E-17,1.,0.));
#6108=DIRECTION('',(-1.,-4.74961721764773E-17,0.));
#6109=DIRECTION('',(0.,0.,1.));
#6110=DIRECTION('',(-4.74961721764773E-17,1.,0.));
#6111=DIRECTION('',(-1.,-4.74961721764773E-17,0.));
#6112=DIRECTION('',(-0.821184604065467,-3.90031253433657E-17,-0.570662637681706));
#6113=DIRECTION('',(-4.74961721764773E-17,1.,0.));
#6114=DIRECTION('',(-1.,-4.74961721764773E-17,0.));
#6115=DIRECTION('',(0.,0.,1.));
#6116=DIRECTION('',(-4.74961721764773E-17,1.,0.));
#6117=DIRECTION('',(-1.,-4.74961721764773E-17,0.));
#6118=DIRECTION('',(0.821184604065467,3.90031253433657E-17,0.570662637681707));
#6119=DIRECTION('',(-4.74961721764773E-17,1.,0.));
#6120=DIRECTION('',(-1.,-4.74961721764773E-17,0.));
#6121=DIRECTION('',(9.57014557031913E-17,4.54545281761829E-33,1.));
#6122=DIRECTION('',(-4.74961721764773E-17,1.,0.));
#6123=DIRECTION('',(-1.,-4.74961721764773E-17,0.));
#6124=DIRECTION('',(-0.821184604065467,-3.90031253433657E-17,-0.570662637681706));
#6125=DIRECTION('',(-4.74961721764773E-17,1.,0.));
#6126=DIRECTION('',(-1.,-4.74961721764773E-17,0.));
#6127=DIRECTION('',(0.,0.,1.));
#6128=DIRECTION('',(-4.74961721764773E-17,1.,0.));
#6129=DIRECTION('',(-1.,-4.74961721764773E-17,0.));
#6130=DIRECTION('',(0.821184604065467,3.90031253433657E-17,0.570662637681706));
#6131=DIRECTION('',(-4.74961721764773E-17,1.,0.));
#6132=DIRECTION('',(-1.,-4.74961721764773E-17,0.));
#6133=DIRECTION('',(9.57014557031913E-17,4.54545281761829E-33,1.));
#6134=DIRECTION('',(-4.74961721764773E-17,1.,0.));
#6135=DIRECTION('',(-1.,-4.74961721764773E-17,0.));
#6136=DIRECTION('',(-0.821184604065467,-3.90031253433657E-17,-0.570662637681706));
#6137=DIRECTION('',(-4.74961721764773E-17,1.,0.));
#6138=DIRECTION('',(-1.,-4.74961721764773E-17,0.));
#6139=DIRECTION('',(4.78507278515956E-17,2.27272640880915E-33,1.));
#6140=DIRECTION('',(-4.74961721764773E-17,1.,0.));
#6141=DIRECTION('',(-1.,-4.74961721764773E-17,0.));
#6142=DIRECTION('',(-0.821184604065467,-3.90031253433657E-17,-0.570662637681706));
#6143=DIRECTION('',(-4.74961721764773E-17,1.,0.));
#6144=DIRECTION('',(-1.,-4.74961721764773E-17,0.));
#6145=DIRECTION('',(9.57014557031913E-17,4.54545281761829E-33,1.));
#6146=DIRECTION('',(-4.74961721764773E-17,1.,0.));
#6147=DIRECTION('',(-1.,-4.74961721764773E-17,0.));
#6148=DIRECTION('',(0.821184604065467,3.90031253433657E-17,0.570662637681706));
#6149=DIRECTION('',(-4.74961721764773E-17,1.,0.));
#6150=DIRECTION('',(-1.,-4.74961721764773E-17,0.));
#6151=DIRECTION('',(0.,0.,1.));
#6152=DIRECTION('',(0.,0.,1.));
#6153=DIRECTION('',(1.,4.74961721764773E-17,0.));
#6154=DIRECTION('',(0.,0.,-1.));
#6155=DIRECTION('',(-1.,-4.74961721764773E-17,0.));
#6156=DIRECTION('',(0.,0.,1.));
#6157=DIRECTION('',(-4.74961721764773E-17,1.,0.));
#6158=DIRECTION('',(-1.,-4.74961721764773E-17,0.));
#6159=DIRECTION('',(-0.821184604065467,-3.90031253433657E-17,0.570662637681707));
#6160=DIRECTION('',(-4.74961721764773E-17,1.,0.));
#6161=DIRECTION('',(-1.,-4.74961721764773E-17,0.));
#6162=DIRECTION('',(0.,0.,1.));
#6163=DIRECTION('',(-4.74961721764773E-17,1.,0.));
#6164=DIRECTION('',(-1.,-4.74961721764773E-17,0.));
#6165=DIRECTION('',(0.821184604065467,3.90031253433657E-17,-0.570662637681706));
#6166=DIRECTION('',(-4.74961721764773E-17,1.,0.));
#6167=DIRECTION('',(-1.,-4.74961721764773E-17,0.));
#6168=DIRECTION('',(-4.74961721764773E-17,1.,0.));
#6169=DIRECTION('',(-1.,-4.74961721764773E-17,0.));
#6170=DIRECTION('',(0.,0.,1.));
#6171=DIRECTION('',(-4.74961721764773E-17,1.,0.));
#6172=DIRECTION('',(-1.,-4.74961721764773E-17,0.));
#6173=DIRECTION('',(-0.821184604065467,-3.90031253433657E-17,0.570662637681706));
#6174=DIRECTION('',(-4.74961721764773E-17,1.,0.));
#6175=DIRECTION('',(-1.,-4.74961721764773E-17,0.));
#6176=DIRECTION('',(0.,0.,1.));
#6177=DIRECTION('',(-4.74961721764773E-17,1.,0.));
#6178=DIRECTION('',(-1.,-4.74961721764773E-17,0.));
#6179=DIRECTION('',(0.821184604065467,3.90031253433657E-17,-0.570662637681706));
#6180=DIRECTION('',(-4.74961721764773E-17,1.,0.));
#6181=DIRECTION('',(-1.,-4.74961721764773E-17,0.));
#6182=DIRECTION('',(0.821184604065467,3.90031253433657E-17,-0.570662637681706));
#6183=DIRECTION('',(-4.74961721764773E-17,1.,0.));
#6184=DIRECTION('',(-1.,-4.74961721764773E-17,0.));
#6185=DIRECTION('',(0.,0.,1.));
#6186=DIRECTION('',(-4.74961721764773E-17,1.,0.));
#6187=DIRECTION('',(-1.,-4.74961721764773E-17,0.));
#6188=DIRECTION('',(-0.821184604065467,-3.90031253433657E-17,0.570662637681706));
#6189=DIRECTION('',(-4.74961721764773E-17,1.,0.));
#6190=DIRECTION('',(-1.,-4.74961721764773E-17,0.));
#6191=DIRECTION('',(0.,0.,1.));
#6192=DIRECTION('',(-4.74961721764773E-17,1.,0.));
#6193=DIRECTION('',(-1.,-4.74961721764773E-17,0.));
#6194=DIRECTION('',(0.,0.,1.));
#6195=DIRECTION('',(-4.74961721764773E-17,1.,0.));
#6196=DIRECTION('',(-1.,-4.74961721764773E-17,0.));
#6197=DIRECTION('',(-0.821184604065467,-3.90031253433657E-17,0.570662637681706));
#6198=DIRECTION('',(-4.74961721764773E-17,1.,0.));
#6199=DIRECTION('',(-1.,-4.74961721764773E-17,0.));
#6200=DIRECTION('',(0.,0.,1.));
#6201=DIRECTION('',(-4.74961721764773E-17,1.,0.));
#6202=DIRECTION('',(-1.,-4.74961721764773E-17,0.));
#6203=DIRECTION('',(0.821184604065467,3.90031253433657E-17,-0.570662637681706));
#6204=DIRECTION('',(-4.74961721764773E-17,1.,0.));
#6205=DIRECTION('',(-1.,-4.74961721764773E-17,0.));
#6206=DIRECTION('',(-0.821184604065467,-3.90031253433657E-17,0.570662637681706));
#6207=DIRECTION('',(-4.74961721764773E-17,1.,0.));
#6208=DIRECTION('',(-1.,-4.74961721764773E-17,0.));
#6209=DIRECTION('',(0.,0.,1.));
#6210=DIRECTION('',(-4.74961721764773E-17,1.,0.));
#6211=DIRECTION('',(-1.,-4.74961721764773E-17,0.));
#6212=DIRECTION('',(0.821184604065467,3.90031253433657E-17,-0.570662637681706));
#6213=DIRECTION('',(-4.74961721764773E-17,1.,0.));
#6214=DIRECTION('',(-1.,-4.74961721764773E-17,0.));
#6215=DIRECTION('',(0.,0.,1.));
#6216=DIRECTION('',(0.,-1.,0.));
#6217=DIRECTION('',(1.,0.,0.));
#6218=DIRECTION('',(0.,-1.,0.));
#6219=DIRECTION('',(0.,0.,-1.));
#6220=DIRECTION('',(0.,0.,-1.));
#6221=DIRECTION('',(0.,-1.,0.));
#6222=DIRECTION('',(0.,0.,-1.));
#6223=DIRECTION('',(0.821184604065467,0.,0.570662637681706));
#6224=DIRECTION('',(0.,-1.,0.));
#6225=DIRECTION('',(0.,0.,-1.));
#6226=DIRECTION('',(0.,0.,-1.));
#6227=DIRECTION('',(0.,-1.,0.));
#6228=DIRECTION('',(0.,0.,-1.));
#6229=DIRECTION('',(-0.821184604065467,0.,-0.570662637681707));
#6230=DIRECTION('',(0.,-1.,0.));
#6231=DIRECTION('',(0.,0.,-1.));
#6232=DIRECTION('',(0.,0.,-1.));
#6233=DIRECTION('',(0.,-1.,0.));
#6234=DIRECTION('',(0.,0.,-1.));
#6235=DIRECTION('',(0.821184604065467,0.,0.570662637681706));
#6236=DIRECTION('',(0.,-1.,0.));
#6237=DIRECTION('',(0.,0.,-1.));
#6238=DIRECTION('',(0.,0.,-1.));
#6239=DIRECTION('',(0.,-1.,0.));
#6240=DIRECTION('',(0.,0.,-1.));
#6241=DIRECTION('',(-0.821184604065467,0.,-0.570662637681707));
#6242=DIRECTION('',(0.,-1.,0.));
#6243=DIRECTION('',(0.,0.,-1.));
#6244=DIRECTION('',(0.,0.,-1.));
#6245=DIRECTION('',(0.,-1.,0.));
#6246=DIRECTION('',(0.,0.,-1.));
#6247=DIRECTION('',(0.821184604065467,0.,0.570662637681706));
#6248=DIRECTION('',(0.,-1.,0.));
#6249=DIRECTION('',(0.,0.,-1.));
#6250=DIRECTION('',(0.,0.,-1.));
#6251=DIRECTION('',(0.,-1.,0.));
#6252=DIRECTION('',(0.,0.,-1.));
#6253=DIRECTION('',(-0.821184604065467,0.,-0.570662637681706));
#6254=DIRECTION('',(0.,-1.,0.));
#6255=DIRECTION('',(0.,0.,-1.));
#6256=DIRECTION('',(0.,0.,-1.));
#6257=DIRECTION('',(0.,-1.,0.));
#6258=DIRECTION('',(0.,0.,-1.));
#6259=DIRECTION('',(0.821184604065467,0.,0.570662637681706));
#6260=DIRECTION('',(0.,-1.,0.));
#6261=DIRECTION('',(0.,0.,-1.));
#6262=DIRECTION('',(-9.57014557031913E-17,0.,-1.));
#6263=DIRECTION('',(0.,-1.,0.));
#6264=DIRECTION('',(0.,0.,-1.));
#6265=DIRECTION('',(-0.821184604065467,0.,-0.570662637681707));
#6266=DIRECTION('',(0.,-1.,0.));
#6267=DIRECTION('',(0.,0.,-1.));
#6268=DIRECTION('',(-4.78507278515956E-17,0.,-1.));
#6269=DIRECTION('',(0.,-1.,0.));
#6270=DIRECTION('',(0.,0.,-1.));
#6271=DIRECTION('',(0.821184604065467,0.,0.570662637681706));
#6272=DIRECTION('',(0.,-1.,0.));
#6273=DIRECTION('',(0.,0.,-1.));
#6274=DIRECTION('',(-9.57014557031913E-17,0.,-1.));
#6275=DIRECTION('',(0.,-1.,0.));
#6276=DIRECTION('',(0.,0.,-1.));
#6277=DIRECTION('',(-0.821184604065467,0.,-0.570662637681706));
#6278=DIRECTION('',(0.,-1.,0.));
#6279=DIRECTION('',(0.,0.,-1.));
#6280=DIRECTION('',(0.,0.,-1.));
#6281=DIRECTION('',(0.,-1.,0.));
#6282=DIRECTION('',(0.,0.,-1.));
#6283=DIRECTION('',(-0.821184604065467,0.,-0.570662637681706));
#6284=DIRECTION('',(0.,-1.,0.));
#6285=DIRECTION('',(0.,0.,-1.));
#6286=DIRECTION('',(-9.57014557031913E-17,0.,-1.));
#6287=DIRECTION('',(0.,-1.,0.));
#6288=DIRECTION('',(0.,0.,-1.));
#6289=DIRECTION('',(0.821184604065467,0.,0.570662637681706));
#6290=DIRECTION('',(0.,0.,-1.));
#6291=DIRECTION('',(1.,0.,0.));
#6292=DIRECTION('',(0.,0.,1.));
#6293=DIRECTION('',(-1.,0.,0.));
#6294=DIRECTION('',(0.821184604065467,0.,-0.570662637681707));
#6295=DIRECTION('',(0.,-1.,0.));
#6296=DIRECTION('',(0.,0.,-1.));
#6297=DIRECTION('',(0.,0.,-1.));
#6298=DIRECTION('',(0.,-1.,0.));
#6299=DIRECTION('',(0.,0.,-1.));
#6300=DIRECTION('',(-0.821184604065467,0.,0.570662637681706));
#6301=DIRECTION('',(0.,-1.,0.));
#6302=DIRECTION('',(0.,0.,-1.));
#6303=DIRECTION('',(0.,0.,-1.));
#6304=DIRECTION('',(0.,-1.,0.));
#6305=DIRECTION('',(0.,0.,-1.));
#6306=DIRECTION('',(0.,-1.,0.));
#6307=DIRECTION('',(0.,0.,-1.));
#6308=DIRECTION('',(0.,0.,-1.));
#6309=DIRECTION('',(0.,-1.,0.));
#6310=DIRECTION('',(0.,0.,-1.));
#6311=DIRECTION('',(-0.821184604065467,0.,0.570662637681706));
#6312=DIRECTION('',(0.,-1.,0.));
#6313=DIRECTION('',(0.,0.,-1.));
#6314=DIRECTION('',(0.,0.,-1.));
#6315=DIRECTION('',(0.,-1.,0.));
#6316=DIRECTION('',(0.,0.,-1.));
#6317=DIRECTION('',(0.821184604065467,0.,-0.570662637681706));
#6318=DIRECTION('',(0.,-1.,0.));
#6319=DIRECTION('',(0.,0.,-1.));
#6320=DIRECTION('',(-0.821184604065467,0.,0.570662637681706));
#6321=DIRECTION('',(0.,-1.,0.));
#6322=DIRECTION('',(0.,0.,-1.));
#6323=DIRECTION('',(0.,0.,-1.));
#6324=DIRECTION('',(0.,-1.,0.));
#6325=DIRECTION('',(0.,0.,-1.));
#6326=DIRECTION('',(0.821184604065467,0.,-0.570662637681706));
#6327=DIRECTION('',(0.,-1.,0.));
#6328=DIRECTION('',(0.,0.,-1.));
#6329=DIRECTION('',(0.,0.,-1.));
#6330=DIRECTION('',(0.,-1.,0.));
#6331=DIRECTION('',(0.,0.,-1.));
#6332=DIRECTION('',(0.,0.,-1.));
#6333=DIRECTION('',(0.,-1.,0.));
#6334=DIRECTION('',(0.,0.,-1.));
#6335=DIRECTION('',(-0.821184604065467,0.,0.570662637681706));
#6336=DIRECTION('',(0.,-1.,0.));
#6337=DIRECTION('',(0.,0.,-1.));
#6338=DIRECTION('',(0.,0.,-1.));
#6339=DIRECTION('',(0.,-1.,0.));
#6340=DIRECTION('',(0.,0.,-1.));
#6341=DIRECTION('',(0.821184604065467,0.,-0.570662637681706));
#6342=DIRECTION('',(0.,-1.,0.));
#6343=DIRECTION('',(0.,0.,-1.));
#6344=DIRECTION('',(0.821184604065467,0.,-0.570662637681706));
#6345=DIRECTION('',(0.,-1.,0.));
#6346=DIRECTION('',(0.,0.,-1.));
#6347=DIRECTION('',(0.,0.,-1.));
#6348=DIRECTION('',(0.,-1.,0.));
#6349=DIRECTION('',(0.,0.,-1.));
#6350=DIRECTION('',(-0.821184604065467,0.,0.570662637681706));
#6351=DIRECTION('',(0.,-1.,0.));
#6352=DIRECTION('',(0.,0.,-1.));
#6353=DIRECTION('',(0.,0.,-1.));
#6354=DIRECTION('',(0.,-1.,0.));
#6355=DIRECTION('',(-1.,0.,0.));
#6356=DIRECTION('',(0.,-1.,0.));
#6357=DIRECTION('',(0.,0.,-1.));
#6358=DIRECTION('',(-0.821184604065467,0.,-0.570662637681707));
#6359=DIRECTION('',(0.,-1.,0.));
#6360=DIRECTION('',(0.,0.,-1.));
#6361=DIRECTION('',(0.,0.,-1.));
#6362=DIRECTION('',(0.,-1.,0.));
#6363=DIRECTION('',(0.,0.,-1.));
#6364=DIRECTION('',(0.821184604065467,0.,0.570662637681706));
#6365=DIRECTION('',(0.,-1.,0.));
#6366=DIRECTION('',(0.,0.,-1.));
#6367=DIRECTION('',(0.,0.,-1.));
#6368=DIRECTION('',(0.,-1.,0.));
#6369=DIRECTION('',(0.,0.,-1.));
#6370=DIRECTION('',(-0.821184604065467,0.,-0.570662637681707));
#6371=DIRECTION('',(0.,-1.,0.));
#6372=DIRECTION('',(0.,0.,-1.));
#6373=DIRECTION('',(0.,0.,-1.));
#6374=DIRECTION('',(0.,-1.,0.));
#6375=DIRECTION('',(0.,0.,-1.));
#6376=DIRECTION('',(0.821184604065467,0.,0.570662637681706));
#6377=DIRECTION('',(0.,-1.,0.));
#6378=DIRECTION('',(0.,0.,-1.));
#6379=DIRECTION('',(0.,0.,-1.));
#6380=DIRECTION('',(0.,-1.,0.));
#6381=DIRECTION('',(0.,0.,-1.));
#6382=DIRECTION('',(-0.821184604065467,0.,-0.570662637681706));
#6383=DIRECTION('',(0.,-1.,0.));
#6384=DIRECTION('',(0.,0.,-1.));
#6385=DIRECTION('',(0.,0.,-1.));
#6386=DIRECTION('',(0.,-1.,0.));
#6387=DIRECTION('',(0.,0.,-1.));
#6388=DIRECTION('',(0.821184604065467,0.,0.570662637681706));
#6389=DIRECTION('',(0.,-1.,0.));
#6390=DIRECTION('',(0.,0.,-1.));
#6391=DIRECTION('',(0.,0.,-1.));
#6392=DIRECTION('',(0.,-1.,0.));
#6393=DIRECTION('',(0.,0.,-1.));
#6394=DIRECTION('',(-0.821184604065467,0.,-0.570662637681707));
#6395=DIRECTION('',(0.,-1.,0.));
#6396=DIRECTION('',(0.,0.,-1.));
#6397=DIRECTION('',(0.,0.,-1.));
#6398=DIRECTION('',(0.,-1.,0.));
#6399=DIRECTION('',(0.,0.,-1.));
#6400=DIRECTION('',(0.821184604065467,0.,0.570662637681706));
#6401=DIRECTION('',(0.,-1.,0.));
#6402=DIRECTION('',(0.,0.,-1.));
#6403=DIRECTION('',(-9.57014557031913E-17,0.,-1.));
#6404=DIRECTION('',(0.,-1.,0.));
#6405=DIRECTION('',(0.,0.,-1.));
#6406=DIRECTION('',(-0.821184604065467,0.,-0.570662637681706));
#6407=DIRECTION('',(0.,-1.,0.));
#6408=DIRECTION('',(0.,0.,-1.));
#6409=DIRECTION('',(-4.78507278515956E-17,0.,-1.));
#6410=DIRECTION('',(0.,-1.,0.));
#6411=DIRECTION('',(0.,0.,-1.));
#6412=DIRECTION('',(0.821184604065467,0.,0.570662637681706));
#6413=DIRECTION('',(0.,-1.,0.));
#6414=DIRECTION('',(0.,0.,-1.));
#6415=DIRECTION('',(-9.57014557031913E-17,0.,-1.));
#6416=DIRECTION('',(0.,-1.,0.));
#6417=DIRECTION('',(0.,0.,-1.));
#6418=DIRECTION('',(0.821184604065467,0.,0.570662637681706));
#6419=DIRECTION('',(0.,-1.,0.));
#6420=DIRECTION('',(0.,0.,-1.));
#6421=DIRECTION('',(0.,0.,-1.));
#6422=DIRECTION('',(0.,-1.,0.));
#6423=DIRECTION('',(0.,0.,-1.));
#6424=DIRECTION('',(-0.821184604065467,0.,-0.570662637681706));
#6425=DIRECTION('',(0.,-1.,0.));
#6426=DIRECTION('',(0.,0.,-1.));
#6427=DIRECTION('',(-9.57014557031913E-17,0.,-1.));
#6428=DIRECTION('',(0.,0.,1.));
#6429=DIRECTION('',(-1.,0.,0.));
#6430=DIRECTION('',(0.,0.,-1.));
#6431=DIRECTION('',(1.,0.,0.));
#6432=DIRECTION('',(0.821184604065467,0.,-0.570662637681707));
#6433=DIRECTION('',(0.,1.,0.));
#6434=DIRECTION('',(0.,0.,-1.));
#6435=DIRECTION('',(0.,0.,-1.));
#6436=DIRECTION('',(0.,1.,0.));
#6437=DIRECTION('',(0.,0.,-1.));
#6438=DIRECTION('',(-0.821184604065467,0.,0.570662637681706));
#6439=DIRECTION('',(0.,1.,0.));
#6440=DIRECTION('',(0.,0.,-1.));
#6441=DIRECTION('',(0.,0.,-1.));
#6442=DIRECTION('',(0.,1.,0.));
#6443=DIRECTION('',(0.,0.,-1.));
#6444=DIRECTION('',(-0.821184604065467,0.,0.570662637681706));
#6445=DIRECTION('',(0.,1.,0.));
#6446=DIRECTION('',(0.,0.,-1.));
#6447=DIRECTION('',(0.,0.,-1.));
#6448=DIRECTION('',(0.,1.,0.));
#6449=DIRECTION('',(0.,0.,-1.));
#6450=DIRECTION('',(0.821184604065467,0.,-0.570662637681706));
#6451=DIRECTION('',(0.,1.,0.));
#6452=DIRECTION('',(0.,0.,-1.));
#6453=DIRECTION('',(0.,0.,-1.));
#6454=DIRECTION('',(0.,1.,0.));
#6455=DIRECTION('',(0.,0.,-1.));
#6456=DIRECTION('',(-0.821184604065467,0.,0.570662637681706));
#6457=DIRECTION('',(0.,1.,0.));
#6458=DIRECTION('',(0.,0.,-1.));
#6459=DIRECTION('',(0.,0.,-1.));
#6460=DIRECTION('',(0.,1.,0.));
#6461=DIRECTION('',(0.,0.,-1.));
#6462=DIRECTION('',(0.821184604065467,0.,-0.570662637681706));
#6463=DIRECTION('',(0.,1.,0.));
#6464=DIRECTION('',(0.,0.,-1.));
#6465=DIRECTION('',(0.,0.,-1.));
#6466=DIRECTION('',(0.,1.,0.));
#6467=DIRECTION('',(0.,0.,-1.));
#6468=DIRECTION('',(0.821184604065467,0.,-0.570662637681706));
#6469=DIRECTION('',(0.,1.,0.));
#6470=DIRECTION('',(0.,0.,-1.));
#6471=DIRECTION('',(0.,0.,-1.));
#6472=DIRECTION('',(0.,1.,0.));
#6473=DIRECTION('',(0.,0.,-1.));
#6474=DIRECTION('',(-0.821184604065467,0.,0.570662637681706));
#6475=DIRECTION('',(0.,1.,0.));
#6476=DIRECTION('',(0.,0.,-1.));
#6477=DIRECTION('',(0.,0.,-1.));
#6478=DIRECTION('',(0.,1.,0.));
#6479=DIRECTION('',(0.,0.,-1.));
#6480=DIRECTION('',(-0.821184604065467,0.,0.570662637681706));
#6481=DIRECTION('',(0.,1.,0.));
#6482=DIRECTION('',(0.,0.,-1.));
#6483=DIRECTION('',(0.,0.,-1.));
#6484=DIRECTION('',(0.,1.,0.));
#6485=DIRECTION('',(0.,0.,-1.));
#6486=DIRECTION('',(0.821184604065467,0.,-0.570662637681706));
#6487=DIRECTION('',(0.,1.,0.));
#6488=DIRECTION('',(0.,0.,-1.));
#6489=DIRECTION('',(0.,0.,-1.));
#6490=DIRECTION('',(0.,1.,0.));
#6491=DIRECTION('',(0.,0.,-1.));
#6492=DIRECTION('',(0.,1.,0.));
#6493=DIRECTION('',(1.,0.,0.));
#6494=DIRECTION('',(0.,1.,0.));
#6495=DIRECTION('',(0.,0.,1.));
#6496=DIRECTION('',(0.821184604065467,0.,-0.570662637681706));
#6497=DIRECTION('',(0.,1.,0.));
#6498=DIRECTION('',(0.,0.,1.));
#6499=DIRECTION('',(0.,0.,-1.));
#6500=DIRECTION('',(0.,1.,0.));
#6501=DIRECTION('',(0.,0.,1.));
#6502=DIRECTION('',(-0.821184604065467,0.,0.570662637681706));
#6503=DIRECTION('',(0.,1.,0.));
#6504=DIRECTION('',(0.,0.,1.));
#6505=DIRECTION('',(0.,0.,-1.));
#6506=DIRECTION('',(0.,1.,0.));
#6507=DIRECTION('',(0.,0.,1.));
#6508=DIRECTION('',(0.821184604065467,0.,-0.570662637681706));
#6509=DIRECTION('',(0.,1.,0.));
#6510=DIRECTION('',(0.,0.,1.));
#6511=DIRECTION('',(0.,0.,-1.));
#6512=DIRECTION('',(0.,1.,0.));
#6513=DIRECTION('',(0.,0.,1.));
#6514=DIRECTION('',(-0.821184604065467,0.,0.570662637681706));
#6515=DIRECTION('',(0.,1.,0.));
#6516=DIRECTION('',(0.,0.,1.));
#6517=DIRECTION('',(0.,0.,-1.));
#6518=DIRECTION('',(0.,1.,0.));
#6519=DIRECTION('',(0.,0.,1.));
#6520=DIRECTION('',(0.821184604065467,0.,-0.570662637681706));
#6521=DIRECTION('',(0.,1.,0.));
#6522=DIRECTION('',(0.,0.,1.));
#6523=DIRECTION('',(0.,0.,-1.));
#6524=DIRECTION('',(0.,1.,0.));
#6525=DIRECTION('',(0.,0.,1.));
#6526=DIRECTION('',(-0.821184604065467,0.,0.570662637681706));
#6527=DIRECTION('',(0.,1.,0.));
#6528=DIRECTION('',(0.,0.,1.));
#6529=DIRECTION('',(0.,0.,-1.));
#6530=DIRECTION('',(0.,1.,0.));
#6531=DIRECTION('',(0.,0.,1.));
#6532=DIRECTION('',(-0.821184604065467,0.,0.570662637681706));
#6533=DIRECTION('',(0.,1.,0.));
#6534=DIRECTION('',(0.,0.,1.));
#6535=DIRECTION('',(0.,0.,-1.));
#6536=DIRECTION('',(0.,1.,0.));
#6537=DIRECTION('',(0.,0.,1.));
#6538=DIRECTION('',(0.821184604065467,0.,-0.570662637681706));
#6539=DIRECTION('',(0.,1.,0.));
#6540=DIRECTION('',(0.,0.,1.));
#6541=DIRECTION('',(0.,0.,-1.));
#6542=DIRECTION('',(0.,1.,0.));
#6543=DIRECTION('',(0.,0.,1.));
#6544=DIRECTION('',(0.821184604065467,0.,-0.570662637681707));
#6545=DIRECTION('',(0.,1.,0.));
#6546=DIRECTION('',(0.,0.,1.));
#6547=DIRECTION('',(0.,0.,-1.));
#6548=DIRECTION('',(0.,1.,0.));
#6549=DIRECTION('',(0.,0.,1.));
#6550=DIRECTION('',(-0.821184604065467,0.,0.570662637681706));
#6551=DIRECTION('',(0.,1.,0.));
#6552=DIRECTION('',(0.,0.,1.));
#6553=DIRECTION('',(0.,0.,-1.));
#6554=DIRECTION('',(0.,0.,-1.));
#6555=DIRECTION('',(-1.,0.,0.));
#6556=DIRECTION('',(0.,0.,1.));
#6557=DIRECTION('',(1.,0.,0.));
#6558=DIRECTION('',(-0.821184604065467,0.,-0.570662637681706));
#6559=DIRECTION('',(0.,1.,0.));
#6560=DIRECTION('',(0.,0.,1.));
#6561=DIRECTION('',(0.,0.,-1.));
#6562=DIRECTION('',(0.,1.,0.));
#6563=DIRECTION('',(0.,0.,1.));
#6564=DIRECTION('',(0.821184604065467,0.,0.570662637681706));
#6565=DIRECTION('',(0.,1.,0.));
#6566=DIRECTION('',(0.,0.,1.));
#6567=DIRECTION('',(-9.57014557031913E-17,0.,-1.));
#6568=DIRECTION('',(0.,1.,0.));
#6569=DIRECTION('',(0.,0.,1.));
#6570=DIRECTION('',(0.821184604065467,0.,0.570662637681706));
#6571=DIRECTION('',(0.,1.,0.));
#6572=DIRECTION('',(0.,0.,1.));
#6573=DIRECTION('',(-4.78507278515956E-17,0.,-1.));
#6574=DIRECTION('',(0.,1.,0.));
#6575=DIRECTION('',(0.,0.,1.));
#6576=DIRECTION('',(-0.821184604065467,0.,-0.570662637681706));
#6577=DIRECTION('',(0.,1.,0.));
#6578=DIRECTION('',(0.,0.,1.));
#6579=DIRECTION('',(-9.57014557031913E-17,0.,-1.));
#6580=DIRECTION('',(0.,1.,0.));
#6581=DIRECTION('',(0.,0.,1.));
#6582=DIRECTION('',(0.821184604065467,0.,0.570662637681706));
#6583=DIRECTION('',(0.,1.,0.));
#6584=DIRECTION('',(0.,0.,1.));
#6585=DIRECTION('',(0.,0.,-1.));
#6586=DIRECTION('',(0.,1.,0.));
#6587=DIRECTION('',(0.,0.,1.));
#6588=DIRECTION('',(-0.821184604065467,0.,-0.570662637681707));
#6589=DIRECTION('',(0.,1.,0.));
#6590=DIRECTION('',(0.,0.,1.));
#6591=DIRECTION('',(-9.57014557031913E-17,0.,-1.));
#6592=DIRECTION('',(0.,1.,0.));
#6593=DIRECTION('',(0.,0.,1.));
#6594=DIRECTION('',(0.821184604065467,0.,0.570662637681706));
#6595=DIRECTION('',(0.,1.,0.));
#6596=DIRECTION('',(0.,0.,1.));
#6597=DIRECTION('',(0.,0.,-1.));
#6598=DIRECTION('',(0.,1.,0.));
#6599=DIRECTION('',(0.,0.,1.));
#6600=DIRECTION('',(-0.821184604065467,0.,-0.570662637681706));
#6601=DIRECTION('',(0.,1.,0.));
#6602=DIRECTION('',(0.,0.,1.));
#6603=DIRECTION('',(0.,0.,-1.));
#6604=DIRECTION('',(0.,1.,0.));
#6605=DIRECTION('',(0.,0.,1.));
#6606=DIRECTION('',(0.821184604065467,0.,0.570662637681706));
#6607=DIRECTION('',(0.,1.,0.));
#6608=DIRECTION('',(0.,0.,1.));
#6609=DIRECTION('',(0.,0.,-1.));
#6610=DIRECTION('',(0.,1.,0.));
#6611=DIRECTION('',(0.,0.,1.));
#6612=DIRECTION('',(-0.821184604065467,0.,-0.570662637681707));
#6613=DIRECTION('',(0.,1.,0.));
#6614=DIRECTION('',(0.,0.,1.));
#6615=DIRECTION('',(0.,0.,-1.));
#6616=DIRECTION('',(0.,1.,0.));
#6617=DIRECTION('',(0.,0.,1.));
#6618=DIRECTION('',(0.821184604065467,0.,0.570662637681706));
#6619=DIRECTION('',(0.,1.,0.));
#6620=DIRECTION('',(0.,0.,1.));
#6621=DIRECTION('',(0.,0.,-1.));
#6622=DIRECTION('',(0.,1.,0.));
#6623=DIRECTION('',(0.,0.,1.));
#6624=DIRECTION('',(-0.821184604065467,0.,-0.570662637681707));
#6625=DIRECTION('',(0.,1.,0.));
#6626=DIRECTION('',(0.,0.,1.));
#6627=DIRECTION('',(0.,0.,-1.));
#6628=DIRECTION('',(0.,1.,0.));
#6629=DIRECTION('',(0.,0.,1.));
#6630=DIRECTION('',(0.,0.,1.));
#6631=DIRECTION('',(1.,0.,0.));
#6632=DIRECTION('',(-0.5,-0.866025403784438,0.));
#6633=DIRECTION('',(0.5,-0.866025403784439,0.));
#6634=DIRECTION('',(1.,-1.61907524424502E-15,0.));
#6635=DIRECTION('',(0.5,0.866025403784438,0.));
#6636=DIRECTION('',(-0.5,0.86602540378444,0.));
#6637=DIRECTION('',(-1.,1.61907524424502E-15,0.));
#6638=DIRECTION('',(-0.5,-0.866025403784439,0.));
#6639=DIRECTION('',(0.5,-0.866025403784438,0.));
#6640=DIRECTION('',(1.,4.62592926927149E-16,0.));
#6641=DIRECTION('',(0.5,0.866025403784439,0.));
#6642=DIRECTION('',(-0.5,0.866025403784438,0.));
#6643=DIRECTION('',(-1.,-4.62592926927148E-16,0.));
#6644=DIRECTION('',(1.,1.61907524424502E-15,0.));
#6645=DIRECTION('',(0.5,0.866025403784439,0.));
#6646=DIRECTION('',(-0.5,0.866025403784439,0.));
#6647=DIRECTION('',(-1.,-1.38777878078145E-15,0.));
#6648=DIRECTION('',(-0.5,-0.866025403784439,0.));
#6649=DIRECTION('',(0.5,-0.866025403784439,0.));
#6650=DIRECTION('',(0.5,0.866025403784438,0.));
#6651=DIRECTION('',(-0.5,0.866025403784439,0.));
#6652=DIRECTION('',(-1.,2.54426109809932E-15,0.));
#6653=DIRECTION('',(-0.5,-0.866025403784439,0.));
#6654=DIRECTION('',(0.5,-0.866025403784439,0.));
#6655=DIRECTION('',(1.,-2.7755575615629E-15,0.));
#6656=DIRECTION('',(-0.5,0.866025403784439,0.));
#6657=DIRECTION('',(-1.,1.8503717077086E-15,0.));
#6658=DIRECTION('',(-0.5,-0.866025403784438,0.));
#6659=DIRECTION('',(0.5,-0.866025403784439,0.));
#6660=DIRECTION('',(1.,-1.61907524424502E-15,0.));
#6661=DIRECTION('',(0.5,0.866025403784438,0.));
#6662=DIRECTION('',(0.,0.,1.));
#6663=DIRECTION('',(1.,0.,0.));
#6664=DIRECTION('',(0.,0.,1.));
#6665=DIRECTION('',(1.,0.,0.));
#6666=DIRECTION('',(0.,0.,1.));
#6667=DIRECTION('',(1.,0.,0.));
#6668=DIRECTION('',(0.,0.,1.));
#6669=DIRECTION('',(1.,0.,0.));
#6670=DIRECTION('',(0.,0.,1.));
#6671=DIRECTION('',(1.,0.,0.));
#6672=DIRECTION('',(0.,0.,1.));
#6673=DIRECTION('',(1.,0.,0.));
#6674=DIRECTION('',(0.,0.,1.));
#6675=DIRECTION('',(-0.707106781186548,-0.707106781186548,0.));
#6676=DIRECTION('',(0.,1.,0.));
#6677=DIRECTION('',(0.,0.,1.));
#6678=DIRECTION('',(-0.707106781186548,0.707106781186548,0.));
#6679=DIRECTION('',(0.,0.,1.));
#6680=DIRECTION('',(0.707106781186548,0.707106781186547,0.));
#6681=DIRECTION('',(0.,-1.,0.));
#6682=DIRECTION('',(0.,0.,1.));
#6683=DIRECTION('',(0.707106781186548,-0.707106781186548,0.));
#6684=DIRECTION('',(-0.5,0.86602540378444,0.));
#6685=DIRECTION('',(-1.,1.61907524424502E-15,0.));
#6686=DIRECTION('',(-0.5,-0.866025403784438,0.));
#6687=DIRECTION('',(0.5,-0.86602540378444,0.));
#6688=DIRECTION('',(1.,-1.61907524424502E-15,0.));
#6689=DIRECTION('',(0.5,0.866025403784438,0.));
#6690=DIRECTION('',(-0.5,0.866025403784438,0.));
#6691=DIRECTION('',(-1.,-4.62592926927148E-16,0.));
#6692=DIRECTION('',(-0.5,-0.866025403784439,0.));
#6693=DIRECTION('',(0.5,-0.866025403784438,0.));
#6694=DIRECTION('',(1.,4.62592926927149E-16,0.));
#6695=DIRECTION('',(0.5,0.866025403784439,0.));
#6696=DIRECTION('',(-0.5,0.866025403784439,0.));
#6697=DIRECTION('',(-1.,1.38777878078145E-15,0.));
#6698=DIRECTION('',(-0.5,-0.866025403784438,0.));
#6699=DIRECTION('',(0.5,-0.866025403784439,0.));
#6700=DIRECTION('',(1.,-1.61907524424502E-15,0.));
#6701=DIRECTION('',(0.5,0.866025403784438,0.));
#6702=DIRECTION('',(0.5,-0.866025403784438,0.));
#6703=DIRECTION('',(1.,1.38777878078145E-15,0.));
#6704=DIRECTION('',(0.5,0.866025403784439,0.));
#6705=DIRECTION('',(-0.5,0.866025403784438,0.));
#6706=DIRECTION('',(-1.,-1.8503717077086E-15,0.));
#6707=DIRECTION('',(-0.5,-0.86602540378444,0.));
#6708=DIRECTION('',(0.,0.,1.));
#6709=DIRECTION('',(1.,0.,0.));
#6710=DIRECTION('',(-0.5,0.866025403784439,0.));
#6711=DIRECTION('',(0.5,0.866025403784438,0.));
#6712=DIRECTION('',(1.,-1.61907524424502E-15,0.));
#6713=DIRECTION('',(0.5,-0.86602540378444,0.));
#6714=DIRECTION('',(-0.5,-0.866025403784438,0.));
#6715=DIRECTION('',(-1.,1.61907524424502E-15,0.));
#6716=DIRECTION('',(1.,-1.38777878078145E-15,0.));
#6717=DIRECTION('',(0.5,-0.866025403784439,0.));
#6718=DIRECTION('',(-0.5,-0.866025403784438,0.));
#6719=DIRECTION('',(-1.,1.61907524424502E-15,0.));
#6720=DIRECTION('',(-0.5,0.86602540378444,0.));
#6721=DIRECTION('',(0.5,0.866025403784438,0.));
#6722=DIRECTION('',(1.,-1.61907524424502E-15,0.));
#6723=DIRECTION('',(0.5,-0.86602540378444,0.));
#6724=DIRECTION('',(-0.5,-0.866025403784438,0.));
#6725=DIRECTION('',(-1.,1.61907524424502E-15,0.));
#6726=DIRECTION('',(-0.5,0.86602540378444,0.));
#6727=DIRECTION('',(0.5,0.866025403784438,0.));
#6728=DIRECTION('',(0.5,-0.866025403784439,0.));
#6729=DIRECTION('',(-0.5,-0.866025403784438,0.));
#6730=DIRECTION('',(-1.,2.7755575615629E-15,0.));
#6731=DIRECTION('',(-0.5,0.866025403784439,0.));
#6732=DIRECTION('',(0.5,0.866025403784439,0.));
#6733=DIRECTION('',(1.,-2.54426109809932E-15,0.));
#6734=DIRECTION('',(1.,-1.8503717077086E-15,0.));
#6735=DIRECTION('',(0.5,-0.866025403784439,0.));
#6736=DIRECTION('',(-0.5,-0.866025403784438,0.));
#6737=DIRECTION('',(-1.,1.61907524424502E-15,0.));
#6738=DIRECTION('',(-0.5,0.866025403784439,0.));
#6739=DIRECTION('',(0.5,0.866025403784438,0.));
#6740=DIRECTION('',(0.,0.,1.));
#6741=DIRECTION('',(1.,0.,0.));
#6742=DIRECTION('',(0.,0.,1.));
#6743=DIRECTION('',(1.,0.,0.));
#6744=DIRECTION('',(0.,0.,1.));
#6745=DIRECTION('',(0.707106781186548,0.707106781186548,0.));
#6746=DIRECTION('',(0.,0.,1.));
#6747=DIRECTION('',(-0.707106781186548,0.707106781186547,0.));
#6748=DIRECTION('',(0.,-1.,0.));
#6749=DIRECTION('',(0.,0.,1.));
#6750=DIRECTION('',(-0.707106781186548,-0.707106781186547,0.));
#6751=DIRECTION('',(0.,0.,1.));
#6752=DIRECTION('',(0.707106781186548,-0.707106781186547,0.));
#6753=DIRECTION('',(0.,1.,0.));
#6754=DIRECTION('',(0.,0.,1.));
#6755=DIRECTION('',(1.,0.,0.));
#6756=DIRECTION('',(0.,1.,0.));
#6757=DIRECTION('',(0.,0.,1.));
#6758=DIRECTION('',(1.,0.,0.));
#6759=DIRECTION('',(0.,1.,0.));
#6760=DIRECTION('',(-0.5,-0.866025403784439,0.));
#6761=DIRECTION('',(-1.,-1.61907524424502E-15,0.));
#6762=DIRECTION('',(-0.5,0.866025403784439,0.));
#6763=DIRECTION('',(0.5,0.866025403784439,0.));
#6764=DIRECTION('',(1.,1.38777878078145E-15,0.));
#6765=DIRECTION('',(0.5,-0.866025403784439,0.));
#6766=DIRECTION('',(1.,4.62592926927149E-16,0.));
#6767=DIRECTION('',(0.5,-0.866025403784438,0.));
#6768=DIRECTION('',(-0.5,-0.866025403784439,0.));
#6769=DIRECTION('',(-1.,-4.62592926927149E-16,0.));
#6770=DIRECTION('',(-0.5,0.866025403784438,0.));
#6771=DIRECTION('',(0.5,0.866025403784439,0.));
#6772=DIRECTION('',(-0.5,0.866025403784438,0.));
#6773=DIRECTION('',(0.5,0.866025403784439,0.));
#6774=DIRECTION('',(1.,4.62592926927148E-16,0.));
#6775=DIRECTION('',(0.5,-0.866025403784438,0.));
#6776=DIRECTION('',(-0.5,-0.866025403784439,0.));
#6777=DIRECTION('',(-1.,-4.62592926927149E-16,0.));
#6778=DIRECTION('',(-1.,-1.38777878078145E-15,0.));
#6779=DIRECTION('',(-0.5,0.866025403784438,0.));
#6780=DIRECTION('',(0.5,0.86602540378444,0.));
#6781=DIRECTION('',(1.,1.8503717077086E-15,0.));
#6782=DIRECTION('',(0.5,-0.866025403784438,0.));
#6783=DIRECTION('',(-0.5,-0.86602540378444,0.));
#6784=DIRECTION('',(0.,0.,-1.));
#6785=DIRECTION('',(1.,0.,0.));
#6786=DIRECTION('',(0.,0.,-1.));
#6787=DIRECTION('',(1.,0.,0.));
#6788=DIRECTION('',(0.,0.,-1.));
#6789=DIRECTION('',(1.,0.,0.));
#6790=DIRECTION('',(0.,0.,-1.));
#6791=DIRECTION('',(1.,0.,0.));
#6792=DIRECTION('',(0.,0.,-1.));
#6793=DIRECTION('',(1.,0.,0.));
#6794=DIRECTION('',(0.,0.,-1.));
#6795=DIRECTION('',(1.,0.,0.));
#6796=DIRECTION('',(0.,0.,-1.));
#6797=DIRECTION('',(1.,0.,0.));
#6798=DIRECTION('',(0.,0.,-1.));
#6799=DIRECTION('',(1.,0.,0.));
#6800=DIRECTION('',(0.,0.,-1.));
#6801=DIRECTION('',(0.,-1.,0.));
#6802=DIRECTION('',(0.,0.,1.));
#6803=DIRECTION('',(1.,0.,0.));
#6804=DIRECTION('',(0.,0.,-1.));
#6805=DIRECTION('',(0.,-1.,0.));
#6806=DIRECTION('',(0.,0.,1.));
#6807=DIRECTION('',(1.,0.,0.));
#6808=DIRECTION('',(0.,0.,-1.));
#6809=DIRECTION('',(0.,-1.,0.));
#6810=DIRECTION('',(0.,0.,1.));
#6811=DIRECTION('',(1.,0.,0.));
#6812=DIRECTION('',(0.,0.,-1.));
#6813=DIRECTION('',(0.,-1.,0.));
#6814=DIRECTION('',(0.,0.,1.));
#6815=DIRECTION('',(1.,0.,0.));
#6816=DIRECTION('',(0.,0.,1.));
#6817=DIRECTION('',(1.,0.,0.));
#6818=DIRECTION('',(0.,0.,-1.));
#6819=DIRECTION('',(1.,0.,0.));
#6820=DIRECTION('',(0.,0.,-1.));
#6821=DIRECTION('',(-1.,0.,0.));
#6822=DIRECTION('',(0.,0.,1.));
#6823=DIRECTION('',(1.,0.,0.));
#6824=DIRECTION('',(0.,0.,-1.));
#6825=DIRECTION('',(1.,0.,0.));
#6826=DIRECTION('',(-1.,0.,0.));
#6827=DIRECTION('',(0.,-1.,0.));
#6828=DIRECTION('',(0.,0.,1.));
#6829=DIRECTION('',(0.,-1.,0.));
#6830=DIRECTION('',(0.,0.,-1.));
#6831=DIRECTION('',(0.,1.,0.));
#6832=DIRECTION('',(0.,0.,1.));
#6833=DIRECTION('',(0.,0.,-1.));
#6834=DIRECTION('',(0.,1.,0.));
#6835=DIRECTION('',(0.,0.,-1.));
#6836=DIRECTION('',(-1.,0.,0.));
#6837=DIRECTION('',(0.,0.,1.));
#6838=DIRECTION('',(1.,0.,0.));
#6839=DIRECTION('',(0.,0.,-1.));
#6840=DIRECTION('',(1.,0.,0.));
#6841=DIRECTION('',(0.,0.,-1.));
#6842=DIRECTION('',(-1.,0.,0.));
#6843=DIRECTION('',(0.,0.,1.));
#6844=DIRECTION('',(1.,0.,0.));
#6845=DIRECTION('',(0.,0.,-1.));
#6846=DIRECTION('',(1.,0.,0.));
#6847=DIRECTION('',(0.,0.,-1.));
#6848=DIRECTION('',(-1.,0.,0.));
#6849=DIRECTION('',(0.,0.,1.));
#6850=DIRECTION('',(-0.707106781186548,0.707106781186547,0.));
#6851=DIRECTION('',(0.,0.,1.));
#6852=DIRECTION('',(-0.707106781186548,0.707106781186547,0.));
#6853=DIRECTION('',(0.,0.,-1.));
#6854=DIRECTION('',(1.,0.,0.));
#6855=DIRECTION('',(0.,1.,0.));
#6856=DIRECTION('',(-1.,0.,0.));
#6857=DIRECTION('',(0.,-1.,0.));
#6858=DIRECTION('',(0.,0.,1.));
#6859=DIRECTION('',(0.,-1.,0.));
#6860=DIRECTION('',(0.,0.,1.));
#6861=DIRECTION('',(-0.707106781186548,-0.707106781186547,0.));
#6862=DIRECTION('',(0.,0.,1.));
#6863=DIRECTION('',(-0.707106781186548,-0.707106781186547,0.));
#6864=DIRECTION('',(0.,0.,1.));
#6865=DIRECTION('',(0.707106781186548,-0.707106781186547,0.));
#6866=DIRECTION('',(0.,0.,1.));
#6867=DIRECTION('',(0.707106781186548,-0.707106781186547,0.));
#6868=DIRECTION('',(0.,0.,1.));
#6869=DIRECTION('',(0.707106781186548,0.707106781186548,0.));
#6870=DIRECTION('',(0.,0.,1.));
#6871=DIRECTION('',(0.707106781186548,0.707106781186548,0.));
#6872=DIRECTION('',(0.,0.,1.));
#6873=DIRECTION('',(0.707106781186548,-0.707106781186548,0.));
#6874=DIRECTION('',(0.,0.,-1.));
#6875=DIRECTION('',(0.707106781186548,-0.707106781186548,0.));
#6876=DIRECTION('',(0.,0.,1.));
#6877=DIRECTION('',(1.,0.,0.));
#6878=DIRECTION('',(0.,-1.,0.));
#6879=DIRECTION('',(0.,0.,-1.));
#6880=DIRECTION('',(0.,-1.,0.));
#6881=DIRECTION('',(0.,0.,1.));
#6882=DIRECTION('',(0.,1.,0.));
#6883=DIRECTION('',(0.,0.,-1.));
#6884=DIRECTION('',(0.,1.,0.));
#6885=DIRECTION('',(0.,0.,1.));
#6886=DIRECTION('',(0.707106781186548,0.707106781186547,0.));
#6887=DIRECTION('',(0.,0.,-1.));
#6888=DIRECTION('',(0.707106781186548,0.707106781186547,0.));
#6889=DIRECTION('',(0.,0.,1.));
#6890=DIRECTION('',(-0.707106781186548,0.707106781186548,0.));
#6891=DIRECTION('',(0.,0.,-1.));
#6892=DIRECTION('',(-0.707106781186548,0.707106781186548,0.));
#6893=DIRECTION('',(0.,0.,1.));
#6894=DIRECTION('',(0.,0.,1.));
#6895=DIRECTION('',(1.,0.,0.));
#6896=DIRECTION('',(0.,0.,-1.));
#6897=DIRECTION('',(-1.,0.,0.));
#6898=DIRECTION('',(0.,0.,-1.));
#6899=DIRECTION('',(-1.,0.,0.));
#6900=DIRECTION('',(0.,0.,-1.));
#6901=DIRECTION('',(1.,0.,0.));
#6902=DIRECTION('',(0.,0.,-1.));
#6903=DIRECTION('',(1.,0.,0.));
#6904=DIRECTION('',(0.,0.,-1.));
#6905=DIRECTION('',(-0.707106781186548,-0.707106781186548,0.));
#6906=DIRECTION('',(0.,-1.,0.));
#6907=DIRECTION('',(-1.,0.,0.));
#6908=DIRECTION('',(0.,1.,0.));
#6909=DIRECTION('',(1.,0.,0.));
#6910=DIRECTION('',(0.,-1.,0.));
#6911=DIRECTION('',(0.,0.,-1.));
#6912=DIRECTION('',(0.,0.,-1.));
#6913=DIRECTION('',(-0.707106781186548,-0.707106781186548,0.));
#6914=DIRECTION('',(0.,0.,1.));
#6915=DIRECTION('',(-1.,0.,0.));
#6916=DIRECTION('',(0.,0.,-1.));
#6917=DIRECTION('',(-1.,0.,0.));
#6918=DIRECTION('',(0.,0.,-1.));
#6919=DIRECTION('',(-1.,0.,0.));
#6920=DIRECTION('',(0.,0.,1.));
#6921=DIRECTION('',(-1.,0.,0.));
#6922=DIRECTION('',(0.,0.,-1.));
#6923=DIRECTION('',(-1.,0.,0.));
#6924=DIRECTION('',(0.,0.,-1.));
#6925=DIRECTION('',(-1.,0.,0.));
#6926=DIRECTION('',(0.,0.,1.));
#6927=DIRECTION('',(0.,1.,0.));
#6928=DIRECTION('',(-1.,0.,0.));
#6929=DIRECTION('',(-1.,0.,0.));
#6930=DIRECTION('',(0.,1.,0.));
#6931=DIRECTION('',(0.,0.,-1.));
#6932=DIRECTION('',(-1.,0.,0.));
#6933=DIRECTION('',(0.,0.,-1.));
#6934=DIRECTION('',(0.,-1.,0.));
#6935=DIRECTION('',(-1.,0.,0.));
#6936=DIRECTION('',(0.,-1.,0.));
#6937=DIRECTION('',(0.,0.,1.));
#6938=DIRECTION('',(1.,0.,0.));
#6939=DIRECTION('',(0.,-1.,0.));
#6940=DIRECTION('',(0.,0.,1.));
#6941=DIRECTION('',(1.,0.,0.));
#6942=DIRECTION('',(0.,0.,1.));
#6943=DIRECTION('',(1.,0.,0.));
#6944=DIRECTION('',(0.,0.,1.));
#6945=DIRECTION('',(1.,0.,0.));
#6946=DIRECTION('',(-1.8503717077086E-15,-1.,0.));
#6947=DIRECTION('',(1.,-1.8503717077086E-15,0.));
#6948=DIRECTION('',(0.,0.,-1.));
#6949=DIRECTION('',(0.,0.,-1.));
#6950=DIRECTION('',(-0.866025403784439,-0.5,0.));
#6951=DIRECTION('',(0.5,-0.866025403784439,0.));
#6952=DIRECTION('',(0.,0.,-1.));
#6953=DIRECTION('',(-0.866025403784438,0.5,0.));
#6954=DIRECTION('',(-0.5,-0.866025403784438,0.));
#6955=DIRECTION('',(0.,0.,-1.));
#6956=DIRECTION('',(0.866025403784438,-0.5,0.));
#6957=DIRECTION('',(0.5,0.866025403784438,0.));
#6958=DIRECTION('',(0.,0.,-1.));
#6959=DIRECTION('',(1.61907524424502E-15,1.,0.));
#6960=DIRECTION('',(-1.,1.61907524424502E-15,0.));
#6961=DIRECTION('',(0.,0.,-1.));
#6962=DIRECTION('',(0.866025403784439,0.5,0.));
#6963=DIRECTION('',(-0.5,0.866025403784439,0.));
#6964=DIRECTION('',(-0.866025403784439,-0.5,0.));
#6965=DIRECTION('',(0.5,-0.866025403784439,0.));
#6966=DIRECTION('',(0.,0.,-1.));
#6967=DIRECTION('',(0.,0.,-1.));
#6968=DIRECTION('',(-0.866025403784438,0.5,0.));
#6969=DIRECTION('',(-0.5,-0.866025403784438,0.));
#6970=DIRECTION('',(0.,0.,-1.));
#6971=DIRECTION('',(2.7755575615629E-15,1.,0.));
#6972=DIRECTION('',(-1.,2.7755575615629E-15,0.));
#6973=DIRECTION('',(0.,0.,-1.));
#6974=DIRECTION('',(-2.54426109809932E-15,-1.,0.));
#6975=DIRECTION('',(1.,-2.54426109809932E-15,0.));
#6976=DIRECTION('',(0.,0.,-1.));
#6977=DIRECTION('',(0.866025403784439,0.5,0.));
#6978=DIRECTION('',(-0.5,0.866025403784439,0.));
#6979=DIRECTION('',(0.,0.,-1.));
#6980=DIRECTION('',(0.866025403784439,-0.5,0.));
#6981=DIRECTION('',(0.5,0.866025403784439,0.));
#6982=DIRECTION('',(-1.61907524424502E-15,1.,0.));
#6983=DIRECTION('',(-1.,-1.61907524424502E-15,0.));
#6984=DIRECTION('',(0.,0.,-1.));
#6985=DIRECTION('',(0.,0.,-1.));
#6986=DIRECTION('',(0.866025403784439,0.5,0.));
#6987=DIRECTION('',(-0.5,0.866025403784439,0.));
#6988=DIRECTION('',(0.,0.,-1.));
#6989=DIRECTION('',(0.866025403784439,-0.5,0.));
#6990=DIRECTION('',(0.5,0.866025403784439,0.));
#6991=DIRECTION('',(0.,0.,-1.));
#6992=DIRECTION('',(1.38777878078145E-15,-1.,0.));
#6993=DIRECTION('',(1.,1.38777878078145E-15,0.));
#6994=DIRECTION('',(0.,0.,-1.));
#6995=DIRECTION('',(-0.866025403784439,-0.5,0.));
#6996=DIRECTION('',(0.5,-0.866025403784439,0.));
#6997=DIRECTION('',(0.,0.,-1.));
#6998=DIRECTION('',(-0.866025403784439,0.5,0.));
#6999=DIRECTION('',(-0.5,-0.866025403784439,0.));
#7000=DIRECTION('',(-1.61907524424502E-15,-1.,0.));
#7001=DIRECTION('',(1.,-1.61907524424502E-15,0.));
#7002=DIRECTION('',(0.,0.,-1.));
#7003=DIRECTION('',(0.,0.,-1.));
#7004=DIRECTION('',(-0.86602540378444,-0.5,0.));
#7005=DIRECTION('',(0.5,-0.86602540378444,0.));
#7006=DIRECTION('',(0.,0.,-1.));
#7007=DIRECTION('',(-0.866025403784438,0.5,0.));
#7008=DIRECTION('',(-0.5,-0.866025403784438,0.));
#7009=DIRECTION('',(0.,0.,-1.));
#7010=DIRECTION('',(0.866025403784438,-0.5,0.));
#7011=DIRECTION('',(0.5,0.866025403784438,0.));
#7012=DIRECTION('',(0.,0.,-1.));
#7013=DIRECTION('',(1.61907524424502E-15,1.,0.));
#7014=DIRECTION('',(-1.,1.61907524424502E-15,0.));
#7015=DIRECTION('',(0.,0.,-1.));
#7016=DIRECTION('',(0.86602540378444,0.5,0.));
#7017=DIRECTION('',(-0.5,0.86602540378444,0.));
#7018=DIRECTION('',(-0.866025403784438,-0.5,0.));
#7019=DIRECTION('',(0.5,-0.866025403784438,0.));
#7020=DIRECTION('',(0.,0.,-1.));
#7021=DIRECTION('',(0.,0.,-1.));
#7022=DIRECTION('',(-0.866025403784439,0.5,0.));
#7023=DIRECTION('',(-0.5,-0.866025403784439,0.));
#7024=DIRECTION('',(0.,0.,-1.));
#7025=DIRECTION('',(-4.62592926927149E-16,1.,0.));
#7026=DIRECTION('',(-1.,-4.62592926927149E-16,0.));
#7027=DIRECTION('',(0.,0.,-1.));
#7028=DIRECTION('',(0.866025403784438,0.5,0.));
#7029=DIRECTION('',(-0.5,0.866025403784438,0.));
#7030=DIRECTION('',(0.,0.,-1.));
#7031=DIRECTION('',(0.866025403784439,-0.5,0.));
#7032=DIRECTION('',(0.5,0.866025403784439,0.));
#7033=DIRECTION('',(0.,0.,-1.));
#7034=DIRECTION('',(4.62592926927149E-16,-1.,0.));
#7035=DIRECTION('',(1.,4.62592926927149E-16,0.));
#7036=DIRECTION('',(0.866025403784439,-0.5,0.));
#7037=DIRECTION('',(0.5,0.866025403784439,0.));
#7038=DIRECTION('',(0.,0.,-1.));
#7039=DIRECTION('',(0.,0.,-1.));
#7040=DIRECTION('',(4.62592926927148E-16,-1.,0.));
#7041=DIRECTION('',(1.,4.62592926927148E-16,0.));
#7042=DIRECTION('',(0.,0.,-1.));
#7043=DIRECTION('',(-0.866025403784438,-0.5,0.));
#7044=DIRECTION('',(0.5,-0.866025403784438,0.));
#7045=DIRECTION('',(0.,0.,-1.));
#7046=DIRECTION('',(-0.866025403784439,0.5,0.));
#7047=DIRECTION('',(-0.5,-0.866025403784439,0.));
#7048=DIRECTION('',(0.,0.,-1.));
#7049=DIRECTION('',(-4.62592926927149E-16,1.,0.));
#7050=DIRECTION('',(-1.,-4.62592926927149E-16,0.));
#7051=DIRECTION('',(0.,0.,-1.));
#7052=DIRECTION('',(0.866025403784438,0.5,0.));
#7053=DIRECTION('',(-0.5,0.866025403784438,0.));
#7054=DIRECTION('',(-1.38777878078145E-15,-1.,0.));
#7055=DIRECTION('',(1.,-1.38777878078145E-15,0.));
#7056=DIRECTION('',(0.,0.,-1.));
#7057=DIRECTION('',(0.,0.,-1.));
#7058=DIRECTION('',(-0.866025403784439,-0.5,0.));
#7059=DIRECTION('',(0.5,-0.866025403784439,0.));
#7060=DIRECTION('',(0.,0.,-1.));
#7061=DIRECTION('',(-0.866025403784438,0.5,0.));
#7062=DIRECTION('',(-0.5,-0.866025403784438,0.));
#7063=DIRECTION('',(0.,0.,-1.));
#7064=DIRECTION('',(0.866025403784438,-0.5,0.));
#7065=DIRECTION('',(0.5,0.866025403784438,0.));
#7066=DIRECTION('',(0.,0.,-1.));
#7067=DIRECTION('',(1.61907524424502E-15,1.,0.));
#7068=DIRECTION('',(-1.,1.61907524424502E-15,0.));
#7069=DIRECTION('',(0.,0.,-1.));
#7070=DIRECTION('',(0.866025403784439,0.5,0.));
#7071=DIRECTION('',(-0.5,0.86602540378444,0.));
#7072=DIRECTION('',(0.866025403784438,0.5,0.));
#7073=DIRECTION('',(-0.5,0.866025403784438,0.));
#7074=DIRECTION('',(0.,0.,-1.));
#7075=DIRECTION('',(0.,0.,-1.));
#7076=DIRECTION('',(0.86602540378444,-0.5,0.));
#7077=DIRECTION('',(0.5,0.86602540378444,0.));
#7078=DIRECTION('',(0.,0.,-1.));
#7079=DIRECTION('',(1.8503717077086E-15,-1.,0.));
#7080=DIRECTION('',(1.,1.8503717077086E-15,0.));
#7081=DIRECTION('',(0.,0.,-1.));
#7082=DIRECTION('',(-0.866025403784438,-0.5,0.));
#7083=DIRECTION('',(0.5,-0.866025403784438,0.));
#7084=DIRECTION('',(0.,0.,-1.));
#7085=DIRECTION('',(-0.866025403784439,0.5,0.));
#7086=DIRECTION('',(-0.5,-0.86602540378444,0.));
#7087=DIRECTION('',(0.,0.,-1.));
#7088=DIRECTION('',(-1.38777878078145E-15,1.,0.));
#7089=DIRECTION('',(-1.,-1.38777878078145E-15,0.));
#7090=DIRECTION('',(0.866025403784439,0.5,0.));
#7091=DIRECTION('',(-0.5,0.866025403784439,0.));
#7092=DIRECTION('',(0.,0.,-1.));
#7093=DIRECTION('',(0.,0.,-1.));
#7094=DIRECTION('',(0.866025403784438,-0.5,0.));
#7095=DIRECTION('',(0.5,0.866025403784438,0.));
#7096=DIRECTION('',(0.,0.,-1.));
#7097=DIRECTION('',(-1.61907524424502E-15,-1.,0.));
#7098=DIRECTION('',(1.,-1.61907524424502E-15,0.));
#7099=DIRECTION('',(0.,0.,-1.));
#7100=DIRECTION('',(1.61907524424502E-15,1.,0.));
#7101=DIRECTION('',(-1.,1.61907524424502E-15,0.));
#7102=DIRECTION('',(0.,0.,-1.));
#7103=DIRECTION('',(-0.86602540378444,-0.5,0.));
#7104=DIRECTION('',(0.5,-0.86602540378444,0.));
#7105=DIRECTION('',(0.,0.,-1.));
#7106=DIRECTION('',(-0.866025403784438,0.5,0.));
#7107=DIRECTION('',(-0.5,-0.866025403784438,0.));
#7108=DIRECTION('',(-1.,0.,0.));
#7109=DIRECTION('',(0.,0.,1.));
#7110=DIRECTION('',(0.,-1.,0.));
#7111=DIRECTION('',(0.,-1.,0.));
#7112=DIRECTION('',(0.,-1.,0.));
#7113=DIRECTION('',(0.,0.,-1.));
#7114=DIRECTION('',(0.,-1.,0.));
#7115=DIRECTION('',(-0.570662637681707,0.,-0.821184604065467));
#7116=DIRECTION('',(-0.821184604065467,0.,0.570662637681707));
#7117=DIRECTION('',(0.,-1.,0.));
#7118=DIRECTION('',(-1.,0.,0.));
#7119=DIRECTION('',(0.,0.,1.));
#7120=DIRECTION('',(0.,-1.,0.));
#7121=DIRECTION('',(0.,-1.,0.));
#7122=DIRECTION('',(0.,-1.,0.));
#7123=DIRECTION('',(0.,0.,-1.));
#7124=DIRECTION('',(0.,-1.,0.));
#7125=DIRECTION('',(0.570662637681706,0.,0.821184604065467));
#7126=DIRECTION('',(0.821184604065467,0.,-0.570662637681706));
#7127=DIRECTION('',(0.,-1.,0.));
#7128=DIRECTION('',(0.,-1.,0.));
#7129=DIRECTION('',(0.,0.,-1.));
#7130=DIRECTION('',(0.,-1.,0.));
#7131=DIRECTION('',(0.,0.,-1.));
#7132=DIRECTION('',(-1.,0.,0.));
#7133=DIRECTION('',(0.,0.,1.));
#7134=DIRECTION('',(0.,-1.,0.));
#7135=DIRECTION('',(0.,-1.,0.));
#7136=DIRECTION('',(0.,-1.,0.));
#7137=DIRECTION('',(0.,0.,-1.));
#7138=DIRECTION('',(0.,-1.,0.));
#7139=DIRECTION('',(-0.570662637681706,0.,-0.821184604065467));
#7140=DIRECTION('',(-0.821184604065467,0.,0.570662637681706));
#7141=DIRECTION('',(0.,-1.,0.));
#7142=DIRECTION('',(0.,-1.,0.));
#7143=DIRECTION('',(0.,0.,-1.));
#7144=DIRECTION('',(0.,-1.,0.));
#7145=DIRECTION('',(0.,-1.,0.));
#7146=DIRECTION('',(0.570662637681706,0.,0.821184604065467));
#7147=DIRECTION('',(0.821184604065467,0.,-0.570662637681706));
#7148=DIRECTION('',(0.,-1.,0.));
#7149=DIRECTION('',(-1.,0.,0.));
#7150=DIRECTION('',(0.,0.,1.));
#7151=DIRECTION('',(0.,-1.,0.));
#7152=DIRECTION('',(0.,-1.,0.));
#7153=DIRECTION('',(0.,0.,-1.));
#7154=DIRECTION('',(0.,-1.,0.));
#7155=DIRECTION('',(0.,0.,-1.));
#7156=DIRECTION('',(-1.,0.,0.));
#7157=DIRECTION('',(0.,0.,1.));
#7158=DIRECTION('',(0.,-1.,0.));
#7159=DIRECTION('',(0.,-1.,0.));
#7160=DIRECTION('',(0.,-1.,0.));
#7161=DIRECTION('',(0.,0.,-1.));
#7162=DIRECTION('',(0.,-1.,0.));
#7163=DIRECTION('',(-0.570662637681706,0.,-0.821184604065467));
#7164=DIRECTION('',(-0.821184604065467,0.,0.570662637681706));
#7165=DIRECTION('',(0.,-1.,0.));
#7166=DIRECTION('',(-1.,0.,0.));
#7167=DIRECTION('',(0.,0.,1.));
#7168=DIRECTION('',(0.,-1.,0.));
#7169=DIRECTION('',(0.,-1.,0.));
#7170=DIRECTION('',(0.,-1.,0.));
#7171=DIRECTION('',(0.,0.,-1.));
#7172=DIRECTION('',(0.,-1.,0.));
#7173=DIRECTION('',(0.570662637681706,0.,0.821184604065467));
#7174=DIRECTION('',(0.821184604065467,0.,-0.570662637681706));
#7175=DIRECTION('',(0.,-1.,0.));
#7176=DIRECTION('',(0.,-1.,0.));
#7177=DIRECTION('',(0.,0.,-1.));
#7178=DIRECTION('',(0.,-1.,0.));
#7179=DIRECTION('',(0.,0.,-1.));
#7180=DIRECTION('',(-1.,0.,0.));
#7181=DIRECTION('',(0.,0.,1.));
#7182=DIRECTION('',(0.,-1.,0.));
#7183=DIRECTION('',(0.,-1.,0.));
#7184=DIRECTION('',(0.,-1.,0.));
#7185=DIRECTION('',(0.,0.,-1.));
#7186=DIRECTION('',(0.,-1.,0.));
#7187=DIRECTION('',(-0.570662637681706,0.,-0.821184604065467));
#7188=DIRECTION('',(-0.821184604065467,0.,0.570662637681706));
#7189=DIRECTION('',(0.,-1.,0.));
#7190=DIRECTION('',(0.,-1.,0.));
#7191=DIRECTION('',(0.,0.,-1.));
#7192=DIRECTION('',(0.,-1.,0.));
#7193=DIRECTION('',(0.,-1.,0.));
#7194=DIRECTION('',(0.570662637681706,0.,0.821184604065467));
#7195=DIRECTION('',(0.821184604065467,0.,-0.570662637681706));
#7196=DIRECTION('',(0.,-1.,0.));
#7197=DIRECTION('',(-1.,0.,0.));
#7198=DIRECTION('',(0.,0.,1.));
#7199=DIRECTION('',(0.,-1.,0.));
#7200=DIRECTION('',(0.,-1.,0.));
#7201=DIRECTION('',(0.,0.,-1.));
#7202=DIRECTION('',(0.,-1.,0.));
#7203=DIRECTION('',(0.,0.,-1.));
#7204=DIRECTION('',(-1.,0.,0.));
#7205=DIRECTION('',(0.,0.,1.));
#7206=DIRECTION('',(0.,-1.,0.));
#7207=DIRECTION('',(0.,-1.,0.));
#7208=DIRECTION('',(0.,-1.,0.));
#7209=DIRECTION('',(0.,0.,-1.));
#7210=DIRECTION('',(0.,-1.,0.));
#7211=DIRECTION('',(0.570662637681706,0.,0.821184604065467));
#7212=DIRECTION('',(0.821184604065467,0.,-0.570662637681706));
#7213=DIRECTION('',(0.,-1.,0.));
#7214=DIRECTION('',(-1.,0.,0.));
#7215=DIRECTION('',(0.,0.,1.));
#7216=DIRECTION('',(0.,-1.,0.));
#7217=DIRECTION('',(0.,-1.,0.));
#7218=DIRECTION('',(0.,-1.,0.));
#7219=DIRECTION('',(0.,0.,-1.));
#7220=DIRECTION('',(0.,-1.,0.));
#7221=DIRECTION('',(-0.570662637681706,0.,-0.821184604065467));
#7222=DIRECTION('',(-0.821184604065467,0.,0.570662637681706));
#7223=DIRECTION('',(0.,-1.,0.));
#7224=DIRECTION('',(0.,-1.,0.));
#7225=DIRECTION('',(0.,0.,-1.));
#7226=DIRECTION('',(0.,-1.,0.));
#7227=DIRECTION('',(0.,0.,-1.));
#7228=DIRECTION('',(0.570662637681706,0.,-0.821184604065467));
#7229=DIRECTION('',(-0.821184604065467,0.,-0.570662637681706));
#7230=DIRECTION('',(0.,-1.,0.));
#7231=DIRECTION('',(0.,-1.,0.));
#7232=DIRECTION('',(-1.,0.,0.));
#7233=DIRECTION('',(0.,0.,1.));
#7234=DIRECTION('',(0.,-1.,0.));
#7235=DIRECTION('',(0.,-1.,0.));
#7236=DIRECTION('',(0.,-1.,0.));
#7237=DIRECTION('',(0.,0.,-1.));
#7238=DIRECTION('',(-0.570662637681706,0.,0.821184604065467));
#7239=DIRECTION('',(0.821184604065467,0.,0.570662637681706));
#7240=DIRECTION('',(0.,-1.,0.));
#7241=DIRECTION('',(0.,-1.,0.));
#7242=DIRECTION('',(0.,-1.,0.));
#7243=DIRECTION('',(0.,0.,-1.));
#7244=DIRECTION('',(0.,-1.,0.));
#7245=DIRECTION('',(-1.,0.,9.57014557031913E-17));
#7246=DIRECTION('',(9.57014557031913E-17,0.,1.));
#7247=DIRECTION('',(0.,-1.,0.));
#7248=DIRECTION('',(0.,-1.,0.));
#7249=DIRECTION('',(0.,0.,-1.));
#7250=DIRECTION('',(0.,-1.,0.));
#7251=DIRECTION('',(0.,0.,-1.));
#7252=DIRECTION('',(-0.570662637681706,0.,0.821184604065467));
#7253=DIRECTION('',(0.821184604065467,0.,0.570662637681706));
#7254=DIRECTION('',(0.,-1.,0.));
#7255=DIRECTION('',(0.,-1.,0.));
#7256=DIRECTION('',(-1.,0.,4.78507278515956E-17));
#7257=DIRECTION('',(4.78507278515956E-17,0.,1.));
#7258=DIRECTION('',(0.,-1.,0.));
#7259=DIRECTION('',(0.,-1.,0.));
#7260=DIRECTION('',(0.,-1.,0.));
#7261=DIRECTION('',(0.,0.,-1.));
#7262=DIRECTION('',(0.570662637681706,0.,-0.821184604065467));
#7263=DIRECTION('',(-0.821184604065467,0.,-0.570662637681706));
#7264=DIRECTION('',(0.,-1.,0.));
#7265=DIRECTION('',(0.,-1.,0.));
#7266=DIRECTION('',(0.,-1.,0.));
#7267=DIRECTION('',(0.,0.,-1.));
#7268=DIRECTION('',(0.,-1.,0.));
#7269=DIRECTION('',(-1.,0.,9.57014557031913E-17));
#7270=DIRECTION('',(9.57014557031913E-17,0.,1.));
#7271=DIRECTION('',(0.,-1.,0.));
#7272=DIRECTION('',(0.,-1.,0.));
#7273=DIRECTION('',(0.,0.,-1.));
#7274=DIRECTION('',(0.,-1.,0.));
#7275=DIRECTION('',(0.,0.,-1.));
#7276=DIRECTION('',(-0.570662637681707,0.,0.821184604065467));
#7277=DIRECTION('',(0.821184604065467,0.,0.570662637681707));
#7278=DIRECTION('',(0.,-1.,0.));
#7279=DIRECTION('',(0.,-1.,0.));
#7280=DIRECTION('',(-1.,0.,0.));
#7281=DIRECTION('',(0.,0.,1.));
#7282=DIRECTION('',(0.,-1.,0.));
#7283=DIRECTION('',(0.,-1.,0.));
#7284=DIRECTION('',(0.,-1.,0.));
#7285=DIRECTION('',(0.,0.,-1.));
#7286=DIRECTION('',(0.570662637681706,0.,-0.821184604065467));
#7287=DIRECTION('',(-0.821184604065467,0.,-0.570662637681706));
#7288=DIRECTION('',(0.,-1.,0.));
#7289=DIRECTION('',(0.,-1.,0.));
#7290=DIRECTION('',(0.,-1.,0.));
#7291=DIRECTION('',(0.,0.,-1.));
#7292=DIRECTION('',(0.,-1.,0.));
#7293=DIRECTION('',(-1.,0.,9.57014557031913E-17));
#7294=DIRECTION('',(9.57014557031913E-17,0.,1.));
#7295=DIRECTION('',(0.,-1.,0.));
#7296=DIRECTION('',(0.,-1.,0.));
#7297=DIRECTION('',(0.,0.,-1.));
#7298=DIRECTION('',(0.,-1.,0.));
#7299=DIRECTION('',(0.,0.,-1.));
#7300=DIRECTION('',(-0.570662637681706,0.,0.821184604065467));
#7301=DIRECTION('',(0.821184604065467,0.,0.570662637681706));
#7302=DIRECTION('',(0.,-1.,0.));
#7303=DIRECTION('',(0.,-1.,0.));
#7304=DIRECTION('',(-1.,0.,0.));
#7305=DIRECTION('',(0.,0.,1.));
#7306=DIRECTION('',(0.,-1.,0.));
#7307=DIRECTION('',(0.,-1.,0.));
#7308=DIRECTION('',(0.,-1.,0.));
#7309=DIRECTION('',(0.,0.,-1.));
#7310=DIRECTION('',(0.570662637681706,0.,-0.821184604065467));
#7311=DIRECTION('',(-0.821184604065467,0.,-0.570662637681706));
#7312=DIRECTION('',(0.,-1.,0.));
#7313=DIRECTION('',(0.,-1.,0.));
#7314=DIRECTION('',(0.,-1.,0.));
#7315=DIRECTION('',(0.,0.,-1.));
#7316=DIRECTION('',(0.,-1.,0.));
#7317=DIRECTION('',(-1.,0.,0.));
#7318=DIRECTION('',(0.,0.,1.));
#7319=DIRECTION('',(0.,-1.,0.));
#7320=DIRECTION('',(0.,-1.,0.));
#7321=DIRECTION('',(0.,0.,-1.));
#7322=DIRECTION('',(0.,-1.,0.));
#7323=DIRECTION('',(0.,0.,-1.));
#7324=DIRECTION('',(-0.570662637681707,0.,0.821184604065467));
#7325=DIRECTION('',(0.821184604065467,0.,0.570662637681707));
#7326=DIRECTION('',(0.,-1.,0.));
#7327=DIRECTION('',(0.,-1.,0.));
#7328=DIRECTION('',(-1.,0.,0.));
#7329=DIRECTION('',(0.,0.,1.));
#7330=DIRECTION('',(0.,-1.,0.));
#7331=DIRECTION('',(0.,-1.,0.));
#7332=DIRECTION('',(0.,-1.,0.));
#7333=DIRECTION('',(0.,0.,-1.));
#7334=DIRECTION('',(0.570662637681706,0.,-0.821184604065467));
#7335=DIRECTION('',(-0.821184604065467,0.,-0.570662637681706));
#7336=DIRECTION('',(0.,-1.,0.));
#7337=DIRECTION('',(0.,-1.,0.));
#7338=DIRECTION('',(0.,-1.,0.));
#7339=DIRECTION('',(0.,0.,-1.));
#7340=DIRECTION('',(0.,-1.,0.));
#7341=DIRECTION('',(-1.,0.,0.));
#7342=DIRECTION('',(0.,0.,1.));
#7343=DIRECTION('',(0.,-1.,0.));
#7344=DIRECTION('',(0.,-1.,0.));
#7345=DIRECTION('',(0.,0.,-1.));
#7346=DIRECTION('',(0.,-1.,0.));
#7347=DIRECTION('',(0.,0.,-1.));
#7348=DIRECTION('',(-0.570662637681707,0.,0.821184604065467));
#7349=DIRECTION('',(0.821184604065467,0.,0.570662637681707));
#7350=DIRECTION('',(0.,-1.,0.));
#7351=DIRECTION('',(0.,-1.,0.));
#7352=DIRECTION('',(-1.,0.,0.));
#7353=DIRECTION('',(0.,0.,1.));
#7354=DIRECTION('',(0.,-1.,0.));
#7355=DIRECTION('',(0.,-1.,0.));
#7356=DIRECTION('',(0.,-1.,0.));
#7357=DIRECTION('',(0.,0.,-1.));
#7358=DIRECTION('',(0.570662637681706,0.,-0.821184604065467));
#7359=DIRECTION('',(-0.821184604065467,0.,-0.570662637681706));
#7360=DIRECTION('',(0.,-1.,0.));
#7361=DIRECTION('',(0.,-1.,0.));
#7362=DIRECTION('',(0.,-1.,0.));
#7363=DIRECTION('',(0.,0.,-1.));
#7364=DIRECTION('',(0.,-1.,0.));
#7365=DIRECTION('',(-1.,0.,0.));
#7366=DIRECTION('',(0.,0.,1.));
#7367=DIRECTION('',(0.,-1.,0.));
#7368=DIRECTION('',(0.,-1.,0.));
#7369=DIRECTION('',(0.,0.,-1.));
#7370=DIRECTION('',(0.,-1.,0.));
#7371=DIRECTION('',(0.,0.,-1.));
#7372=DIRECTION('',(0.,-1.,0.));
#7373=DIRECTION('',(0.,0.,-1.));
#7374=DIRECTION('',(0.,-1.,0.));
#7375=DIRECTION('',(0.,-1.,0.));
#7376=DIRECTION('',(-0.570662637681707,0.,-0.821184604065467));
#7377=DIRECTION('',(-0.821184604065467,0.,0.570662637681707));
#7378=DIRECTION('',(0.,-1.,0.));
#7379=DIRECTION('',(0.,-1.,0.));
#7380=DIRECTION('',(0.,0.,-1.));
#7381=DIRECTION('',(0.,-1.,0.));
#7382=DIRECTION('',(-1.,0.,0.));
#7383=DIRECTION('',(0.,0.,1.));
#7384=DIRECTION('',(0.,-1.,0.));
#7385=DIRECTION('',(0.,-1.,0.));
#7386=DIRECTION('',(0.,0.,-1.));
#7387=DIRECTION('',(0.,-1.,0.));
#7388=DIRECTION('',(0.570662637681706,0.,0.821184604065467));
#7389=DIRECTION('',(0.821184604065467,0.,-0.570662637681706));
#7390=DIRECTION('',(0.,-1.,0.));
#7391=DIRECTION('',(0.,-1.,0.));
#7392=DIRECTION('',(0.,0.,-1.));
#7393=DIRECTION('',(0.,-1.,0.));
#7394=DIRECTION('',(-1.,0.,0.));
#7395=DIRECTION('',(0.,0.,1.));
#7396=DIRECTION('',(-1.,0.,0.));
#7397=DIRECTION('',(0.,0.,1.));
#7398=DIRECTION('',(0.,-1.,0.));
#7399=DIRECTION('',(0.,-1.,0.));
#7400=DIRECTION('',(0.,-1.,0.));
#7401=DIRECTION('',(0.,0.,-1.));
#7402=DIRECTION('',(0.,-1.,0.));
#7403=DIRECTION('',(-0.570662637681706,0.,-0.821184604065467));
#7404=DIRECTION('',(-0.821184604065467,0.,0.570662637681706));
#7405=DIRECTION('',(0.,-1.,0.));
#7406=DIRECTION('',(0.,-1.,0.));
#7407=DIRECTION('',(0.,0.,-1.));
#7408=DIRECTION('',(0.,-1.,0.));
#7409=DIRECTION('',(-1.,0.,0.));
#7410=DIRECTION('',(0.,0.,1.));
#7411=DIRECTION('',(0.,-1.,0.));
#7412=DIRECTION('',(0.,-1.,0.));
#7413=DIRECTION('',(0.,0.,-1.));
#7414=DIRECTION('',(0.,-1.,0.));
#7415=DIRECTION('',(0.570662637681706,0.,0.821184604065467));
#7416=DIRECTION('',(0.821184604065467,0.,-0.570662637681706));
#7417=DIRECTION('',(0.,-1.,0.));
#7418=DIRECTION('',(0.,-1.,0.));
#7419=DIRECTION('',(0.,0.,-1.));
#7420=DIRECTION('',(0.570662637681706,0.,0.821184604065467));
#7421=DIRECTION('',(0.821184604065467,0.,-0.570662637681706));
#7422=DIRECTION('',(0.,-1.,0.));
#7423=DIRECTION('',(0.,-1.,0.));
#7424=DIRECTION('',(0.,-1.,0.));
#7425=DIRECTION('',(0.,0.,-1.));
#7426=DIRECTION('',(0.,-1.,0.));
#7427=DIRECTION('',(-1.,0.,0.));
#7428=DIRECTION('',(0.,0.,1.));
#7429=DIRECTION('',(0.,-1.,0.));
#7430=DIRECTION('',(0.,-1.,0.));
#7431=DIRECTION('',(0.,0.,-1.));
#7432=DIRECTION('',(0.,-1.,0.));
#7433=DIRECTION('',(-0.570662637681706,0.,-0.821184604065467));
#7434=DIRECTION('',(-0.821184604065467,0.,0.570662637681706));
#7435=DIRECTION('',(0.,-1.,0.));
#7436=DIRECTION('',(0.,-1.,0.));
#7437=DIRECTION('',(0.,0.,-1.));
#7438=DIRECTION('',(0.,-1.,0.));
#7439=DIRECTION('',(-1.,0.,0.));
#7440=DIRECTION('',(0.,0.,1.));
#7441=DIRECTION('',(0.,-1.,0.));
#7442=DIRECTION('',(0.,-1.,0.));
#7443=DIRECTION('',(0.,0.,-1.));
#7444=DIRECTION('',(-1.,0.,0.));
#7445=DIRECTION('',(0.,0.,1.));
#7446=DIRECTION('',(0.,-1.,0.));
#7447=DIRECTION('',(0.,-1.,0.));
#7448=DIRECTION('',(0.,-1.,0.));
#7449=DIRECTION('',(0.,0.,-1.));
#7450=DIRECTION('',(0.,-1.,0.));
#7451=DIRECTION('',(-0.570662637681706,0.,-0.821184604065467));
#7452=DIRECTION('',(-0.821184604065467,0.,0.570662637681706));
#7453=DIRECTION('',(0.,-1.,0.));
#7454=DIRECTION('',(0.,-1.,0.));
#7455=DIRECTION('',(0.,0.,-1.));
#7456=DIRECTION('',(0.,-1.,0.));
#7457=DIRECTION('',(-1.,0.,0.));
#7458=DIRECTION('',(0.,0.,1.));
#7459=DIRECTION('',(0.,-1.,0.));
#7460=DIRECTION('',(0.,-1.,0.));
#7461=DIRECTION('',(0.,0.,-1.));
#7462=DIRECTION('',(0.,-1.,0.));
#7463=DIRECTION('',(0.570662637681706,0.,0.821184604065467));
#7464=DIRECTION('',(0.821184604065467,0.,-0.570662637681706));
#7465=DIRECTION('',(0.,-1.,0.));
#7466=DIRECTION('',(0.,-1.,0.));
#7467=DIRECTION('',(0.,0.,-1.));
#7468=DIRECTION('',(-0.570662637681706,0.,-0.821184604065467));
#7469=DIRECTION('',(-0.821184604065467,0.,0.570662637681706));
#7470=DIRECTION('',(0.,-1.,0.));
#7471=DIRECTION('',(0.,-1.,0.));
#7472=DIRECTION('',(0.,-1.,0.));
#7473=DIRECTION('',(0.,0.,-1.));
#7474=DIRECTION('',(0.,-1.,0.));
#7475=DIRECTION('',(-1.,0.,0.));
#7476=DIRECTION('',(0.,0.,1.));
#7477=DIRECTION('',(0.,-1.,0.));
#7478=DIRECTION('',(0.,-1.,0.));
#7479=DIRECTION('',(0.,0.,-1.));
#7480=DIRECTION('',(0.,-1.,0.));
#7481=DIRECTION('',(0.570662637681706,0.,0.821184604065467));
#7482=DIRECTION('',(0.821184604065467,0.,-0.570662637681706));
#7483=DIRECTION('',(0.,-1.,0.));
#7484=DIRECTION('',(0.,-1.,0.));
#7485=DIRECTION('',(0.,0.,-1.));
#7486=DIRECTION('',(0.,-1.,0.));
#7487=DIRECTION('',(-1.,0.,0.));
#7488=DIRECTION('',(0.,0.,1.));
#7489=DIRECTION('',(0.,-1.,0.));
#7490=DIRECTION('',(0.,-1.,0.));
#7491=DIRECTION('',(0.,0.,-1.));
#7492=DIRECTION('',(0.,-1.,0.));
#7493=DIRECTION('',(0.,0.,-1.));
#7494=DIRECTION('',(0.,-1.,0.));
#7495=DIRECTION('',(0.,-1.,0.));
#7496=DIRECTION('',(0.570662637681706,0.,-0.821184604065467));
#7497=DIRECTION('',(-0.821184604065467,0.,-0.570662637681706));
#7498=DIRECTION('',(0.,-1.,0.));
#7499=DIRECTION('',(0.,-1.,0.));
#7500=DIRECTION('',(0.,0.,-1.));
#7501=DIRECTION('',(0.,-1.,0.));
#7502=DIRECTION('',(-1.,0.,9.57014557031913E-17));
#7503=DIRECTION('',(9.57014557031913E-17,0.,1.));
#7504=DIRECTION('',(0.,-1.,0.));
#7505=DIRECTION('',(0.,-1.,0.));
#7506=DIRECTION('',(0.,0.,-1.));
#7507=DIRECTION('',(0.,-1.,0.));
#7508=DIRECTION('',(-1.,0.,0.));
#7509=DIRECTION('',(0.,0.,1.));
#7510=DIRECTION('',(0.,-1.,0.));
#7511=DIRECTION('',(-0.570662637681706,0.,0.821184604065467));
#7512=DIRECTION('',(0.821184604065467,0.,0.570662637681706));
#7513=DIRECTION('',(0.,-1.,0.));
#7514=DIRECTION('',(0.,-1.,0.));
#7515=DIRECTION('',(0.,0.,-1.));
#7516=DIRECTION('',(0.,-1.,0.));
#7517=DIRECTION('',(0.,0.,-1.));
#7518=DIRECTION('',(0.,-1.,0.));
#7519=DIRECTION('',(0.,-1.,0.));
#7520=DIRECTION('',(-0.570662637681706,0.,0.821184604065467));
#7521=DIRECTION('',(0.821184604065467,0.,0.570662637681706));
#7522=DIRECTION('',(0.,-1.,0.));
#7523=DIRECTION('',(0.,-1.,0.));
#7524=DIRECTION('',(0.,0.,-1.));
#7525=DIRECTION('',(0.,-1.,0.));
#7526=DIRECTION('',(-1.,0.,9.57014557031913E-17));
#7527=DIRECTION('',(9.57014557031913E-17,0.,1.));
#7528=DIRECTION('',(0.,-1.,0.));
#7529=DIRECTION('',(0.,-1.,0.));
#7530=DIRECTION('',(0.,0.,-1.));
#7531=DIRECTION('',(0.,-1.,0.));
#7532=DIRECTION('',(-1.,0.,4.78507278515956E-17));
#7533=DIRECTION('',(4.78507278515956E-17,0.,1.));
#7534=DIRECTION('',(0.,-1.,0.));
#7535=DIRECTION('',(0.570662637681706,0.,-0.821184604065467));
#7536=DIRECTION('',(-0.821184604065467,0.,-0.570662637681706));
#7537=DIRECTION('',(0.,-1.,0.));
#7538=DIRECTION('',(0.,-1.,0.));
#7539=DIRECTION('',(0.,0.,-1.));
#7540=DIRECTION('',(0.,-1.,0.));
#7541=DIRECTION('',(0.,0.,-1.));
#7542=DIRECTION('',(0.,-1.,0.));
#7543=DIRECTION('',(0.,-1.,0.));
#7544=DIRECTION('',(-0.570662637681707,0.,0.821184604065467));
#7545=DIRECTION('',(0.821184604065467,0.,0.570662637681707));
#7546=DIRECTION('',(0.,-1.,0.));
#7547=DIRECTION('',(0.,-1.,0.));
#7548=DIRECTION('',(0.,0.,-1.));
#7549=DIRECTION('',(0.,-1.,0.));
#7550=DIRECTION('',(-1.,0.,9.57014557031913E-17));
#7551=DIRECTION('',(9.57014557031913E-17,0.,1.));
#7552=DIRECTION('',(0.,-1.,0.));
#7553=DIRECTION('',(0.,-1.,0.));
#7554=DIRECTION('',(0.,0.,-1.));
#7555=DIRECTION('',(0.,-1.,0.));
#7556=DIRECTION('',(-1.,0.,0.));
#7557=DIRECTION('',(0.,0.,1.));
#7558=DIRECTION('',(0.,-1.,0.));
#7559=DIRECTION('',(0.570662637681706,0.,-0.821184604065467));
#7560=DIRECTION('',(-0.821184604065467,0.,-0.570662637681706));
#7561=DIRECTION('',(0.,-1.,0.));
#7562=DIRECTION('',(0.,-1.,0.));
#7563=DIRECTION('',(0.,0.,-1.));
#7564=DIRECTION('',(0.,-1.,0.));
#7565=DIRECTION('',(0.,0.,-1.));
#7566=DIRECTION('',(0.,-1.,0.));
#7567=DIRECTION('',(0.,-1.,0.));
#7568=DIRECTION('',(-0.570662637681706,0.,0.821184604065467));
#7569=DIRECTION('',(0.821184604065467,0.,0.570662637681706));
#7570=DIRECTION('',(0.,-1.,0.));
#7571=DIRECTION('',(0.,-1.,0.));
#7572=DIRECTION('',(0.,0.,-1.));
#7573=DIRECTION('',(0.,-1.,0.));
#7574=DIRECTION('',(-1.,0.,0.));
#7575=DIRECTION('',(0.,0.,1.));
#7576=DIRECTION('',(0.,-1.,0.));
#7577=DIRECTION('',(0.,-1.,0.));
#7578=DIRECTION('',(0.,0.,-1.));
#7579=DIRECTION('',(0.,-1.,0.));
#7580=DIRECTION('',(-1.,0.,0.));
#7581=DIRECTION('',(0.,0.,1.));
#7582=DIRECTION('',(0.,-1.,0.));
#7583=DIRECTION('',(0.570662637681706,0.,-0.821184604065467));
#7584=DIRECTION('',(-0.821184604065467,0.,-0.570662637681706));
#7585=DIRECTION('',(0.,-1.,0.));
#7586=DIRECTION('',(0.,-1.,0.));
#7587=DIRECTION('',(0.,0.,-1.));
#7588=DIRECTION('',(0.,-1.,0.));
#7589=DIRECTION('',(0.,0.,-1.));
#7590=DIRECTION('',(0.,-1.,0.));
#7591=DIRECTION('',(0.,-1.,0.));
#7592=DIRECTION('',(-0.570662637681707,0.,0.821184604065467));
#7593=DIRECTION('',(0.821184604065467,0.,0.570662637681707));
#7594=DIRECTION('',(0.,-1.,0.));
#7595=DIRECTION('',(0.,-1.,0.));
#7596=DIRECTION('',(0.,0.,-1.));
#7597=DIRECTION('',(0.,-1.,0.));
#7598=DIRECTION('',(-1.,0.,0.));
#7599=DIRECTION('',(0.,0.,1.));
#7600=DIRECTION('',(0.,-1.,0.));
#7601=DIRECTION('',(0.,-1.,0.));
#7602=DIRECTION('',(0.,0.,-1.));
#7603=DIRECTION('',(0.,-1.,0.));
#7604=DIRECTION('',(-1.,0.,0.));
#7605=DIRECTION('',(0.,0.,1.));
#7606=DIRECTION('',(0.,-1.,0.));
#7607=DIRECTION('',(0.570662637681706,0.,-0.821184604065467));
#7608=DIRECTION('',(-0.821184604065467,0.,-0.570662637681706));
#7609=DIRECTION('',(0.,-1.,0.));
#7610=DIRECTION('',(0.,-1.,0.));
#7611=DIRECTION('',(0.,0.,-1.));
#7612=DIRECTION('',(0.,-1.,0.));
#7613=DIRECTION('',(0.,0.,-1.));
#7614=DIRECTION('',(0.,-1.,0.));
#7615=DIRECTION('',(0.,-1.,0.));
#7616=DIRECTION('',(-0.570662637681707,0.,0.821184604065467));
#7617=DIRECTION('',(0.821184604065467,0.,0.570662637681707));
#7618=DIRECTION('',(0.,-1.,0.));
#7619=DIRECTION('',(0.,-1.,0.));
#7620=DIRECTION('',(0.,0.,-1.));
#7621=DIRECTION('',(0.,-1.,0.));
#7622=DIRECTION('',(-1.,0.,0.));
#7623=DIRECTION('',(0.,0.,1.));
#7624=DIRECTION('',(0.,-1.,0.));
#7625=DIRECTION('',(0.,-1.,0.));
#7626=DIRECTION('',(0.,0.,-1.));
#7627=DIRECTION('',(0.,-1.,0.));
#7628=DIRECTION('',(-1.,0.,0.));
#7629=DIRECTION('',(0.,0.,1.));
#7630=DIRECTION('',(0.,-1.,0.));
#7631=DIRECTION('',(0.570662637681706,0.,-0.821184604065467));
#7632=DIRECTION('',(-0.821184604065467,0.,-0.570662637681706));
#7633=DIRECTION('',(0.,-1.,0.));
#7634=DIRECTION('',(0.,-1.,0.));
#7635=DIRECTION('',(0.,0.,-1.));
#7636=CARTESIAN_POINT('',(0.,0.,0.));
#7637=CARTESIAN_POINT('',(0.0409320342570212,-0.0217591200960954,0.));
#7638=CARTESIAN_POINT('',(0.0232349957671849,-0.0217591200960954,0.0127633320574276));
#7639=CARTESIAN_POINT('',(0.0226643331295031,-0.0217591200960954,0.0135845166614931));
#7640=CARTESIAN_POINT('',(0.0242349957671849,-0.0217591200960954,0.0127633320574276));
#7641=CARTESIAN_POINT('',(0.0286170829217544,-0.0217591200960954,0.0177212380285129));
#7642=CARTESIAN_POINT('',(0.0205584101091759,-0.0217591200960954,0.0121210557300716));
#7643=CARTESIAN_POINT('',(0.0211290727468576,-0.0217591200960954,0.0112998711260061));
#7644=CARTESIAN_POINT('',(0.0201290727468575,-0.0217591200960954,0.0112998711260061));
#7645=CARTESIAN_POINT('',(0.0201290727468575,-0.0217591200960954,0.));
#7646=CARTESIAN_POINT('',(0.0201290727468575,-0.0217591200960954,0.00223666794257241));
#7647=CARTESIAN_POINT('',(0.0211290727468576,-0.0217591200960954,0.00223666794257241));
#7648=CARTESIAN_POINT('',(0.0216997353845392,-0.0217591200960954,0.00141548333850694));
#7649=CARTESIAN_POINT('',(0.0340056007828747,-0.0217591200960954,0.00996715073753473));
#7650=CARTESIAN_POINT('',(0.0238056584048666,-0.0217591200960954,0.00287894426992841));
#7651=CARTESIAN_POINT('',(0.0232349957671849,-0.0217591200960954,0.00370012887399388));
#7652=CARTESIAN_POINT('',(0.0242349957671849,-0.0217591200960954,0.00370012887399388));
#7653=CARTESIAN_POINT('',(0.0242349957671849,-0.0217591200960954,0.));
#7654=CARTESIAN_POINT('',(0.0176349957671849,-0.0217591200960954,0.0127633320574276));
#7655=CARTESIAN_POINT('',(0.0170643331295031,-0.0217591200960954,0.0135845166614931));
#7656=CARTESIAN_POINT('',(0.0186349957671848,-0.0217591200960954,0.0127633320574276));
#7657=CARTESIAN_POINT('',(0.0267934101838977,-0.0217591200960954,0.0203455065127187));
#7658=CARTESIAN_POINT('',(0.0149584101091758,-0.0217591200960954,0.0121210557300716));
#7659=CARTESIAN_POINT('',(0.0155290727468575,-0.0217591200960954,0.0112998711260061));
#7660=CARTESIAN_POINT('',(0.0145290727468575,-0.0217591200960954,0.0112998711260061));
#7661=CARTESIAN_POINT('',(0.0145290727468575,-0.0217591200960954,0.));
#7662=CARTESIAN_POINT('',(0.0145290727468575,-0.0217591200960954,0.00223666794257241));
#7663=CARTESIAN_POINT('',(0.0155290727468575,-0.0217591200960954,0.00223666794257241));
#7664=CARTESIAN_POINT('',(0.0160997353845393,-0.0217591200960954,0.00141548333850694));
#7665=CARTESIAN_POINT('',(0.0321819280450181,-0.0217591200960954,0.0125914192217405));
#7666=CARTESIAN_POINT('',(0.0182056584048666,-0.0217591200960954,0.00287894426992841));
#7667=CARTESIAN_POINT('',(0.0176349957671849,-0.0217591200960954,0.00370012887399388));
#7668=CARTESIAN_POINT('',(0.0186349957671848,-0.0217591200960954,0.00370012887399388));
#7669=CARTESIAN_POINT('',(0.0186349957671848,-0.0217591200960954,0.));
#7670=CARTESIAN_POINT('',(0.0120349957671849,-0.0217591200960954,0.0127633320574276));
#7671=CARTESIAN_POINT('',(0.0114643331295032,-0.0217591200960954,0.0135845166614931));
#7672=CARTESIAN_POINT('',(0.0130349957671849,-0.0217591200960954,0.0127633320574276));
#7673=CARTESIAN_POINT('',(0.024969737446041,-0.0217591200960954,0.0229697749969245));
#7674=CARTESIAN_POINT('',(0.00935841010917583,-0.0217591200960954,0.0121210557300716));
#7675=CARTESIAN_POINT('',(0.00992907274685754,-0.0217591200960954,0.0112998711260061));
#7676=CARTESIAN_POINT('',(0.00892907274685754,-0.0217591200960954,0.0112998711260061));
#7677=CARTESIAN_POINT('',(0.00892907274685754,-0.0217591200960954,0.));
#7678=CARTESIAN_POINT('',(0.00892907274685754,-0.0217591200960954,0.00223666794257241));
#7679=CARTESIAN_POINT('',(0.00992907274685754,-0.0217591200960954,0.00223666794257241));
#7680=CARTESIAN_POINT('',(0.0104997353845392,-0.0217591200960954,0.00141548333850694));
#7681=CARTESIAN_POINT('',(0.0303582553071614,-0.0217591200960954,0.0152156877059463));
#7682=CARTESIAN_POINT('',(0.0126056584048666,-0.0217591200960954,0.00287894426992841));
#7683=CARTESIAN_POINT('',(0.0120349957671849,-0.0217591200960954,0.00370012887399389));
#7684=CARTESIAN_POINT('',(0.0130349957671849,-0.0217591200960954,0.00370012887399388));
#7685=CARTESIAN_POINT('',(0.0130349957671849,-0.0217591200960954,0.));
#7686=CARTESIAN_POINT('',(0.00643499576718487,-0.0217591200960954,0.0127633320574276));
#7687=CARTESIAN_POINT('',(0.00586433312950317,-0.0217591200960954,0.0135845166614931));
#7688=CARTESIAN_POINT('',(0.00743499576718487,-0.0217591200960954,0.0127633320574276));
#7689=CARTESIAN_POINT('',(0.0231460647081843,-0.0217591200960954,0.0255940434811303));
#7690=CARTESIAN_POINT('',(0.00375841010917583,-0.0217591200960954,0.0121210557300716));
#7691=CARTESIAN_POINT('',(0.00432907274685754,-0.0217591200960954,0.0112998711260061));
#7692=CARTESIAN_POINT('',(0.00332907274685754,-0.0217591200960954,0.0112998711260061));
#7693=CARTESIAN_POINT('',(0.00332907274685753,-0.0217591200960954,3.59865815527373E-18));
#7694=CARTESIAN_POINT('',(0.00332907274685753,-0.0217591200960954,0.00223666794257241));
#7695=CARTESIAN_POINT('',(0.00432907274685754,-0.0217591200960954,0.00223666794257241));
#7696=CARTESIAN_POINT('',(0.00489973538453924,-0.0217591200960954,0.00141548333850694));
#7697=CARTESIAN_POINT('',(0.0285345825693046,-0.0217591200960954,0.0178399561901521));
#7698=CARTESIAN_POINT('',(0.00700565840486658,-0.0217591200960954,0.00287894426992841));
#7699=CARTESIAN_POINT('',(0.00643499576718487,-0.0217591200960954,0.00370012887399388));
#7700=CARTESIAN_POINT('',(0.00743499576718487,-0.0217591200960954,0.00370012887399388));
#7701=CARTESIAN_POINT('',(0.00743499576718487,-0.0217591200960954,0.));
#7702=CARTESIAN_POINT('',(0.000834995767184875,-0.0217591200960954,0.0127633320574276));
#7703=CARTESIAN_POINT('',(0.000264333129503168,-0.0217591200960954,0.0135845166614931));
#7704=CARTESIAN_POINT('',(0.00183499576718487,-0.0217591200960954,0.0127633320574276));
#7705=CARTESIAN_POINT('',(0.0213223919703276,-0.0217591200960954,0.0282183119653361));
#7706=CARTESIAN_POINT('',(-0.00184158989082417,-0.0217591200960954,0.0121210557300716));
#7707=CARTESIAN_POINT('',(-0.00127092725314247,-0.0217591200960954,0.0112998711260061));
#7708=CARTESIAN_POINT('',(-0.00227092725314246,-0.0217591200960954,0.0112998711260061));
#7709=CARTESIAN_POINT('',(-0.00227092725314247,-0.0217591200960954,4.1345863072116E-18));
#7710=CARTESIAN_POINT('',(-0.00227092725314247,-0.0217591200960954,0.00223666794257241));
#7711=CARTESIAN_POINT('',(-0.00127092725314246,-0.0217591200960954,0.00223666794257241));
#7712=CARTESIAN_POINT('',(-0.000700264615460758,-0.0217591200960954,0.00141548333850694));
#7713=CARTESIAN_POINT('',(0.0267109098314479,-0.0217591200960954,0.020464224674358));
#7714=CARTESIAN_POINT('',(0.00140565840486658,-0.0217591200960954,0.00287894426992841));
#7715=CARTESIAN_POINT('',(0.000834995767184875,-0.0217591200960954,0.00370012887399388));
#7716=CARTESIAN_POINT('',(0.00183499576718487,-0.0217591200960954,0.00370012887399388));
#7717=CARTESIAN_POINT('',(0.00183499576718487,-0.0217591200960954,1.87082174858052E-18));
#7718=CARTESIAN_POINT('',(-0.00687092725314246,-0.0217591200960954,0.00223666794257241));
#7719=CARTESIAN_POINT('',(-0.00630026461546076,-0.0217591200960954,0.00141548333850694));
#7720=CARTESIAN_POINT('',(-0.00787092725314246,-0.0217591200960954,0.00223666794257241));
#7721=CARTESIAN_POINT('',(0.0248872370935912,-0.0217591200960954,0.0230884931585638));
#7722=CARTESIAN_POINT('',(-0.00419434159513342,-0.0217591200960954,0.00287894426992841));
#7723=CARTESIAN_POINT('',(-0.00476500423281513,-0.0217591200960954,0.00370012887399388));
#7724=CARTESIAN_POINT('',(-0.00376500423281512,-0.0217591200960954,0.00370012887399389));
#7725=CARTESIAN_POINT('',(-0.00376500423281512,-0.0217591200960954,4.27757164909891E-18));
#7726=CARTESIAN_POINT('',(-0.00376500423281513,-0.0217591200960954,0.0127633320574276));
#7727=CARTESIAN_POINT('',(-0.00476500423281513,-0.0217591200960954,0.0127633320574276));
#7728=CARTESIAN_POINT('',(-0.00533566687049683,-0.0217591200960954,0.0135845166614931));
#7729=CARTESIAN_POINT('',(0.0194987192324708,-0.0217591200960954,0.0308425804495419));
#7730=CARTESIAN_POINT('',(-0.00744158989082417,-0.0217591200960954,0.0121210557300716));
#7731=CARTESIAN_POINT('',(-0.00687092725314246,-0.0217591200960954,0.0112998711260061));
#7732=CARTESIAN_POINT('',(-0.00787092725314246,-0.0217591200960954,0.0112998711260061));
#7733=CARTESIAN_POINT('',(-0.00787092725314247,-0.0217591200960954,0.));
#7734=CARTESIAN_POINT('',(0.0359320342570212,-0.0217591200960954,0.));
#7735=CARTESIAN_POINT('',(0.0359320342570212,-0.0217591200960954,0.));
#7736=CARTESIAN_POINT('',(0.0359320342570212,-0.0217591200960954,0.02));
#7737=CARTESIAN_POINT('',(0.0175570342570212,-0.0217591200960954,0.));
#7738=CARTESIAN_POINT('',(-0.0475679657429787,-0.0217591200960954,0.));
#7739=CARTESIAN_POINT('',(-0.0475679657429788,-0.0217591200960954,0.));
#7740=CARTESIAN_POINT('',(-0.0475679657429788,-0.0217591200960954,0.02));
#7741=CARTESIAN_POINT('',(0.0409320342570212,-0.0217591200960954,0.02));
#7742=CARTESIAN_POINT('',(-0.0317650042328152,-0.0217591200960954,0.));
#7743=CARTESIAN_POINT('',(-0.0317650042328151,-0.0217591200960954,0.00223666794257241));
#7744=CARTESIAN_POINT('',(-0.0317650042328152,-0.0217591200960954,0.0112998711260061));
#7745=CARTESIAN_POINT('',(-0.0327650042328151,-0.0217591200960954,0.0112998711260061));
#7746=CARTESIAN_POINT('',(-0.0321943415951334,-0.0217591200960954,0.0121210557300716));
#7747=CARTESIAN_POINT('',(0.0227981639870017,-0.0217591200960954,-0.0260946732702804));
#7748=CARTESIAN_POINT('',(-0.0343002646154607,-0.0217591200960954,0.0135845166614931));
#7749=CARTESIAN_POINT('',(-0.0348709272531424,-0.0217591200960954,0.0127633320574276));
#7750=CARTESIAN_POINT('',(-0.0358709272531424,-0.0217591200960954,0.0127633320574276));
#7751=CARTESIAN_POINT('',(-0.0358709272531424,-0.0217591200960954,0.));
#7752=CARTESIAN_POINT('',(-0.0358709272531424,-0.0217591200960954,0.00370012887399388));
#7753=CARTESIAN_POINT('',(-0.0348709272531424,-0.0217591200960954,0.00370012887399388));
#7754=CARTESIAN_POINT('',(-0.0354415898908241,-0.0217591200960954,0.00287894426992841));
#7755=CARTESIAN_POINT('',(0.0174096461258814,-0.0217591200960954,-0.0338487605612585));
#7756=CARTESIAN_POINT('',(-0.0333356668704968,-0.0217591200960954,0.00141548333850694));
#7757=CARTESIAN_POINT('',(-0.0327650042328151,-0.0217591200960954,0.00223666794257241));
#7758=CARTESIAN_POINT('',(-0.0271650042328151,-0.0217591200960954,0.0022366679425724));
#7759=CARTESIAN_POINT('',(-0.0277356668704969,-0.0217591200960954,0.00141548333850694));
#7760=CARTESIAN_POINT('',(-0.0261650042328152,-0.0217591200960954,0.00223666794257241));
#7761=CARTESIAN_POINT('',(-0.0261650042328151,-0.0217591200960954,0.));
#7762=CARTESIAN_POINT('',(-0.0261650042328151,-0.0217591200960954,0.0112998711260061));
#7763=CARTESIAN_POINT('',(-0.0271650042328151,-0.0217591200960954,0.0112998711260061));
#7764=CARTESIAN_POINT('',(-0.0265943415951334,-0.0217591200960954,0.0121210557300716));
#7765=CARTESIAN_POINT('',(0.0246218367248584,-0.0217591200960954,-0.0234704047860745));
#7766=CARTESIAN_POINT('',(-0.0287002646154608,-0.0217591200960954,0.0135845166614931));
#7767=CARTESIAN_POINT('',(-0.0292709272531425,-0.0217591200960954,0.0127633320574276));
#7768=CARTESIAN_POINT('',(-0.0302709272531424,-0.0217591200960954,0.0127633320574276));
#7769=CARTESIAN_POINT('',(-0.0302709272531424,-0.0217591200960954,0.));
#7770=CARTESIAN_POINT('',(-0.0302709272531424,-0.0217591200960954,0.00370012887399388));
#7771=CARTESIAN_POINT('',(-0.0292709272531425,-0.0217591200960954,0.00370012887399388));
#7772=CARTESIAN_POINT('',(-0.0298415898908241,-0.0217591200960954,0.00287894426992841));
#7773=CARTESIAN_POINT('',(0.0192333188637381,-0.0217591200960954,-0.0312244920770527));
#7774=CARTESIAN_POINT('',(-0.0236709272531424,-0.0217591200960954,0.00370012887399388));
#7775=CARTESIAN_POINT('',(-0.0246709272531425,-0.0217591200960954,0.00370012887399388));
#7776=CARTESIAN_POINT('',(-0.0242415898908242,-0.0217591200960954,0.00287894426992841));
#7777=CARTESIAN_POINT('',(0.0210569916015948,-0.0217591200960954,-0.0286002235928469));
#7778=CARTESIAN_POINT('',(-0.0221356668704968,-0.0217591200960954,0.00141548333850694));
#7779=CARTESIAN_POINT('',(-0.0215650042328151,-0.0217591200960954,0.00223666794257241));
#7780=CARTESIAN_POINT('',(-0.0205650042328151,-0.0217591200960954,0.00223666794257241));
#7781=CARTESIAN_POINT('',(-0.0205650042328151,-0.0217591200960954,0.));
#7782=CARTESIAN_POINT('',(-0.0205650042328151,-0.0217591200960954,0.0112998711260061));
#7783=CARTESIAN_POINT('',(-0.0215650042328151,-0.0217591200960954,0.0112998711260061));
#7784=CARTESIAN_POINT('',(-0.0209943415951334,-0.0217591200960954,0.0121210557300716));
#7785=CARTESIAN_POINT('',(0.0264455094627151,-0.0217591200960954,-0.0208461363018687));
#7786=CARTESIAN_POINT('',(-0.0231002646154608,-0.0217591200960954,0.0135845166614931));
#7787=CARTESIAN_POINT('',(-0.0236709272531424,-0.0217591200960954,0.0127633320574276));
#7788=CARTESIAN_POINT('',(-0.0246709272531425,-0.0217591200960954,0.0127633320574276));
#7789=CARTESIAN_POINT('',(-0.0246709272531425,-0.0217591200960954,0.));
#7790=CARTESIAN_POINT('',(-0.0159650042328151,-0.0217591200960954,0.00223666794257241));
#7791=CARTESIAN_POINT('',(-0.0165356668704968,-0.0217591200960954,0.00141548333850694));
#7792=CARTESIAN_POINT('',(-0.0149650042328151,-0.0217591200960954,0.00223666794257241));
#7793=CARTESIAN_POINT('',(-0.0149650042328151,-0.0217591200960954,0.));
#7794=CARTESIAN_POINT('',(-0.0149650042328151,-0.0217591200960954,0.0112998711260061));
#7795=CARTESIAN_POINT('',(-0.0159650042328151,-0.0217591200960954,0.0112998711260061));
#7796=CARTESIAN_POINT('',(-0.0153943415951334,-0.0217591200960954,0.0121210557300716));
#7797=CARTESIAN_POINT('',(0.0282691822005719,-0.0217591200960954,-0.018221867817663));
#7798=CARTESIAN_POINT('',(-0.0175002646154607,-0.0217591200960954,0.0135845166614931));
#7799=CARTESIAN_POINT('',(-0.0180709272531425,-0.0217591200960954,0.0127633320574276));
#7800=CARTESIAN_POINT('',(-0.0190709272531425,-0.0217591200960954,0.0127633320574276));
#7801=CARTESIAN_POINT('',(-0.0190709272531425,-0.0217591200960954,0.));
#7802=CARTESIAN_POINT('',(-0.0190709272531425,-0.0217591200960954,0.00370012887399388));
#7803=CARTESIAN_POINT('',(-0.0180709272531425,-0.0217591200960954,0.00370012887399388));
#7804=CARTESIAN_POINT('',(-0.0186415898908242,-0.0217591200960954,0.00287894426992841));
#7805=CARTESIAN_POINT('',(0.0228806643394515,-0.0217591200960954,-0.0259759551086412));
#7806=CARTESIAN_POINT('',(-0.0103650042328151,-0.0217591200960954,0.0112998711260061));
#7807=CARTESIAN_POINT('',(-0.00936500423281512,-0.0217591200960954,0.0112998711260061));
#7808=CARTESIAN_POINT('',(-0.00979434159513341,-0.0217591200960954,0.0121210557300716));
#7809=CARTESIAN_POINT('',(0.0300928549384286,-0.0217591200960954,-0.0155975993334571));
#7810=CARTESIAN_POINT('',(-0.0119002646154607,-0.0217591200960954,0.0135845166614931));
#7811=CARTESIAN_POINT('',(-0.0124709272531425,-0.0217591200960954,0.0127633320574276));
#7812=CARTESIAN_POINT('',(-0.0134709272531425,-0.0217591200960954,0.0127633320574276));
#7813=CARTESIAN_POINT('',(-0.0134709272531425,-0.0217591200960954,0.));
#7814=CARTESIAN_POINT('',(-0.0134709272531425,-0.0217591200960954,0.00370012887399388));
#7815=CARTESIAN_POINT('',(-0.0124709272531424,-0.0217591200960954,0.00370012887399389));
#7816=CARTESIAN_POINT('',(-0.0130415898908242,-0.0217591200960954,0.00287894426992841));
#7817=CARTESIAN_POINT('',(0.0247043370773082,-0.0217591200960954,-0.0233516866244354));
#7818=CARTESIAN_POINT('',(-0.0109356668704968,-0.0217591200960954,0.00141548333850694));
#7819=CARTESIAN_POINT('',(-0.0103650042328151,-0.0217591200960954,0.00223666794257241));
#7820=CARTESIAN_POINT('',(-0.00936500423281512,-0.0217591200960954,0.00223666794257241));
#7821=CARTESIAN_POINT('',(-0.00936500423281512,-0.0217591200960954,0.));
#7822=CARTESIAN_POINT('',(-0.0525679657429788,0.0257408799039046,0.));
#7823=CARTESIAN_POINT('',(0.0232349957671849,0.0257408799039046,0.0127633320574276));
#7824=CARTESIAN_POINT('',(0.0242349957671849,0.0257408799039046,0.0127633320574276));
#7825=CARTESIAN_POINT('',(0.0226643331295031,0.0257408799039046,0.0135845166614931));
#7826=CARTESIAN_POINT('',(0.0242349957671849,0.0257408799039046,0.));
#7827=CARTESIAN_POINT('',(0.0242349957671849,0.0257408799039046,0.00370012887399388));
#7828=CARTESIAN_POINT('',(0.0232349957671849,0.0257408799039046,0.00370012887399388));
#7829=CARTESIAN_POINT('',(0.0238056584048666,0.0257408799039046,0.00287894426992841));
#7830=CARTESIAN_POINT('',(-0.029045577611839,0.0257408799039046,-0.0338487605612585));
#7831=CARTESIAN_POINT('',(0.0216997353845392,0.0257408799039046,0.00141548333850694));
#7832=CARTESIAN_POINT('',(0.0211290727468576,0.0257408799039046,0.00223666794257241));
#7833=CARTESIAN_POINT('',(0.0201290727468575,0.0257408799039046,0.00223666794257241));
#7834=CARTESIAN_POINT('',(0.0201290727468575,0.0257408799039046,0.));
#7835=CARTESIAN_POINT('',(0.0201290727468575,0.0257408799039046,0.0112998711260061));
#7836=CARTESIAN_POINT('',(0.0211290727468576,0.0257408799039046,0.0112998711260061));
#7837=CARTESIAN_POINT('',(0.0205584101091759,0.0257408799039046,0.0121210557300716));
#7838=CARTESIAN_POINT('',(-0.0344340954729593,0.0257408799039046,-0.0260946732702804));
#7839=CARTESIAN_POINT('',(0.0176349957671849,0.0257408799039046,0.0127633320574276));
#7840=CARTESIAN_POINT('',(0.0186349957671848,0.0257408799039046,0.0127633320574276));
#7841=CARTESIAN_POINT('',(0.0170643331295031,0.0257408799039046,0.0135845166614931));
#7842=CARTESIAN_POINT('',(0.0186349957671848,0.0257408799039046,0.));
#7843=CARTESIAN_POINT('',(0.0186349957671848,0.0257408799039046,0.00370012887399388));
#7844=CARTESIAN_POINT('',(0.0176349957671849,0.0257408799039046,0.00370012887399388));
#7845=CARTESIAN_POINT('',(0.0182056584048666,0.0257408799039046,0.00287894426992841));
#7846=CARTESIAN_POINT('',(-0.0308692503496957,0.0257408799039046,-0.0312244920770527));
#7847=CARTESIAN_POINT('',(0.0160997353845393,0.0257408799039046,0.00141548333850694));
#7848=CARTESIAN_POINT('',(0.0155290727468575,0.0257408799039046,0.00223666794257241));
#7849=CARTESIAN_POINT('',(0.0145290727468575,0.0257408799039046,0.00223666794257241));
#7850=CARTESIAN_POINT('',(0.0145290727468575,0.0257408799039046,0.));
#7851=CARTESIAN_POINT('',(0.0145290727468575,0.0257408799039046,0.0112998711260061));
#7852=CARTESIAN_POINT('',(0.0155290727468575,0.0257408799039046,0.0112998711260061));
#7853=CARTESIAN_POINT('',(0.0149584101091758,0.0257408799039046,0.0121210557300716));
#7854=CARTESIAN_POINT('',(-0.036257768210816,0.0257408799039046,-0.0234704047860746));
#7855=CARTESIAN_POINT('',(0.0120349957671849,0.0257408799039046,0.0127633320574276));
#7856=CARTESIAN_POINT('',(0.0130349957671849,0.0257408799039046,0.0127633320574276));
#7857=CARTESIAN_POINT('',(0.0114643331295032,0.0257408799039046,0.0135845166614931));
#7858=CARTESIAN_POINT('',(0.0130349957671849,0.0257408799039046,0.));
#7859=CARTESIAN_POINT('',(0.0130349957671849,0.0257408799039046,0.00370012887399388));
#7860=CARTESIAN_POINT('',(0.0120349957671849,0.0257408799039046,0.00370012887399389));
#7861=CARTESIAN_POINT('',(0.0126056584048666,0.0257408799039046,0.00287894426992841));
#7862=CARTESIAN_POINT('',(-0.0326929230875524,0.0257408799039046,-0.0286002235928469));
#7863=CARTESIAN_POINT('',(0.0104997353845392,0.0257408799039046,0.00141548333850694));
#7864=CARTESIAN_POINT('',(0.00992907274685754,0.0257408799039046,0.00223666794257241));
#7865=CARTESIAN_POINT('',(0.00892907274685754,0.0257408799039046,0.00223666794257241));
#7866=CARTESIAN_POINT('',(0.00892907274685754,0.0257408799039046,0.));
#7867=CARTESIAN_POINT('',(0.00892907274685754,0.0257408799039046,0.0112998711260061));
#7868=CARTESIAN_POINT('',(0.00992907274685754,0.0257408799039046,0.0112998711260061));
#7869=CARTESIAN_POINT('',(0.00935841010917583,0.0257408799039046,0.0121210557300716));
#7870=CARTESIAN_POINT('',(-0.0380814409486728,0.0257408799039046,-0.0208461363018687));
#7871=CARTESIAN_POINT('',(0.00643499576718487,0.0257408799039046,0.0127633320574276));
#7872=CARTESIAN_POINT('',(0.00743499576718487,0.0257408799039046,0.0127633320574276));
#7873=CARTESIAN_POINT('',(0.00586433312950317,0.0257408799039046,0.0135845166614931));
#7874=CARTESIAN_POINT('',(0.00743499576718487,0.0257408799039046,0.));
#7875=CARTESIAN_POINT('',(0.00743499576718487,0.0257408799039046,0.00370012887399388));
#7876=CARTESIAN_POINT('',(0.00643499576718487,0.0257408799039046,0.00370012887399388));
#7877=CARTESIAN_POINT('',(0.00700565840486658,0.0257408799039046,0.00287894426992841));
#7878=CARTESIAN_POINT('',(-0.0345165958254091,0.0257408799039046,-0.0259759551086412));
#7879=CARTESIAN_POINT('',(0.00489973538453924,0.0257408799039046,0.00141548333850694));
#7880=CARTESIAN_POINT('',(0.00432907274685754,0.0257408799039046,0.00223666794257241));
#7881=CARTESIAN_POINT('',(0.00332907274685753,0.0257408799039046,0.00223666794257241));
#7882=CARTESIAN_POINT('',(0.00332907274685753,0.0257408799039046,-5.34942795297465E-18));
#7883=CARTESIAN_POINT('',(0.00332907274685754,0.0257408799039046,0.0112998711260061));
#7884=CARTESIAN_POINT('',(0.00432907274685754,0.0257408799039046,0.0112998711260061));
#7885=CARTESIAN_POINT('',(0.00375841010917583,0.0257408799039046,0.0121210557300716));
#7886=CARTESIAN_POINT('',(-0.0399051136865295,0.0257408799039046,-0.018221867817663));
#7887=CARTESIAN_POINT('',(0.000834995767184875,0.0257408799039046,0.0127633320574276));
#7888=CARTESIAN_POINT('',(0.00183499576718487,0.0257408799039046,0.0127633320574276));
#7889=CARTESIAN_POINT('',(0.000264333129503168,0.0257408799039046,0.0135845166614931));
#7890=CARTESIAN_POINT('',(0.00183499576718487,0.0257408799039046,-2.60322130554367E-18));
#7891=CARTESIAN_POINT('',(0.00183499576718487,0.0257408799039046,0.00370012887399388));
#7892=CARTESIAN_POINT('',(0.000834995767184875,0.0257408799039046,0.00370012887399388));
#7893=CARTESIAN_POINT('',(0.00140565840486658,0.0257408799039046,0.00287894426992841));
#7894=CARTESIAN_POINT('',(-0.0363402685632659,0.0257408799039046,-0.0233516866244354));
#7895=CARTESIAN_POINT('',(-0.000700264615460758,0.0257408799039046,0.00141548333850694));
#7896=CARTESIAN_POINT('',(-0.00127092725314246,0.0257408799039046,0.00223666794257241));
#7897=CARTESIAN_POINT('',(-0.00227092725314247,0.0257408799039046,0.00223666794257241));
#7898=CARTESIAN_POINT('',(-0.00227092725314247,0.0257408799039046,-4.81349980103678E-18));
#7899=CARTESIAN_POINT('',(-0.00227092725314246,0.0257408799039046,0.0112998711260061));
#7900=CARTESIAN_POINT('',(-0.00127092725314247,0.0257408799039046,0.0112998711260061));
#7901=CARTESIAN_POINT('',(-0.00184158989082417,0.0257408799039046,0.0121210557300716));
#7902=CARTESIAN_POINT('',(-0.0417287864243862,0.0257408799039046,-0.0155975993334571));
#7903=CARTESIAN_POINT('',(-0.00687092725314246,0.0257408799039046,0.00223666794257241));
#7904=CARTESIAN_POINT('',(-0.00787092725314246,0.0257408799039046,0.00223666794257241));
#7905=CARTESIAN_POINT('',(-0.00630026461546076,0.0257408799039046,0.00141548333850694));
#7906=CARTESIAN_POINT('',(-0.00787092725314247,0.0257408799039046,0.));
#7907=CARTESIAN_POINT('',(-0.00787092725314246,0.0257408799039046,0.0112998711260061));
#7908=CARTESIAN_POINT('',(-0.00687092725314246,0.0257408799039046,0.0112998711260061));
#7909=CARTESIAN_POINT('',(-0.00744158989082417,0.0257408799039046,0.0121210557300716));
#7910=CARTESIAN_POINT('',(-0.0435524591622429,0.0257408799039046,-0.0129733308492514));
#7911=CARTESIAN_POINT('',(-0.00533566687049683,0.0257408799039046,0.0135845166614931));
#7912=CARTESIAN_POINT('',(-0.00476500423281513,0.0257408799039046,0.0127633320574276));
#7913=CARTESIAN_POINT('',(-0.00376500423281513,0.0257408799039046,0.0127633320574276));
#7914=CARTESIAN_POINT('',(-0.00376500423281512,0.0257408799039046,-4.67051445914948E-18));
#7915=CARTESIAN_POINT('',(-0.00376500423281512,0.0257408799039046,0.00370012887399389));
#7916=CARTESIAN_POINT('',(-0.00476500423281513,0.0257408799039046,0.00370012887399388));
#7917=CARTESIAN_POINT('',(-0.00419434159513342,0.0257408799039046,0.00287894426992841));
#7918=CARTESIAN_POINT('',(-0.0381639413011226,0.0257408799039046,-0.0207274181402295));
#7919=CARTESIAN_POINT('',(0.0359320342570212,0.0257408799039046,0.));
#7920=CARTESIAN_POINT('',(0.0359320342570212,0.0257408799039046,0.02));
#7921=CARTESIAN_POINT('',(0.0359320342570212,0.0257408799039046,0.));
#7922=CARTESIAN_POINT('',(-0.0525679657429788,0.0257408799039046,0.02));
#7923=CARTESIAN_POINT('',(-0.0475679657429788,0.0257408799039046,0.02));
#7924=CARTESIAN_POINT('',(-0.0475679657429788,0.0257408799039046,0.));
#7925=CARTESIAN_POINT('',(-0.0475679657429788,0.0257408799039046,0.));
#7926=CARTESIAN_POINT('',(-0.0291929657429788,0.0257408799039046,0.));
#7927=CARTESIAN_POINT('',(-0.040253014407712,0.0257408799039046,0.0177212380285129));
#7928=CARTESIAN_POINT('',(-0.0343002646154607,0.0257408799039046,0.0135845166614931));
#7929=CARTESIAN_POINT('',(-0.0321943415951334,0.0257408799039046,0.0121210557300716));
#7930=CARTESIAN_POINT('',(-0.0327650042328151,0.0257408799039046,0.0112998711260061));
#7931=CARTESIAN_POINT('',(-0.0317650042328151,0.0257408799039046,0.0112998711260061));
#7932=CARTESIAN_POINT('',(-0.0317650042328151,0.0257408799039046,0.));
#7933=CARTESIAN_POINT('',(-0.0317650042328151,0.0257408799039046,0.00223666794257241));
#7934=CARTESIAN_POINT('',(-0.0327650042328151,0.0257408799039046,0.00223666794257241));
#7935=CARTESIAN_POINT('',(-0.0333356668704968,0.0257408799039046,0.00141548333850694));
#7936=CARTESIAN_POINT('',(-0.0456415322688324,0.0257408799039046,0.00996715073753473));
#7937=CARTESIAN_POINT('',(-0.0354415898908241,0.0257408799039046,0.00287894426992841));
#7938=CARTESIAN_POINT('',(-0.0348709272531424,0.0257408799039046,0.00370012887399388));
#7939=CARTESIAN_POINT('',(-0.0358709272531424,0.0257408799039046,0.00370012887399388));
#7940=CARTESIAN_POINT('',(-0.0358709272531424,0.0257408799039046,0.));
#7941=CARTESIAN_POINT('',(-0.0358709272531424,0.0257408799039046,0.0127633320574276));
#7942=CARTESIAN_POINT('',(-0.0348709272531424,0.0257408799039046,0.0127633320574276));
#7943=CARTESIAN_POINT('',(-0.0271650042328151,0.0257408799039046,0.0112998711260061));
#7944=CARTESIAN_POINT('',(-0.0265943415951334,0.0257408799039046,0.0121210557300716));
#7945=CARTESIAN_POINT('',(-0.0261650042328151,0.0257408799039046,0.0112998711260061));
#7946=CARTESIAN_POINT('',(-0.0261650042328151,0.0257408799039046,0.));
#7947=CARTESIAN_POINT('',(-0.0261650042328151,0.0257408799039046,0.00223666794257241));
#7948=CARTESIAN_POINT('',(-0.0271650042328151,0.0257408799039046,0.0022366679425724));
#7949=CARTESIAN_POINT('',(-0.0277356668704969,0.0257408799039046,0.00141548333850693));
#7950=CARTESIAN_POINT('',(-0.0438178595309757,0.0257408799039046,0.0125914192217405));
#7951=CARTESIAN_POINT('',(-0.0298415898908241,0.0257408799039046,0.00287894426992841));
#7952=CARTESIAN_POINT('',(-0.0292709272531425,0.0257408799039046,0.00370012887399388));
#7953=CARTESIAN_POINT('',(-0.0302709272531424,0.0257408799039046,0.00370012887399388));
#7954=CARTESIAN_POINT('',(-0.0302709272531424,0.0257408799039046,0.));
#7955=CARTESIAN_POINT('',(-0.0302709272531424,0.0257408799039046,0.0127633320574276));
#7956=CARTESIAN_POINT('',(-0.0292709272531425,0.0257408799039046,0.0127633320574276));
#7957=CARTESIAN_POINT('',(-0.0287002646154608,0.0257408799039046,0.0135845166614931));
#7958=CARTESIAN_POINT('',(-0.0384293416698553,0.0257408799039046,0.0203455065127187));
#7959=CARTESIAN_POINT('',(-0.0215650042328151,0.0257408799039046,0.00223666794257241));
#7960=CARTESIAN_POINT('',(-0.0205650042328151,0.0257408799039046,0.00223666794257241));
#7961=CARTESIAN_POINT('',(-0.0221356668704968,0.0257408799039046,0.00141548333850694));
#7962=CARTESIAN_POINT('',(-0.0419941867931189,0.0257408799039046,0.0152156877059463));
#7963=CARTESIAN_POINT('',(-0.0242415898908242,0.0257408799039046,0.00287894426992841));
#7964=CARTESIAN_POINT('',(-0.0236709272531424,0.0257408799039046,0.00370012887399388));
#7965=CARTESIAN_POINT('',(-0.0246709272531425,0.0257408799039046,0.00370012887399388));
#7966=CARTESIAN_POINT('',(-0.0246709272531425,0.0257408799039046,0.));
#7967=CARTESIAN_POINT('',(-0.0246709272531425,0.0257408799039046,0.0127633320574276));
#7968=CARTESIAN_POINT('',(-0.0236709272531424,0.0257408799039046,0.0127633320574276));
#7969=CARTESIAN_POINT('',(-0.0231002646154608,0.0257408799039046,0.0135845166614931));
#7970=CARTESIAN_POINT('',(-0.0366056689319986,0.0257408799039046,0.0229697749969245));
#7971=CARTESIAN_POINT('',(-0.0209943415951334,0.0257408799039046,0.0121210557300716));
#7972=CARTESIAN_POINT('',(-0.0215650042328151,0.0257408799039046,0.0112998711260061));
#7973=CARTESIAN_POINT('',(-0.0205650042328151,0.0257408799039046,0.0112998711260061));
#7974=CARTESIAN_POINT('',(-0.0205650042328151,0.0257408799039046,0.));
#7975=CARTESIAN_POINT('',(-0.0159650042328151,0.0257408799039046,0.0112998711260061));
#7976=CARTESIAN_POINT('',(-0.0153943415951334,0.0257408799039046,0.0121210557300716));
#7977=CARTESIAN_POINT('',(-0.0149650042328151,0.0257408799039046,0.0112998711260061));
#7978=CARTESIAN_POINT('',(-0.0149650042328151,0.0257408799039046,0.));
#7979=CARTESIAN_POINT('',(-0.0149650042328151,0.0257408799039046,0.00223666794257241));
#7980=CARTESIAN_POINT('',(-0.0159650042328151,0.0257408799039046,0.00223666794257241));
#7981=CARTESIAN_POINT('',(-0.0165356668704968,0.0257408799039046,0.00141548333850694));
#7982=CARTESIAN_POINT('',(-0.0401705140552622,0.0257408799039046,0.0178399561901521));
#7983=CARTESIAN_POINT('',(-0.0186415898908242,0.0257408799039046,0.00287894426992841));
#7984=CARTESIAN_POINT('',(-0.0180709272531425,0.0257408799039046,0.00370012887399388));
#7985=CARTESIAN_POINT('',(-0.0190709272531425,0.0257408799039046,0.00370012887399388));
#7986=CARTESIAN_POINT('',(-0.0190709272531425,0.0257408799039046,0.));
#7987=CARTESIAN_POINT('',(-0.0190709272531425,0.0257408799039046,0.0127633320574276));
#7988=CARTESIAN_POINT('',(-0.0180709272531425,0.0257408799039046,0.0127633320574276));
#7989=CARTESIAN_POINT('',(-0.0175002646154607,0.0257408799039046,0.0135845166614931));
#7990=CARTESIAN_POINT('',(-0.0347819961941419,0.0257408799039046,0.0255940434811303));
#7991=CARTESIAN_POINT('',(-0.0124709272531425,0.0257408799039046,0.0127633320574276));
#7992=CARTESIAN_POINT('',(-0.0134709272531425,0.0257408799039046,0.0127633320574276));
#7993=CARTESIAN_POINT('',(-0.0119002646154607,0.0257408799039046,0.0135845166614931));
#7994=CARTESIAN_POINT('',(-0.0329583234562852,0.0257408799039046,0.0282183119653361));
#7995=CARTESIAN_POINT('',(-0.00979434159513341,0.0257408799039046,0.0121210557300716));
#7996=CARTESIAN_POINT('',(-0.0103650042328151,0.0257408799039046,0.0112998711260061));
#7997=CARTESIAN_POINT('',(-0.00936500423281512,0.0257408799039046,0.0112998711260061));
#7998=CARTESIAN_POINT('',(-0.00936500423281512,0.0257408799039046,0.));
#7999=CARTESIAN_POINT('',(-0.00936500423281512,0.0257408799039046,0.00223666794257241));
#8000=CARTESIAN_POINT('',(-0.0103650042328151,0.0257408799039046,0.00223666794257241));
#8001=CARTESIAN_POINT('',(-0.0109356668704968,0.0257408799039046,0.00141548333850694));
#8002=CARTESIAN_POINT('',(-0.0383468413174055,0.0257408799039046,0.020464224674358));
#8003=CARTESIAN_POINT('',(-0.0130415898908242,0.0257408799039046,0.00287894426992841));
#8004=CARTESIAN_POINT('',(-0.0124709272531424,0.0257408799039046,0.00370012887399389));
#8005=CARTESIAN_POINT('',(-0.0134709272531425,0.0257408799039046,0.00370012887399388));
#8006=CARTESIAN_POINT('',(-0.0134709272531425,0.0257408799039046,0.));
#8007=CARTESIAN_POINT('',(0.0484320342570212,-0.0292591200960954,0.));
#8008=CARTESIAN_POINT('',(0.0211290727468576,-0.0292591200960954,0.0112998711260061));
#8009=CARTESIAN_POINT('',(0.0205584101091759,-0.0292591200960954,0.0121210557300716));
#8010=CARTESIAN_POINT('',(0.0201290727468575,-0.0292591200960954,0.0112998711260061));
#8011=CARTESIAN_POINT('',(0.0216113716193395,-0.0292591200960954,0.0128527861957823));
#8012=CARTESIAN_POINT('',(0.0226643331295031,-0.0292591200960954,0.0135845166614931));
#8013=CARTESIAN_POINT('',(0.0232349957671849,-0.0292591200960954,0.0127633320574276));
#8014=CARTESIAN_POINT('',(0.0242349957671849,-0.0292591200960954,0.0127633320574276));
#8015=CARTESIAN_POINT('',(0.0242349957671849,-0.0292591200960954,0.00823173046571074));
#8016=CARTESIAN_POINT('',(0.0242349957671849,-0.0292591200960954,0.00370012887399388));
#8017=CARTESIAN_POINT('',(0.0232349957671849,-0.0292591200960954,0.00370012887399388));
#8018=CARTESIAN_POINT('',(0.0238056584048666,-0.0292591200960954,0.00287894426992841));
#8019=CARTESIAN_POINT('',(0.0227526968947029,-0.0292591200960954,0.00214721380421767));
#8020=CARTESIAN_POINT('',(0.0216997353845392,-0.0292591200960954,0.00141548333850694));
#8021=CARTESIAN_POINT('',(0.0211290727468576,-0.0292591200960954,0.00223666794257241));
#8022=CARTESIAN_POINT('',(0.0201290727468575,-0.0292591200960954,0.00223666794257241));
#8023=CARTESIAN_POINT('',(0.0201290727468575,-0.0292591200960954,0.00676826953428926));
#8024=CARTESIAN_POINT('',(0.0155290727468575,-0.0292591200960954,0.0112998711260061));
#8025=CARTESIAN_POINT('',(0.0149584101091758,-0.0292591200960954,0.0121210557300716));
#8026=CARTESIAN_POINT('',(0.0145290727468575,-0.0292591200960954,0.0112998711260061));
#8027=CARTESIAN_POINT('',(0.0160113716193395,-0.0292591200960954,0.0128527861957823));
#8028=CARTESIAN_POINT('',(0.0170643331295031,-0.0292591200960954,0.0135845166614931));
#8029=CARTESIAN_POINT('',(0.0176349957671849,-0.0292591200960954,0.0127633320574276));
#8030=CARTESIAN_POINT('',(0.0186349957671848,-0.0292591200960954,0.0127633320574276));
#8031=CARTESIAN_POINT('',(0.0186349957671848,-0.0292591200960954,0.00823173046571074));
#8032=CARTESIAN_POINT('',(0.0186349957671848,-0.0292591200960954,0.00370012887399388));
#8033=CARTESIAN_POINT('',(0.0176349957671849,-0.0292591200960954,0.00370012887399388));
#8034=CARTESIAN_POINT('',(0.0182056584048666,-0.0292591200960954,0.00287894426992841));
#8035=CARTESIAN_POINT('',(0.0171526968947029,-0.0292591200960954,0.00214721380421767));
#8036=CARTESIAN_POINT('',(0.0160997353845393,-0.0292591200960954,0.00141548333850694));
#8037=CARTESIAN_POINT('',(0.0155290727468575,-0.0292591200960954,0.00223666794257241));
#8038=CARTESIAN_POINT('',(0.0145290727468575,-0.0292591200960954,0.00223666794257241));
#8039=CARTESIAN_POINT('',(0.0145290727468575,-0.0292591200960954,0.00676826953428926));
#8040=CARTESIAN_POINT('',(0.00992907274685754,-0.0292591200960954,0.0112998711260061));
#8041=CARTESIAN_POINT('',(0.00935841010917583,-0.0292591200960954,0.0121210557300716));
#8042=CARTESIAN_POINT('',(0.00892907274685754,-0.0292591200960954,0.0112998711260061));
#8043=CARTESIAN_POINT('',(0.0104113716193395,-0.0292591200960954,0.0128527861957823));
#8044=CARTESIAN_POINT('',(0.0114643331295032,-0.0292591200960954,0.0135845166614931));
#8045=CARTESIAN_POINT('',(0.0120349957671849,-0.0292591200960954,0.0127633320574276));
#8046=CARTESIAN_POINT('',(0.0130349957671849,-0.0292591200960954,0.0127633320574276));
#8047=CARTESIAN_POINT('',(0.0130349957671849,-0.0292591200960954,0.00823173046571074));
#8048=CARTESIAN_POINT('',(0.0130349957671849,-0.0292591200960954,0.00370012887399388));
#8049=CARTESIAN_POINT('',(0.0120349957671849,-0.0292591200960954,0.00370012887399389));
#8050=CARTESIAN_POINT('',(0.0126056584048666,-0.0292591200960954,0.00287894426992841));
#8051=CARTESIAN_POINT('',(0.0115526968947029,-0.0292591200960954,0.00214721380421768));
#8052=CARTESIAN_POINT('',(0.0104997353845392,-0.0292591200960954,0.00141548333850694));
#8053=CARTESIAN_POINT('',(0.00992907274685754,-0.0292591200960954,0.00223666794257241));
#8054=CARTESIAN_POINT('',(0.00892907274685754,-0.0292591200960954,0.00223666794257241));
#8055=CARTESIAN_POINT('',(0.00892907274685754,-0.0292591200960954,0.00676826953428926));
#8056=CARTESIAN_POINT('',(0.00432907274685754,-0.0292591200960954,0.0112998711260061));
#8057=CARTESIAN_POINT('',(0.00375841010917583,-0.0292591200960954,0.0121210557300716));
#8058=CARTESIAN_POINT('',(0.00332907274685754,-0.0292591200960954,0.0112998711260061));
#8059=CARTESIAN_POINT('',(0.0048113716193395,-0.0292591200960954,0.0128527861957823));
#8060=CARTESIAN_POINT('',(0.00586433312950317,-0.0292591200960954,0.0135845166614931));
#8061=CARTESIAN_POINT('',(0.00643499576718487,-0.0292591200960954,0.0127633320574276));
#8062=CARTESIAN_POINT('',(0.00743499576718487,-0.0292591200960954,0.0127633320574276));
#8063=CARTESIAN_POINT('',(0.00743499576718487,-0.0292591200960954,0.00823173046571074));
#8064=CARTESIAN_POINT('',(0.00743499576718487,-0.0292591200960954,0.00370012887399388));
#8065=CARTESIAN_POINT('',(0.00643499576718487,-0.0292591200960954,0.00370012887399388));
#8066=CARTESIAN_POINT('',(0.00700565840486658,-0.0292591200960954,0.00287894426992841));
#8067=CARTESIAN_POINT('',(0.00595269689470291,-0.0292591200960954,0.00214721380421768));
#8068=CARTESIAN_POINT('',(0.00489973538453924,-0.0292591200960954,0.00141548333850694));
#8069=CARTESIAN_POINT('',(0.00432907274685754,-0.0292591200960954,0.00223666794257241));
#8070=CARTESIAN_POINT('',(0.00332907274685753,-0.0292591200960954,0.00223666794257241));
#8071=CARTESIAN_POINT('',(0.00332907274685753,-0.0292591200960954,0.00676826953428926));
#8072=CARTESIAN_POINT('',(-0.00127092725314247,-0.0292591200960954,0.0112998711260061));
#8073=CARTESIAN_POINT('',(-0.00184158989082417,-0.0292591200960954,0.0121210557300716));
#8074=CARTESIAN_POINT('',(-0.00227092725314246,-0.0292591200960954,0.0112998711260061));
#8075=CARTESIAN_POINT('',(-0.000788628380660501,-0.0292591200960954,0.0128527861957823));
#8076=CARTESIAN_POINT('',(0.000264333129503168,-0.0292591200960954,0.0135845166614931));
#8077=CARTESIAN_POINT('',(0.000834995767184875,-0.0292591200960954,0.0127633320574276));
#8078=CARTESIAN_POINT('',(0.00183499576718487,-0.0292591200960954,0.0127633320574276));
#8079=CARTESIAN_POINT('',(0.00183499576718487,-0.0292591200960954,0.00823173046571074));
#8080=CARTESIAN_POINT('',(0.00183499576718487,-0.0292591200960954,0.00370012887399388));
#8081=CARTESIAN_POINT('',(0.000834995767184875,-0.0292591200960954,0.00370012887399388));
#8082=CARTESIAN_POINT('',(0.00140565840486658,-0.0292591200960954,0.00287894426992841));
#8083=CARTESIAN_POINT('',(0.00035269689470291,-0.0292591200960954,0.00214721380421768));
#8084=CARTESIAN_POINT('',(-0.000700264615460758,-0.0292591200960954,0.00141548333850695));
#8085=CARTESIAN_POINT('',(-0.00127092725314246,-0.0292591200960954,0.00223666794257241));
#8086=CARTESIAN_POINT('',(-0.00227092725314247,-0.0292591200960954,0.00223666794257241));
#8087=CARTESIAN_POINT('',(-0.00227092725314247,-0.0292591200960954,0.00676826953428926));
#8088=CARTESIAN_POINT('',(-0.00476500423281513,-0.0292591200960954,0.00370012887399388));
#8089=CARTESIAN_POINT('',(-0.00419434159513342,-0.0292591200960954,0.00287894426992841));
#8090=CARTESIAN_POINT('',(-0.00376500423281512,-0.0292591200960954,0.00370012887399389));
#8091=CARTESIAN_POINT('',(-0.00524730310529709,-0.0292591200960954,0.00214721380421768));
#8092=CARTESIAN_POINT('',(-0.00630026461546076,-0.0292591200960954,0.00141548333850694));
#8093=CARTESIAN_POINT('',(-0.00687092725314246,-0.0292591200960954,0.00223666794257241));
#8094=CARTESIAN_POINT('',(-0.00787092725314246,-0.0292591200960954,0.00223666794257241));
#8095=CARTESIAN_POINT('',(-0.00787092725314246,-0.0292591200960954,0.00676826953428926));
#8096=CARTESIAN_POINT('',(-0.00787092725314246,-0.0292591200960954,0.0112998711260061));
#8097=CARTESIAN_POINT('',(-0.00687092725314246,-0.0292591200960954,0.0112998711260061));
#8098=CARTESIAN_POINT('',(-0.00744158989082417,-0.0292591200960954,0.0121210557300716));
#8099=CARTESIAN_POINT('',(-0.0063886283806605,-0.0292591200960954,0.0128527861957823));
#8100=CARTESIAN_POINT('',(-0.00533566687049683,-0.0292591200960954,0.0135845166614931));
#8101=CARTESIAN_POINT('',(-0.00476500423281513,-0.0292591200960954,0.0127633320574276));
#8102=CARTESIAN_POINT('',(-0.00376500423281513,-0.0292591200960954,0.0127633320574276));
#8103=CARTESIAN_POINT('',(-0.00376500423281512,-0.0292591200960954,0.00823173046571074));
#8104=CARTESIAN_POINT('',(-0.0560679657429787,-0.0292591200960954,0.));
#8105=CARTESIAN_POINT('',(-0.0560679657429787,-0.0292591200960954,-0.005));
#8106=CARTESIAN_POINT('',(-0.0560679657429787,-0.0292591200960954,0.02));
#8107=CARTESIAN_POINT('',(0.0484320342570212,-0.0292591200960954,-0.005));
#8108=CARTESIAN_POINT('',(0.0444320342570212,-0.0292591200960954,-0.005));
#8109=CARTESIAN_POINT('',(0.0444320342570212,-0.0292591200960954,0.));
#8110=CARTESIAN_POINT('',(0.0444320342570212,-0.0292591200960954,0.02));
#8111=CARTESIAN_POINT('',(0.0484320342570212,-0.0292591200960954,0.02));
#8112=CARTESIAN_POINT('',(-0.0332473031052971,-0.0292591200960954,0.0128527861957823));
#8113=CARTESIAN_POINT('',(-0.0343002646154607,-0.0292591200960954,0.0135845166614931));
#8114=CARTESIAN_POINT('',(-0.0321943415951334,-0.0292591200960954,0.0121210557300716));
#8115=CARTESIAN_POINT('',(-0.0327650042328151,-0.0292591200960954,0.0112998711260061));
#8116=CARTESIAN_POINT('',(-0.0317650042328151,-0.0292591200960954,0.0112998711260061));
#8117=CARTESIAN_POINT('',(-0.0317650042328151,-0.0292591200960954,0.00676826953428926));
#8118=CARTESIAN_POINT('',(-0.0317650042328151,-0.0292591200960954,0.00223666794257241));
#8119=CARTESIAN_POINT('',(-0.0327650042328151,-0.0292591200960954,0.00223666794257241));
#8120=CARTESIAN_POINT('',(-0.0333356668704968,-0.0292591200960954,0.00141548333850694));
#8121=CARTESIAN_POINT('',(-0.0343886283806605,-0.0292591200960954,0.00214721380421767));
#8122=CARTESIAN_POINT('',(-0.0354415898908241,-0.0292591200960954,0.00287894426992841));
#8123=CARTESIAN_POINT('',(-0.0348709272531424,-0.0292591200960954,0.00370012887399388));
#8124=CARTESIAN_POINT('',(-0.0358709272531424,-0.0292591200960954,0.00370012887399388));
#8125=CARTESIAN_POINT('',(-0.0358709272531424,-0.0292591200960954,0.00823173046571074));
#8126=CARTESIAN_POINT('',(-0.0358709272531424,-0.0292591200960954,0.0127633320574276));
#8127=CARTESIAN_POINT('',(-0.0348709272531424,-0.0292591200960954,0.0127633320574276));
#8128=CARTESIAN_POINT('',(-0.0287886283806605,-0.0292591200960954,0.00214721380421767));
#8129=CARTESIAN_POINT('',(-0.0277356668704969,-0.0292591200960954,0.00141548333850693));
#8130=CARTESIAN_POINT('',(-0.0298415898908241,-0.0292591200960954,0.00287894426992841));
#8131=CARTESIAN_POINT('',(-0.0292709272531425,-0.0292591200960954,0.00370012887399388));
#8132=CARTESIAN_POINT('',(-0.0302709272531424,-0.0292591200960954,0.00370012887399388));
#8133=CARTESIAN_POINT('',(-0.0302709272531424,-0.0292591200960954,0.00823173046571074));
#8134=CARTESIAN_POINT('',(-0.0302709272531424,-0.0292591200960954,0.0127633320574276));
#8135=CARTESIAN_POINT('',(-0.0292709272531425,-0.0292591200960954,0.0127633320574276));
#8136=CARTESIAN_POINT('',(-0.0287002646154608,-0.0292591200960954,0.0135845166614931));
#8137=CARTESIAN_POINT('',(-0.0276473031052971,-0.0292591200960954,0.0128527861957823));
#8138=CARTESIAN_POINT('',(-0.0265943415951334,-0.0292591200960954,0.0121210557300716));
#8139=CARTESIAN_POINT('',(-0.0271650042328151,-0.0292591200960954,0.0112998711260061));
#8140=CARTESIAN_POINT('',(-0.0261650042328151,-0.0292591200960954,0.0112998711260061));
#8141=CARTESIAN_POINT('',(-0.0261650042328151,-0.0292591200960954,0.00676826953428926));
#8142=CARTESIAN_POINT('',(-0.0261650042328151,-0.0292591200960954,0.00223666794257241));
#8143=CARTESIAN_POINT('',(-0.0271650042328151,-0.0292591200960954,0.0022366679425724));
#8144=CARTESIAN_POINT('',(-0.0175886283806605,-0.0292591200960954,0.00214721380421767));
#8145=CARTESIAN_POINT('',(-0.0165356668704968,-0.0292591200960954,0.00141548333850694));
#8146=CARTESIAN_POINT('',(-0.0186415898908242,-0.0292591200960954,0.00287894426992841));
#8147=CARTESIAN_POINT('',(-0.0180709272531425,-0.0292591200960954,0.00370012887399388));
#8148=CARTESIAN_POINT('',(-0.0190709272531425,-0.0292591200960954,0.00370012887399388));
#8149=CARTESIAN_POINT('',(-0.0190709272531425,-0.0292591200960954,0.00823173046571074));
#8150=CARTESIAN_POINT('',(-0.0190709272531425,-0.0292591200960954,0.0127633320574276));
#8151=CARTESIAN_POINT('',(-0.0180709272531425,-0.0292591200960954,0.0127633320574276));
#8152=CARTESIAN_POINT('',(-0.0175002646154607,-0.0292591200960954,0.0135845166614931));
#8153=CARTESIAN_POINT('',(-0.0164473031052971,-0.0292591200960954,0.0128527861957823));
#8154=CARTESIAN_POINT('',(-0.0153943415951334,-0.0292591200960954,0.0121210557300716));
#8155=CARTESIAN_POINT('',(-0.0159650042328151,-0.0292591200960954,0.0112998711260061));
#8156=CARTESIAN_POINT('',(-0.0149650042328151,-0.0292591200960954,0.0112998711260061));
#8157=CARTESIAN_POINT('',(-0.0149650042328151,-0.0292591200960954,0.00676826953428926));
#8158=CARTESIAN_POINT('',(-0.0149650042328151,-0.0292591200960954,0.00223666794257241));
#8159=CARTESIAN_POINT('',(-0.0159650042328151,-0.0292591200960954,0.00223666794257241));
#8160=CARTESIAN_POINT('',(-0.0220473031052971,-0.0292591200960954,0.0128527861957823));
#8161=CARTESIAN_POINT('',(-0.0231002646154608,-0.0292591200960954,0.0135845166614931));
#8162=CARTESIAN_POINT('',(-0.0209943415951334,-0.0292591200960954,0.0121210557300716));
#8163=CARTESIAN_POINT('',(-0.0215650042328151,-0.0292591200960954,0.0112998711260061));
#8164=CARTESIAN_POINT('',(-0.0205650042328151,-0.0292591200960954,0.0112998711260061));
#8165=CARTESIAN_POINT('',(-0.0205650042328151,-0.0292591200960954,0.00676826953428926));
#8166=CARTESIAN_POINT('',(-0.0205650042328151,-0.0292591200960954,0.00223666794257241));
#8167=CARTESIAN_POINT('',(-0.0215650042328151,-0.0292591200960954,0.00223666794257241));
#8168=CARTESIAN_POINT('',(-0.0221356668704968,-0.0292591200960954,0.00141548333850694));
#8169=CARTESIAN_POINT('',(-0.0231886283806605,-0.0292591200960954,0.00214721380421767));
#8170=CARTESIAN_POINT('',(-0.0242415898908242,-0.0292591200960954,0.00287894426992841));
#8171=CARTESIAN_POINT('',(-0.0236709272531424,-0.0292591200960954,0.00370012887399388));
#8172=CARTESIAN_POINT('',(-0.0246709272531425,-0.0292591200960954,0.00370012887399388));
#8173=CARTESIAN_POINT('',(-0.0246709272531425,-0.0292591200960954,0.00823173046571074));
#8174=CARTESIAN_POINT('',(-0.0246709272531425,-0.0292591200960954,0.0127633320574276));
#8175=CARTESIAN_POINT('',(-0.0236709272531424,-0.0292591200960954,0.0127633320574276));
#8176=CARTESIAN_POINT('',(-0.0119886283806605,-0.0292591200960954,0.00214721380421767));
#8177=CARTESIAN_POINT('',(-0.0109356668704968,-0.0292591200960954,0.00141548333850694));
#8178=CARTESIAN_POINT('',(-0.0130415898908242,-0.0292591200960954,0.00287894426992841));
#8179=CARTESIAN_POINT('',(-0.0124709272531424,-0.0292591200960954,0.00370012887399389));
#8180=CARTESIAN_POINT('',(-0.0134709272531425,-0.0292591200960954,0.00370012887399388));
#8181=CARTESIAN_POINT('',(-0.0134709272531425,-0.0292591200960954,0.00823173046571074));
#8182=CARTESIAN_POINT('',(-0.0134709272531425,-0.0292591200960954,0.0127633320574276));
#8183=CARTESIAN_POINT('',(-0.0124709272531425,-0.0292591200960954,0.0127633320574276));
#8184=CARTESIAN_POINT('',(-0.0119002646154607,-0.0292591200960954,0.0135845166614931));
#8185=CARTESIAN_POINT('',(-0.0108473031052971,-0.0292591200960954,0.0128527861957823));
#8186=CARTESIAN_POINT('',(-0.00979434159513341,-0.0292591200960954,0.0121210557300716));
#8187=CARTESIAN_POINT('',(-0.0103650042328151,-0.0292591200960954,0.0112998711260061));
#8188=CARTESIAN_POINT('',(-0.00936500423281512,-0.0292591200960954,0.0112998711260061));
#8189=CARTESIAN_POINT('',(-0.00936500423281512,-0.0292591200960954,0.00676826953428926));
#8190=CARTESIAN_POINT('',(-0.00936500423281512,-0.0292591200960954,0.00223666794257241));
#8191=CARTESIAN_POINT('',(-0.0103650042328151,-0.0292591200960954,0.00223666794257241));
#8192=CARTESIAN_POINT('',(-0.0600679657429788,0.0332408799039046,0.));
#8193=CARTESIAN_POINT('',(-0.0159650042328151,0.0332408799039046,0.0112998711260061));
#8194=CARTESIAN_POINT('',(-0.0153943415951334,0.0332408799039046,0.0121210557300716));
#8195=CARTESIAN_POINT('',(-0.0149650042328151,0.0332408799039046,0.0112998711260061));
#8196=CARTESIAN_POINT('',(-0.0164473031052971,0.0332408799039046,0.0128527861957823));
#8197=CARTESIAN_POINT('',(-0.0175002646154607,0.0332408799039046,0.0135845166614931));
#8198=CARTESIAN_POINT('',(-0.0180709272531425,0.0332408799039046,0.0127633320574276));
#8199=CARTESIAN_POINT('',(-0.0190709272531425,0.0332408799039046,0.0127633320574276));
#8200=CARTESIAN_POINT('',(-0.0190709272531425,0.0332408799039046,0.00823173046571074));
#8201=CARTESIAN_POINT('',(-0.0190709272531425,0.0332408799039046,0.00370012887399388));
#8202=CARTESIAN_POINT('',(-0.0180709272531425,0.0332408799039046,0.00370012887399388));
#8203=CARTESIAN_POINT('',(-0.0186415898908242,0.0332408799039046,0.00287894426992841));
#8204=CARTESIAN_POINT('',(-0.0175886283806605,0.0332408799039046,0.00214721380421767));
#8205=CARTESIAN_POINT('',(-0.0165356668704968,0.0332408799039046,0.00141548333850694));
#8206=CARTESIAN_POINT('',(-0.0159650042328151,0.0332408799039046,0.00223666794257241));
#8207=CARTESIAN_POINT('',(-0.0149650042328151,0.0332408799039046,0.00223666794257241));
#8208=CARTESIAN_POINT('',(-0.0149650042328151,0.0332408799039046,0.00676826953428926));
#8209=CARTESIAN_POINT('',(-0.0271650042328151,0.0332408799039046,0.0112998711260061));
#8210=CARTESIAN_POINT('',(-0.0265943415951334,0.0332408799039046,0.0121210557300716));
#8211=CARTESIAN_POINT('',(-0.0261650042328151,0.0332408799039046,0.0112998711260061));
#8212=CARTESIAN_POINT('',(-0.0276473031052971,0.0332408799039046,0.0128527861957823));
#8213=CARTESIAN_POINT('',(-0.0287002646154608,0.0332408799039046,0.0135845166614931));
#8214=CARTESIAN_POINT('',(-0.0292709272531425,0.0332408799039046,0.0127633320574276));
#8215=CARTESIAN_POINT('',(-0.0302709272531424,0.0332408799039046,0.0127633320574276));
#8216=CARTESIAN_POINT('',(-0.0302709272531424,0.0332408799039046,0.00823173046571074));
#8217=CARTESIAN_POINT('',(-0.0302709272531424,0.0332408799039046,0.00370012887399388));
#8218=CARTESIAN_POINT('',(-0.0292709272531425,0.0332408799039046,0.00370012887399388));
#8219=CARTESIAN_POINT('',(-0.0298415898908241,0.0332408799039046,0.00287894426992841));
#8220=CARTESIAN_POINT('',(-0.0287886283806605,0.0332408799039046,0.00214721380421767));
#8221=CARTESIAN_POINT('',(-0.0277356668704969,0.0332408799039046,0.00141548333850694));
#8222=CARTESIAN_POINT('',(-0.0271650042328151,0.0332408799039046,0.0022366679425724));
#8223=CARTESIAN_POINT('',(-0.0261650042328152,0.0332408799039046,0.00223666794257241));
#8224=CARTESIAN_POINT('',(-0.0261650042328151,0.0332408799039046,0.00676826953428926));
#8225=CARTESIAN_POINT('',(-0.0103650042328151,0.0332408799039046,0.0112998711260061));
#8226=CARTESIAN_POINT('',(-0.00979434159513341,0.0332408799039046,0.0121210557300716));
#8227=CARTESIAN_POINT('',(-0.00936500423281512,0.0332408799039046,0.0112998711260061));
#8228=CARTESIAN_POINT('',(-0.0108473031052971,0.0332408799039046,0.0128527861957823));
#8229=CARTESIAN_POINT('',(-0.0119002646154607,0.0332408799039046,0.0135845166614931));
#8230=CARTESIAN_POINT('',(-0.0124709272531425,0.0332408799039046,0.0127633320574276));
#8231=CARTESIAN_POINT('',(-0.0134709272531425,0.0332408799039046,0.0127633320574276));
#8232=CARTESIAN_POINT('',(-0.0134709272531425,0.0332408799039046,0.00823173046571074));
#8233=CARTESIAN_POINT('',(-0.0134709272531425,0.0332408799039046,0.00370012887399388));
#8234=CARTESIAN_POINT('',(-0.0124709272531424,0.0332408799039046,0.00370012887399389));
#8235=CARTESIAN_POINT('',(-0.0130415898908242,0.0332408799039046,0.00287894426992841));
#8236=CARTESIAN_POINT('',(-0.0119886283806605,0.0332408799039046,0.00214721380421767));
#8237=CARTESIAN_POINT('',(-0.0109356668704968,0.0332408799039046,0.00141548333850694));
#8238=CARTESIAN_POINT('',(-0.0103650042328151,0.0332408799039046,0.00223666794257241));
#8239=CARTESIAN_POINT('',(-0.00936500423281512,0.0332408799039046,0.00223666794257241));
#8240=CARTESIAN_POINT('',(-0.00936500423281512,0.0332408799039046,0.00676826953428926));
#8241=CARTESIAN_POINT('',(-0.0236709272531424,0.0332408799039046,0.00370012887399388));
#8242=CARTESIAN_POINT('',(-0.0242415898908242,0.0332408799039046,0.00287894426992841));
#8243=CARTESIAN_POINT('',(-0.0246709272531425,0.0332408799039046,0.00370012887399388));
#8244=CARTESIAN_POINT('',(-0.0231886283806605,0.0332408799039046,0.00214721380421767));
#8245=CARTESIAN_POINT('',(-0.0221356668704968,0.0332408799039046,0.00141548333850694));
#8246=CARTESIAN_POINT('',(-0.0215650042328151,0.0332408799039046,0.00223666794257241));
#8247=CARTESIAN_POINT('',(-0.0205650042328151,0.0332408799039046,0.00223666794257241));
#8248=CARTESIAN_POINT('',(-0.0205650042328151,0.0332408799039046,0.00676826953428926));
#8249=CARTESIAN_POINT('',(-0.0205650042328151,0.0332408799039046,0.0112998711260061));
#8250=CARTESIAN_POINT('',(-0.0215650042328151,0.0332408799039046,0.0112998711260061));
#8251=CARTESIAN_POINT('',(-0.0209943415951334,0.0332408799039046,0.0121210557300716));
#8252=CARTESIAN_POINT('',(-0.0220473031052971,0.0332408799039046,0.0128527861957823));
#8253=CARTESIAN_POINT('',(-0.0231002646154608,0.0332408799039046,0.0135845166614931));
#8254=CARTESIAN_POINT('',(-0.0236709272531424,0.0332408799039046,0.0127633320574276));
#8255=CARTESIAN_POINT('',(-0.0246709272531425,0.0332408799039046,0.0127633320574276));
#8256=CARTESIAN_POINT('',(-0.0246709272531425,0.0332408799039046,0.00823173046571074));
#8257=CARTESIAN_POINT('',(-0.0327650042328151,0.0332408799039046,0.0112998711260061));
#8258=CARTESIAN_POINT('',(-0.0321943415951334,0.0332408799039046,0.0121210557300716));
#8259=CARTESIAN_POINT('',(-0.0317650042328151,0.0332408799039046,0.0112998711260061));
#8260=CARTESIAN_POINT('',(-0.0332473031052971,0.0332408799039046,0.0128527861957823));
#8261=CARTESIAN_POINT('',(-0.0343002646154607,0.0332408799039046,0.0135845166614931));
#8262=CARTESIAN_POINT('',(-0.0348709272531424,0.0332408799039046,0.0127633320574276));
#8263=CARTESIAN_POINT('',(-0.0358709272531424,0.0332408799039046,0.0127633320574276));
#8264=CARTESIAN_POINT('',(-0.0358709272531424,0.0332408799039046,0.00823173046571074));
#8265=CARTESIAN_POINT('',(-0.0358709272531424,0.0332408799039046,0.00370012887399388));
#8266=CARTESIAN_POINT('',(-0.0348709272531424,0.0332408799039046,0.00370012887399388));
#8267=CARTESIAN_POINT('',(-0.0354415898908241,0.0332408799039046,0.00287894426992841));
#8268=CARTESIAN_POINT('',(-0.0343886283806605,0.0332408799039046,0.00214721380421767));
#8269=CARTESIAN_POINT('',(-0.0333356668704968,0.0332408799039046,0.00141548333850694));
#8270=CARTESIAN_POINT('',(-0.0327650042328151,0.0332408799039046,0.00223666794257241));
#8271=CARTESIAN_POINT('',(-0.0317650042328151,0.0332408799039046,0.00223666794257241));
#8272=CARTESIAN_POINT('',(-0.0317650042328151,0.0332408799039046,0.00676826953428926));
#8273=CARTESIAN_POINT('',(-0.0560679657429787,0.0332408799039046,0.));
#8274=CARTESIAN_POINT('',(-0.0560679657429787,0.0332408799039046,0.02));
#8275=CARTESIAN_POINT('',(-0.0560679657429787,0.0332408799039046,-0.005));
#8276=CARTESIAN_POINT('',(-0.0600679657429788,0.0332408799039046,0.02));
#8277=CARTESIAN_POINT('',(0.0444320342570212,0.0332408799039046,0.02));
#8278=CARTESIAN_POINT('',(0.0444320342570212,0.0332408799039046,0.));
#8279=CARTESIAN_POINT('',(0.0444320342570212,0.0332408799039046,-0.005));
#8280=CARTESIAN_POINT('',(-0.0600679657429788,0.0332408799039046,-0.005));
#8281=CARTESIAN_POINT('',(-0.0063886283806605,0.0332408799039046,0.0128527861957823));
#8282=CARTESIAN_POINT('',(-0.00533566687049683,0.0332408799039046,0.0135845166614931));
#8283=CARTESIAN_POINT('',(-0.00744158989082416,0.0332408799039046,0.0121210557300716));
#8284=CARTESIAN_POINT('',(-0.00687092725314246,0.0332408799039046,0.0112998711260061));
#8285=CARTESIAN_POINT('',(-0.00787092725314246,0.0332408799039046,0.0112998711260061));
#8286=CARTESIAN_POINT('',(-0.00787092725314246,0.0332408799039046,0.00676826953428926));
#8287=CARTESIAN_POINT('',(-0.00787092725314246,0.0332408799039046,0.00223666794257241));
#8288=CARTESIAN_POINT('',(-0.00687092725314246,0.0332408799039046,0.00223666794257241));
#8289=CARTESIAN_POINT('',(-0.00630026461546076,0.0332408799039046,0.00141548333850694));
#8290=CARTESIAN_POINT('',(-0.00524730310529709,0.0332408799039046,0.00214721380421768));
#8291=CARTESIAN_POINT('',(-0.00419434159513342,0.0332408799039046,0.00287894426992841));
#8292=CARTESIAN_POINT('',(-0.00476500423281513,0.0332408799039046,0.00370012887399388));
#8293=CARTESIAN_POINT('',(-0.00376500423281512,0.0332408799039046,0.00370012887399389));
#8294=CARTESIAN_POINT('',(-0.00376500423281512,0.0332408799039046,0.00823173046571074));
#8295=CARTESIAN_POINT('',(-0.00376500423281513,0.0332408799039046,0.0127633320574276));
#8296=CARTESIAN_POINT('',(-0.00476500423281513,0.0332408799039046,0.0127633320574276));
#8297=CARTESIAN_POINT('',(0.00035269689470291,0.0332408799039046,0.00214721380421768));
#8298=CARTESIAN_POINT('',(-0.000700264615460758,0.0332408799039046,0.00141548333850694));
#8299=CARTESIAN_POINT('',(0.00140565840486658,0.0332408799039046,0.00287894426992841));
#8300=CARTESIAN_POINT('',(0.000834995767184875,0.0332408799039046,0.00370012887399388));
#8301=CARTESIAN_POINT('',(0.00183499576718487,0.0332408799039046,0.00370012887399388));
#8302=CARTESIAN_POINT('',(0.00183499576718487,0.0332408799039046,0.00823173046571074));
#8303=CARTESIAN_POINT('',(0.00183499576718487,0.0332408799039046,0.0127633320574276));
#8304=CARTESIAN_POINT('',(0.000834995767184875,0.0332408799039046,0.0127633320574276));
#8305=CARTESIAN_POINT('',(0.000264333129503168,0.0332408799039046,0.0135845166614931));
#8306=CARTESIAN_POINT('',(-0.000788628380660501,0.0332408799039046,0.0128527861957823));
#8307=CARTESIAN_POINT('',(-0.00184158989082417,0.0332408799039046,0.0121210557300716));
#8308=CARTESIAN_POINT('',(-0.00127092725314247,0.0332408799039046,0.0112998711260061));
#8309=CARTESIAN_POINT('',(-0.00227092725314246,0.0332408799039046,0.0112998711260061));
#8310=CARTESIAN_POINT('',(-0.00227092725314247,0.0332408799039046,0.00676826953428926));
#8311=CARTESIAN_POINT('',(-0.00227092725314247,0.0332408799039046,0.00223666794257241));
#8312=CARTESIAN_POINT('',(-0.00127092725314246,0.0332408799039046,0.00223666794257241));
#8313=CARTESIAN_POINT('',(0.00595269689470291,0.0332408799039046,0.00214721380421768));
#8314=CARTESIAN_POINT('',(0.00489973538453924,0.0332408799039046,0.00141548333850694));
#8315=CARTESIAN_POINT('',(0.00700565840486658,0.0332408799039046,0.00287894426992841));
#8316=CARTESIAN_POINT('',(0.00643499576718487,0.0332408799039046,0.00370012887399388));
#8317=CARTESIAN_POINT('',(0.00743499576718487,0.0332408799039046,0.00370012887399388));
#8318=CARTESIAN_POINT('',(0.00743499576718487,0.0332408799039046,0.00823173046571074));
#8319=CARTESIAN_POINT('',(0.00743499576718487,0.0332408799039046,0.0127633320574276));
#8320=CARTESIAN_POINT('',(0.00643499576718487,0.0332408799039046,0.0127633320574276));
#8321=CARTESIAN_POINT('',(0.00586433312950317,0.0332408799039046,0.0135845166614931));
#8322=CARTESIAN_POINT('',(0.0048113716193395,0.0332408799039046,0.0128527861957823));
#8323=CARTESIAN_POINT('',(0.00375841010917583,0.0332408799039046,0.0121210557300716));
#8324=CARTESIAN_POINT('',(0.00432907274685754,0.0332408799039046,0.0112998711260061));
#8325=CARTESIAN_POINT('',(0.00332907274685754,0.0332408799039046,0.0112998711260061));
#8326=CARTESIAN_POINT('',(0.00332907274685753,0.0332408799039046,0.00676826953428926));
#8327=CARTESIAN_POINT('',(0.00332907274685753,0.0332408799039046,0.00223666794257241));
#8328=CARTESIAN_POINT('',(0.00432907274685754,0.0332408799039046,0.00223666794257241));
#8329=CARTESIAN_POINT('',(0.0115526968947029,0.0332408799039046,0.00214721380421768));
#8330=CARTESIAN_POINT('',(0.0104997353845392,0.0332408799039046,0.00141548333850694));
#8331=CARTESIAN_POINT('',(0.0126056584048666,0.0332408799039046,0.00287894426992841));
#8332=CARTESIAN_POINT('',(0.0120349957671849,0.0332408799039046,0.00370012887399389));
#8333=CARTESIAN_POINT('',(0.0130349957671849,0.0332408799039046,0.00370012887399388));
#8334=CARTESIAN_POINT('',(0.0130349957671849,0.0332408799039046,0.00823173046571074));
#8335=CARTESIAN_POINT('',(0.0130349957671849,0.0332408799039046,0.0127633320574276));
#8336=CARTESIAN_POINT('',(0.0120349957671849,0.0332408799039046,0.0127633320574276));
#8337=CARTESIAN_POINT('',(0.0114643331295032,0.0332408799039046,0.0135845166614931));
#8338=CARTESIAN_POINT('',(0.0104113716193395,0.0332408799039046,0.0128527861957823));
#8339=CARTESIAN_POINT('',(0.00935841010917583,0.0332408799039046,0.0121210557300716));
#8340=CARTESIAN_POINT('',(0.00992907274685754,0.0332408799039046,0.0112998711260061));
#8341=CARTESIAN_POINT('',(0.00892907274685754,0.0332408799039046,0.0112998711260061));
#8342=CARTESIAN_POINT('',(0.00892907274685754,0.0332408799039046,0.00676826953428926));
#8343=CARTESIAN_POINT('',(0.00892907274685754,0.0332408799039046,0.00223666794257241));
#8344=CARTESIAN_POINT('',(0.00992907274685754,0.0332408799039046,0.00223666794257241));
#8345=CARTESIAN_POINT('',(0.0171526968947029,0.0332408799039046,0.00214721380421767));
#8346=CARTESIAN_POINT('',(0.0160997353845393,0.0332408799039046,0.00141548333850694));
#8347=CARTESIAN_POINT('',(0.0182056584048666,0.0332408799039046,0.00287894426992841));
#8348=CARTESIAN_POINT('',(0.0176349957671849,0.0332408799039046,0.00370012887399388));
#8349=CARTESIAN_POINT('',(0.0186349957671848,0.0332408799039046,0.00370012887399388));
#8350=CARTESIAN_POINT('',(0.0186349957671848,0.0332408799039046,0.00823173046571074));
#8351=CARTESIAN_POINT('',(0.0186349957671848,0.0332408799039046,0.0127633320574276));
#8352=CARTESIAN_POINT('',(0.0176349957671849,0.0332408799039046,0.0127633320574276));
#8353=CARTESIAN_POINT('',(0.0170643331295031,0.0332408799039046,0.0135845166614931));
#8354=CARTESIAN_POINT('',(0.0160113716193395,0.0332408799039046,0.0128527861957823));
#8355=CARTESIAN_POINT('',(0.0149584101091758,0.0332408799039046,0.0121210557300716));
#8356=CARTESIAN_POINT('',(0.0155290727468575,0.0332408799039046,0.0112998711260061));
#8357=CARTESIAN_POINT('',(0.0145290727468575,0.0332408799039046,0.0112998711260061));
#8358=CARTESIAN_POINT('',(0.0145290727468575,0.0332408799039046,0.00676826953428926));
#8359=CARTESIAN_POINT('',(0.0145290727468575,0.0332408799039046,0.00223666794257241));
#8360=CARTESIAN_POINT('',(0.0155290727468575,0.0332408799039046,0.00223666794257241));
#8361=CARTESIAN_POINT('',(0.0227526968947029,0.0332408799039046,0.00214721380421767));
#8362=CARTESIAN_POINT('',(0.0216997353845392,0.0332408799039046,0.00141548333850694));
#8363=CARTESIAN_POINT('',(0.0238056584048666,0.0332408799039046,0.00287894426992841));
#8364=CARTESIAN_POINT('',(0.0232349957671849,0.0332408799039046,0.00370012887399388));
#8365=CARTESIAN_POINT('',(0.0242349957671849,0.0332408799039046,0.00370012887399388));
#8366=CARTESIAN_POINT('',(0.0242349957671849,0.0332408799039046,0.00823173046571074));
#8367=CARTESIAN_POINT('',(0.0242349957671849,0.0332408799039046,0.0127633320574276));
#8368=CARTESIAN_POINT('',(0.0232349957671849,0.0332408799039046,0.0127633320574276));
#8369=CARTESIAN_POINT('',(0.0226643331295031,0.0332408799039046,0.0135845166614931));
#8370=CARTESIAN_POINT('',(0.0216113716193395,0.0332408799039046,0.0128527861957823));
#8371=CARTESIAN_POINT('',(0.0205584101091759,0.0332408799039046,0.0121210557300716));
#8372=CARTESIAN_POINT('',(0.0211290727468576,0.0332408799039046,0.0112998711260061));
#8373=CARTESIAN_POINT('',(0.0201290727468575,0.0332408799039046,0.0112998711260061));
#8374=CARTESIAN_POINT('',(0.0201290727468575,0.0332408799039046,0.00676826953428926));
#8375=CARTESIAN_POINT('',(0.0201290727468575,0.0332408799039046,0.00223666794257241));
#8376=CARTESIAN_POINT('',(0.0211290727468576,0.0332408799039046,0.00223666794257241));
#8377=CARTESIAN_POINT('',(-0.00581796574297876,0.00199087990390462,-0.005));
#8378=CARTESIAN_POINT('',(-0.000192965742978804,-0.00125671536028705,-0.005));
#8379=CARTESIAN_POINT('',(0.0016820342570212,0.00199087990390459,-0.005));
#8380=CARTESIAN_POINT('',(-0.00206796574297881,-0.00450431062447869,-0.005));
#8381=CARTESIAN_POINT('',(-0.000192965742978796,0.00523847516809625,-0.005));
#8382=CARTESIAN_POINT('',(-0.00206796574297879,0.0084860704322879,-0.005));
#8383=CARTESIAN_POINT('',(-0.00581796574297879,0.0084860704322879,-0.005));
#8384=CARTESIAN_POINT('',(-0.00956796574297879,0.00848607043228791,-0.005));
#8385=CARTESIAN_POINT('',(-0.0114429657429788,0.00523847516809626,-0.005));
#8386=CARTESIAN_POINT('',(-0.0133179657429788,0.00199087990390462,-0.005));
#8387=CARTESIAN_POINT('',(-0.0114429657429788,-0.00125671536028703,-0.005));
#8388=CARTESIAN_POINT('',(-0.00956796574297881,-0.00450431062447868,-0.005));
#8389=CARTESIAN_POINT('',(-0.00581796574297881,-0.00450431062447868,-0.005));
#8390=CARTESIAN_POINT('',(0.00455703425702119,-0.00976152483190376,-0.005));
#8391=CARTESIAN_POINT('',(0.00643203425702118,-0.00651392956771212,-0.005));
#8392=CARTESIAN_POINT('',(0.00268203425702118,-0.0130091200960954,-0.005));
#8393=CARTESIAN_POINT('',(0.00455703425702119,-0.0162567153602871,-0.005));
#8394=CARTESIAN_POINT('',(0.00643203425702119,-0.0195043106244787,-0.005));
#8395=CARTESIAN_POINT('',(0.0101820342570212,-0.0195043106244787,-0.005));
#8396=CARTESIAN_POINT('',(0.0139320342570212,-0.0195043106244787,-0.005));
#8397=CARTESIAN_POINT('',(0.0158070342570212,-0.0162567153602871,-0.005));
#8398=CARTESIAN_POINT('',(0.0176820342570212,-0.0130091200960954,-0.005));
#8399=CARTESIAN_POINT('',(0.0158070342570212,-0.00976152483190376,-0.005));
#8400=CARTESIAN_POINT('',(0.0139320342570212,-0.00651392956771212,-0.005));
#8401=CARTESIAN_POINT('',(0.0101820342570212,-0.00651392956771212,-0.005));
#8402=CARTESIAN_POINT('',(-0.0218179657429788,0.0104956893755213,-0.005));
#8403=CARTESIAN_POINT('',(-0.0255679657429788,0.0104956893755213,-0.005));
#8404=CARTESIAN_POINT('',(-0.0180679657429788,0.0104956893755213,-0.005));
#8405=CARTESIAN_POINT('',(-0.0161929657429788,0.013743284639713,-0.005));
#8406=CARTESIAN_POINT('',(-0.0143179657429788,0.0169908799039046,-0.005));
#8407=CARTESIAN_POINT('',(-0.0161929657429788,0.0202384751680963,-0.005));
#8408=CARTESIAN_POINT('',(-0.0180679657429788,0.0234860704322879,-0.005));
#8409=CARTESIAN_POINT('',(-0.0218179657429788,0.0234860704322879,-0.005));
#8410=CARTESIAN_POINT('',(-0.0255679657429788,0.0234860704322879,-0.005));
#8411=CARTESIAN_POINT('',(-0.0274429657429788,0.0202384751680963,-0.005));
#8412=CARTESIAN_POINT('',(-0.0293179657429788,0.0169908799039046,-0.005));
#8413=CARTESIAN_POINT('',(-0.0274429657429788,0.013743284639713,-0.005));
#8414=CARTESIAN_POINT('',(0.00455703425702119,0.0202384751680963,-0.005));
#8415=CARTESIAN_POINT('',(0.00268203425702118,0.0169908799039046,-0.005));
#8416=CARTESIAN_POINT('',(0.0064320342570212,0.0234860704322879,-0.005));
#8417=CARTESIAN_POINT('',(0.00455703425702118,0.013743284639713,-0.005));
#8418=CARTESIAN_POINT('',(0.00643203425702118,0.0104956893755213,-0.005));
#8419=CARTESIAN_POINT('',(0.0101820342570212,0.0104956893755213,-0.005));
#8420=CARTESIAN_POINT('',(0.0139320342570212,0.0104956893755213,-0.005));
#8421=CARTESIAN_POINT('',(0.0158070342570212,0.013743284639713,-0.005));
#8422=CARTESIAN_POINT('',(0.0176820342570212,0.0169908799039046,-0.005));
#8423=CARTESIAN_POINT('',(0.0158070342570212,0.0202384751680963,-0.005));
#8424=CARTESIAN_POINT('',(0.0139320342570212,0.0234860704322878,-0.005));
#8425=CARTESIAN_POINT('',(0.0101820342570212,0.0234860704322878,-0.005));
#8426=CARTESIAN_POINT('',(-0.0114429657429788,-0.0162567153602871,-0.005));
#8427=CARTESIAN_POINT('',(-0.00956796574297881,-0.0195043106244787,-0.005));
#8428=CARTESIAN_POINT('',(-0.0133179657429788,-0.0130091200960954,-0.005));
#8429=CARTESIAN_POINT('',(-0.00581796574297881,-0.0195043106244787,-0.005));
#8430=CARTESIAN_POINT('',(-0.0020679657429788,-0.0195043106244787,-0.005));
#8431=CARTESIAN_POINT('',(-0.000192965742978796,-0.0162567153602871,-0.005));
#8432=CARTESIAN_POINT('',(0.0016820342570212,-0.0130091200960954,-0.005));
#8433=CARTESIAN_POINT('',(-0.000192965742978793,-0.00976152483190376,-0.005));
#8434=CARTESIAN_POINT('',(-0.00206796574297879,-0.00651392956771211,-0.005));
#8435=CARTESIAN_POINT('',(-0.00581796574297879,-0.0065139295677121,-0.005));
#8436=CARTESIAN_POINT('',(-0.00956796574297881,-0.00651392956771211,-0.005));
#8437=CARTESIAN_POINT('',(-0.0114429657429788,-0.00976152483190375,-0.005));
#8438=CARTESIAN_POINT('',(-0.0428389999612261,-0.0162503556623055,-0.005));
#8439=CARTESIAN_POINT('',(-0.0405889999612261,-0.0162503556623055,-0.005));
#8440=CARTESIAN_POINT('',(0.0351999992132187,0.0199999995529652,-0.005));
#8441=CARTESIAN_POINT('',(0.0374499992132187,0.0199999995529652,-0.005));
#8442=CARTESIAN_POINT('',(-0.0428999990411103,0.0199999995529652,-0.005));
#8443=CARTESIAN_POINT('',(-0.0406499990411103,0.0199999995529652,-0.005));
#8444=CARTESIAN_POINT('',(0.0351999992132187,-0.0159999996423721,-0.005));
#8445=CARTESIAN_POINT('',(0.0374499992132187,-0.0159999996423721,-0.005));
#8446=CARTESIAN_POINT('',(0.0441820342570212,0.00199087990390462,-0.005));
#8447=CARTESIAN_POINT('',(0.0461820342570212,0.00199087990390462,-0.005));
#8448=CARTESIAN_POINT('',(-0.0558179657429788,0.00199087990390461,-0.005));
#8449=CARTESIAN_POINT('',(-0.0538179657429788,0.00199087990390461,-0.005));
#8450=CARTESIAN_POINT('',(-0.0560679657429787,-0.0252591200960954,-0.005));
#8451=CARTESIAN_POINT('',(-0.0600679657429788,-0.0252591200960954,-0.005));
#8452=CARTESIAN_POINT('',(-0.0600679657429788,-0.0292591200960954,-0.005));
#8453=CARTESIAN_POINT('',(-0.0600679657429788,0.0292408799039046,-0.005));
#8454=CARTESIAN_POINT('',(-0.0560679657429787,0.0292408799039046,-0.005));
#8455=CARTESIAN_POINT('',(0.0444320342570212,0.0292408799039046,-0.005));
#8456=CARTESIAN_POINT('',(0.0484320342570212,0.0292408799039046,-0.005));
#8457=CARTESIAN_POINT('',(0.0484320342570212,0.0332408799039046,-0.005));
#8458=CARTESIAN_POINT('',(0.0484320342570212,-0.0252591200960954,-0.005));
#8459=CARTESIAN_POINT('',(0.0444320342570212,-0.0252591200960954,-0.005));
#8460=CARTESIAN_POINT('',(-0.0274429657429788,-0.00125671536028704,-0.005));
#8461=CARTESIAN_POINT('',(-0.0255679657429788,-0.00450431062447869,-0.005));
#8462=CARTESIAN_POINT('',(-0.0293179657429788,0.00199087990390461,-0.005));
#8463=CARTESIAN_POINT('',(-0.0218179657429788,-0.00450431062447868,-0.005));
#8464=CARTESIAN_POINT('',(-0.0180679657429788,-0.00450431062447871,-0.005));
#8465=CARTESIAN_POINT('',(-0.0161929657429788,-0.00125671536028705,-0.005));
#8466=CARTESIAN_POINT('',(-0.0143179657429788,0.00199087990390459,-0.005));
#8467=CARTESIAN_POINT('',(-0.0161929657429788,0.00523847516809624,-0.005));
#8468=CARTESIAN_POINT('',(-0.0180679657429788,0.00848607043228789,-0.005));
#8469=CARTESIAN_POINT('',(-0.0218179657429788,0.0084860704322879,-0.005));
#8470=CARTESIAN_POINT('',(-0.0255679657429788,0.00848607043228789,-0.005));
#8471=CARTESIAN_POINT('',(-0.0274429657429788,0.00523847516809625,-0.005));
#8472=CARTESIAN_POINT('',(0.0158070342570212,0.00523847516809624,-0.005));
#8473=CARTESIAN_POINT('',(0.0176820342570212,0.0019908799039046,-0.005));
#8474=CARTESIAN_POINT('',(0.0139320342570212,0.00848607043228788,-0.005));
#8475=CARTESIAN_POINT('',(0.0101820342570212,0.00848607043228788,-0.005));
#8476=CARTESIAN_POINT('',(0.00643203425702119,0.00848607043228788,-0.005));
#8477=CARTESIAN_POINT('',(0.0045570342570212,0.00523847516809624,-0.005));
#8478=CARTESIAN_POINT('',(0.00268203425702118,0.00199087990390459,-0.005));
#8479=CARTESIAN_POINT('',(0.00455703425702119,-0.00125671536028706,-0.005));
#8480=CARTESIAN_POINT('',(0.0064320342570212,-0.00450431062447871,-0.005));
#8481=CARTESIAN_POINT('',(0.0101820342570212,-0.00450431062447871,-0.005));
#8482=CARTESIAN_POINT('',(0.0139320342570212,-0.0045043106244787,-0.005));
#8483=CARTESIAN_POINT('',(0.0158070342570212,-0.00125671536028704,-0.005));
#8484=CARTESIAN_POINT('',(-0.0274429657429788,-0.0162567153602871,-0.005));
#8485=CARTESIAN_POINT('',(-0.0255679657429788,-0.0195043106244787,-0.005));
#8486=CARTESIAN_POINT('',(-0.0293179657429788,-0.0130091200960954,-0.005));
#8487=CARTESIAN_POINT('',(-0.0218179657429788,-0.0195043106244787,-0.005));
#8488=CARTESIAN_POINT('',(-0.0180679657429788,-0.0195043106244787,-0.005));
#8489=CARTESIAN_POINT('',(-0.0161929657429788,-0.0162567153602871,-0.005));
#8490=CARTESIAN_POINT('',(-0.0143179657429788,-0.0130091200960954,-0.005));
#8491=CARTESIAN_POINT('',(-0.0161929657429788,-0.00976152483190376,-0.005));
#8492=CARTESIAN_POINT('',(-0.0180679657429788,-0.00651392956771211,-0.005));
#8493=CARTESIAN_POINT('',(-0.0218179657429788,-0.0065139295677121,-0.005));
#8494=CARTESIAN_POINT('',(-0.0255679657429788,-0.00651392956771211,-0.005));
#8495=CARTESIAN_POINT('',(-0.0274429657429788,-0.00976152483190375,-0.005));
#8496=CARTESIAN_POINT('',(-0.0114429657429788,0.0137432846397129,-0.005));
#8497=CARTESIAN_POINT('',(-0.0133179657429788,0.0169908799039046,-0.005));
#8498=CARTESIAN_POINT('',(-0.00956796574297879,0.0104956893755213,-0.005));
#8499=CARTESIAN_POINT('',(-0.00581796574297879,0.0104956893755213,-0.005));
#8500=CARTESIAN_POINT('',(-0.00206796574297879,0.0104956893755213,-0.005));
#8501=CARTESIAN_POINT('',(-0.000192965742978793,0.013743284639713,-0.005));
#8502=CARTESIAN_POINT('',(0.0016820342570212,0.0169908799039046,-0.005));
#8503=CARTESIAN_POINT('',(-0.000192965742978794,0.0202384751680963,-0.005));
#8504=CARTESIAN_POINT('',(-0.0020679657429788,0.0234860704322879,-0.005));
#8505=CARTESIAN_POINT('',(-0.0058179657429788,0.0234860704322879,-0.005));
#8506=CARTESIAN_POINT('',(-0.0095679657429788,0.0234860704322879,-0.005));
#8507=CARTESIAN_POINT('',(-0.0114429657429788,0.0202384751680963,-0.005));
#8508=CARTESIAN_POINT('',(-0.00581796574297876,0.00199087990390462,0.));
#8509=CARTESIAN_POINT('',(-0.000192965742978789,0.00523847516809624,0.));
#8510=CARTESIAN_POINT('',(0.0016820342570212,0.00199087990390459,0.));
#8511=CARTESIAN_POINT('',(-0.00206796574297879,0.0084860704322879,0.));
#8512=CARTESIAN_POINT('',(-0.000192965742978785,-0.00125671536028702,0.));
#8513=CARTESIAN_POINT('',(-0.00206796574297881,-0.00450431062447869,0.));
#8514=CARTESIAN_POINT('',(-0.00581796574297877,-0.00450431062447868,0.));
#8515=CARTESIAN_POINT('',(-0.00956796574297881,-0.00450431062447868,0.));
#8516=CARTESIAN_POINT('',(-0.0114429657429788,-0.00125671536028703,0.));
#8517=CARTESIAN_POINT('',(-0.0133179657429788,0.00199087990390462,0.));
#8518=CARTESIAN_POINT('',(-0.0114429657429788,0.00523847516809629,0.));
#8519=CARTESIAN_POINT('',(-0.00956796574297879,0.00848607043228791,0.));
#8520=CARTESIAN_POINT('',(-0.00581796574297875,0.0084860704322879,0.));
#8521=CARTESIAN_POINT('',(-0.00581796574297879,-0.0195043106244787,0.));
#8522=CARTESIAN_POINT('',(-0.0255679657429788,-0.0195043106244787,0.));
#8523=CARTESIAN_POINT('',(-0.0180679657429788,-0.0195043106244787,0.));
#8524=CARTESIAN_POINT('',(-0.0299381562713621,-0.0119349185905625,0.));
#8525=CARTESIAN_POINT('',(-0.0293179657429788,-0.0130091200960954,0.));
#8526=CARTESIAN_POINT('',(-0.0169477752145954,0.00841667839837179,0.));
#8527=CARTESIAN_POINT('',(-0.0255679657429788,-0.00651392956771211,0.));
#8528=CARTESIAN_POINT('',(-0.00581796574297877,-0.00651392956771212,0.));
#8529=CARTESIAN_POINT('',(-0.0180679657429788,-0.00651392956771211,0.));
#8530=CARTESIAN_POINT('',(-0.0186881562713621,-0.00543972806217924,0.));
#8531=CARTESIAN_POINT('',(-0.0143179657429788,-0.0130091200960954,0.));
#8532=CARTESIAN_POINT('',(-0.00569777521459547,0.00192148786998848,0.));
#8533=CARTESIAN_POINT('',(-0.00581796574297877,-0.00450431062447871,0.));
#8534=CARTESIAN_POINT('',(-0.0255679657429788,-0.00450431062447869,0.));
#8535=CARTESIAN_POINT('',(-0.0180679657429788,-0.00450431062447871,0.));
#8536=CARTESIAN_POINT('',(-0.0234429657429788,-0.00818491859056253,0.));
#8537=CARTESIAN_POINT('',(-0.0293179657429788,0.00199087990390461,0.));
#8538=CARTESIAN_POINT('',(-0.0234429657429787,0.0121666783983718,0.));
#8539=CARTESIAN_POINT('',(-0.0255679657429788,0.00848607043228789,0.));
#8540=CARTESIAN_POINT('',(-0.00581796574297875,0.00848607043228787,0.));
#8541=CARTESIAN_POINT('',(-0.0180679657429788,0.00848607043228789,0.));
#8542=CARTESIAN_POINT('',(-0.0121929657429788,-0.00168972806217926,0.));
#8543=CARTESIAN_POINT('',(-0.0143179657429788,0.00199087990390459,0.));
#8544=CARTESIAN_POINT('',(-0.0121929657429788,0.0056714878699885,0.));
#8545=CARTESIAN_POINT('',(0.00705222478540449,0.00942148786998845,0.));
#8546=CARTESIAN_POINT('',(0.00268203425702118,0.0169908799039046,0.));
#8547=CARTESIAN_POINT('',(0.00643203425702118,0.0104956893755213,0.));
#8548=CARTESIAN_POINT('',(-0.00593815627136211,0.00206027193782079,0.));
#8549=CARTESIAN_POINT('',(0.0064320342570212,0.0234860704322879,0.));
#8550=CARTESIAN_POINT('',(-0.0058179657429787,0.0234860704322879,0.));
#8551=CARTESIAN_POINT('',(0.0139320342570212,0.0234860704322878,0.));
#8552=CARTESIAN_POINT('',(0.0183022247854045,0.0159166783983718,0.));
#8553=CARTESIAN_POINT('',(0.0176820342570212,0.0169908799039046,0.));
#8554=CARTESIAN_POINT('',(0.00531184372863791,-0.00443491859056252,0.));
#8555=CARTESIAN_POINT('',(0.0139320342570212,0.0104956893755213,0.));
#8556=CARTESIAN_POINT('',(-0.00581796574297874,0.0104956893755213,0.));
#8557=CARTESIAN_POINT('',(-0.0058179657429788,-0.0195043106244787,0.));
#8558=CARTESIAN_POINT('',(-0.00956796574297881,-0.0195043106244787,0.));
#8559=CARTESIAN_POINT('',(-0.0020679657429788,-0.0195043106244787,0.));
#8560=CARTESIAN_POINT('',(-0.0179381562713621,-0.00500671536028702,0.));
#8561=CARTESIAN_POINT('',(-0.0133179657429788,-0.0130091200960954,0.));
#8562=CARTESIAN_POINT('',(-0.00494777521459549,0.00148847516809627,0.));
#8563=CARTESIAN_POINT('',(-0.00956796574297881,-0.00651392956771211,0.));
#8564=CARTESIAN_POINT('',(-0.00581796574297877,-0.0065139295677121,0.));
#8565=CARTESIAN_POINT('',(-0.00206796574297879,-0.00651392956771211,0.));
#8566=CARTESIAN_POINT('',(-0.00668815627136207,0.00148847516809626,0.));
#8567=CARTESIAN_POINT('',(0.0016820342570212,-0.0130091200960954,0.));
#8568=CARTESIAN_POINT('',(0.00630222478540452,-0.00500671536028704,0.));
#8569=CARTESIAN_POINT('',(-0.0428389999612261,-0.0162503556623055,0.));
#8570=CARTESIAN_POINT('',(-0.0378389999612261,-0.0162503556623055,0.));
#8571=CARTESIAN_POINT('',(-0.0428999990411103,0.0199999995529652,0.));
#8572=CARTESIAN_POINT('',(-0.0378999990411103,0.0199999995529652,0.));
#8573=CARTESIAN_POINT('',(0.0359320342570212,0.0217408799039046,0.));
#8574=CARTESIAN_POINT('',(0.0399320342570212,0.0217408799039046,0.));
#8575=CARTESIAN_POINT('',(-0.0475679657429788,0.0217408799039046,0.));
#8576=CARTESIAN_POINT('',(-0.0515679657429788,0.0217408799039046,0.));
#8577=CARTESIAN_POINT('',(-0.0515679657429788,-0.00988412009609539,0.));
#8578=CARTESIAN_POINT('',(-0.0515679657429788,-0.0177591200960954,0.));
#8579=CARTESIAN_POINT('',(-0.0475679657429788,-0.0177591200960954,0.));
#8580=CARTESIAN_POINT('',(0.0359320342570212,-0.0177591200960954,0.));
#8581=CARTESIAN_POINT('',(0.0399320342570212,-0.0177591200960954,0.));
#8582=CARTESIAN_POINT('',(0.0399320342570212,0.0138658799039046,0.));
#8583=CARTESIAN_POINT('',(0.0399320342570212,-0.0176148817879868,-2.71050543121376E-20));
#8584=CARTESIAN_POINT('',(0.0351999992132187,-0.0159999996423721,0.));
#8585=CARTESIAN_POINT('',(0.0399320342570212,-0.0143851174967575,0.));
#8586=CARTESIAN_POINT('',(0.0399320342570212,0.0138658799039046,0.));
#8587=CARTESIAN_POINT('',(0.0399320342570212,0.0183851174073506,-1.6940658945086E-20));
#8588=CARTESIAN_POINT('',(0.0351999992132187,0.0199999995529652,0.));
#8589=CARTESIAN_POINT('',(0.0399320342570212,0.0216148816985798,0.));
#8590=CARTESIAN_POINT('',(0.0399320342570212,0.0138658799039046,0.));
#8591=CARTESIAN_POINT('',(-0.0186881562713621,0.00942148786998849,0.));
#8592=CARTESIAN_POINT('',(-0.0143179657429788,0.0169908799039046,0.));
#8593=CARTESIAN_POINT('',(-0.0180679657429788,0.0104956893755213,0.));
#8594=CARTESIAN_POINT('',(-0.00581796574297877,0.0104956893755213,0.));
#8595=CARTESIAN_POINT('',(-0.0255679657429788,0.0104956893755213,0.));
#8596=CARTESIAN_POINT('',(-0.0169477752145955,-0.00443491859056255,0.));
#8597=CARTESIAN_POINT('',(-0.0293179657429788,0.0169908799039046,0.));
#8598=CARTESIAN_POINT('',(-0.0299381562713621,0.0159166783983718,0.));
#8599=CARTESIAN_POINT('',(-0.0255679657429788,0.0234860704322879,0.));
#8600=CARTESIAN_POINT('',(-0.00581796574297879,0.0234860704322879,0.));
#8601=CARTESIAN_POINT('',(-0.0180679657429788,0.0234860704322879,0.));
#8602=CARTESIAN_POINT('',(-0.00569777521459547,0.00206027193782075,0.));
#8603=CARTESIAN_POINT('',(-0.00581796574297876,0.00848607043228787,0.));
#8604=CARTESIAN_POINT('',(0.00643203425702119,0.00848607043228788,0.));
#8605=CARTESIAN_POINT('',(0.0139320342570212,0.00848607043228788,0.));
#8606=CARTESIAN_POINT('',(0.0118070342570212,0.0121666783983718,0.));
#8607=CARTESIAN_POINT('',(0.0176820342570212,0.0019908799039046,0.));
#8608=CARTESIAN_POINT('',(0.0118070342570212,-0.00818491859056251,0.));
#8609=CARTESIAN_POINT('',(0.0139320342570212,-0.0045043106244787,0.));
#8610=CARTESIAN_POINT('',(-0.00581796574297876,-0.00450431062447871,0.));
#8611=CARTESIAN_POINT('',(0.0064320342570212,-0.00450431062447871,0.));
#8612=CARTESIAN_POINT('',(0.000557034257021179,0.00567148786998846,0.));
#8613=CARTESIAN_POINT('',(0.00268203425702118,0.00199087990390459,0.));
#8614=CARTESIAN_POINT('',(0.000557034257021228,-0.00168972806217923,0.));
#8615=CARTESIAN_POINT('',(-0.00593815627136212,0.00192148786998844,0.));
#8616=CARTESIAN_POINT('',(0.0064320342570212,-0.0195043106244787,0.));
#8617=CARTESIAN_POINT('',(0.00268203425702118,-0.0130091200960954,0.));
#8618=CARTESIAN_POINT('',(0.00705222478540451,-0.00543972806217921,0.));
#8619=CARTESIAN_POINT('',(0.00643203425702118,-0.00651392956771212,0.));
#8620=CARTESIAN_POINT('',(-0.00581796574297876,-0.00651392956771212,0.));
#8621=CARTESIAN_POINT('',(0.0139320342570212,-0.00651392956771212,0.));
#8622=CARTESIAN_POINT('',(0.00531184372863789,0.00841667839837175,0.));
#8623=CARTESIAN_POINT('',(0.0176820342570212,-0.0130091200960954,0.));
#8624=CARTESIAN_POINT('',(0.0183022247854045,-0.0119349185905625,0.));
#8625=CARTESIAN_POINT('',(0.0139320342570212,-0.0195043106244787,0.));
#8626=CARTESIAN_POINT('',(-0.00581796574297875,-0.0195043106244787,0.));
#8627=CARTESIAN_POINT('',(-0.00581796574297877,0.0104956893755213,0.));
#8628=CARTESIAN_POINT('',(-0.00206796574297879,0.0104956893755213,0.));
#8629=CARTESIAN_POINT('',(-0.00956796574297879,0.0104956893755213,0.));
#8630=CARTESIAN_POINT('',(-0.0049477752145955,0.00249328463971296,0.));
#8631=CARTESIAN_POINT('',(-0.0133179657429788,0.0169908799039046,0.));
#8632=CARTESIAN_POINT('',(-0.017938156271362,0.00898847516809625,0.));
#8633=CARTESIAN_POINT('',(-0.0095679657429788,0.0234860704322879,0.));
#8634=CARTESIAN_POINT('',(-0.0058179657429788,0.0234860704322879,0.));
#8635=CARTESIAN_POINT('',(-0.0020679657429788,0.0234860704322879,0.));
#8636=CARTESIAN_POINT('',(0.00630222478540451,0.00898847516809627,0.));
#8637=CARTESIAN_POINT('',(0.0016820342570212,0.0169908799039046,0.));
#8638=CARTESIAN_POINT('',(-0.00668815627136205,0.00249328463971298,0.));
#8639=CARTESIAN_POINT('',(0.0351999992132187,-0.0159999996423721,0.));
#8640=CARTESIAN_POINT('',(0.0351999992132187,-0.0159999996423721,0.003));
#8641=CARTESIAN_POINT('',(0.0374499992132187,-0.0159999996423721,0.003));
#8642=CARTESIAN_POINT('',(-0.0428999990411103,0.0199999995529652,0.));
#8643=CARTESIAN_POINT('',(-0.0428999990411103,0.0199999995529652,0.003));
#8644=CARTESIAN_POINT('',(-0.0406499990411103,0.0199999995529652,0.003));
#8645=CARTESIAN_POINT('',(0.0351999992132187,0.0199999995529652,0.));
#8646=CARTESIAN_POINT('',(0.0351999992132187,0.0199999995529652,0.003));
#8647=CARTESIAN_POINT('',(0.0374499992132187,0.0199999995529652,0.003));
#8648=CARTESIAN_POINT('',(-0.0428389999612261,-0.0162503556623055,0.));
#8649=CARTESIAN_POINT('',(-0.0428389999612261,-0.0162503556623055,0.003));
#8650=CARTESIAN_POINT('',(-0.0405889999612261,-0.0162503556623055,0.003));
#8651=CARTESIAN_POINT('',(0.0484320342570212,0.0170000002464423,0.003));
#8652=CARTESIAN_POINT('',(0.0351999992132187,0.0199999995529652,0.003));
#8653=CARTESIAN_POINT('',(0.0391999992132187,0.0199999995529652,0.003));
#8654=CARTESIAN_POINT('',(0.0484320342570212,0.0170000002464423,0.003));
#8655=CARTESIAN_POINT('',(0.0351999992132187,-0.0159999996423721,0.003));
#8656=CARTESIAN_POINT('',(0.0391999992132187,-0.0159999996423721,0.003));
#8657=CARTESIAN_POINT('',(0.0484320342570212,0.0170000002464423,0.003));
#8658=CARTESIAN_POINT('',(-0.0428999990411103,0.0199999995529652,0.003));
#8659=CARTESIAN_POINT('',(-0.0388999990411103,0.0199999995529652,0.003));
#8660=CARTESIAN_POINT('',(0.0484320342570212,0.0170000002464423,0.003));
#8661=CARTESIAN_POINT('',(-0.0428389999612261,-0.0162503556623055,0.003));
#8662=CARTESIAN_POINT('',(-0.0388389999612261,-0.0162503556623055,0.003));
#8663=CARTESIAN_POINT('',(0.0351999992132187,0.0199999995529652,0.));
#8664=CARTESIAN_POINT('',(0.0351999992132187,0.0199999995529652,0.001));
#8665=CARTESIAN_POINT('',(0.0391999992132187,0.0199999995529652,0.001));
#8666=CARTESIAN_POINT('',(0.0351999992132187,0.0199999995529652,0.001));
#8667=CARTESIAN_POINT('',(0.0399320342570212,0.0216148816985797,0.));
#8668=CARTESIAN_POINT('',(0.0399320342570212,0.0210763115797541,9.10913472871772E-18));
#8669=CARTESIAN_POINT('',(0.0399320342570212,0.0199999995529653,7.3142680684346E-5));
#8670=CARTESIAN_POINT('',(0.0399320342570212,0.0189236875261762,3.46963203930895E-18));
#8671=CARTESIAN_POINT('',(0.0399320342570212,0.0183851174073506,-3.3881317890172E-20));
#8672=CARTESIAN_POINT('',(0.0351999992132187,-0.0159999996423721,0.));
#8673=CARTESIAN_POINT('',(0.0351999992132187,-0.0159999996423721,0.001));
#8674=CARTESIAN_POINT('',(0.0391999992132187,-0.0159999996423721,0.001));
#8675=CARTESIAN_POINT('',(0.0399320342570212,0.0257408799039046,0.));
#8676=CARTESIAN_POINT('',(0.0399320342570212,0.0170000002464423,0.0035));
#8677=CARTESIAN_POINT('',(0.0399320342570212,0.0170000002464423,0.003));
#8678=CARTESIAN_POINT('',(0.0399320342570212,0.0170000002464423,0.007));
#8679=CARTESIAN_POINT('',(0.0399320342570212,0.0148704399783159,0.007));
#8680=CARTESIAN_POINT('',(0.0399320342570212,0.00400000005272719,0.007));
#8681=CARTESIAN_POINT('',(0.0399320342570212,0.00400000005272719,0.0015));
#8682=CARTESIAN_POINT('',(0.0399320342570212,0.00400000005272719,0.003));
#8683=CARTESIAN_POINT('',(0.0399320342570212,0.0213704400751734,0.003));
#8684=CARTESIAN_POINT('',(0.0399320342570212,0.0217408799039046,0.));
#8685=CARTESIAN_POINT('',(0.0399320342570212,0.0217408799039046,0.02));
#8686=CARTESIAN_POINT('',(0.0399320342570212,-0.0143851174967576,0.));
#8687=CARTESIAN_POINT('',(0.0399320342570212,-0.0149236876155832,9.10913472871773E-18));
#8688=CARTESIAN_POINT('',(0.0399320342570212,-0.015999999642372,7.31426806843461E-5));
#8689=CARTESIAN_POINT('',(0.0399320342570212,-0.0170763116691611,3.21573569142825E-18));
#8690=CARTESIAN_POINT('',(0.0399320342570212,-0.0176148817879867,-5.42101086242752E-20));
#8691=CARTESIAN_POINT('',(0.0399320342570212,-0.0177591200960954,0.));
#8692=CARTESIAN_POINT('',(0.0399320342570212,-0.0177591200960954,0.02));
#8693=CARTESIAN_POINT('',(0.0399320342570212,0.0138658799039046,0.02));
#8694=CARTESIAN_POINT('',(0.0351999992132187,-0.0159999996423721,0.001));
#8695=CARTESIAN_POINT('',(-0.0428389999612261,-0.0162503556623055,0.));
#8696=CARTESIAN_POINT('',(-0.0428389999612261,-0.0162503556623055,0.001));
#8697=CARTESIAN_POINT('',(-0.0388389999612261,-0.0162503556623055,0.001));
#8698=CARTESIAN_POINT('',(-0.0428389999612261,-0.0162503556623055,0.001));
#8699=CARTESIAN_POINT('',(-0.0428999990411103,0.0199999995529652,0.));
#8700=CARTESIAN_POINT('',(-0.0428999990411103,0.0199999995529652,0.001));
#8701=CARTESIAN_POINT('',(-0.0388999990411103,0.0199999995529652,0.001));
#8702=CARTESIAN_POINT('',(-0.0428999990411103,0.0199999995529652,0.001));
#8703=CARTESIAN_POINT('',(-0.0475679657429788,0.0217408799039046,0.));
#8704=CARTESIAN_POINT('',(-0.0475679657429788,0.0217408799039046,0.02));
#8705=CARTESIAN_POINT('',(-0.0515679657429788,0.0217408799039046,0.02));
#8706=CARTESIAN_POINT('',(-0.0515679657429788,0.0217408799039046,0.));
#8707=CARTESIAN_POINT('',(-0.0515679657429788,-0.0217591200960954,0.));
#8708=CARTESIAN_POINT('',(-0.0515679657429788,0.00199087990390462,0.014));
#8709=CARTESIAN_POINT('',(-0.0515679657429788,-0.00100912009609538,0.014));
#8710=CARTESIAN_POINT('',(-0.0515679657429788,-0.0177591200960954,0.));
#8711=CARTESIAN_POINT('',(-0.0515679657429788,-0.0177591200960954,0.02));
#8712=CARTESIAN_POINT('',(-0.0515679657429788,-0.00988412009609539,0.02));
#8713=CARTESIAN_POINT('',(-0.0475679657429788,-0.0177591200960954,0.));
#8714=CARTESIAN_POINT('',(-0.0475679657429788,-0.0177591200960954,0.02));
#8715=CARTESIAN_POINT('',(0.0359320342570212,-0.0177591200960954,0.));
#8716=CARTESIAN_POINT('',(0.0359320342570212,-0.0177591200960954,0.02));
#8717=CARTESIAN_POINT('',(0.0359320342570212,0.0217408799039046,0.));
#8718=CARTESIAN_POINT('',(0.0359320342570212,0.0217408799039046,0.02));
#8719=CARTESIAN_POINT('',(0.0444320342570212,-0.0252591200960954,0.));
#8720=CARTESIAN_POINT('',(0.0444320342570212,-0.0252591200960954,0.02));
#8721=CARTESIAN_POINT('',(0.0484320342570212,-0.0252591200960954,0.02));
#8722=CARTESIAN_POINT('',(0.0484320342570212,-0.0252591200960954,0.));
#8723=CARTESIAN_POINT('',(0.0484320342570212,0.0332408799039046,0.));
#8724=CARTESIAN_POINT('',(0.0484320342570212,0.0170000002464423,0.0035));
#8725=CARTESIAN_POINT('',(0.0484320342570212,0.0170000002464423,0.007));
#8726=CARTESIAN_POINT('',(0.0484320342570212,0.0170000002464423,0.003));
#8727=CARTESIAN_POINT('',(0.0484320342570212,0.0251204400751734,0.003));
#8728=CARTESIAN_POINT('',(0.0484320342570212,0.00400000005272719,0.003));
#8729=CARTESIAN_POINT('',(0.0484320342570212,0.00400000005272719,0.0015));
#8730=CARTESIAN_POINT('',(0.0484320342570212,0.00400000005272719,0.007));
#8731=CARTESIAN_POINT('',(0.0484320342570212,0.0186204399783159,0.007));
#8732=CARTESIAN_POINT('',(0.0484320342570212,0.0292408799039046,0.));
#8733=CARTESIAN_POINT('',(0.0484320342570212,0.0292408799039046,0.02));
#8734=CARTESIAN_POINT('',(0.0484320342570212,0.0332408799039046,0.02));
#8735=CARTESIAN_POINT('',(0.0444320342570212,0.0292408799039046,0.));
#8736=CARTESIAN_POINT('',(0.0444320342570212,0.0292408799039046,0.02));
#8737=CARTESIAN_POINT('',(-0.0560679657429787,0.0292408799039046,0.));
#8738=CARTESIAN_POINT('',(-0.0560679657429787,0.0292408799039046,0.02));
#8739=CARTESIAN_POINT('',(-0.0600679657429788,0.0292408799039046,0.02));
#8740=CARTESIAN_POINT('',(-0.0600679657429788,0.0292408799039046,0.));
#8741=CARTESIAN_POINT('',(-0.00581796574297876,0.00199087990390462,0.02));
#8742=CARTESIAN_POINT('',(-0.0550679657429788,0.0282408799039046,0.02));
#8743=CARTESIAN_POINT('',(-0.0564179657429788,0.0282408799039046,0.02));
#8744=CARTESIAN_POINT('',(0.0434320342570212,-0.0242591200960954,0.02));
#8745=CARTESIAN_POINT('',(0.0420820342570212,-0.0242591200960954,0.02));
#8746=CARTESIAN_POINT('',(0.0441820342570212,0.00199087990390462,0.02));
#8747=CARTESIAN_POINT('',(0.0461820342570212,0.00199087990390462,0.02));
#8748=CARTESIAN_POINT('',(-0.0558179657429788,0.00199087990390461,0.02));
#8749=CARTESIAN_POINT('',(-0.0538179657429788,0.00199087990390461,0.02));
#8750=CARTESIAN_POINT('',(-0.0560679657429787,-0.0252591200960954,0.02));
#8751=CARTESIAN_POINT('',(-0.0600679657429788,-0.0252591200960954,0.02));
#8752=CARTESIAN_POINT('',(-0.0600679657429788,-0.0292591200960954,0.02));
#8753=CARTESIAN_POINT('',(-0.0600679657429788,-0.0292591200960954,0.));
#8754=CARTESIAN_POINT('',(-0.0600679657429788,0.00199087990390462,0.014));
#8755=CARTESIAN_POINT('',(-0.0600679657429788,-0.00100912009609538,0.014));
#8756=CARTESIAN_POINT('',(-0.0600679657429788,-0.0252591200960954,0.));
#8757=CARTESIAN_POINT('',(-0.0560679657429787,-0.0252591200960954,0.));
#8758=CARTESIAN_POINT('',(0.0434320342570212,-0.0242591200960954,0.005));
#8759=CARTESIAN_POINT('',(-0.0550679657429788,0.0282408799039046,0.005));
#8760=CARTESIAN_POINT('',(-0.0564179657429788,0.0282408799039046,0.005));
#8761=CARTESIAN_POINT('',(-0.0550679657429788,0.0282408799039046,0.02));
#8762=CARTESIAN_POINT('',(0.0434320342570212,-0.0242591200960954,0.005));
#8763=CARTESIAN_POINT('',(0.0434320342570212,-0.0242591200960954,0.005));
#8764=CARTESIAN_POINT('',(0.0420820342570212,-0.0242591200960954,0.005));
#8765=CARTESIAN_POINT('',(0.0434320342570212,-0.0242591200960954,0.02));
#8766=CARTESIAN_POINT('',(0.0484320342570212,0.00400000005272719,0.007));
#8767=CARTESIAN_POINT('',(0.0484320342570212,0.0170000002464423,0.007));
#8768=CARTESIAN_POINT('',(0.0484320342570212,0.00400000005272719,0.007));
#8769=CARTESIAN_POINT('',(0.0484320342570212,0.0170000002464423,0.007));
#8770=CARTESIAN_POINT('',(0.0484320342570212,0.0170000002464423,0.003));
#8771=CARTESIAN_POINT('',(0.0484320342570212,0.0170000002464423,0.003));
#8772=CARTESIAN_POINT('',(0.0484320342570212,0.00400000005272719,0.003));
#8773=CARTESIAN_POINT('',(0.0484320342570212,0.00400000005272719,0.003));
#8774=CARTESIAN_POINT('',(-0.0600679657429788,0.00199087990390462,0.014));
#8775=CARTESIAN_POINT('',(-0.0550075506396371,0.000106189956590566,0.0116553199031545));
#8776=CARTESIAN_POINT('',(-0.0558192173722951,-6.63842265788214E-5,0.0118179278330274));
#8777=CARTESIAN_POINT('',(-0.0566233743290553,0.00010462637315238,0.0116565608997371));
#8778=CARTESIAN_POINT('',(-0.0572579000595796,0.000536119361178396,0.0113522412373911));
#8779=CARTESIAN_POINT('',(-0.0577004858860811,0.00117344486787642,0.0110800406769689));
#8780=CARTESIAN_POINT('',(-0.0578749556105043,0.00198197102687339,0.0109611101148356));
#8781=CARTESIAN_POINT('',(-0.0577073833481799,0.00279428408412837,0.0110755873845888));
#8782=CARTESIAN_POINT('',(-0.0572645990789753,0.00343888990625083,0.0113482622076845));
#8783=CARTESIAN_POINT('',(-0.0566362215172195,0.00387178234121467,0.0116520833267832));
#8784=CARTESIAN_POINT('',(-0.055827177656414,0.00404821314716167,0.0118179977831748));
#8785=CARTESIAN_POINT('',(-0.0550191333686816,0.00388051255819592,0.0116593996701038));
#8786=CARTESIAN_POINT('',(-0.0543801427494836,0.00344837025700193,0.0113535322995221));
#8787=CARTESIAN_POINT('',(-0.0539352449094247,0.00280868134986641,0.0110799296207799));
#8788=CARTESIAN_POINT('',(-0.0537608584253659,0.00199836719442389,0.010961019559742));
#8789=CARTESIAN_POINT('',(-0.0539291897824934,0.00118525347836961,0.0110760414305072));
#8790=CARTESIAN_POINT('',(-0.0543750565350182,0.000538531428322609,0.0113504629517628));
#8791=CARTESIAN_POINT('',(-0.0550075506396371,0.000106189956590566,0.0116553199031545));
#8792=CARTESIAN_POINT('',(-0.0558192173722951,-6.63842265788214E-5,0.0118179278330274));
#8793=CARTESIAN_POINT('',(-0.0566233743290553,0.00010462637315238,0.0116565608997371));
#8794=CARTESIAN_POINT('',(-0.0558179657429788,-9.12009609538984E-6,0.0117639320225002));
#8795=CARTESIAN_POINT('',(-0.0566300511628815,0.0001068332048882,0.0163452126868592));
#8796=CARTESIAN_POINT('',(-0.055816225737364,-6.65566088845526E-5,0.0161819393584829));
#8797=CARTESIAN_POINT('',(-0.0550128403455355,0.00010467265407767,0.016343437744208));
#8798=CARTESIAN_POINT('',(-0.0543782265496126,0.00053575263445996,0.016647621421973));
#8799=CARTESIAN_POINT('',(-0.0539356461990569,0.00117361253421694,0.0169198364351453));
#8800=CARTESIAN_POINT('',(-0.053761068509737,0.00197912825891741,0.0170388265946314));
#8801=CARTESIAN_POINT('',(-0.0539280317331658,0.00279366975527918,0.0169247521778465));
#8802=CARTESIAN_POINT('',(-0.0543708413029758,0.00343832756175615,0.0166520104299525));
#8803=CARTESIAN_POINT('',(-0.0549991168942711,0.00387156455859661,0.016348131072574));
#8804=CARTESIAN_POINT('',(-0.0558082230256322,0.00404819067499418,0.0161820006577967));
#8805=CARTESIAN_POINT('',(-0.0566162855596029,0.00388080465401957,0.0163404060974801));
#8806=CARTESIAN_POINT('',(-0.0572555446306001,0.00344840362682056,0.016646325899343));
#8807=CARTESIAN_POINT('',(-0.0577004526408112,0.00280995724914256,0.016919915021339));
#8808=CARTESIAN_POINT('',(-0.0578754387327147,0.00199512517797242,0.0170392267489402));
#8809=CARTESIAN_POINT('',(-0.0577055533180546,0.00118320516238081,0.0169231556041524));
#8810=CARTESIAN_POINT('',(-0.0572604469792388,0.000538576295531171,0.0166494404909729));
#8811=CARTESIAN_POINT('',(-0.0566300511628815,0.0001068332048882,0.0163452126868592));
#8812=CARTESIAN_POINT('',(-0.055816225737364,-6.65566088845526E-5,0.0161819393584829));
#8813=CARTESIAN_POINT('',(-0.0550128403455355,0.00010467265407767,0.016343437744208));
#8814=CARTESIAN_POINT('',(-0.0558179657429788,-9.12009609539009E-6,0.0162360679774998));
#8815=CARTESIAN_POINT('',(0.0441820342570212,0.00199087990390462,0.));
#8816=CARTESIAN_POINT('',(-0.0558179657429788,0.00199087990390461,0.));
#8817=CARTESIAN_POINT('',(-0.0558179657429788,0.00199087990390461,0.));
#8818=CARTESIAN_POINT('',(-0.00581796574297881,-0.0195043106244787,0.025002));
#8819=CARTESIAN_POINT('',(-0.0020679657429788,-0.0195043106244787,0.025002));
#8820=CARTESIAN_POINT('',(-0.00956796574297881,-0.0195043106244787,0.025002));
#8821=CARTESIAN_POINT('',(-0.0114429657429788,-0.0162567153602871,0.025002));
#8822=CARTESIAN_POINT('',(-0.0133179657429788,-0.0130091200960954,0.025002));
#8823=CARTESIAN_POINT('',(-0.0114429657429788,-0.00976152483190375,0.025002));
#8824=CARTESIAN_POINT('',(-0.00956796574297881,-0.00651392956771211,0.025002));
#8825=CARTESIAN_POINT('',(-0.000192965742978796,-0.0162567153602871,0.025002));
#8826=CARTESIAN_POINT('',(0.0016820342570212,-0.0130091200960954,0.025002));
#8827=CARTESIAN_POINT('',(-0.00581796574297879,-0.0065139295677121,0.025002));
#8828=CARTESIAN_POINT('',(-0.00206796574297879,-0.00651392956771211,0.025002));
#8829=CARTESIAN_POINT('',(-0.000192965742978793,-0.00976152483190376,0.025002));
#8830=CARTESIAN_POINT('',(0.00455703425702118,0.013743284639713,0.025002));
#8831=CARTESIAN_POINT('',(0.00643203425702118,0.0104956893755213,0.025002));
#8832=CARTESIAN_POINT('',(0.00268203425702118,0.0169908799039046,0.025002));
#8833=CARTESIAN_POINT('',(0.00455703425702119,0.0202384751680963,0.025002));
#8834=CARTESIAN_POINT('',(0.0064320342570212,0.0234860704322879,0.025002));
#8835=CARTESIAN_POINT('',(0.0101820342570212,0.0234860704322878,0.025002));
#8836=CARTESIAN_POINT('',(0.0139320342570212,0.0234860704322878,0.025002));
#8837=CARTESIAN_POINT('',(0.0101820342570212,0.0104956893755213,0.025002));
#8838=CARTESIAN_POINT('',(0.0139320342570212,0.0104956893755213,0.025002));
#8839=CARTESIAN_POINT('',(0.0158070342570212,0.0202384751680963,0.025002));
#8840=CARTESIAN_POINT('',(0.0176820342570212,0.0169908799039046,0.025002));
#8841=CARTESIAN_POINT('',(0.0158070342570212,0.013743284639713,0.025002));
#8842=CARTESIAN_POINT('',(-0.0218179657429788,0.0104956893755213,0.025002));
#8843=CARTESIAN_POINT('',(-0.0180679657429788,0.0104956893755213,0.025002));
#8844=CARTESIAN_POINT('',(-0.0255679657429788,0.0104956893755213,0.025002));
#8845=CARTESIAN_POINT('',(-0.0274429657429788,0.013743284639713,0.025002));
#8846=CARTESIAN_POINT('',(-0.0293179657429788,0.0169908799039046,0.025002));
#8847=CARTESIAN_POINT('',(-0.0274429657429788,0.0202384751680963,0.025002));
#8848=CARTESIAN_POINT('',(-0.0255679657429788,0.0234860704322879,0.025002));
#8849=CARTESIAN_POINT('',(-0.0218179657429788,0.0234860704322879,0.025002));
#8850=CARTESIAN_POINT('',(-0.0180679657429788,0.0234860704322879,0.025002));
#8851=CARTESIAN_POINT('',(-0.0161929657429788,0.0202384751680963,0.025002));
#8852=CARTESIAN_POINT('',(-0.0143179657429788,0.0169908799039046,0.025002));
#8853=CARTESIAN_POINT('',(-0.0161929657429788,0.013743284639713,0.025002));
#8854=CARTESIAN_POINT('',(-0.0218179657429788,-0.00450431062447868,0.025002));
#8855=CARTESIAN_POINT('',(-0.0180679657429788,-0.00450431062447871,0.025002));
#8856=CARTESIAN_POINT('',(-0.0255679657429788,-0.00450431062447869,0.025002));
#8857=CARTESIAN_POINT('',(-0.0274429657429788,-0.00125671536028704,0.025002));
#8858=CARTESIAN_POINT('',(-0.0293179657429788,0.00199087990390461,0.025002));
#8859=CARTESIAN_POINT('',(-0.0274429657429788,0.00523847516809625,0.025002));
#8860=CARTESIAN_POINT('',(-0.0255679657429788,0.00848607043228789,0.025002));
#8861=CARTESIAN_POINT('',(-0.0161929657429788,-0.00125671536028705,0.025002));
#8862=CARTESIAN_POINT('',(-0.0143179657429788,0.00199087990390459,0.025002));
#8863=CARTESIAN_POINT('',(-0.0218179657429788,0.0084860704322879,0.025002));
#8864=CARTESIAN_POINT('',(-0.0180679657429788,0.00848607043228789,0.025002));
#8865=CARTESIAN_POINT('',(-0.0161929657429788,0.00523847516809624,0.025002));
#8866=CARTESIAN_POINT('',(0.0158070342570212,0.00523847516809624,0.025002));
#8867=CARTESIAN_POINT('',(0.0139320342570212,0.00848607043228788,0.025002));
#8868=CARTESIAN_POINT('',(0.0176820342570212,0.0019908799039046,0.025002));
#8869=CARTESIAN_POINT('',(0.0158070342570212,-0.00125671536028704,0.025002));
#8870=CARTESIAN_POINT('',(0.0139320342570212,-0.0045043106244787,0.025002));
#8871=CARTESIAN_POINT('',(0.0101820342570212,-0.00450431062447871,0.025002));
#8872=CARTESIAN_POINT('',(0.0064320342570212,-0.00450431062447871,0.025002));
#8873=CARTESIAN_POINT('',(0.00455703425702119,-0.00125671536028706,0.025002));
#8874=CARTESIAN_POINT('',(0.00268203425702118,0.00199087990390459,0.025002));
#8875=CARTESIAN_POINT('',(0.0045570342570212,0.00523847516809624,0.025002));
#8876=CARTESIAN_POINT('',(0.00643203425702119,0.00848607043228788,0.025002));
#8877=CARTESIAN_POINT('',(0.0101820342570212,0.00848607043228788,0.025002));
#8878=CARTESIAN_POINT('',(0.00455703425702119,-0.00976152483190376,0.025002));
#8879=CARTESIAN_POINT('',(0.00268203425702118,-0.0130091200960954,0.025002));
#8880=CARTESIAN_POINT('',(0.00643203425702118,-0.00651392956771212,0.025002));
#8881=CARTESIAN_POINT('',(0.0101820342570212,-0.00651392956771212,0.025002));
#8882=CARTESIAN_POINT('',(0.0139320342570212,-0.00651392956771212,0.025002));
#8883=CARTESIAN_POINT('',(0.0158070342570212,-0.00976152483190376,0.025002));
#8884=CARTESIAN_POINT('',(0.0176820342570212,-0.0130091200960954,0.025002));
#8885=CARTESIAN_POINT('',(0.0158070342570212,-0.0162567153602871,0.025002));
#8886=CARTESIAN_POINT('',(0.0139320342570212,-0.0195043106244787,0.025002));
#8887=CARTESIAN_POINT('',(0.0101820342570212,-0.0195043106244787,0.025002));
#8888=CARTESIAN_POINT('',(0.0064320342570212,-0.0195043106244787,0.025002));
#8889=CARTESIAN_POINT('',(0.00455703425702119,-0.0162567153602871,0.025002));
#8890=CARTESIAN_POINT('',(-0.0218179657429788,-0.0195043106244787,0.025002));
#8891=CARTESIAN_POINT('',(-0.0180679657429788,-0.0195043106244787,0.025002));
#8892=CARTESIAN_POINT('',(-0.0255679657429788,-0.0195043106244787,0.025002));
#8893=CARTESIAN_POINT('',(-0.0274429657429788,-0.0162567153602871,0.025002));
#8894=CARTESIAN_POINT('',(-0.0293179657429788,-0.0130091200960954,0.025002));
#8895=CARTESIAN_POINT('',(-0.0274429657429788,-0.00976152483190375,0.025002));
#8896=CARTESIAN_POINT('',(-0.0255679657429788,-0.00651392956771211,0.025002));
#8897=CARTESIAN_POINT('',(-0.0161929657429788,-0.0162567153602871,0.025002));
#8898=CARTESIAN_POINT('',(-0.0143179657429788,-0.0130091200960954,0.025002));
#8899=CARTESIAN_POINT('',(-0.0218179657429788,-0.0065139295677121,0.025002));
#8900=CARTESIAN_POINT('',(-0.0180679657429788,-0.00651392956771211,0.025002));
#8901=CARTESIAN_POINT('',(-0.0161929657429788,-0.00976152483190376,0.025002));
#8902=CARTESIAN_POINT('',(-0.0114429657429788,0.0137432846397129,0.025002));
#8903=CARTESIAN_POINT('',(-0.00956796574297879,0.0104956893755213,0.025002));
#8904=CARTESIAN_POINT('',(-0.0133179657429788,0.0169908799039046,0.025002));
#8905=CARTESIAN_POINT('',(-0.0114429657429788,0.0202384751680963,0.025002));
#8906=CARTESIAN_POINT('',(-0.0095679657429788,0.0234860704322879,0.025002));
#8907=CARTESIAN_POINT('',(-0.0058179657429788,0.0234860704322879,0.025002));
#8908=CARTESIAN_POINT('',(-0.0020679657429788,0.0234860704322879,0.025002));
#8909=CARTESIAN_POINT('',(-0.000192965742978794,0.0202384751680963,0.025002));
#8910=CARTESIAN_POINT('',(0.0016820342570212,0.0169908799039046,0.025002));
#8911=CARTESIAN_POINT('',(-0.000192965742978793,0.013743284639713,0.025002));
#8912=CARTESIAN_POINT('',(-0.00206796574297879,0.0104956893755213,0.025002));
#8913=CARTESIAN_POINT('',(-0.00581796574297879,0.0104956893755213,0.025002));
#8914=CARTESIAN_POINT('',(-0.000192965742978796,0.00523847516809625,0.025002));
#8915=CARTESIAN_POINT('',(-0.00206796574297879,0.0084860704322879,0.025002));
#8916=CARTESIAN_POINT('',(0.0016820342570212,0.00199087990390459,0.025002));
#8917=CARTESIAN_POINT('',(-0.000192965742978804,-0.00125671536028705,0.025002));
#8918=CARTESIAN_POINT('',(-0.00206796574297881,-0.00450431062447869,0.025002));
#8919=CARTESIAN_POINT('',(-0.00581796574297881,-0.00450431062447868,0.025002));
#8920=CARTESIAN_POINT('',(-0.00956796574297881,-0.00450431062447868,0.025002));
#8921=CARTESIAN_POINT('',(-0.00581796574297879,0.0084860704322879,0.025002));
#8922=CARTESIAN_POINT('',(-0.00956796574297879,0.00848607043228791,0.025002));
#8923=CARTESIAN_POINT('',(-0.0114429657429788,-0.00125671536028703,0.025002));
#8924=CARTESIAN_POINT('',(-0.0133179657429788,0.00199087990390462,0.025002));
#8925=CARTESIAN_POINT('',(-0.0114429657429788,0.00523847516809626,0.025002));
#8926=CARTESIAN_POINT('',(-0.0358709272531424,0.0332428799039046,0.00823173046571074));
#8927=CARTESIAN_POINT('',(-0.0358709272531424,0.0332428799039046,0.00370012887399388));
#8928=CARTESIAN_POINT('',(-0.0358709272531424,0.0332428799039046,0.0127633320574276));
#8929=CARTESIAN_POINT('',(-0.0348709272531424,0.0332428799039046,0.0127633320574276));
#8930=CARTESIAN_POINT('',(-0.0343002646154607,0.0332428799039046,0.0135845166614931));
#8931=CARTESIAN_POINT('',(-0.0332473031052971,0.0332428799039046,0.0128527861957823));
#8932=CARTESIAN_POINT('',(-0.0321943415951334,0.0332428799039046,0.0121210557300716));
#8933=CARTESIAN_POINT('',(-0.0317650042328151,0.0332428799039046,0.00676826953428926));
#8934=CARTESIAN_POINT('',(-0.0317650042328151,0.0332428799039046,0.0112998711260061));
#8935=CARTESIAN_POINT('',(-0.0317650042328151,0.0332428799039046,0.00223666794257241));
#8936=CARTESIAN_POINT('',(-0.0327650042328151,0.0332428799039046,0.00223666794257241));
#8937=CARTESIAN_POINT('',(-0.0333356668704968,0.0332428799039046,0.00141548333850694));
#8938=CARTESIAN_POINT('',(-0.0343886283806605,0.0332428799039046,0.00214721380421767));
#8939=CARTESIAN_POINT('',(-0.0354415898908241,0.0332428799039046,0.00287894426992841));
#8940=CARTESIAN_POINT('',(-0.0348709272531424,0.0332428799039046,0.00370012887399388));
#8941=CARTESIAN_POINT('',(-0.0327650042328151,0.0332428799039046,0.0112998711260061));
#8942=CARTESIAN_POINT('',(-0.0302709272531424,0.0332428799039046,0.00823173046571074));
#8943=CARTESIAN_POINT('',(-0.0302709272531424,0.0332428799039046,0.00370012887399388));
#8944=CARTESIAN_POINT('',(-0.0302709272531424,0.0332428799039046,0.0127633320574276));
#8945=CARTESIAN_POINT('',(-0.0292709272531425,0.0332428799039046,0.0127633320574276));
#8946=CARTESIAN_POINT('',(-0.0287002646154608,0.0332428799039046,0.0135845166614931));
#8947=CARTESIAN_POINT('',(-0.0276473031052971,0.0332428799039046,0.0128527861957823));
#8948=CARTESIAN_POINT('',(-0.0265943415951334,0.0332428799039046,0.0121210557300716));
#8949=CARTESIAN_POINT('',(-0.0271650042328151,0.0332428799039046,0.0022366679425724));
#8950=CARTESIAN_POINT('',(-0.0261650042328151,0.0332428799039046,0.00223666794257241));
#8951=CARTESIAN_POINT('',(-0.0277356668704969,0.0332428799039046,0.00141548333850694));
#8952=CARTESIAN_POINT('',(-0.0287886283806605,0.0332428799039046,0.00214721380421767));
#8953=CARTESIAN_POINT('',(-0.0298415898908241,0.0332428799039046,0.00287894426992841));
#8954=CARTESIAN_POINT('',(-0.0261650042328151,0.0332428799039046,0.00676826953428926));
#8955=CARTESIAN_POINT('',(-0.0261650042328151,0.0332428799039046,0.0112998711260061));
#8956=CARTESIAN_POINT('',(-0.0292709272531425,0.0332428799039046,0.00370012887399388));
#8957=CARTESIAN_POINT('',(-0.0271650042328151,0.0332428799039046,0.0112998711260061));
#8958=CARTESIAN_POINT('',(-0.0246709272531425,0.0332428799039046,0.00823173046571074));
#8959=CARTESIAN_POINT('',(-0.0246709272531425,0.0332428799039046,0.00370012887399388));
#8960=CARTESIAN_POINT('',(-0.0246709272531425,0.0332428799039046,0.0127633320574276));
#8961=CARTESIAN_POINT('',(-0.0236709272531424,0.0332428799039046,0.0127633320574276));
#8962=CARTESIAN_POINT('',(-0.0231002646154608,0.0332428799039046,0.0135845166614931));
#8963=CARTESIAN_POINT('',(-0.0220473031052971,0.0332428799039046,0.0128527861957823));
#8964=CARTESIAN_POINT('',(-0.0209943415951334,0.0332428799039046,0.0121210557300716));
#8965=CARTESIAN_POINT('',(-0.0205650042328151,0.0332428799039046,0.00676826953428926));
#8966=CARTESIAN_POINT('',(-0.0205650042328151,0.0332428799039046,0.0112998711260061));
#8967=CARTESIAN_POINT('',(-0.0205650042328151,0.0332428799039046,0.00223666794257241));
#8968=CARTESIAN_POINT('',(-0.0215650042328151,0.0332428799039046,0.00223666794257241));
#8969=CARTESIAN_POINT('',(-0.0221356668704968,0.0332428799039046,0.00141548333850694));
#8970=CARTESIAN_POINT('',(-0.0231886283806605,0.0332428799039046,0.00214721380421767));
#8971=CARTESIAN_POINT('',(-0.0242415898908242,0.0332428799039046,0.00287894426992841));
#8972=CARTESIAN_POINT('',(-0.0236709272531424,0.0332428799039046,0.00370012887399388));
#8973=CARTESIAN_POINT('',(-0.0215650042328151,0.0332428799039046,0.0112998711260061));
#8974=CARTESIAN_POINT('',(-0.0190709272531425,0.0332428799039046,0.00823173046571074));
#8975=CARTESIAN_POINT('',(-0.0190709272531425,0.0332428799039046,0.00370012887399388));
#8976=CARTESIAN_POINT('',(-0.0190709272531425,0.0332428799039046,0.0127633320574276));
#8977=CARTESIAN_POINT('',(-0.0180709272531425,0.0332428799039046,0.0127633320574276));
#8978=CARTESIAN_POINT('',(-0.0175002646154607,0.0332428799039046,0.0135845166614931));
#8979=CARTESIAN_POINT('',(-0.0164473031052971,0.0332428799039046,0.0128527861957823));
#8980=CARTESIAN_POINT('',(-0.0153943415951334,0.0332428799039046,0.0121210557300716));
#8981=CARTESIAN_POINT('',(-0.0159650042328151,0.0332428799039046,0.00223666794257241));
#8982=CARTESIAN_POINT('',(-0.0149650042328151,0.0332428799039046,0.00223666794257241));
#8983=CARTESIAN_POINT('',(-0.0165356668704968,0.0332428799039046,0.00141548333850694));
#8984=CARTESIAN_POINT('',(-0.0175886283806605,0.0332428799039046,0.00214721380421767));
#8985=CARTESIAN_POINT('',(-0.0186415898908242,0.0332428799039046,0.00287894426992841));
#8986=CARTESIAN_POINT('',(-0.0149650042328151,0.0332428799039046,0.00676826953428926));
#8987=CARTESIAN_POINT('',(-0.0149650042328151,0.0332428799039046,0.0112998711260061));
#8988=CARTESIAN_POINT('',(-0.0180709272531425,0.0332428799039046,0.00370012887399388));
#8989=CARTESIAN_POINT('',(-0.0159650042328151,0.0332428799039046,0.0112998711260061));
#8990=CARTESIAN_POINT('',(-0.00936500423281512,0.0332428799039046,0.00676826953428926));
#8991=CARTESIAN_POINT('',(-0.00936500423281512,0.0332428799039046,0.0112998711260061));
#8992=CARTESIAN_POINT('',(-0.00936500423281512,0.0332428799039046,0.00223666794257241));
#8993=CARTESIAN_POINT('',(-0.0103650042328151,0.0332428799039046,0.00223666794257241));
#8994=CARTESIAN_POINT('',(-0.0109356668704968,0.0332428799039046,0.00141548333850694));
#8995=CARTESIAN_POINT('',(-0.0119886283806605,0.0332428799039046,0.00214721380421767));
#8996=CARTESIAN_POINT('',(-0.0130415898908242,0.0332428799039046,0.00287894426992841));
#8997=CARTESIAN_POINT('',(-0.0134709272531425,0.0332428799039046,0.00823173046571074));
#8998=CARTESIAN_POINT('',(-0.0134709272531425,0.0332428799039046,0.00370012887399388));
#8999=CARTESIAN_POINT('',(-0.0134709272531425,0.0332428799039046,0.0127633320574276));
#9000=CARTESIAN_POINT('',(-0.0124709272531425,0.0332428799039046,0.0127633320574276));
#9001=CARTESIAN_POINT('',(-0.0119002646154607,0.0332428799039046,0.0135845166614931));
#9002=CARTESIAN_POINT('',(-0.0108473031052971,0.0332428799039046,0.0128527861957823));
#9003=CARTESIAN_POINT('',(-0.00979434159513341,0.0332428799039046,0.0121210557300716));
#9004=CARTESIAN_POINT('',(-0.0103650042328151,0.0332428799039046,0.0112998711260061));
#9005=CARTESIAN_POINT('',(-0.0124709272531424,0.0332428799039046,0.00370012887399389));
#9006=CARTESIAN_POINT('',(-0.00524730310529709,0.0332428799039046,0.00214721380421768));
#9007=CARTESIAN_POINT('',(-0.00419434159513342,0.0332428799039046,0.00287894426992841));
#9008=CARTESIAN_POINT('',(-0.00630026461546076,0.0332428799039046,0.00141548333850694));
#9009=CARTESIAN_POINT('',(-0.00787092725314246,0.0332428799039046,0.00676826953428926));
#9010=CARTESIAN_POINT('',(-0.00787092725314246,0.0332428799039046,0.00223666794257241));
#9011=CARTESIAN_POINT('',(-0.00787092725314246,0.0332428799039046,0.0112998711260061));
#9012=CARTESIAN_POINT('',(-0.00687092725314246,0.0332428799039046,0.00223666794257241));
#9013=CARTESIAN_POINT('',(-0.0063886283806605,0.0332428799039046,0.0128527861957823));
#9014=CARTESIAN_POINT('',(-0.00744158989082417,0.0332428799039046,0.0121210557300716));
#9015=CARTESIAN_POINT('',(-0.00533566687049683,0.0332428799039046,0.0135845166614931));
#9016=CARTESIAN_POINT('',(-0.00476500423281513,0.0332428799039046,0.0127633320574276));
#9017=CARTESIAN_POINT('',(-0.00376500423281513,0.0332428799039046,0.0127633320574276));
#9018=CARTESIAN_POINT('',(-0.00376500423281512,0.0332428799039046,0.00823173046571074));
#9019=CARTESIAN_POINT('',(-0.00376500423281512,0.0332428799039046,0.00370012887399389));
#9020=CARTESIAN_POINT('',(-0.00687092725314246,0.0332428799039046,0.0112998711260061));
#9021=CARTESIAN_POINT('',(-0.00476500423281513,0.0332428799039046,0.00370012887399388));
#9022=CARTESIAN_POINT('',(-0.000788628380660501,0.0332428799039046,0.0128527861957823));
#9023=CARTESIAN_POINT('',(-0.00184158989082417,0.0332428799039046,0.0121210557300716));
#9024=CARTESIAN_POINT('',(0.000264333129503168,0.0332428799039046,0.0135845166614931));
#9025=CARTESIAN_POINT('',(0.00183499576718487,0.0332428799039046,0.00823173046571074));
#9026=CARTESIAN_POINT('',(0.00183499576718487,0.0332428799039046,0.0127633320574276));
#9027=CARTESIAN_POINT('',(0.00183499576718487,0.0332428799039046,0.00370012887399388));
#9028=CARTESIAN_POINT('',(0.000834995767184875,0.0332428799039046,0.0127633320574276));
#9029=CARTESIAN_POINT('',(0.00035269689470291,0.0332428799039046,0.00214721380421768));
#9030=CARTESIAN_POINT('',(0.00140565840486658,0.0332428799039046,0.00287894426992841));
#9031=CARTESIAN_POINT('',(-0.000700264615460758,0.0332428799039046,0.00141548333850694));
#9032=CARTESIAN_POINT('',(-0.00127092725314246,0.0332428799039046,0.00223666794257241));
#9033=CARTESIAN_POINT('',(-0.00227092725314247,0.0332428799039046,0.00223666794257241));
#9034=CARTESIAN_POINT('',(-0.00227092725314247,0.0332428799039046,0.00676826953428926));
#9035=CARTESIAN_POINT('',(-0.00227092725314246,0.0332428799039046,0.0112998711260061));
#9036=CARTESIAN_POINT('',(0.000834995767184875,0.0332428799039046,0.00370012887399388));
#9037=CARTESIAN_POINT('',(-0.00127092725314247,0.0332428799039046,0.0112998711260061));
#9038=CARTESIAN_POINT('',(0.0048113716193395,0.0332428799039046,0.0128527861957823));
#9039=CARTESIAN_POINT('',(0.00375841010917583,0.0332428799039046,0.0121210557300716));
#9040=CARTESIAN_POINT('',(0.00586433312950317,0.0332428799039046,0.0135845166614931));
#9041=CARTESIAN_POINT('',(0.00743499576718487,0.0332428799039046,0.00823173046571074));
#9042=CARTESIAN_POINT('',(0.00743499576718487,0.0332428799039046,0.0127633320574276));
#9043=CARTESIAN_POINT('',(0.00743499576718487,0.0332428799039046,0.00370012887399388));
#9044=CARTESIAN_POINT('',(0.00643499576718487,0.0332428799039046,0.0127633320574276));
#9045=CARTESIAN_POINT('',(0.00595269689470291,0.0332428799039046,0.00214721380421768));
#9046=CARTESIAN_POINT('',(0.00700565840486658,0.0332428799039046,0.00287894426992841));
#9047=CARTESIAN_POINT('',(0.00489973538453924,0.0332428799039046,0.00141548333850694));
#9048=CARTESIAN_POINT('',(0.00432907274685754,0.0332428799039046,0.00223666794257241));
#9049=CARTESIAN_POINT('',(0.00332907274685753,0.0332428799039046,0.00223666794257241));
#9050=CARTESIAN_POINT('',(0.00332907274685753,0.0332428799039046,0.00676826953428926));
#9051=CARTESIAN_POINT('',(0.00332907274685754,0.0332428799039046,0.0112998711260061));
#9052=CARTESIAN_POINT('',(0.00643499576718487,0.0332428799039046,0.00370012887399388));
#9053=CARTESIAN_POINT('',(0.00432907274685754,0.0332428799039046,0.0112998711260061));
#9054=CARTESIAN_POINT('',(0.0104113716193395,0.0332428799039046,0.0128527861957823));
#9055=CARTESIAN_POINT('',(0.00935841010917583,0.0332428799039046,0.0121210557300716));
#9056=CARTESIAN_POINT('',(0.0114643331295032,0.0332428799039046,0.0135845166614931));
#9057=CARTESIAN_POINT('',(0.0130349957671849,0.0332428799039046,0.00823173046571074));
#9058=CARTESIAN_POINT('',(0.0130349957671849,0.0332428799039046,0.0127633320574276));
#9059=CARTESIAN_POINT('',(0.0130349957671849,0.0332428799039046,0.00370012887399388));
#9060=CARTESIAN_POINT('',(0.0120349957671849,0.0332428799039046,0.0127633320574276));
#9061=CARTESIAN_POINT('',(0.0115526968947029,0.0332428799039046,0.00214721380421768));
#9062=CARTESIAN_POINT('',(0.0126056584048666,0.0332428799039046,0.00287894426992841));
#9063=CARTESIAN_POINT('',(0.0104997353845392,0.0332428799039046,0.00141548333850694));
#9064=CARTESIAN_POINT('',(0.00992907274685754,0.0332428799039046,0.00223666794257241));
#9065=CARTESIAN_POINT('',(0.00892907274685754,0.0332428799039046,0.00223666794257241));
#9066=CARTESIAN_POINT('',(0.00892907274685754,0.0332428799039046,0.00676826953428926));
#9067=CARTESIAN_POINT('',(0.00892907274685754,0.0332428799039046,0.0112998711260061));
#9068=CARTESIAN_POINT('',(0.0120349957671849,0.0332428799039046,0.00370012887399389));
#9069=CARTESIAN_POINT('',(0.00992907274685754,0.0332428799039046,0.0112998711260061));
#9070=CARTESIAN_POINT('',(0.0160113716193395,0.0332428799039046,0.0128527861957823));
#9071=CARTESIAN_POINT('',(0.0149584101091758,0.0332428799039046,0.0121210557300716));
#9072=CARTESIAN_POINT('',(0.0170643331295031,0.0332428799039046,0.0135845166614931));
#9073=CARTESIAN_POINT('',(0.0186349957671848,0.0332428799039046,0.00823173046571074));
#9074=CARTESIAN_POINT('',(0.0186349957671848,0.0332428799039046,0.0127633320574276));
#9075=CARTESIAN_POINT('',(0.0186349957671848,0.0332428799039046,0.00370012887399388));
#9076=CARTESIAN_POINT('',(0.0176349957671849,0.0332428799039046,0.0127633320574276));
#9077=CARTESIAN_POINT('',(0.0171526968947029,0.0332428799039046,0.00214721380421767));
#9078=CARTESIAN_POINT('',(0.0182056584048666,0.0332428799039046,0.00287894426992841));
#9079=CARTESIAN_POINT('',(0.0160997353845393,0.0332428799039046,0.00141548333850694));
#9080=CARTESIAN_POINT('',(0.0155290727468575,0.0332428799039046,0.00223666794257241));
#9081=CARTESIAN_POINT('',(0.0145290727468575,0.0332428799039046,0.00223666794257241));
#9082=CARTESIAN_POINT('',(0.0145290727468575,0.0332428799039046,0.00676826953428926));
#9083=CARTESIAN_POINT('',(0.0145290727468575,0.0332428799039046,0.0112998711260061));
#9084=CARTESIAN_POINT('',(0.0176349957671849,0.0332428799039046,0.00370012887399388));
#9085=CARTESIAN_POINT('',(0.0155290727468575,0.0332428799039046,0.0112998711260061));
#9086=CARTESIAN_POINT('',(0.0216113716193395,0.0332428799039046,0.0128527861957823));
#9087=CARTESIAN_POINT('',(0.0205584101091759,0.0332428799039046,0.0121210557300716));
#9088=CARTESIAN_POINT('',(0.0226643331295031,0.0332428799039046,0.0135845166614931));
#9089=CARTESIAN_POINT('',(0.0242349957671849,0.0332428799039046,0.00823173046571074));
#9090=CARTESIAN_POINT('',(0.0242349957671849,0.0332428799039046,0.0127633320574276));
#9091=CARTESIAN_POINT('',(0.0242349957671849,0.0332428799039046,0.00370012887399388));
#9092=CARTESIAN_POINT('',(0.0232349957671849,0.0332428799039046,0.0127633320574276));
#9093=CARTESIAN_POINT('',(0.0227526968947029,0.0332428799039046,0.00214721380421767));
#9094=CARTESIAN_POINT('',(0.0238056584048666,0.0332428799039046,0.00287894426992841));
#9095=CARTESIAN_POINT('',(0.0216997353845392,0.0332428799039046,0.00141548333850694));
#9096=CARTESIAN_POINT('',(0.0211290727468576,0.0332428799039046,0.00223666794257241));
#9097=CARTESIAN_POINT('',(0.0201290727468575,0.0332428799039046,0.00223666794257241));
#9098=CARTESIAN_POINT('',(0.0201290727468575,0.0332428799039046,0.00676826953428926));
#9099=CARTESIAN_POINT('',(0.0201290727468575,0.0332428799039046,0.0112998711260061));
#9100=CARTESIAN_POINT('',(0.0232349957671849,0.0332428799039046,0.00370012887399388));
#9101=CARTESIAN_POINT('',(0.0211290727468576,0.0332428799039046,0.0112998711260061));
#9102=CARTESIAN_POINT('',(-0.0327650042328151,0.0332428799039046,0.0112998711260061));
#9103=CARTESIAN_POINT('',(-0.0317650042328151,0.0332428799039046,0.0112998711260061));
#9104=CARTESIAN_POINT('',(-0.0321943415951334,0.0332428799039046,0.0121210557300716));
#9105=CARTESIAN_POINT('',(-0.0332473031052971,0.0332428799039046,0.0128527861957823));
#9106=CARTESIAN_POINT('',(-0.0343002646154607,0.0332428799039046,0.0135845166614931));
#9107=CARTESIAN_POINT('',(-0.0348709272531424,0.0332428799039046,0.0127633320574276));
#9108=CARTESIAN_POINT('',(-0.0358709272531424,0.0332428799039046,0.0127633320574276));
#9109=CARTESIAN_POINT('',(-0.0358709272531424,0.0332428799039046,0.00823173046571074));
#9110=CARTESIAN_POINT('',(-0.0358709272531424,0.0332428799039046,0.00370012887399388));
#9111=CARTESIAN_POINT('',(-0.0348709272531424,0.0332428799039046,0.00370012887399388));
#9112=CARTESIAN_POINT('',(-0.0354415898908241,0.0332428799039046,0.00287894426992841));
#9113=CARTESIAN_POINT('',(-0.0343886283806605,0.0332428799039046,0.00214721380421767));
#9114=CARTESIAN_POINT('',(-0.0333356668704968,0.0332428799039046,0.00141548333850694));
#9115=CARTESIAN_POINT('',(-0.0327650042328151,0.0332428799039046,0.00223666794257241));
#9116=CARTESIAN_POINT('',(-0.0317650042328151,0.0332428799039046,0.00223666794257241));
#9117=CARTESIAN_POINT('',(-0.0317650042328151,0.0332428799039046,0.00676826953428926));
#9118=CARTESIAN_POINT('',(-0.0261650042328151,0.0332428799039046,0.00676826953428926));
#9119=CARTESIAN_POINT('',(-0.0261650042328151,0.0332428799039046,0.00223666794257241));
#9120=CARTESIAN_POINT('',(-0.0261650042328151,0.0332428799039046,0.0112998711260061));
#9121=CARTESIAN_POINT('',(-0.0271650042328151,0.0332428799039046,0.0112998711260061));
#9122=CARTESIAN_POINT('',(-0.0265943415951334,0.0332428799039046,0.0121210557300716));
#9123=CARTESIAN_POINT('',(-0.0276473031052971,0.0332428799039046,0.0128527861957823));
#9124=CARTESIAN_POINT('',(-0.0287002646154608,0.0332428799039046,0.0135845166614931));
#9125=CARTESIAN_POINT('',(-0.0292709272531425,0.0332428799039046,0.0127633320574276));
#9126=CARTESIAN_POINT('',(-0.0302709272531424,0.0332428799039046,0.0127633320574276));
#9127=CARTESIAN_POINT('',(-0.0302709272531424,0.0332428799039046,0.00823173046571074));
#9128=CARTESIAN_POINT('',(-0.0302709272531424,0.0332428799039046,0.00370012887399388));
#9129=CARTESIAN_POINT('',(-0.0292709272531425,0.0332428799039046,0.00370012887399388));
#9130=CARTESIAN_POINT('',(-0.0298415898908241,0.0332428799039046,0.00287894426992841));
#9131=CARTESIAN_POINT('',(-0.0287886283806605,0.0332428799039046,0.00214721380421767));
#9132=CARTESIAN_POINT('',(-0.0277356668704969,0.0332428799039046,0.00141548333850694));
#9133=CARTESIAN_POINT('',(-0.0271650042328151,0.0332428799039046,0.0022366679425724));
#9134=CARTESIAN_POINT('',(-0.0231886283806605,0.0332428799039046,0.00214721380421767));
#9135=CARTESIAN_POINT('',(-0.0242415898908242,0.0332428799039046,0.00287894426992841));
#9136=CARTESIAN_POINT('',(-0.0221356668704968,0.0332428799039046,0.00141548333850694));
#9137=CARTESIAN_POINT('',(-0.0215650042328151,0.0332428799039046,0.00223666794257241));
#9138=CARTESIAN_POINT('',(-0.0205650042328151,0.0332428799039046,0.00223666794257241));
#9139=CARTESIAN_POINT('',(-0.0205650042328151,0.0332428799039046,0.00676826953428926));
#9140=CARTESIAN_POINT('',(-0.0205650042328151,0.0332428799039046,0.0112998711260061));
#9141=CARTESIAN_POINT('',(-0.0215650042328151,0.0332428799039046,0.0112998711260061));
#9142=CARTESIAN_POINT('',(-0.0209943415951334,0.0332428799039046,0.0121210557300716));
#9143=CARTESIAN_POINT('',(-0.0220473031052971,0.0332428799039046,0.0128527861957823));
#9144=CARTESIAN_POINT('',(-0.0231002646154608,0.0332428799039046,0.0135845166614931));
#9145=CARTESIAN_POINT('',(-0.0236709272531424,0.0332428799039046,0.0127633320574276));
#9146=CARTESIAN_POINT('',(-0.0246709272531425,0.0332428799039046,0.0127633320574276));
#9147=CARTESIAN_POINT('',(-0.0246709272531425,0.0332428799039046,0.00823173046571074));
#9148=CARTESIAN_POINT('',(-0.0246709272531425,0.0332428799039046,0.00370012887399388));
#9149=CARTESIAN_POINT('',(-0.0236709272531424,0.0332428799039046,0.00370012887399388));
#9150=CARTESIAN_POINT('',(-0.0149650042328151,0.0332428799039046,0.00676826953428926));
#9151=CARTESIAN_POINT('',(-0.0149650042328151,0.0332428799039046,0.00223666794257241));
#9152=CARTESIAN_POINT('',(-0.0149650042328151,0.0332428799039046,0.0112998711260061));
#9153=CARTESIAN_POINT('',(-0.0159650042328151,0.0332428799039046,0.0112998711260061));
#9154=CARTESIAN_POINT('',(-0.0153943415951334,0.0332428799039046,0.0121210557300716));
#9155=CARTESIAN_POINT('',(-0.0164473031052971,0.0332428799039046,0.0128527861957823));
#9156=CARTESIAN_POINT('',(-0.0175002646154607,0.0332428799039046,0.0135845166614931));
#9157=CARTESIAN_POINT('',(-0.0180709272531425,0.0332428799039046,0.0127633320574276));
#9158=CARTESIAN_POINT('',(-0.0190709272531425,0.0332428799039046,0.0127633320574276));
#9159=CARTESIAN_POINT('',(-0.0190709272531425,0.0332428799039046,0.00823173046571074));
#9160=CARTESIAN_POINT('',(-0.0190709272531425,0.0332428799039046,0.00370012887399388));
#9161=CARTESIAN_POINT('',(-0.0180709272531425,0.0332428799039046,0.00370012887399388));
#9162=CARTESIAN_POINT('',(-0.0186415898908242,0.0332428799039046,0.00287894426992841));
#9163=CARTESIAN_POINT('',(-0.0175886283806605,0.0332428799039046,0.00214721380421767));
#9164=CARTESIAN_POINT('',(-0.0165356668704968,0.0332428799039046,0.00141548333850694));
#9165=CARTESIAN_POINT('',(-0.0159650042328151,0.0332428799039046,0.00223666794257241));
#9166=CARTESIAN_POINT('',(-0.0108473031052971,0.0332428799039046,0.0128527861957823));
#9167=CARTESIAN_POINT('',(-0.00979434159513341,0.0332428799039046,0.0121210557300716));
#9168=CARTESIAN_POINT('',(-0.0119002646154607,0.0332428799039046,0.0135845166614931));
#9169=CARTESIAN_POINT('',(-0.0124709272531425,0.0332428799039046,0.0127633320574276));
#9170=CARTESIAN_POINT('',(-0.0134709272531425,0.0332428799039046,0.0127633320574276));
#9171=CARTESIAN_POINT('',(-0.0134709272531425,0.0332428799039046,0.00823173046571074));
#9172=CARTESIAN_POINT('',(-0.0134709272531425,0.0332428799039046,0.00370012887399388));
#9173=CARTESIAN_POINT('',(-0.0124709272531424,0.0332428799039046,0.00370012887399389));
#9174=CARTESIAN_POINT('',(-0.0130415898908242,0.0332428799039046,0.00287894426992841));
#9175=CARTESIAN_POINT('',(-0.0119886283806605,0.0332428799039046,0.00214721380421767));
#9176=CARTESIAN_POINT('',(-0.0109356668704968,0.0332428799039046,0.00141548333850694));
#9177=CARTESIAN_POINT('',(-0.0103650042328151,0.0332428799039046,0.00223666794257241));
#9178=CARTESIAN_POINT('',(-0.00936500423281512,0.0332428799039046,0.00223666794257241));
#9179=CARTESIAN_POINT('',(-0.00936500423281512,0.0332428799039046,0.00676826953428926));
#9180=CARTESIAN_POINT('',(-0.00936500423281512,0.0332428799039046,0.0112998711260061));
#9181=CARTESIAN_POINT('',(-0.0103650042328151,0.0332428799039046,0.0112998711260061));
#9182=CARTESIAN_POINT('',(-0.00687092725314246,0.0332428799039046,0.00223666794257241));
#9183=CARTESIAN_POINT('',(-0.00787092725314246,0.0332428799039046,0.00223666794257241));
#9184=CARTESIAN_POINT('',(-0.00630026461546076,0.0332428799039046,0.00141548333850694));
#9185=CARTESIAN_POINT('',(-0.00524730310529709,0.0332428799039046,0.00214721380421768));
#9186=CARTESIAN_POINT('',(-0.00419434159513342,0.0332428799039046,0.00287894426992841));
#9187=CARTESIAN_POINT('',(-0.00476500423281513,0.0332428799039046,0.00370012887399388));
#9188=CARTESIAN_POINT('',(-0.00376500423281512,0.0332428799039046,0.00370012887399389));
#9189=CARTESIAN_POINT('',(-0.00376500423281512,0.0332428799039046,0.00823173046571074));
#9190=CARTESIAN_POINT('',(-0.00376500423281513,0.0332428799039046,0.0127633320574276));
#9191=CARTESIAN_POINT('',(-0.00476500423281513,0.0332428799039046,0.0127633320574276));
#9192=CARTESIAN_POINT('',(-0.00533566687049683,0.0332428799039046,0.0135845166614931));
#9193=CARTESIAN_POINT('',(-0.00787092725314246,0.0332428799039046,0.00676826953428926));
#9194=CARTESIAN_POINT('',(-0.00787092725314246,0.0332428799039046,0.0112998711260061));
#9195=CARTESIAN_POINT('',(-0.0063886283806605,0.0332428799039046,0.0128527861957823));
#9196=CARTESIAN_POINT('',(-0.00744158989082417,0.0332428799039046,0.0121210557300716));
#9197=CARTESIAN_POINT('',(-0.00687092725314246,0.0332428799039046,0.0112998711260061));
#9198=CARTESIAN_POINT('',(0.000834995767184875,0.0332428799039046,0.0127633320574276));
#9199=CARTESIAN_POINT('',(0.00183499576718487,0.0332428799039046,0.0127633320574276));
#9200=CARTESIAN_POINT('',(0.000264333129503168,0.0332428799039046,0.0135845166614931));
#9201=CARTESIAN_POINT('',(-0.000788628380660501,0.0332428799039046,0.0128527861957823));
#9202=CARTESIAN_POINT('',(-0.00184158989082417,0.0332428799039046,0.0121210557300716));
#9203=CARTESIAN_POINT('',(-0.00127092725314247,0.0332428799039046,0.0112998711260061));
#9204=CARTESIAN_POINT('',(-0.00227092725314246,0.0332428799039046,0.0112998711260061));
#9205=CARTESIAN_POINT('',(-0.00227092725314247,0.0332428799039046,0.00676826953428926));
#9206=CARTESIAN_POINT('',(-0.00227092725314247,0.0332428799039046,0.00223666794257241));
#9207=CARTESIAN_POINT('',(-0.00127092725314246,0.0332428799039046,0.00223666794257241));
#9208=CARTESIAN_POINT('',(-0.000700264615460758,0.0332428799039046,0.00141548333850694));
#9209=CARTESIAN_POINT('',(0.00183499576718487,0.0332428799039046,0.00823173046571074));
#9210=CARTESIAN_POINT('',(0.00183499576718487,0.0332428799039046,0.00370012887399388));
#9211=CARTESIAN_POINT('',(0.00035269689470291,0.0332428799039046,0.00214721380421768));
#9212=CARTESIAN_POINT('',(0.00140565840486658,0.0332428799039046,0.00287894426992841));
#9213=CARTESIAN_POINT('',(0.000834995767184875,0.0332428799039046,0.00370012887399388));
#9214=CARTESIAN_POINT('',(0.00643499576718487,0.0332428799039046,0.0127633320574276));
#9215=CARTESIAN_POINT('',(0.00743499576718487,0.0332428799039046,0.0127633320574276));
#9216=CARTESIAN_POINT('',(0.00586433312950317,0.0332428799039046,0.0135845166614931));
#9217=CARTESIAN_POINT('',(0.0048113716193395,0.0332428799039046,0.0128527861957823));
#9218=CARTESIAN_POINT('',(0.00375841010917583,0.0332428799039046,0.0121210557300716));
#9219=CARTESIAN_POINT('',(0.00432907274685754,0.0332428799039046,0.0112998711260061));
#9220=CARTESIAN_POINT('',(0.00332907274685754,0.0332428799039046,0.0112998711260061));
#9221=CARTESIAN_POINT('',(0.00332907274685753,0.0332428799039046,0.00676826953428926));
#9222=CARTESIAN_POINT('',(0.00332907274685753,0.0332428799039046,0.00223666794257241));
#9223=CARTESIAN_POINT('',(0.00432907274685754,0.0332428799039046,0.00223666794257241));
#9224=CARTESIAN_POINT('',(0.00489973538453924,0.0332428799039046,0.00141548333850694));
#9225=CARTESIAN_POINT('',(0.00743499576718487,0.0332428799039046,0.00823173046571074));
#9226=CARTESIAN_POINT('',(0.00743499576718487,0.0332428799039046,0.00370012887399388));
#9227=CARTESIAN_POINT('',(0.00595269689470291,0.0332428799039046,0.00214721380421768));
#9228=CARTESIAN_POINT('',(0.00700565840486658,0.0332428799039046,0.00287894426992841));
#9229=CARTESIAN_POINT('',(0.00643499576718487,0.0332428799039046,0.00370012887399388));
#9230=CARTESIAN_POINT('',(0.0120349957671849,0.0332428799039046,0.0127633320574276));
#9231=CARTESIAN_POINT('',(0.0130349957671849,0.0332428799039046,0.0127633320574276));
#9232=CARTESIAN_POINT('',(0.0114643331295032,0.0332428799039046,0.0135845166614931));
#9233=CARTESIAN_POINT('',(0.0104113716193395,0.0332428799039046,0.0128527861957823));
#9234=CARTESIAN_POINT('',(0.00935841010917583,0.0332428799039046,0.0121210557300716));
#9235=CARTESIAN_POINT('',(0.00992907274685754,0.0332428799039046,0.0112998711260061));
#9236=CARTESIAN_POINT('',(0.00892907274685754,0.0332428799039046,0.0112998711260061));
#9237=CARTESIAN_POINT('',(0.00892907274685754,0.0332428799039046,0.00676826953428926));
#9238=CARTESIAN_POINT('',(0.00892907274685754,0.0332428799039046,0.00223666794257241));
#9239=CARTESIAN_POINT('',(0.00992907274685754,0.0332428799039046,0.00223666794257241));
#9240=CARTESIAN_POINT('',(0.0104997353845392,0.0332428799039046,0.00141548333850694));
#9241=CARTESIAN_POINT('',(0.0130349957671849,0.0332428799039046,0.00823173046571074));
#9242=CARTESIAN_POINT('',(0.0130349957671849,0.0332428799039046,0.00370012887399388));
#9243=CARTESIAN_POINT('',(0.0115526968947029,0.0332428799039046,0.00214721380421768));
#9244=CARTESIAN_POINT('',(0.0126056584048666,0.0332428799039046,0.00287894426992841));
#9245=CARTESIAN_POINT('',(0.0120349957671849,0.0332428799039046,0.00370012887399389));
#9246=CARTESIAN_POINT('',(0.0176349957671849,0.0332428799039046,0.0127633320574276));
#9247=CARTESIAN_POINT('',(0.0186349957671848,0.0332428799039046,0.0127633320574276));
#9248=CARTESIAN_POINT('',(0.0170643331295031,0.0332428799039046,0.0135845166614931));
#9249=CARTESIAN_POINT('',(0.0160113716193395,0.0332428799039046,0.0128527861957823));
#9250=CARTESIAN_POINT('',(0.0149584101091758,0.0332428799039046,0.0121210557300716));
#9251=CARTESIAN_POINT('',(0.0155290727468575,0.0332428799039046,0.0112998711260061));
#9252=CARTESIAN_POINT('',(0.0145290727468575,0.0332428799039046,0.0112998711260061));
#9253=CARTESIAN_POINT('',(0.0145290727468575,0.0332428799039046,0.00676826953428926));
#9254=CARTESIAN_POINT('',(0.0145290727468575,0.0332428799039046,0.00223666794257241));
#9255=CARTESIAN_POINT('',(0.0155290727468575,0.0332428799039046,0.00223666794257241));
#9256=CARTESIAN_POINT('',(0.0160997353845393,0.0332428799039046,0.00141548333850694));
#9257=CARTESIAN_POINT('',(0.0186349957671848,0.0332428799039046,0.00823173046571074));
#9258=CARTESIAN_POINT('',(0.0186349957671848,0.0332428799039046,0.00370012887399388));
#9259=CARTESIAN_POINT('',(0.0171526968947029,0.0332428799039046,0.00214721380421767));
#9260=CARTESIAN_POINT('',(0.0182056584048666,0.0332428799039046,0.00287894426992841));
#9261=CARTESIAN_POINT('',(0.0176349957671849,0.0332428799039046,0.00370012887399388));
#9262=CARTESIAN_POINT('',(0.0232349957671849,0.0332428799039046,0.0127633320574276));
#9263=CARTESIAN_POINT('',(0.0242349957671849,0.0332428799039046,0.0127633320574276));
#9264=CARTESIAN_POINT('',(0.0226643331295031,0.0332428799039046,0.0135845166614931));
#9265=CARTESIAN_POINT('',(0.0216113716193395,0.0332428799039046,0.0128527861957823));
#9266=CARTESIAN_POINT('',(0.0205584101091759,0.0332428799039046,0.0121210557300716));
#9267=CARTESIAN_POINT('',(0.0211290727468576,0.0332428799039046,0.0112998711260061));
#9268=CARTESIAN_POINT('',(0.0201290727468575,0.0332428799039046,0.0112998711260061));
#9269=CARTESIAN_POINT('',(0.0201290727468575,0.0332428799039046,0.00676826953428926));
#9270=CARTESIAN_POINT('',(0.0201290727468575,0.0332428799039046,0.00223666794257241));
#9271=CARTESIAN_POINT('',(0.0211290727468576,0.0332428799039046,0.00223666794257241));
#9272=CARTESIAN_POINT('',(0.0216997353845392,0.0332428799039046,0.00141548333850694));
#9273=CARTESIAN_POINT('',(0.0242349957671849,0.0332428799039046,0.00823173046571074));
#9274=CARTESIAN_POINT('',(0.0242349957671849,0.0332428799039046,0.00370012887399388));
#9275=CARTESIAN_POINT('',(0.0227526968947029,0.0332428799039046,0.00214721380421767));
#9276=CARTESIAN_POINT('',(0.0238056584048666,0.0332428799039046,0.00287894426992841));
#9277=CARTESIAN_POINT('',(0.0232349957671849,0.0332428799039046,0.00370012887399388));
#9278=MECHANICAL_DESIGN_GEOMETRIC_PRESENTATION_REPRESENTATION('',(#5565),
#9279);
#9279=(
GEOMETRIC_REPRESENTATION_CONTEXT(3)
GLOBAL_UNCERTAINTY_ASSIGNED_CONTEXT((#9280))
GLOBAL_UNIT_ASSIGNED_CONTEXT((#9283,#9282,#9281))
REPRESENTATION_CONTEXT('GPS Case Body','TOP_LEVEL_ASSEMBLY_PART')
);
#9280=UNCERTAINTY_MEASURE_WITH_UNIT(LENGTH_MEASURE(2.E-5),#9283,
'DISTANCE_ACCURACY_VALUE','Maximum Tolerance applied to model');
#9281=(
NAMED_UNIT(*)
SI_UNIT($,.STERADIAN.)
SOLID_ANGLE_UNIT()
);
#9282=(
NAMED_UNIT(*)
PLANE_ANGLE_UNIT()
SI_UNIT($,.RADIAN.)
);
#9283=(
LENGTH_UNIT()
NAMED_UNIT(*)
SI_UNIT($,.METRE.)
);
#9284=PRODUCT_DEFINITION_SHAPE('','',#9285);
#9285=PRODUCT_DEFINITION('','',#9287,#9286);
#9286=PRODUCT_DEFINITION_CONTEXT('',#9293,'design');
#9287=PRODUCT_DEFINITION_FORMATION_WITH_SPECIFIED_SOURCE('','',#9289,
 .NOT_KNOWN.);
#9288=PRODUCT_RELATED_PRODUCT_CATEGORY('','',(#9289));
#9289=PRODUCT('GPS Case Body','GPS Case Body','GPS Case Body',(#9291));
#9290=PRODUCT_CATEGORY('','');
#9291=PRODUCT_CONTEXT('',#9293,'mechanical');
#9292=APPLICATION_PROTOCOL_DEFINITION('international standard',
'ap242_managed_model_based_3d_engineering',2020,#9293);
#9293=APPLICATION_CONTEXT('managed model based 3d engineering');
ENDSEC;
END-ISO-10303-21;
