solid Mesh
  facet normal 0.998533 0.0541392 0
    outer loop
      vertex 0.0024 -0.0379 0.003
      vertex 0.00238534 -0.0376297 0
      vertex 0.00238534 -0.0376297 0.003
    endloop
  endfacet
  facet normal 0.986827 0.161781 0
    outer loop
      vertex 0.00238534 -0.0376297 0
      vertex 0.00234155 -0.0373626 0
      vertex 0.00238534 -0.0376297 0.003
    endloop
  endfacet
  facet normal 0.986827 0.161781 0
    outer loop
      vertex 0.00238534 -0.0376297 0.003
      vertex 0.00234155 -0.0373626 0
      vertex 0.00234155 -0.0373626 0.003
    endloop
  endfacet
  facet normal 0.96355 0.26753 0
    outer loop
      vertex 0.00234155 -0.0373626 0
      vertex 0.00226913 -0.0371017 0
      vertex 0.00234155 -0.0373626 0.003
    endloop
  endfacet
  facet normal 0.96355 0.26753 0
    outer loop
      vertex 0.00234155 -0.0373626 0.003
      vertex 0.00226913 -0.0371017 0
      vertex 0.00226913 -0.0371017 0.003
    endloop
  endfacet
  facet normal 0.928976 0.370139 0
    outer loop
      vertex 0.00226913 -0.0371017 0
      vertex 0.00216894 -0.0368503 0
      vertex 0.00226913 -0.0371017 0.003
    endloop
  endfacet
  facet normal 0.928976 0.370139 0
    outer loop
      vertex 0.00226913 -0.0371017 0.003
      vertex 0.00216894 -0.0368503 0
      vertex 0.00216894 -0.0368503 0.003
    endloop
  endfacet
  facet normal 0.883513 0.468406 0
    outer loop
      vertex 0.00216894 -0.0368503 0
      vertex 0.00204214 -0.0366111 0
      vertex 0.00216894 -0.0368503 0.003
    endloop
  endfacet
  facet normal 0.883513 0.468406 0
    outer loop
      vertex 0.00216894 -0.0368503 0.003
      vertex 0.00204214 -0.0366111 0
      vertex 0.00204214 -0.0366111 0.003
    endloop
  endfacet
  facet normal 0.827688 0.561188 0
    outer loop
      vertex 0.00204214 -0.0366111 0
      vertex 0.00189023 -0.0363871 0
      vertex 0.00204214 -0.0366111 0.003
    endloop
  endfacet
  facet normal 0.827688 0.561188 0
    outer loop
      vertex 0.00204214 -0.0366111 0.003
      vertex 0.00189023 -0.0363871 0
      vertex 0.00189023 -0.0363871 0.003
    endloop
  endfacet
  facet normal 0.762163 0.647385 0
    outer loop
      vertex 0.00189023 -0.0363871 0
      vertex 0.00171499 -0.0361807 0
      vertex 0.00189023 -0.0363871 0.003
    endloop
  endfacet
  facet normal 0.762163 0.647385 0
    outer loop
      vertex 0.00189023 -0.0363871 0.003
      vertex 0.00171499 -0.0361807 0
      vertex 0.00171499 -0.0361807 0.003
    endloop
  endfacet
  facet normal 0.687699 0.725996 0
    outer loop
      vertex 0.00171499 -0.0361807 0
      vertex 0.00151847 -0.0359946 0
      vertex 0.00171499 -0.0361807 0.003
    endloop
  endfacet
  facet normal 0.687699 0.725996 0
    outer loop
      vertex 0.00171499 -0.0361807 0.003
      vertex 0.00151847 -0.0359946 0
      vertex 0.00151847 -0.0359946 0.003
    endloop
  endfacet
  facet normal 0.605171 0.796096 0
    outer loop
      vertex 0.00151847 -0.0359946 0
      vertex 0.00130297 -0.0358308 0
      vertex 0.00151847 -0.0359946 0.003
    endloop
  endfacet
  facet normal 0.605171 0.796096 0
    outer loop
      vertex 0.00151847 -0.0359946 0.003
      vertex 0.00130297 -0.0358308 0
      vertex 0.00130297 -0.0358308 0.003
    endloop
  endfacet
  facet normal 0.515552 0.856858 0
    outer loop
      vertex 0.00130297 -0.0358308 0
      vertex 0.00107102 -0.0356912 0
      vertex 0.00130297 -0.0358308 0.003
    endloop
  endfacet
  facet normal 0.515552 0.856858 0
    outer loop
      vertex 0.00130297 -0.0358308 0.003
      vertex 0.00107102 -0.0356912 0
      vertex 0.00107102 -0.0356912 0.003
    endloop
  endfacet
  facet normal 0.419891 0.907574 0
    outer loop
      vertex 0.00107102 -0.0356912 0
      vertex 0.000825345 -0.0355776 0
      vertex 0.00107102 -0.0356912 0.003
    endloop
  endfacet
  facet normal 0.419891 0.907574 0
    outer loop
      vertex 0.00107102 -0.0356912 0.003
      vertex 0.000825345 -0.0355776 0
      vertex 0.000825345 -0.0355776 0.003
    endloop
  endfacet
  facet normal 0.319305 0.947652 0
    outer loop
      vertex 0.000825345 -0.0355776 0
      vertex 0.000568821 -0.0354911 0
      vertex 0.000825345 -0.0355776 0.003
    endloop
  endfacet
  facet normal 0.319305 0.947652 0
    outer loop
      vertex 0.000825345 -0.0355776 0.003
      vertex 0.000568821 -0.0354911 0
      vertex 0.000568821 -0.0354911 0.003
    endloop
  endfacet
  facet normal 0.214975 0.976619 0
    outer loop
      vertex 0.000568821 -0.0354911 0
      vertex 0.000304455 -0.0354329 0
      vertex 0.000568821 -0.0354911 0.003
    endloop
  endfacet
  facet normal 0.214975 0.976619 0
    outer loop
      vertex 0.000568821 -0.0354911 0.003
      vertex 0.000304455 -0.0354329 0
      vertex 0.000304455 -0.0354329 0.003
    endloop
  endfacet
  facet normal 0.108114 0.994138 0
    outer loop
      vertex 0.000304455 -0.0354329 0
      vertex 3.53473e-5 -0.0354037 0
      vertex 0.000304455 -0.0354329 0.003
    endloop
  endfacet
  facet normal 0.108114 0.994138 0
    outer loop
      vertex 0.000304455 -0.0354329 0.003
      vertex 3.53473e-5 -0.0354037 0
      vertex 3.53473e-5 -0.0354037 0.003
    endloop
  endfacet
  facet normal 0 1 0
    outer loop
      vertex 3.53473e-5 -0.0354037 0
      vertex -0.000235347 -0.0354037 0
      vertex 3.53473e-5 -0.0354037 0.003
    endloop
  endfacet
  facet normal 0 1 0
    outer loop
      vertex 3.53473e-5 -0.0354037 0.003
      vertex -0.000235347 -0.0354037 0
      vertex -0.000235347 -0.0354037 0.003
    endloop
  endfacet
  facet normal -0.108114 0.994138 0
    outer loop
      vertex -0.000235347 -0.0354037 0
      vertex -0.000504455 -0.0354329 0
      vertex -0.000235347 -0.0354037 0.003
    endloop
  endfacet
  facet normal -0.108114 0.994138 0
    outer loop
      vertex -0.000235347 -0.0354037 0.003
      vertex -0.000504455 -0.0354329 0
      vertex -0.000504455 -0.0354329 0.003
    endloop
  endfacet
  facet normal -0.214975 0.976619 0
    outer loop
      vertex -0.000504455 -0.0354329 0
      vertex -0.000768821 -0.0354911 0
      vertex -0.000504455 -0.0354329 0.003
    endloop
  endfacet
  facet normal -0.214975 0.976619 0
    outer loop
      vertex -0.000504455 -0.0354329 0.003
      vertex -0.000768821 -0.0354911 0
      vertex -0.000768821 -0.0354911 0.003
    endloop
  endfacet
  facet normal -0.319305 0.947652 0
    outer loop
      vertex -0.000768821 -0.0354911 0
      vertex -0.00102535 -0.0355776 0
      vertex -0.000768821 -0.0354911 0.003
    endloop
  endfacet
  facet normal -0.319305 0.947652 0
    outer loop
      vertex -0.000768821 -0.0354911 0.003
      vertex -0.00102535 -0.0355776 0
      vertex -0.00102535 -0.0355776 0.003
    endloop
  endfacet
  facet normal -0.419891 0.907574 0
    outer loop
      vertex -0.00102535 -0.0355776 0
      vertex -0.00127102 -0.0356912 0
      vertex -0.00102535 -0.0355776 0.003
    endloop
  endfacet
  facet normal -0.419891 0.907574 0
    outer loop
      vertex -0.00102535 -0.0355776 0.003
      vertex -0.00127102 -0.0356912 0
      vertex -0.00127102 -0.0356912 0.003
    endloop
  endfacet
  facet normal -0.515552 0.856858 0
    outer loop
      vertex -0.00127102 -0.0356912 0
      vertex -0.00150297 -0.0358308 0
      vertex -0.00127102 -0.0356912 0.003
    endloop
  endfacet
  facet normal -0.515552 0.856858 0
    outer loop
      vertex -0.00127102 -0.0356912 0.003
      vertex -0.00150297 -0.0358308 0
      vertex -0.00150297 -0.0358308 0.003
    endloop
  endfacet
  facet normal -0.605171 0.796096 0
    outer loop
      vertex -0.00150297 -0.0358308 0
      vertex -0.00171847 -0.0359946 0
      vertex -0.00150297 -0.0358308 0.003
    endloop
  endfacet
  facet normal -0.605171 0.796096 0
    outer loop
      vertex -0.00150297 -0.0358308 0.003
      vertex -0.00171847 -0.0359946 0
      vertex -0.00171847 -0.0359946 0.003
    endloop
  endfacet
  facet normal -0.687699 0.725996 0
    outer loop
      vertex -0.00171847 -0.0359946 0
      vertex -0.00191499 -0.0361807 0
      vertex -0.00171847 -0.0359946 0.003
    endloop
  endfacet
  facet normal -0.687699 0.725996 0
    outer loop
      vertex -0.00171847 -0.0359946 0.003
      vertex -0.00191499 -0.0361807 0
      vertex -0.00191499 -0.0361807 0.003
    endloop
  endfacet
  facet normal -0.762163 0.647385 0
    outer loop
      vertex -0.00191499 -0.0361807 0
      vertex -0.00209023 -0.0363871 0
      vertex -0.00191499 -0.0361807 0.003
    endloop
  endfacet
  facet normal -0.762163 0.647385 0
    outer loop
      vertex -0.00191499 -0.0361807 0.003
      vertex -0.00209023 -0.0363871 0
      vertex -0.00209023 -0.0363871 0.003
    endloop
  endfacet
  facet normal -0.827688 0.561189 0
    outer loop
      vertex -0.00209023 -0.0363871 0
      vertex -0.00224214 -0.0366111 0
      vertex -0.00209023 -0.0363871 0.003
    endloop
  endfacet
  facet normal -0.827688 0.561189 0
    outer loop
      vertex -0.00209023 -0.0363871 0.003
      vertex -0.00224214 -0.0366111 0
      vertex -0.00224214 -0.0366111 0.003
    endloop
  endfacet
  facet normal -0.883513 0.468406 0
    outer loop
      vertex -0.00224214 -0.0366111 0
      vertex -0.00236894 -0.0368503 0
      vertex -0.00224214 -0.0366111 0.003
    endloop
  endfacet
  facet normal -0.883513 0.468406 0
    outer loop
      vertex -0.00224214 -0.0366111 0.003
      vertex -0.00236894 -0.0368503 0
      vertex -0.00236894 -0.0368503 0.003
    endloop
  endfacet
  facet normal -0.928977 0.370139 0
    outer loop
      vertex -0.00236894 -0.0368503 0
      vertex -0.00246913 -0.0371017 0
      vertex -0.00236894 -0.0368503 0.003
    endloop
  endfacet
  facet normal -0.928977 0.370139 0
    outer loop
      vertex -0.00236894 -0.0368503 0.003
      vertex -0.00246913 -0.0371017 0
      vertex -0.00246913 -0.0371017 0.003
    endloop
  endfacet
  facet normal -0.96355 0.26753 0
    outer loop
      vertex -0.00246913 -0.0371017 0
      vertex -0.00254155 -0.0373626 0
      vertex -0.00246913 -0.0371017 0.003
    endloop
  endfacet
  facet normal -0.96355 0.26753 0
    outer loop
      vertex -0.00246913 -0.0371017 0.003
      vertex -0.00254155 -0.0373626 0
      vertex -0.00254155 -0.0373626 0.003
    endloop
  endfacet
  facet normal -0.986827 0.161782 0
    outer loop
      vertex -0.00254155 -0.0373626 0
      vertex -0.00258534 -0.0376297 0
      vertex -0.00254155 -0.0373626 0.003
    endloop
  endfacet
  facet normal -0.986827 0.161782 0
    outer loop
      vertex -0.00254155 -0.0373626 0.003
      vertex -0.00258534 -0.0376297 0
      vertex -0.00258534 -0.0376297 0.003
    endloop
  endfacet
  facet normal -0.998533 0.0541383 0
    outer loop
      vertex -0.00258534 -0.0376297 0
      vertex -0.0026 -0.0379 0
      vertex -0.00258534 -0.0376297 0.003
    endloop
  endfacet
  facet normal -0.998533 0.0541383 0
    outer loop
      vertex -0.00258534 -0.0376297 0.003
      vertex -0.0026 -0.0379 0
      vertex -0.0026 -0.0379 0.003
    endloop
  endfacet
  facet normal -0.998533 -0.0541391 0
    outer loop
      vertex -0.0026 -0.0379 0
      vertex -0.00258534 -0.0381703 0
      vertex -0.0026 -0.0379 0.003
    endloop
  endfacet
  facet normal -0.998533 -0.0541391 0
    outer loop
      vertex -0.0026 -0.0379 0.003
      vertex -0.00258534 -0.0381703 0
      vertex -0.00258534 -0.0381703 0.003
    endloop
  endfacet
  facet normal -0.986827 -0.161782 0
    outer loop
      vertex -0.00258534 -0.0381703 0
      vertex -0.00254155 -0.0384374 0
      vertex -0.00258534 -0.0381703 0.003
    endloop
  endfacet
  facet normal -0.986827 -0.161782 0
    outer loop
      vertex -0.00258534 -0.0381703 0.003
      vertex -0.00254155 -0.0384374 0
      vertex -0.00254155 -0.0384374 0.003
    endloop
  endfacet
  facet normal -0.96355 -0.26753 0
    outer loop
      vertex -0.00254155 -0.0384374 0
      vertex -0.00246913 -0.0386983 0
      vertex -0.00254155 -0.0384374 0.003
    endloop
  endfacet
  facet normal -0.96355 -0.26753 0
    outer loop
      vertex -0.00254155 -0.0384374 0.003
      vertex -0.00246913 -0.0386983 0
      vertex -0.00246913 -0.0386983 0.003
    endloop
  endfacet
  facet normal -0.928977 -0.370139 0
    outer loop
      vertex -0.00246913 -0.0386983 0
      vertex -0.00236894 -0.0389497 0
      vertex -0.00246913 -0.0386983 0.003
    endloop
  endfacet
  facet normal -0.928977 -0.370139 0
    outer loop
      vertex -0.00246913 -0.0386983 0.003
      vertex -0.00236894 -0.0389497 0
      vertex -0.00236894 -0.0389497 0.003
    endloop
  endfacet
  facet normal -0.883513 -0.468406 0
    outer loop
      vertex -0.00236894 -0.0389497 0
      vertex -0.00224214 -0.0391889 0
      vertex -0.00236894 -0.0389497 0.003
    endloop
  endfacet
  facet normal -0.883513 -0.468406 0
    outer loop
      vertex -0.00236894 -0.0389497 0.003
      vertex -0.00224214 -0.0391889 0
      vertex -0.00224214 -0.0391889 0.003
    endloop
  endfacet
  facet normal -0.827688 -0.561189 0
    outer loop
      vertex -0.00224214 -0.0391889 0
      vertex -0.00209023 -0.0394129 0
      vertex -0.00224214 -0.0391889 0.003
    endloop
  endfacet
  facet normal -0.827688 -0.561189 0
    outer loop
      vertex -0.00224214 -0.0391889 0.003
      vertex -0.00209023 -0.0394129 0
      vertex -0.00209023 -0.0394129 0.003
    endloop
  endfacet
  facet normal -0.762163 -0.647385 0
    outer loop
      vertex -0.00209023 -0.0394129 0
      vertex -0.00191499 -0.0396192 0
      vertex -0.00209023 -0.0394129 0.003
    endloop
  endfacet
  facet normal -0.762163 -0.647385 0
    outer loop
      vertex -0.00209023 -0.0394129 0.003
      vertex -0.00191499 -0.0396192 0
      vertex -0.00191499 -0.0396192 0.003
    endloop
  endfacet
  facet normal -0.687699 -0.725996 0
    outer loop
      vertex -0.00191499 -0.0396192 0
      vertex -0.00171847 -0.0398054 0
      vertex -0.00191499 -0.0396192 0.003
    endloop
  endfacet
  facet normal -0.687699 -0.725996 0
    outer loop
      vertex -0.00191499 -0.0396192 0.003
      vertex -0.00171847 -0.0398054 0
      vertex -0.00171847 -0.0398054 0.003
    endloop
  endfacet
  facet normal -0.605171 -0.796096 0
    outer loop
      vertex -0.00171847 -0.0398054 0
      vertex -0.00150297 -0.0399692 0
      vertex -0.00171847 -0.0398054 0.003
    endloop
  endfacet
  facet normal -0.605171 -0.796096 0
    outer loop
      vertex -0.00171847 -0.0398054 0.003
      vertex -0.00150297 -0.0399692 0
      vertex -0.00150297 -0.0399692 0.003
    endloop
  endfacet
  facet normal -0.515552 -0.856858 0
    outer loop
      vertex -0.00150297 -0.0399692 0
      vertex -0.00127102 -0.0401088 0
      vertex -0.00150297 -0.0399692 0.003
    endloop
  endfacet
  facet normal -0.515552 -0.856858 0
    outer loop
      vertex -0.00150297 -0.0399692 0.003
      vertex -0.00127102 -0.0401088 0
      vertex -0.00127102 -0.0401088 0.003
    endloop
  endfacet
  facet normal -0.419891 -0.907574 0
    outer loop
      vertex -0.00127102 -0.0401088 0
      vertex -0.00102535 -0.0402224 0
      vertex -0.00127102 -0.0401088 0.003
    endloop
  endfacet
  facet normal -0.419891 -0.907574 0
    outer loop
      vertex -0.00127102 -0.0401088 0.003
      vertex -0.00102535 -0.0402224 0
      vertex -0.00102535 -0.0402224 0.003
    endloop
  endfacet
  facet normal -0.319305 -0.947652 0
    outer loop
      vertex -0.00102535 -0.0402224 0
      vertex -0.000768821 -0.0403089 0
      vertex -0.00102535 -0.0402224 0.003
    endloop
  endfacet
  facet normal -0.319305 -0.947652 0
    outer loop
      vertex -0.00102535 -0.0402224 0.003
      vertex -0.000768821 -0.0403089 0
      vertex -0.000768821 -0.0403089 0.003
    endloop
  endfacet
  facet normal -0.214975 -0.976619 0
    outer loop
      vertex -0.000768821 -0.0403089 0
      vertex -0.000504455 -0.0403671 0
      vertex -0.000768821 -0.0403089 0.003
    endloop
  endfacet
  facet normal -0.214975 -0.976619 0
    outer loop
      vertex -0.000768821 -0.0403089 0.003
      vertex -0.000504455 -0.0403671 0
      vertex -0.000504455 -0.0403671 0.003
    endloop
  endfacet
  facet normal -0.108114 -0.994138 0
    outer loop
      vertex -0.000504455 -0.0403671 0
      vertex -0.000235347 -0.0403963 0
      vertex -0.000504455 -0.0403671 0.003
    endloop
  endfacet
  facet normal -0.108114 -0.994138 0
    outer loop
      vertex -0.000504455 -0.0403671 0.003
      vertex -0.000235347 -0.0403963 0
      vertex -0.000235347 -0.0403963 0.003
    endloop
  endfacet
  facet normal 0 -1 0
    outer loop
      vertex -0.000235347 -0.0403963 0
      vertex 3.53473e-5 -0.0403963 0
      vertex -0.000235347 -0.0403963 0.003
    endloop
  endfacet
  facet normal 0 -1 0
    outer loop
      vertex -0.000235347 -0.0403963 0.003
      vertex 3.53473e-5 -0.0403963 0
      vertex 3.53473e-5 -0.0403963 0.003
    endloop
  endfacet
  facet normal 0.108114 -0.994138 0
    outer loop
      vertex 3.53473e-5 -0.0403963 0
      vertex 0.000304455 -0.0403671 0
      vertex 3.53473e-5 -0.0403963 0.003
    endloop
  endfacet
  facet normal 0.108114 -0.994138 0
    outer loop
      vertex 3.53473e-5 -0.0403963 0.003
      vertex 0.000304455 -0.0403671 0
      vertex 0.000304455 -0.0403671 0.003
    endloop
  endfacet
  facet normal 0.214975 -0.976619 0
    outer loop
      vertex 0.000304455 -0.0403671 0
      vertex 0.000568821 -0.0403089 0
      vertex 0.000304455 -0.0403671 0.003
    endloop
  endfacet
  facet normal 0.214975 -0.976619 0
    outer loop
      vertex 0.000304455 -0.0403671 0.003
      vertex 0.000568821 -0.0403089 0
      vertex 0.000568821 -0.0403089 0.003
    endloop
  endfacet
  facet normal 0.319305 -0.947652 0
    outer loop
      vertex 0.000568821 -0.0403089 0
      vertex 0.000825345 -0.0402224 0
      vertex 0.000568821 -0.0403089 0.003
    endloop
  endfacet
  facet normal 0.319305 -0.947652 0
    outer loop
      vertex 0.000568821 -0.0403089 0.003
      vertex 0.000825345 -0.0402224 0
      vertex 0.000825345 -0.0402224 0.003
    endloop
  endfacet
  facet normal 0.419891 -0.907574 0
    outer loop
      vertex 0.000825345 -0.0402224 0
      vertex 0.00107102 -0.0401088 0
      vertex 0.000825345 -0.0402224 0.003
    endloop
  endfacet
  facet normal 0.419891 -0.907574 0
    outer loop
      vertex 0.000825345 -0.0402224 0.003
      vertex 0.00107102 -0.0401088 0
      vertex 0.00107102 -0.0401088 0.003
    endloop
  endfacet
  facet normal 0.515552 -0.856858 0
    outer loop
      vertex 0.00107102 -0.0401088 0
      vertex 0.00130297 -0.0399692 0
      vertex 0.00107102 -0.0401088 0.003
    endloop
  endfacet
  facet normal 0.515552 -0.856858 0
    outer loop
      vertex 0.00107102 -0.0401088 0.003
      vertex 0.00130297 -0.0399692 0
      vertex 0.00130297 -0.0399692 0.003
    endloop
  endfacet
  facet normal 0.605171 -0.796096 0
    outer loop
      vertex 0.00130297 -0.0399692 0
      vertex 0.00151847 -0.0398054 0
      vertex 0.00130297 -0.0399692 0.003
    endloop
  endfacet
  facet normal 0.605171 -0.796096 0
    outer loop
      vertex 0.00130297 -0.0399692 0.003
      vertex 0.00151847 -0.0398054 0
      vertex 0.00151847 -0.0398054 0.003
    endloop
  endfacet
  facet normal 0.687699 -0.725996 0
    outer loop
      vertex 0.00151847 -0.0398054 0
      vertex 0.00171499 -0.0396192 0
      vertex 0.00151847 -0.0398054 0.003
    endloop
  endfacet
  facet normal 0.687699 -0.725996 0
    outer loop
      vertex 0.00151847 -0.0398054 0.003
      vertex 0.00171499 -0.0396192 0
      vertex 0.00171499 -0.0396192 0.003
    endloop
  endfacet
  facet normal 0.762163 -0.647385 0
    outer loop
      vertex 0.00171499 -0.0396192 0
      vertex 0.00189023 -0.0394129 0
      vertex 0.00171499 -0.0396192 0.003
    endloop
  endfacet
  facet normal 0.762163 -0.647385 0
    outer loop
      vertex 0.00171499 -0.0396192 0.003
      vertex 0.00189023 -0.0394129 0
      vertex 0.00189023 -0.0394129 0.003
    endloop
  endfacet
  facet normal 0.827688 -0.561188 0
    outer loop
      vertex 0.00189023 -0.0394129 0
      vertex 0.00204214 -0.0391889 0
      vertex 0.00189023 -0.0394129 0.003
    endloop
  endfacet
  facet normal 0.827688 -0.561188 0
    outer loop
      vertex 0.00189023 -0.0394129 0.003
      vertex 0.00204214 -0.0391889 0
      vertex 0.00204214 -0.0391889 0.003
    endloop
  endfacet
  facet normal 0.883513 -0.468406 0
    outer loop
      vertex 0.00204214 -0.0391889 0
      vertex 0.00216894 -0.0389497 0
      vertex 0.00204214 -0.0391889 0.003
    endloop
  endfacet
  facet normal 0.883513 -0.468406 0
    outer loop
      vertex 0.00204214 -0.0391889 0.003
      vertex 0.00216894 -0.0389497 0
      vertex 0.00216894 -0.0389497 0.003
    endloop
  endfacet
  facet normal 0.928976 -0.370139 0
    outer loop
      vertex 0.00216894 -0.0389497 0
      vertex 0.00226913 -0.0386983 0
      vertex 0.00216894 -0.0389497 0.003
    endloop
  endfacet
  facet normal 0.928976 -0.370139 0
    outer loop
      vertex 0.00216894 -0.0389497 0.003
      vertex 0.00226913 -0.0386983 0
      vertex 0.00226913 -0.0386983 0.003
    endloop
  endfacet
  facet normal 0.96355 -0.26753 0
    outer loop
      vertex 0.00226913 -0.0386983 0
      vertex 0.00234155 -0.0384374 0
      vertex 0.00226913 -0.0386983 0.003
    endloop
  endfacet
  facet normal 0.96355 -0.26753 0
    outer loop
      vertex 0.00226913 -0.0386983 0.003
      vertex 0.00234155 -0.0384374 0
      vertex 0.00234155 -0.0384374 0.003
    endloop
  endfacet
  facet normal 0.986827 -0.161781 0
    outer loop
      vertex 0.00234155 -0.0384374 0
      vertex 0.00238534 -0.0381703 0
      vertex 0.00234155 -0.0384374 0.003
    endloop
  endfacet
  facet normal 0.986827 -0.161781 0
    outer loop
      vertex 0.00234155 -0.0384374 0.003
      vertex 0.00238534 -0.0381703 0
      vertex 0.00238534 -0.0381703 0.003
    endloop
  endfacet
  facet normal 0.998533 -0.0541399 0
    outer loop
      vertex 0.00238534 -0.0381703 0
      vertex 0.0024 -0.0379 0
      vertex 0.00238534 -0.0381703 0.003
    endloop
  endfacet
  facet normal 0.998533 -0.0541399 0
    outer loop
      vertex 0.00238534 -0.0381703 0.003
      vertex 0.0024 -0.0379 0
      vertex 0.0024 -0.0379 0.003
    endloop
  endfacet
  facet normal 0.998533 0.0541392 0
    outer loop
      vertex 0.0024 -0.0379 0
      vertex 0.00238534 -0.0376297 0
      vertex 0.0024 -0.0379 0.003
    endloop
  endfacet
  facet normal 0 0 1
    outer loop
      vertex -0.00159121 -0.0380622 0.003
      vertex -0.00258534 -0.0381703 0.003
      vertex -0.00156493 -0.0382225 0.003
    endloop
  endfacet
  facet normal 0 0 1
    outer loop
      vertex -0.00258534 -0.0381703 0.003
      vertex -0.00254155 -0.0384374 0.003
      vertex -0.00156493 -0.0382225 0.003
    endloop
  endfacet
  facet normal 0 0 1
    outer loop
      vertex -0.00156493 -0.0382225 0.003
      vertex -0.00254155 -0.0384374 0.003
      vertex -0.00152148 -0.038379 0.003
    endloop
  endfacet
  facet normal 0 0 1
    outer loop
      vertex -0.00254155 -0.0384374 0.003
      vertex -0.00246913 -0.0386983 0.003
      vertex -0.00152148 -0.038379 0.003
    endloop
  endfacet
  facet normal 0 0 1
    outer loop
      vertex -0.00152148 -0.038379 0.003
      vertex -0.00246913 -0.0386983 0.003
      vertex -0.00146136 -0.0385298 0.003
    endloop
  endfacet
  facet normal 0 0 1
    outer loop
      vertex -0.00246913 -0.0386983 0.003
      vertex -0.00236894 -0.0389497 0.003
      vertex -0.00146136 -0.0385298 0.003
    endloop
  endfacet
  facet normal 0 0 1
    outer loop
      vertex -0.00146136 -0.0385298 0.003
      vertex -0.00236894 -0.0389497 0.003
      vertex -0.00138529 -0.0386733 0.003
    endloop
  endfacet
  facet normal 0 0 1
    outer loop
      vertex -0.00236894 -0.0389497 0.003
      vertex -0.00224214 -0.0391889 0.003
      vertex -0.00138529 -0.0386733 0.003
    endloop
  endfacet
  facet normal 0 0 1
    outer loop
      vertex -0.00138529 -0.0386733 0.003
      vertex -0.00224214 -0.0391889 0.003
      vertex -0.00129414 -0.0388078 0.003
    endloop
  endfacet
  facet normal 0 0 1
    outer loop
      vertex -0.00224214 -0.0391889 0.003
      vertex -0.00209023 -0.0394129 0.003
      vertex -0.00129414 -0.0388078 0.003
    endloop
  endfacet
  facet normal 0 0 1
    outer loop
      vertex -0.00129414 -0.0388078 0.003
      vertex -0.00209023 -0.0394129 0.003
      vertex -0.00118899 -0.0389315 0.003
    endloop
  endfacet
  facet normal 0 0 1
    outer loop
      vertex -0.00209023 -0.0394129 0.003
      vertex -0.00191499 -0.0396192 0.003
      vertex -0.00118899 -0.0389315 0.003
    endloop
  endfacet
  facet normal 0 0 1
    outer loop
      vertex -0.00118899 -0.0389315 0.003
      vertex -0.00191499 -0.0396192 0.003
      vertex -0.00107108 -0.0390432 0.003
    endloop
  endfacet
  facet normal 0 0 1
    outer loop
      vertex -0.00191499 -0.0396192 0.003
      vertex -0.00171847 -0.0398054 0.003
      vertex -0.00107108 -0.0390432 0.003
    endloop
  endfacet
  facet normal 0 0 1
    outer loop
      vertex -0.00107108 -0.0390432 0.003
      vertex -0.00171847 -0.0398054 0.003
      vertex -0.000941781 -0.0391415 0.003
    endloop
  endfacet
  facet normal 0 0 1
    outer loop
      vertex -0.00171847 -0.0398054 0.003
      vertex -0.00150297 -0.0399692 0.003
      vertex -0.000941781 -0.0391415 0.003
    endloop
  endfacet
  facet normal 0 0 1
    outer loop
      vertex -0.000941781 -0.0391415 0.003
      vertex -0.00150297 -0.0399692 0.003
      vertex -0.000802613 -0.0392253 0.003
    endloop
  endfacet
  facet normal 0 0 1
    outer loop
      vertex -0.00150297 -0.0399692 0.003
      vertex -0.00127102 -0.0401088 0.003
      vertex -0.000802613 -0.0392253 0.003
    endloop
  endfacet
  facet normal 0 0 1
    outer loop
      vertex -0.000802613 -0.0392253 0.003
      vertex -0.00127102 -0.0401088 0.003
      vertex -0.000655207 -0.0392935 0.003
    endloop
  endfacet
  facet normal 0 0 1
    outer loop
      vertex -0.00127102 -0.0401088 0.003
      vertex -0.00102535 -0.0402224 0.003
      vertex -0.000655207 -0.0392935 0.003
    endloop
  endfacet
  facet normal 0 0 1
    outer loop
      vertex -0.000655207 -0.0392935 0.003
      vertex -0.00102535 -0.0402224 0.003
      vertex -0.000501293 -0.0393453 0.003
    endloop
  endfacet
  facet normal 0 0 1
    outer loop
      vertex -0.00102535 -0.0402224 0.003
      vertex -0.000768821 -0.0403089 0.003
      vertex -0.000501293 -0.0393453 0.003
    endloop
  endfacet
  facet normal 0 0 1
    outer loop
      vertex -0.000501293 -0.0393453 0.003
      vertex -0.000768821 -0.0403089 0.003
      vertex -0.000342673 -0.0393802 0.003
    endloop
  endfacet
  facet normal 0 0 1
    outer loop
      vertex -0.000768821 -0.0403089 0.003
      vertex -0.000504455 -0.0403671 0.003
      vertex -0.000342673 -0.0393802 0.003
    endloop
  endfacet
  facet normal 0 0 1
    outer loop
      vertex -0.000342673 -0.0393802 0.003
      vertex -0.000504455 -0.0403671 0.003
      vertex -0.000181208 -0.0393978 0.003
    endloop
  endfacet
  facet normal 0 0 1
    outer loop
      vertex -0.000504455 -0.0403671 0.003
      vertex -0.000235347 -0.0403963 0.003
      vertex -0.000181208 -0.0393978 0.003
    endloop
  endfacet
  facet normal 0 0 1
    outer loop
      vertex -0.000181208 -0.0393978 0.003
      vertex -0.000235347 -0.0403963 0.003
      vertex -1.87916e-5 -0.0393978 0.003
    endloop
  endfacet
  facet normal 0 0 1
    outer loop
      vertex -0.000235347 -0.0403963 0.003
      vertex 3.53473e-5 -0.0403963 0.003
      vertex -1.87916e-5 -0.0393978 0.003
    endloop
  endfacet
  facet normal 0 0 1
    outer loop
      vertex -1.87916e-5 -0.0393978 0.003
      vertex 3.53473e-5 -0.0403963 0.003
      vertex 0.000142673 -0.0393802 0.003
    endloop
  endfacet
  facet normal 0 0 1
    outer loop
      vertex 3.53473e-5 -0.0403963 0.003
      vertex 0.000304455 -0.0403671 0.003
      vertex 0.000142673 -0.0393802 0.003
    endloop
  endfacet
  facet normal 0 0 1
    outer loop
      vertex 0.000142673 -0.0393802 0.003
      vertex 0.000304455 -0.0403671 0.003
      vertex 0.000301293 -0.0393453 0.003
    endloop
  endfacet
  facet normal 0 0 1
    outer loop
      vertex 0.000304455 -0.0403671 0.003
      vertex 0.000568821 -0.0403089 0.003
      vertex 0.000301293 -0.0393453 0.003
    endloop
  endfacet
  facet normal 0 0 1
    outer loop
      vertex 0.000301293 -0.0393453 0.003
      vertex 0.000568821 -0.0403089 0.003
      vertex 0.000455207 -0.0392935 0.003
    endloop
  endfacet
  facet normal 0 0 1
    outer loop
      vertex 0.000568821 -0.0403089 0.003
      vertex 0.000825345 -0.0402224 0.003
      vertex 0.000455207 -0.0392935 0.003
    endloop
  endfacet
  facet normal 0 0 1
    outer loop
      vertex 0.000455207 -0.0392935 0.003
      vertex 0.000825345 -0.0402224 0.003
      vertex 0.000602613 -0.0392253 0.003
    endloop
  endfacet
  facet normal 0 0 1
    outer loop
      vertex 0.000825345 -0.0402224 0.003
      vertex 0.00107102 -0.0401088 0.003
      vertex 0.000602613 -0.0392253 0.003
    endloop
  endfacet
  facet normal 0 0 1
    outer loop
      vertex 0.000602613 -0.0392253 0.003
      vertex 0.00107102 -0.0401088 0.003
      vertex 0.000741781 -0.0391415 0.003
    endloop
  endfacet
  facet normal 0 0 1
    outer loop
      vertex 0.00107102 -0.0401088 0.003
      vertex 0.00130297 -0.0399692 0.003
      vertex 0.000741781 -0.0391415 0.003
    endloop
  endfacet
  facet normal 0 0 1
    outer loop
      vertex 0.000741781 -0.0391415 0.003
      vertex 0.00130297 -0.0399692 0.003
      vertex 0.000871079 -0.0390432 0.003
    endloop
  endfacet
  facet normal 0 0 1
    outer loop
      vertex 0.00130297 -0.0399692 0.003
      vertex 0.00151847 -0.0398054 0.003
      vertex 0.000871079 -0.0390432 0.003
    endloop
  endfacet
  facet normal 0 0 1
    outer loop
      vertex 0.000871079 -0.0390432 0.003
      vertex 0.00151847 -0.0398054 0.003
      vertex 0.000988993 -0.0389315 0.003
    endloop
  endfacet
  facet normal 0 0 1
    outer loop
      vertex 0.00151847 -0.0398054 0.003
      vertex 0.00171499 -0.0396192 0.003
      vertex 0.000988993 -0.0389315 0.003
    endloop
  endfacet
  facet normal 0 0 1
    outer loop
      vertex 0.000988993 -0.0389315 0.003
      vertex 0.00171499 -0.0396192 0.003
      vertex 0.00109414 -0.0388078 0.003
    endloop
  endfacet
  facet normal 0 0 1
    outer loop
      vertex 0.00171499 -0.0396192 0.003
      vertex 0.00189023 -0.0394129 0.003
      vertex 0.00109414 -0.0388078 0.003
    endloop
  endfacet
  facet normal 0 0 1
    outer loop
      vertex 0.00109414 -0.0388078 0.003
      vertex 0.00189023 -0.0394129 0.003
      vertex 0.00118529 -0.0386733 0.003
    endloop
  endfacet
  facet normal 0 0 1
    outer loop
      vertex 0.00189023 -0.0394129 0.003
      vertex 0.00204214 -0.0391889 0.003
      vertex 0.00118529 -0.0386733 0.003
    endloop
  endfacet
  facet normal 0 0 1
    outer loop
      vertex 0.00118529 -0.0386733 0.003
      vertex 0.00204214 -0.0391889 0.003
      vertex 0.00126136 -0.0385298 0.003
    endloop
  endfacet
  facet normal 0 0 1
    outer loop
      vertex 0.00204214 -0.0391889 0.003
      vertex 0.00216894 -0.0389497 0.003
      vertex 0.00126136 -0.0385298 0.003
    endloop
  endfacet
  facet normal 0 0 1
    outer loop
      vertex 0.00126136 -0.0385298 0.003
      vertex 0.00216894 -0.0389497 0.003
      vertex 0.00132148 -0.038379 0.003
    endloop
  endfacet
  facet normal 0 0 1
    outer loop
      vertex 0.00216894 -0.0389497 0.003
      vertex 0.00226913 -0.0386983 0.003
      vertex 0.00132148 -0.038379 0.003
    endloop
  endfacet
  facet normal 0 0 1
    outer loop
      vertex 0.00132148 -0.038379 0.003
      vertex 0.00226913 -0.0386983 0.003
      vertex 0.00136493 -0.0382225 0.003
    endloop
  endfacet
  facet normal 0 0 1
    outer loop
      vertex 0.00226913 -0.0386983 0.003
      vertex 0.00234155 -0.0384374 0.003
      vertex 0.00136493 -0.0382225 0.003
    endloop
  endfacet
  facet normal 0 0 1
    outer loop
      vertex 0.00136493 -0.0382225 0.003
      vertex 0.00234155 -0.0384374 0.003
      vertex 0.00139121 -0.0380622 0.003
    endloop
  endfacet
  facet normal 0 0 1
    outer loop
      vertex 0.00234155 -0.0384374 0.003
      vertex 0.00238534 -0.0381703 0.003
      vertex 0.00139121 -0.0380622 0.003
    endloop
  endfacet
  facet normal 0 0 1
    outer loop
      vertex 0.00139121 -0.0380622 0.003
      vertex 0.00238534 -0.0381703 0.003
      vertex 0.0014 -0.0379 0.003
    endloop
  endfacet
  facet normal 0 0 1
    outer loop
      vertex 0.00238534 -0.0381703 0.003
      vertex 0.0024 -0.0379 0.003
      vertex 0.0014 -0.0379 0.003
    endloop
  endfacet
  facet normal 0 0 1
    outer loop
      vertex 0.0014 -0.0379 0.003
      vertex 0.0024 -0.0379 0.003
      vertex 0.00139121 -0.0377378 0.003
    endloop
  endfacet
  facet normal 0 0 1
    outer loop
      vertex 0.0024 -0.0379 0.003
      vertex 0.00238534 -0.0376297 0.003
      vertex 0.00139121 -0.0377378 0.003
    endloop
  endfacet
  facet normal 0 0 1
    outer loop
      vertex 0.00139121 -0.0377378 0.003
      vertex 0.00238534 -0.0376297 0.003
      vertex 0.00136493 -0.0375775 0.003
    endloop
  endfacet
  facet normal 0 0 1
    outer loop
      vertex 0.00238534 -0.0376297 0.003
      vertex 0.00234155 -0.0373626 0.003
      vertex 0.00136493 -0.0375775 0.003
    endloop
  endfacet
  facet normal 0 0 1
    outer loop
      vertex 0.00136493 -0.0375775 0.003
      vertex 0.00234155 -0.0373626 0.003
      vertex 0.00132148 -0.037421 0.003
    endloop
  endfacet
  facet normal 0 0 1
    outer loop
      vertex 0.00234155 -0.0373626 0.003
      vertex 0.00226913 -0.0371017 0.003
      vertex 0.00132148 -0.037421 0.003
    endloop
  endfacet
  facet normal 0 0 1
    outer loop
      vertex 0.00132148 -0.037421 0.003
      vertex 0.00226913 -0.0371017 0.003
      vertex 0.00126136 -0.0372702 0.003
    endloop
  endfacet
  facet normal 0 0 1
    outer loop
      vertex 0.00226913 -0.0371017 0.003
      vertex 0.00216894 -0.0368503 0.003
      vertex 0.00126136 -0.0372702 0.003
    endloop
  endfacet
  facet normal 0 0 1
    outer loop
      vertex 0.00126136 -0.0372702 0.003
      vertex 0.00216894 -0.0368503 0.003
      vertex 0.00118529 -0.0371267 0.003
    endloop
  endfacet
  facet normal 0 0 1
    outer loop
      vertex 0.00216894 -0.0368503 0.003
      vertex 0.00204214 -0.0366111 0.003
      vertex 0.00118529 -0.0371267 0.003
    endloop
  endfacet
  facet normal 0 0 1
    outer loop
      vertex 0.00118529 -0.0371267 0.003
      vertex 0.00204214 -0.0366111 0.003
      vertex 0.00109414 -0.0369922 0.003
    endloop
  endfacet
  facet normal 0 0 1
    outer loop
      vertex 0.00204214 -0.0366111 0.003
      vertex 0.00189023 -0.0363871 0.003
      vertex 0.00109414 -0.0369922 0.003
    endloop
  endfacet
  facet normal 0 0 1
    outer loop
      vertex 0.00109414 -0.0369922 0.003
      vertex 0.00189023 -0.0363871 0.003
      vertex 0.000988993 -0.0368684 0.003
    endloop
  endfacet
  facet normal 0 0 1
    outer loop
      vertex 0.00189023 -0.0363871 0.003
      vertex 0.00171499 -0.0361807 0.003
      vertex 0.000988993 -0.0368684 0.003
    endloop
  endfacet
  facet normal 0 0 1
    outer loop
      vertex 0.000988993 -0.0368684 0.003
      vertex 0.00171499 -0.0361807 0.003
      vertex 0.000871079 -0.0367568 0.003
    endloop
  endfacet
  facet normal 0 0 1
    outer loop
      vertex 0.00171499 -0.0361807 0.003
      vertex 0.00151847 -0.0359946 0.003
      vertex 0.000871079 -0.0367568 0.003
    endloop
  endfacet
  facet normal 0 0 1
    outer loop
      vertex 0.000871079 -0.0367568 0.003
      vertex 0.00151847 -0.0359946 0.003
      vertex 0.000741781 -0.0366585 0.003
    endloop
  endfacet
  facet normal 0 0 1
    outer loop
      vertex 0.00151847 -0.0359946 0.003
      vertex 0.00130297 -0.0358308 0.003
      vertex 0.000741781 -0.0366585 0.003
    endloop
  endfacet
  facet normal 0 0 1
    outer loop
      vertex 0.000741781 -0.0366585 0.003
      vertex 0.00130297 -0.0358308 0.003
      vertex 0.000602613 -0.0365747 0.003
    endloop
  endfacet
  facet normal 0 0 1
    outer loop
      vertex 0.00130297 -0.0358308 0.003
      vertex 0.00107102 -0.0356912 0.003
      vertex 0.000602613 -0.0365747 0.003
    endloop
  endfacet
  facet normal 0 0 1
    outer loop
      vertex 0.000602613 -0.0365747 0.003
      vertex 0.00107102 -0.0356912 0.003
      vertex 0.000455207 -0.0365065 0.003
    endloop
  endfacet
  facet normal 0 0 1
    outer loop
      vertex 0.00107102 -0.0356912 0.003
      vertex 0.000825345 -0.0355776 0.003
      vertex 0.000455207 -0.0365065 0.003
    endloop
  endfacet
  facet normal 0 0 1
    outer loop
      vertex 0.000455207 -0.0365065 0.003
      vertex 0.000825345 -0.0355776 0.003
      vertex 0.000301293 -0.0364547 0.003
    endloop
  endfacet
  facet normal 0 0 1
    outer loop
      vertex 0.000825345 -0.0355776 0.003
      vertex 0.000568821 -0.0354911 0.003
      vertex 0.000301293 -0.0364547 0.003
    endloop
  endfacet
  facet normal 0 0 1
    outer loop
      vertex 0.000301293 -0.0364547 0.003
      vertex 0.000568821 -0.0354911 0.003
      vertex 0.000142673 -0.0364198 0.003
    endloop
  endfacet
  facet normal 0 0 1
    outer loop
      vertex 0.000568821 -0.0354911 0.003
      vertex 0.000304455 -0.0354329 0.003
      vertex 0.000142673 -0.0364198 0.003
    endloop
  endfacet
  facet normal 0 0 1
    outer loop
      vertex 0.000142673 -0.0364198 0.003
      vertex 0.000304455 -0.0354329 0.003
      vertex -1.87916e-5 -0.0364022 0.003
    endloop
  endfacet
  facet normal 0 0 1
    outer loop
      vertex 0.000304455 -0.0354329 0.003
      vertex 3.53473e-5 -0.0354037 0.003
      vertex -1.87916e-5 -0.0364022 0.003
    endloop
  endfacet
  facet normal 0 0 1
    outer loop
      vertex -1.87916e-5 -0.0364022 0.003
      vertex 3.53473e-5 -0.0354037 0.003
      vertex -0.000181208 -0.0364022 0.003
    endloop
  endfacet
  facet normal 0 0 1
    outer loop
      vertex 3.53473e-5 -0.0354037 0.003
      vertex -0.000235347 -0.0354037 0.003
      vertex -0.000181208 -0.0364022 0.003
    endloop
  endfacet
  facet normal 0 0 1
    outer loop
      vertex -0.000181208 -0.0364022 0.003
      vertex -0.000235347 -0.0354037 0.003
      vertex -0.000342673 -0.0364198 0.003
    endloop
  endfacet
  facet normal 0 0 1
    outer loop
      vertex -0.000235347 -0.0354037 0.003
      vertex -0.000504455 -0.0354329 0.003
      vertex -0.000342673 -0.0364198 0.003
    endloop
  endfacet
  facet normal 0 0 1
    outer loop
      vertex -0.000342673 -0.0364198 0.003
      vertex -0.000504455 -0.0354329 0.003
      vertex -0.000501293 -0.0364547 0.003
    endloop
  endfacet
  facet normal 0 0 1
    outer loop
      vertex -0.000504455 -0.0354329 0.003
      vertex -0.000768821 -0.0354911 0.003
      vertex -0.000501293 -0.0364547 0.003
    endloop
  endfacet
  facet normal 0 0 1
    outer loop
      vertex -0.000501293 -0.0364547 0.003
      vertex -0.000768821 -0.0354911 0.003
      vertex -0.000655207 -0.0365065 0.003
    endloop
  endfacet
  facet normal 0 0 1
    outer loop
      vertex -0.000768821 -0.0354911 0.003
      vertex -0.00102535 -0.0355776 0.003
      vertex -0.000655207 -0.0365065 0.003
    endloop
  endfacet
  facet normal 0 0 1
    outer loop
      vertex -0.000655207 -0.0365065 0.003
      vertex -0.00102535 -0.0355776 0.003
      vertex -0.000802613 -0.0365747 0.003
    endloop
  endfacet
  facet normal 0 0 1
    outer loop
      vertex -0.00102535 -0.0355776 0.003
      vertex -0.00127102 -0.0356912 0.003
      vertex -0.000802613 -0.0365747 0.003
    endloop
  endfacet
  facet normal 0 0 1
    outer loop
      vertex -0.000802613 -0.0365747 0.003
      vertex -0.00127102 -0.0356912 0.003
      vertex -0.000941781 -0.0366585 0.003
    endloop
  endfacet
  facet normal 0 0 1
    outer loop
      vertex -0.00127102 -0.0356912 0.003
      vertex -0.00150297 -0.0358308 0.003
      vertex -0.000941781 -0.0366585 0.003
    endloop
  endfacet
  facet normal 0 0 1
    outer loop
      vertex -0.000941781 -0.0366585 0.003
      vertex -0.00150297 -0.0358308 0.003
      vertex -0.00107108 -0.0367568 0.003
    endloop
  endfacet
  facet normal 0 0 1
    outer loop
      vertex -0.00150297 -0.0358308 0.003
      vertex -0.00171847 -0.0359946 0.003
      vertex -0.00107108 -0.0367568 0.003
    endloop
  endfacet
  facet normal 0 0 1
    outer loop
      vertex -0.00107108 -0.0367568 0.003
      vertex -0.00171847 -0.0359946 0.003
      vertex -0.00118899 -0.0368684 0.003
    endloop
  endfacet
  facet normal 0 0 1
    outer loop
      vertex -0.00171847 -0.0359946 0.003
      vertex -0.00191499 -0.0361807 0.003
      vertex -0.00118899 -0.0368684 0.003
    endloop
  endfacet
  facet normal 0 0 1
    outer loop
      vertex -0.00118899 -0.0368684 0.003
      vertex -0.00191499 -0.0361807 0.003
      vertex -0.00129414 -0.0369922 0.003
    endloop
  endfacet
  facet normal 0 0 1
    outer loop
      vertex -0.00191499 -0.0361807 0.003
      vertex -0.00209023 -0.0363871 0.003
      vertex -0.00129414 -0.0369922 0.003
    endloop
  endfacet
  facet normal 0 0 1
    outer loop
      vertex -0.00129414 -0.0369922 0.003
      vertex -0.00209023 -0.0363871 0.003
      vertex -0.00138529 -0.0371267 0.003
    endloop
  endfacet
  facet normal 0 0 1
    outer loop
      vertex -0.00209023 -0.0363871 0.003
      vertex -0.00224214 -0.0366111 0.003
      vertex -0.00138529 -0.0371267 0.003
    endloop
  endfacet
  facet normal 0 0 1
    outer loop
      vertex -0.00138529 -0.0371267 0.003
      vertex -0.00224214 -0.0366111 0.003
      vertex -0.00146136 -0.0372702 0.003
    endloop
  endfacet
  facet normal 0 0 1
    outer loop
      vertex -0.00224214 -0.0366111 0.003
      vertex -0.00236894 -0.0368503 0.003
      vertex -0.00146136 -0.0372702 0.003
    endloop
  endfacet
  facet normal 0 0 1
    outer loop
      vertex -0.00146136 -0.0372702 0.003
      vertex -0.00236894 -0.0368503 0.003
      vertex -0.00152148 -0.037421 0.003
    endloop
  endfacet
  facet normal 0 0 1
    outer loop
      vertex -0.00236894 -0.0368503 0.003
      vertex -0.00246913 -0.0371017 0.003
      vertex -0.00152148 -0.037421 0.003
    endloop
  endfacet
  facet normal 0 0 1
    outer loop
      vertex -0.00152148 -0.037421 0.003
      vertex -0.00246913 -0.0371017 0.003
      vertex -0.00156493 -0.0375775 0.003
    endloop
  endfacet
  facet normal 0 0 1
    outer loop
      vertex -0.00246913 -0.0371017 0.003
      vertex -0.00254155 -0.0373626 0.003
      vertex -0.00156493 -0.0375775 0.003
    endloop
  endfacet
  facet normal 0 0 1
    outer loop
      vertex -0.00156493 -0.0375775 0.003
      vertex -0.00254155 -0.0373626 0.003
      vertex -0.00159121 -0.0377378 0.003
    endloop
  endfacet
  facet normal 0 0 1
    outer loop
      vertex -0.00254155 -0.0373626 0.003
      vertex -0.00258534 -0.0376297 0.003
      vertex -0.00159121 -0.0377378 0.003
    endloop
  endfacet
  facet normal 0 0 1
    outer loop
      vertex -0.00159121 -0.0377378 0.003
      vertex -0.00258534 -0.0376297 0.003
      vertex -0.0016 -0.0379 0.003
    endloop
  endfacet
  facet normal 0 0 1
    outer loop
      vertex -0.00258534 -0.0376297 0.003
      vertex -0.0026 -0.0379 0.003
      vertex -0.0016 -0.0379 0.003
    endloop
  endfacet
  facet normal 0 0 1
    outer loop
      vertex -0.0016 -0.0379 0.003
      vertex -0.0026 -0.0379 0.003
      vertex -0.00159121 -0.0380622 0.003
    endloop
  endfacet
  facet normal 0 0 1
    outer loop
      vertex -0.0026 -0.0379 0.003
      vertex -0.00258534 -0.0381703 0.003
      vertex -0.00159121 -0.0380622 0.003
    endloop
  endfacet
  facet normal 0.998533 0.0541395 0
    outer loop
      vertex -0.0279 -0.019 0.003
      vertex -0.0279147 -0.0187297 0
      vertex -0.0279147 -0.0187297 0.003
    endloop
  endfacet
  facet normal 0.986827 0.16178 0
    outer loop
      vertex -0.0279147 -0.0187297 0
      vertex -0.0279584 -0.0184626 0
      vertex -0.0279147 -0.0187297 0.003
    endloop
  endfacet
  facet normal 0.986827 0.16178 0
    outer loop
      vertex -0.0279147 -0.0187297 0.003
      vertex -0.0279584 -0.0184626 0
      vertex -0.0279584 -0.0184626 0.003
    endloop
  endfacet
  facet normal 0.963549 0.267532 0
    outer loop
      vertex -0.0279584 -0.0184626 0
      vertex -0.0280309 -0.0182017 0
      vertex -0.0279584 -0.0184626 0.003
    endloop
  endfacet
  facet normal 0.963549 0.267532 0
    outer loop
      vertex -0.0279584 -0.0184626 0.003
      vertex -0.0280309 -0.0182017 0
      vertex -0.0280309 -0.0182017 0.003
    endloop
  endfacet
  facet normal 0.928978 0.370134 0
    outer loop
      vertex -0.0280309 -0.0182017 0
      vertex -0.0281311 -0.0179503 0
      vertex -0.0280309 -0.0182017 0.003
    endloop
  endfacet
  facet normal 0.928978 0.370134 0
    outer loop
      vertex -0.0280309 -0.0182017 0.003
      vertex -0.0281311 -0.0179503 0
      vertex -0.0281311 -0.0179503 0.003
    endloop
  endfacet
  facet normal 0.883512 0.468409 0
    outer loop
      vertex -0.0281311 -0.0179503 0
      vertex -0.0282579 -0.0177111 0
      vertex -0.0281311 -0.0179503 0.003
    endloop
  endfacet
  facet normal 0.883512 0.468409 0
    outer loop
      vertex -0.0281311 -0.0179503 0.003
      vertex -0.0282579 -0.0177111 0
      vertex -0.0282579 -0.0177111 0.003
    endloop
  endfacet
  facet normal 0.827689 0.561187 0
    outer loop
      vertex -0.0282579 -0.0177111 0
      vertex -0.0284098 -0.0174871 0
      vertex -0.0282579 -0.0177111 0.003
    endloop
  endfacet
  facet normal 0.827689 0.561187 0
    outer loop
      vertex -0.0282579 -0.0177111 0.003
      vertex -0.0284098 -0.0174871 0
      vertex -0.0284098 -0.0174871 0.003
    endloop
  endfacet
  facet normal 0.762158 0.647391 0
    outer loop
      vertex -0.0284098 -0.0174871 0
      vertex -0.028585 -0.0172808 0
      vertex -0.0284098 -0.0174871 0.003
    endloop
  endfacet
  facet normal 0.762158 0.647391 0
    outer loop
      vertex -0.0284098 -0.0174871 0.003
      vertex -0.028585 -0.0172808 0
      vertex -0.028585 -0.0172808 0.003
    endloop
  endfacet
  facet normal 0.687701 0.725994 0
    outer loop
      vertex -0.028585 -0.0172808 0
      vertex -0.0287815 -0.0170946 0
      vertex -0.028585 -0.0172808 0.003
    endloop
  endfacet
  facet normal 0.687701 0.725994 0
    outer loop
      vertex -0.028585 -0.0172808 0.003
      vertex -0.0287815 -0.0170946 0
      vertex -0.0287815 -0.0170946 0.003
    endloop
  endfacet
  facet normal 0.605174 0.796093 0
    outer loop
      vertex -0.0287815 -0.0170946 0
      vertex -0.028997 -0.0169308 0
      vertex -0.0287815 -0.0170946 0.003
    endloop
  endfacet
  facet normal 0.605174 0.796093 0
    outer loop
      vertex -0.0287815 -0.0170946 0.003
      vertex -0.028997 -0.0169308 0
      vertex -0.028997 -0.0169308 0.003
    endloop
  endfacet
  facet normal 0.515558 0.856855 0
    outer loop
      vertex -0.028997 -0.0169308 0
      vertex -0.029229 -0.0167912 0
      vertex -0.028997 -0.0169308 0.003
    endloop
  endfacet
  facet normal 0.515558 0.856855 0
    outer loop
      vertex -0.028997 -0.0169308 0.003
      vertex -0.029229 -0.0167912 0
      vertex -0.029229 -0.0167912 0.003
    endloop
  endfacet
  facet normal 0.419886 0.907577 0
    outer loop
      vertex -0.029229 -0.0167912 0
      vertex -0.0294747 -0.0166776 0
      vertex -0.029229 -0.0167912 0.003
    endloop
  endfacet
  facet normal 0.419886 0.907577 0
    outer loop
      vertex -0.029229 -0.0167912 0.003
      vertex -0.0294747 -0.0166776 0
      vertex -0.0294747 -0.0166776 0.003
    endloop
  endfacet
  facet normal 0.319304 0.947652 0
    outer loop
      vertex -0.0294747 -0.0166776 0
      vertex -0.0297312 -0.0165911 0
      vertex -0.0294747 -0.0166776 0.003
    endloop
  endfacet
  facet normal 0.319304 0.947652 0
    outer loop
      vertex -0.0294747 -0.0166776 0.003
      vertex -0.0297312 -0.0165911 0
      vertex -0.0297312 -0.0165911 0.003
    endloop
  endfacet
  facet normal 0.214969 0.976621 0
    outer loop
      vertex -0.0297312 -0.0165911 0
      vertex -0.0299955 -0.0165329 0
      vertex -0.0297312 -0.0165911 0.003
    endloop
  endfacet
  facet normal 0.214969 0.976621 0
    outer loop
      vertex -0.0297312 -0.0165911 0.003
      vertex -0.0299955 -0.0165329 0
      vertex -0.0299955 -0.0165329 0.003
    endloop
  endfacet
  facet normal 0.108121 0.994138 0
    outer loop
      vertex -0.0299955 -0.0165329 0
      vertex -0.0302647 -0.0165037 0
      vertex -0.0299955 -0.0165329 0.003
    endloop
  endfacet
  facet normal 0.108121 0.994138 0
    outer loop
      vertex -0.0299955 -0.0165329 0.003
      vertex -0.0302647 -0.0165037 0
      vertex -0.0302647 -0.0165037 0.003
    endloop
  endfacet
  facet normal 0 1 0
    outer loop
      vertex -0.0302647 -0.0165037 0
      vertex -0.0305353 -0.0165037 0
      vertex -0.0302647 -0.0165037 0.003
    endloop
  endfacet
  facet normal 0 1 0
    outer loop
      vertex -0.0302647 -0.0165037 0.003
      vertex -0.0305353 -0.0165037 0
      vertex -0.0305353 -0.0165037 0.003
    endloop
  endfacet
  facet normal -0.108121 0.994138 0
    outer loop
      vertex -0.0305353 -0.0165037 0
      vertex -0.0308045 -0.0165329 0
      vertex -0.0305353 -0.0165037 0.003
    endloop
  endfacet
  facet normal -0.108121 0.994138 0
    outer loop
      vertex -0.0305353 -0.0165037 0.003
      vertex -0.0308045 -0.0165329 0
      vertex -0.0308045 -0.0165329 0.003
    endloop
  endfacet
  facet normal -0.214968 0.976621 0
    outer loop
      vertex -0.0308045 -0.0165329 0
      vertex -0.0310688 -0.0165911 0
      vertex -0.0308045 -0.0165329 0.003
    endloop
  endfacet
  facet normal -0.214968 0.976621 0
    outer loop
      vertex -0.0308045 -0.0165329 0.003
      vertex -0.0310688 -0.0165911 0
      vertex -0.0310688 -0.0165911 0.003
    endloop
  endfacet
  facet normal -0.319306 0.947652 0
    outer loop
      vertex -0.0310688 -0.0165911 0
      vertex -0.0313253 -0.0166776 0
      vertex -0.0310688 -0.0165911 0.003
    endloop
  endfacet
  facet normal -0.319306 0.947652 0
    outer loop
      vertex -0.0310688 -0.0165911 0.003
      vertex -0.0313253 -0.0166776 0
      vertex -0.0313253 -0.0166776 0.003
    endloop
  endfacet
  facet normal -0.419886 0.907577 0
    outer loop
      vertex -0.0313253 -0.0166776 0
      vertex -0.031571 -0.0167912 0
      vertex -0.0313253 -0.0166776 0.003
    endloop
  endfacet
  facet normal -0.419886 0.907577 0
    outer loop
      vertex -0.0313253 -0.0166776 0.003
      vertex -0.031571 -0.0167912 0
      vertex -0.031571 -0.0167912 0.003
    endloop
  endfacet
  facet normal -0.515555 0.856857 0
    outer loop
      vertex -0.031571 -0.0167912 0
      vertex -0.031803 -0.0169308 0
      vertex -0.031571 -0.0167912 0.003
    endloop
  endfacet
  facet normal -0.515555 0.856857 0
    outer loop
      vertex -0.031571 -0.0167912 0.003
      vertex -0.031803 -0.0169308 0
      vertex -0.031803 -0.0169308 0.003
    endloop
  endfacet
  facet normal -0.605177 0.796091 0
    outer loop
      vertex -0.031803 -0.0169308 0
      vertex -0.0320185 -0.0170946 0
      vertex -0.031803 -0.0169308 0.003
    endloop
  endfacet
  facet normal -0.605177 0.796091 0
    outer loop
      vertex -0.031803 -0.0169308 0.003
      vertex -0.0320185 -0.0170946 0
      vertex -0.0320185 -0.0170946 0.003
    endloop
  endfacet
  facet normal -0.687698 0.725997 0
    outer loop
      vertex -0.0320185 -0.0170946 0
      vertex -0.032215 -0.0172808 0
      vertex -0.0320185 -0.0170946 0.003
    endloop
  endfacet
  facet normal -0.687698 0.725997 0
    outer loop
      vertex -0.0320185 -0.0170946 0.003
      vertex -0.032215 -0.0172808 0
      vertex -0.032215 -0.0172808 0.003
    endloop
  endfacet
  facet normal -0.762158 0.647391 0
    outer loop
      vertex -0.032215 -0.0172808 0
      vertex -0.0323902 -0.0174871 0
      vertex -0.032215 -0.0172808 0.003
    endloop
  endfacet
  facet normal -0.762158 0.647391 0
    outer loop
      vertex -0.032215 -0.0172808 0.003
      vertex -0.0323902 -0.0174871 0
      vertex -0.0323902 -0.0174871 0.003
    endloop
  endfacet
  facet normal -0.827689 0.561187 0
    outer loop
      vertex -0.0323902 -0.0174871 0
      vertex -0.0325421 -0.0177111 0
      vertex -0.0323902 -0.0174871 0.003
    endloop
  endfacet
  facet normal -0.827689 0.561187 0
    outer loop
      vertex -0.0323902 -0.0174871 0.003
      vertex -0.0325421 -0.0177111 0
      vertex -0.0325421 -0.0177111 0.003
    endloop
  endfacet
  facet normal -0.883514 0.468404 0
    outer loop
      vertex -0.0325421 -0.0177111 0
      vertex -0.0326689 -0.0179503 0
      vertex -0.0325421 -0.0177111 0.003
    endloop
  endfacet
  facet normal -0.883514 0.468404 0
    outer loop
      vertex -0.0325421 -0.0177111 0.003
      vertex -0.0326689 -0.0179503 0
      vertex -0.0326689 -0.0179503 0.003
    endloop
  endfacet
  facet normal -0.928976 0.37014 0
    outer loop
      vertex -0.0326689 -0.0179503 0
      vertex -0.0327691 -0.0182017 0
      vertex -0.0326689 -0.0179503 0.003
    endloop
  endfacet
  facet normal -0.928976 0.37014 0
    outer loop
      vertex -0.0326689 -0.0179503 0.003
      vertex -0.0327691 -0.0182017 0
      vertex -0.0327691 -0.0182017 0.003
    endloop
  endfacet
  facet normal -0.963549 0.267532 0
    outer loop
      vertex -0.0327691 -0.0182017 0
      vertex -0.0328416 -0.0184626 0
      vertex -0.0327691 -0.0182017 0.003
    endloop
  endfacet
  facet normal -0.963549 0.267532 0
    outer loop
      vertex -0.0327691 -0.0182017 0.003
      vertex -0.0328416 -0.0184626 0
      vertex -0.0328416 -0.0184626 0.003
    endloop
  endfacet
  facet normal -0.986828 0.161773 0
    outer loop
      vertex -0.0328416 -0.0184626 0
      vertex -0.0328853 -0.0187297 0
      vertex -0.0328416 -0.0184626 0.003
    endloop
  endfacet
  facet normal -0.986828 0.161773 0
    outer loop
      vertex -0.0328416 -0.0184626 0.003
      vertex -0.0328853 -0.0187297 0
      vertex -0.0328853 -0.0187297 0.003
    endloop
  endfacet
  facet normal -0.998533 0.0541395 0
    outer loop
      vertex -0.0328853 -0.0187297 0
      vertex -0.0329 -0.019 0
      vertex -0.0328853 -0.0187297 0.003
    endloop
  endfacet
  facet normal -0.998533 0.0541395 0
    outer loop
      vertex -0.0328853 -0.0187297 0.003
      vertex -0.0329 -0.019 0
      vertex -0.0329 -0.019 0.003
    endloop
  endfacet
  facet normal -0.998533 -0.0541395 0
    outer loop
      vertex -0.0329 -0.019 0
      vertex -0.0328853 -0.0192703 0
      vertex -0.0329 -0.019 0.003
    endloop
  endfacet
  facet normal -0.998533 -0.0541395 0
    outer loop
      vertex -0.0329 -0.019 0.003
      vertex -0.0328853 -0.0192703 0
      vertex -0.0328853 -0.0192703 0.003
    endloop
  endfacet
  facet normal -0.986828 -0.161772 0
    outer loop
      vertex -0.0328853 -0.0192703 0
      vertex -0.0328416 -0.0195374 0
      vertex -0.0328853 -0.0192703 0.003
    endloop
  endfacet
  facet normal -0.986828 -0.161772 0
    outer loop
      vertex -0.0328853 -0.0192703 0.003
      vertex -0.0328416 -0.0195374 0
      vertex -0.0328416 -0.0195374 0.003
    endloop
  endfacet
  facet normal -0.963548 -0.267534 0
    outer loop
      vertex -0.0328416 -0.0195374 0
      vertex -0.0327691 -0.0197983 0
      vertex -0.0328416 -0.0195374 0.003
    endloop
  endfacet
  facet normal -0.963548 -0.267534 0
    outer loop
      vertex -0.0328416 -0.0195374 0.003
      vertex -0.0327691 -0.0197983 0
      vertex -0.0327691 -0.0197983 0.003
    endloop
  endfacet
  facet normal -0.928976 -0.37014 0
    outer loop
      vertex -0.0327691 -0.0197983 0
      vertex -0.0326689 -0.0200497 0
      vertex -0.0327691 -0.0197983 0.003
    endloop
  endfacet
  facet normal -0.928976 -0.37014 0
    outer loop
      vertex -0.0327691 -0.0197983 0.003
      vertex -0.0326689 -0.0200497 0
      vertex -0.0326689 -0.0200497 0.003
    endloop
  endfacet
  facet normal -0.883514 -0.468404 0
    outer loop
      vertex -0.0326689 -0.0200497 0
      vertex -0.0325421 -0.0202889 0
      vertex -0.0326689 -0.0200497 0.003
    endloop
  endfacet
  facet normal -0.883514 -0.468404 0
    outer loop
      vertex -0.0326689 -0.0200497 0.003
      vertex -0.0325421 -0.0202889 0
      vertex -0.0325421 -0.0202889 0.003
    endloop
  endfacet
  facet normal -0.827689 -0.561187 0
    outer loop
      vertex -0.0325421 -0.0202889 0
      vertex -0.0323902 -0.0205129 0
      vertex -0.0325421 -0.0202889 0.003
    endloop
  endfacet
  facet normal -0.827689 -0.561187 0
    outer loop
      vertex -0.0325421 -0.0202889 0.003
      vertex -0.0323902 -0.0205129 0
      vertex -0.0323902 -0.0205129 0.003
    endloop
  endfacet
  facet normal -0.762161 -0.647387 0
    outer loop
      vertex -0.0323902 -0.0205129 0
      vertex -0.032215 -0.0207192 0
      vertex -0.0323902 -0.0205129 0.003
    endloop
  endfacet
  facet normal -0.762161 -0.647387 0
    outer loop
      vertex -0.0323902 -0.0205129 0.003
      vertex -0.032215 -0.0207192 0
      vertex -0.032215 -0.0207192 0.003
    endloop
  endfacet
  facet normal -0.687698 -0.725997 0
    outer loop
      vertex -0.032215 -0.0207192 0
      vertex -0.0320185 -0.0209054 0
      vertex -0.032215 -0.0207192 0.003
    endloop
  endfacet
  facet normal -0.687698 -0.725997 0
    outer loop
      vertex -0.032215 -0.0207192 0.003
      vertex -0.0320185 -0.0209054 0
      vertex -0.0320185 -0.0209054 0.003
    endloop
  endfacet
  facet normal -0.605173 -0.796094 0
    outer loop
      vertex -0.0320185 -0.0209054 0
      vertex -0.031803 -0.0210692 0
      vertex -0.0320185 -0.0209054 0.003
    endloop
  endfacet
  facet normal -0.605173 -0.796094 0
    outer loop
      vertex -0.0320185 -0.0209054 0.003
      vertex -0.031803 -0.0210692 0
      vertex -0.031803 -0.0210692 0.003
    endloop
  endfacet
  facet normal -0.515555 -0.856857 0
    outer loop
      vertex -0.031803 -0.0210692 0
      vertex -0.031571 -0.0212088 0
      vertex -0.031803 -0.0210692 0.003
    endloop
  endfacet
  facet normal -0.515555 -0.856857 0
    outer loop
      vertex -0.031803 -0.0210692 0.003
      vertex -0.031571 -0.0212088 0
      vertex -0.031571 -0.0212088 0.003
    endloop
  endfacet
  facet normal -0.419891 -0.907574 0
    outer loop
      vertex -0.031571 -0.0212088 0
      vertex -0.0313253 -0.0213224 0
      vertex -0.031571 -0.0212088 0.003
    endloop
  endfacet
  facet normal -0.419891 -0.907574 0
    outer loop
      vertex -0.031571 -0.0212088 0.003
      vertex -0.0313253 -0.0213224 0
      vertex -0.0313253 -0.0213224 0.003
    endloop
  endfacet
  facet normal -0.3193 -0.947654 0
    outer loop
      vertex -0.0313253 -0.0213224 0
      vertex -0.0310688 -0.0214089 0
      vertex -0.0313253 -0.0213224 0.003
    endloop
  endfacet
  facet normal -0.3193 -0.947654 0
    outer loop
      vertex -0.0313253 -0.0213224 0.003
      vertex -0.0310688 -0.0214089 0
      vertex -0.0310688 -0.0214089 0.003
    endloop
  endfacet
  facet normal -0.214968 -0.976621 0
    outer loop
      vertex -0.0310688 -0.0214089 0
      vertex -0.0308045 -0.0214671 0
      vertex -0.0310688 -0.0214089 0.003
    endloop
  endfacet
  facet normal -0.214968 -0.976621 0
    outer loop
      vertex -0.0310688 -0.0214089 0.003
      vertex -0.0308045 -0.0214671 0
      vertex -0.0308045 -0.0214671 0.003
    endloop
  endfacet
  facet normal -0.108121 -0.994138 0
    outer loop
      vertex -0.0308045 -0.0214671 0
      vertex -0.0305353 -0.0214963 0
      vertex -0.0308045 -0.0214671 0.003
    endloop
  endfacet
  facet normal -0.108121 -0.994138 0
    outer loop
      vertex -0.0308045 -0.0214671 0.003
      vertex -0.0305353 -0.0214963 0
      vertex -0.0305353 -0.0214963 0.003
    endloop
  endfacet
  facet normal 0 -1 0
    outer loop
      vertex -0.0305353 -0.0214963 0
      vertex -0.0302647 -0.0214963 0
      vertex -0.0305353 -0.0214963 0.003
    endloop
  endfacet
  facet normal 0 -1 0
    outer loop
      vertex -0.0305353 -0.0214963 0.003
      vertex -0.0302647 -0.0214963 0
      vertex -0.0302647 -0.0214963 0.003
    endloop
  endfacet
  facet normal 0.108121 -0.994138 0
    outer loop
      vertex -0.0302647 -0.0214963 0
      vertex -0.0299955 -0.0214671 0
      vertex -0.0302647 -0.0214963 0.003
    endloop
  endfacet
  facet normal 0.108121 -0.994138 0
    outer loop
      vertex -0.0302647 -0.0214963 0.003
      vertex -0.0299955 -0.0214671 0
      vertex -0.0299955 -0.0214671 0.003
    endloop
  endfacet
  facet normal 0.214969 -0.976621 0
    outer loop
      vertex -0.0299955 -0.0214671 0
      vertex -0.0297312 -0.0214089 0
      vertex -0.0299955 -0.0214671 0.003
    endloop
  endfacet
  facet normal 0.214969 -0.976621 0
    outer loop
      vertex -0.0299955 -0.0214671 0.003
      vertex -0.0297312 -0.0214089 0
      vertex -0.0297312 -0.0214089 0.003
    endloop
  endfacet
  facet normal 0.319298 -0.947654 0
    outer loop
      vertex -0.0297312 -0.0214089 0
      vertex -0.0294747 -0.0213224 0
      vertex -0.0297312 -0.0214089 0.003
    endloop
  endfacet
  facet normal 0.319298 -0.947654 0
    outer loop
      vertex -0.0297312 -0.0214089 0.003
      vertex -0.0294747 -0.0213224 0
      vertex -0.0294747 -0.0213224 0.003
    endloop
  endfacet
  facet normal 0.419891 -0.907574 0
    outer loop
      vertex -0.0294747 -0.0213224 0
      vertex -0.029229 -0.0212088 0
      vertex -0.0294747 -0.0213224 0.003
    endloop
  endfacet
  facet normal 0.419891 -0.907574 0
    outer loop
      vertex -0.0294747 -0.0213224 0.003
      vertex -0.029229 -0.0212088 0
      vertex -0.029229 -0.0212088 0.003
    endloop
  endfacet
  facet normal 0.515558 -0.856855 0
    outer loop
      vertex -0.029229 -0.0212088 0
      vertex -0.028997 -0.0210692 0
      vertex -0.029229 -0.0212088 0.003
    endloop
  endfacet
  facet normal 0.515558 -0.856855 0
    outer loop
      vertex -0.029229 -0.0212088 0.003
      vertex -0.028997 -0.0210692 0
      vertex -0.028997 -0.0210692 0.003
    endloop
  endfacet
  facet normal 0.60517 -0.796097 0
    outer loop
      vertex -0.028997 -0.0210692 0
      vertex -0.0287815 -0.0209054 0
      vertex -0.028997 -0.0210692 0.003
    endloop
  endfacet
  facet normal 0.60517 -0.796097 0
    outer loop
      vertex -0.028997 -0.0210692 0.003
      vertex -0.0287815 -0.0209054 0
      vertex -0.0287815 -0.0209054 0.003
    endloop
  endfacet
  facet normal 0.687701 -0.725994 0
    outer loop
      vertex -0.0287815 -0.0209054 0
      vertex -0.028585 -0.0207192 0
      vertex -0.0287815 -0.0209054 0.003
    endloop
  endfacet
  facet normal 0.687701 -0.725994 0
    outer loop
      vertex -0.0287815 -0.0209054 0.003
      vertex -0.028585 -0.0207192 0
      vertex -0.028585 -0.0207192 0.003
    endloop
  endfacet
  facet normal 0.762161 -0.647387 0
    outer loop
      vertex -0.028585 -0.0207192 0
      vertex -0.0284098 -0.0205129 0
      vertex -0.028585 -0.0207192 0.003
    endloop
  endfacet
  facet normal 0.762161 -0.647387 0
    outer loop
      vertex -0.028585 -0.0207192 0.003
      vertex -0.0284098 -0.0205129 0
      vertex -0.0284098 -0.0205129 0.003
    endloop
  endfacet
  facet normal 0.827689 -0.561187 0
    outer loop
      vertex -0.0284098 -0.0205129 0
      vertex -0.0282579 -0.0202889 0
      vertex -0.0284098 -0.0205129 0.003
    endloop
  endfacet
  facet normal 0.827689 -0.561187 0
    outer loop
      vertex -0.0284098 -0.0205129 0.003
      vertex -0.0282579 -0.0202889 0
      vertex -0.0282579 -0.0202889 0.003
    endloop
  endfacet
  facet normal 0.883512 -0.468409 0
    outer loop
      vertex -0.0282579 -0.0202889 0
      vertex -0.0281311 -0.0200497 0
      vertex -0.0282579 -0.0202889 0.003
    endloop
  endfacet
  facet normal 0.883512 -0.468409 0
    outer loop
      vertex -0.0282579 -0.0202889 0.003
      vertex -0.0281311 -0.0200497 0
      vertex -0.0281311 -0.0200497 0.003
    endloop
  endfacet
  facet normal 0.928978 -0.370134 0
    outer loop
      vertex -0.0281311 -0.0200497 0
      vertex -0.0280309 -0.0197983 0
      vertex -0.0281311 -0.0200497 0.003
    endloop
  endfacet
  facet normal 0.928978 -0.370134 0
    outer loop
      vertex -0.0281311 -0.0200497 0.003
      vertex -0.0280309 -0.0197983 0
      vertex -0.0280309 -0.0197983 0.003
    endloop
  endfacet
  facet normal 0.963548 -0.267534 0
    outer loop
      vertex -0.0280309 -0.0197983 0
      vertex -0.0279584 -0.0195374 0
      vertex -0.0280309 -0.0197983 0.003
    endloop
  endfacet
  facet normal 0.963548 -0.267534 0
    outer loop
      vertex -0.0280309 -0.0197983 0.003
      vertex -0.0279584 -0.0195374 0
      vertex -0.0279584 -0.0195374 0.003
    endloop
  endfacet
  facet normal 0.986827 -0.161778 0
    outer loop
      vertex -0.0279584 -0.0195374 0
      vertex -0.0279147 -0.0192703 0
      vertex -0.0279584 -0.0195374 0.003
    endloop
  endfacet
  facet normal 0.986827 -0.161778 0
    outer loop
      vertex -0.0279584 -0.0195374 0.003
      vertex -0.0279147 -0.0192703 0
      vertex -0.0279147 -0.0192703 0.003
    endloop
  endfacet
  facet normal 0.998533 -0.0541395 0
    outer loop
      vertex -0.0279147 -0.0192703 0
      vertex -0.0279 -0.019 0
      vertex -0.0279147 -0.0192703 0.003
    endloop
  endfacet
  facet normal 0.998533 -0.0541395 0
    outer loop
      vertex -0.0279147 -0.0192703 0.003
      vertex -0.0279 -0.019 0
      vertex -0.0279 -0.019 0.003
    endloop
  endfacet
  facet normal 0.998533 0.0541395 0
    outer loop
      vertex -0.0279 -0.019 0
      vertex -0.0279147 -0.0187297 0
      vertex -0.0279 -0.019 0.003
    endloop
  endfacet
  facet normal 0 0 1
    outer loop
      vertex -0.0298448 -0.0203935 0.003
      vertex -0.0294747 -0.0213224 0.003
      vertex -0.0296974 -0.0203253 0.003
    endloop
  endfacet
  facet normal 0 0 1
    outer loop
      vertex -0.0294747 -0.0213224 0.003
      vertex -0.029229 -0.0212088 0.003
      vertex -0.0296974 -0.0203253 0.003
    endloop
  endfacet
  facet normal 0 0 1
    outer loop
      vertex -0.0296974 -0.0203253 0.003
      vertex -0.029229 -0.0212088 0.003
      vertex -0.0295582 -0.0202415 0.003
    endloop
  endfacet
  facet normal 0 0 1
    outer loop
      vertex -0.029229 -0.0212088 0.003
      vertex -0.028997 -0.0210692 0.003
      vertex -0.0295582 -0.0202415 0.003
    endloop
  endfacet
  facet normal 0 0 1
    outer loop
      vertex -0.0295582 -0.0202415 0.003
      vertex -0.028997 -0.0210692 0.003
      vertex -0.0294289 -0.0201432 0.003
    endloop
  endfacet
  facet normal 0 0 1
    outer loop
      vertex -0.028997 -0.0210692 0.003
      vertex -0.0287815 -0.0209054 0.003
      vertex -0.0294289 -0.0201432 0.003
    endloop
  endfacet
  facet normal 0 0 1
    outer loop
      vertex -0.0294289 -0.0201432 0.003
      vertex -0.0287815 -0.0209054 0.003
      vertex -0.029311 -0.0200315 0.003
    endloop
  endfacet
  facet normal 0 0 1
    outer loop
      vertex -0.0287815 -0.0209054 0.003
      vertex -0.028585 -0.0207192 0.003
      vertex -0.029311 -0.0200315 0.003
    endloop
  endfacet
  facet normal 0 0 1
    outer loop
      vertex -0.029311 -0.0200315 0.003
      vertex -0.028585 -0.0207192 0.003
      vertex -0.0292059 -0.0199078 0.003
    endloop
  endfacet
  facet normal 0 0 1
    outer loop
      vertex -0.028585 -0.0207192 0.003
      vertex -0.0284098 -0.0205129 0.003
      vertex -0.0292059 -0.0199078 0.003
    endloop
  endfacet
  facet normal 0 0 1
    outer loop
      vertex -0.0292059 -0.0199078 0.003
      vertex -0.0284098 -0.0205129 0.003
      vertex -0.0291147 -0.0197733 0.003
    endloop
  endfacet
  facet normal 0 0 1
    outer loop
      vertex -0.0284098 -0.0205129 0.003
      vertex -0.0282579 -0.0202889 0.003
      vertex -0.0291147 -0.0197733 0.003
    endloop
  endfacet
  facet normal 0 0 1
    outer loop
      vertex -0.0291147 -0.0197733 0.003
      vertex -0.0282579 -0.0202889 0.003
      vertex -0.0290386 -0.0196298 0.003
    endloop
  endfacet
  facet normal 0 0 1
    outer loop
      vertex -0.0282579 -0.0202889 0.003
      vertex -0.0281311 -0.0200497 0.003
      vertex -0.0290386 -0.0196298 0.003
    endloop
  endfacet
  facet normal 0 0 1
    outer loop
      vertex -0.0290386 -0.0196298 0.003
      vertex -0.0281311 -0.0200497 0.003
      vertex -0.0289785 -0.019479 0.003
    endloop
  endfacet
  facet normal 0 0 1
    outer loop
      vertex -0.0281311 -0.0200497 0.003
      vertex -0.0280309 -0.0197983 0.003
      vertex -0.0289785 -0.019479 0.003
    endloop
  endfacet
  facet normal 0 0 1
    outer loop
      vertex -0.0289785 -0.019479 0.003
      vertex -0.0280309 -0.0197983 0.003
      vertex -0.0289351 -0.0193225 0.003
    endloop
  endfacet
  facet normal 0 0 1
    outer loop
      vertex -0.0280309 -0.0197983 0.003
      vertex -0.0279584 -0.0195374 0.003
      vertex -0.0289351 -0.0193225 0.003
    endloop
  endfacet
  facet normal 0 0 1
    outer loop
      vertex -0.0289351 -0.0193225 0.003
      vertex -0.0279584 -0.0195374 0.003
      vertex -0.0289088 -0.0191622 0.003
    endloop
  endfacet
  facet normal 0 0 1
    outer loop
      vertex -0.0279584 -0.0195374 0.003
      vertex -0.0279147 -0.0192703 0.003
      vertex -0.0289088 -0.0191622 0.003
    endloop
  endfacet
  facet normal 0 0 1
    outer loop
      vertex -0.0289088 -0.0191622 0.003
      vertex -0.0279147 -0.0192703 0.003
      vertex -0.0289 -0.019 0.003
    endloop
  endfacet
  facet normal 0 0 1
    outer loop
      vertex -0.0279147 -0.0192703 0.003
      vertex -0.0279 -0.019 0.003
      vertex -0.0289 -0.019 0.003
    endloop
  endfacet
  facet normal 0 0 1
    outer loop
      vertex -0.0289 -0.019 0.003
      vertex -0.0279 -0.019 0.003
      vertex -0.0289088 -0.0188378 0.003
    endloop
  endfacet
  facet normal 0 0 1
    outer loop
      vertex -0.0279 -0.019 0.003
      vertex -0.0279147 -0.0187297 0.003
      vertex -0.0289088 -0.0188378 0.003
    endloop
  endfacet
  facet normal 0 0 1
    outer loop
      vertex -0.0289088 -0.0188378 0.003
      vertex -0.0279147 -0.0187297 0.003
      vertex -0.0289351 -0.0186775 0.003
    endloop
  endfacet
  facet normal 0 0 1
    outer loop
      vertex -0.0279147 -0.0187297 0.003
      vertex -0.0279584 -0.0184626 0.003
      vertex -0.0289351 -0.0186775 0.003
    endloop
  endfacet
  facet normal 0 0 1
    outer loop
      vertex -0.0289351 -0.0186775 0.003
      vertex -0.0279584 -0.0184626 0.003
      vertex -0.0289785 -0.018521 0.003
    endloop
  endfacet
  facet normal 0 0 1
    outer loop
      vertex -0.0279584 -0.0184626 0.003
      vertex -0.0280309 -0.0182017 0.003
      vertex -0.0289785 -0.018521 0.003
    endloop
  endfacet
  facet normal 0 0 1
    outer loop
      vertex -0.0289785 -0.018521 0.003
      vertex -0.0280309 -0.0182017 0.003
      vertex -0.0290386 -0.0183702 0.003
    endloop
  endfacet
  facet normal 0 0 1
    outer loop
      vertex -0.0280309 -0.0182017 0.003
      vertex -0.0281311 -0.0179503 0.003
      vertex -0.0290386 -0.0183702 0.003
    endloop
  endfacet
  facet normal 0 0 1
    outer loop
      vertex -0.0290386 -0.0183702 0.003
      vertex -0.0281311 -0.0179503 0.003
      vertex -0.0291147 -0.0182267 0.003
    endloop
  endfacet
  facet normal 0 0 1
    outer loop
      vertex -0.0281311 -0.0179503 0.003
      vertex -0.0282579 -0.0177111 0.003
      vertex -0.0291147 -0.0182267 0.003
    endloop
  endfacet
  facet normal 0 0 1
    outer loop
      vertex -0.0291147 -0.0182267 0.003
      vertex -0.0282579 -0.0177111 0.003
      vertex -0.0292059 -0.0180922 0.003
    endloop
  endfacet
  facet normal 0 0 1
    outer loop
      vertex -0.0282579 -0.0177111 0.003
      vertex -0.0284098 -0.0174871 0.003
      vertex -0.0292059 -0.0180922 0.003
    endloop
  endfacet
  facet normal 0 0 1
    outer loop
      vertex -0.0292059 -0.0180922 0.003
      vertex -0.0284098 -0.0174871 0.003
      vertex -0.029311 -0.0179684 0.003
    endloop
  endfacet
  facet normal 0 0 1
    outer loop
      vertex -0.0284098 -0.0174871 0.003
      vertex -0.028585 -0.0172808 0.003
      vertex -0.029311 -0.0179684 0.003
    endloop
  endfacet
  facet normal 0 0 1
    outer loop
      vertex -0.029311 -0.0179684 0.003
      vertex -0.028585 -0.0172808 0.003
      vertex -0.0294289 -0.0178568 0.003
    endloop
  endfacet
  facet normal 0 0 1
    outer loop
      vertex -0.028585 -0.0172808 0.003
      vertex -0.0287815 -0.0170946 0.003
      vertex -0.0294289 -0.0178568 0.003
    endloop
  endfacet
  facet normal 0 0 1
    outer loop
      vertex -0.0294289 -0.0178568 0.003
      vertex -0.0287815 -0.0170946 0.003
      vertex -0.0295582 -0.0177585 0.003
    endloop
  endfacet
  facet normal 0 0 1
    outer loop
      vertex -0.0287815 -0.0170946 0.003
      vertex -0.028997 -0.0169308 0.003
      vertex -0.0295582 -0.0177585 0.003
    endloop
  endfacet
  facet normal 0 0 1
    outer loop
      vertex -0.0295582 -0.0177585 0.003
      vertex -0.028997 -0.0169308 0.003
      vertex -0.0296974 -0.0176747 0.003
    endloop
  endfacet
  facet normal 0 0 1
    outer loop
      vertex -0.028997 -0.0169308 0.003
      vertex -0.029229 -0.0167912 0.003
      vertex -0.0296974 -0.0176747 0.003
    endloop
  endfacet
  facet normal 0 0 1
    outer loop
      vertex -0.0296974 -0.0176747 0.003
      vertex -0.029229 -0.0167912 0.003
      vertex -0.0298448 -0.0176065 0.003
    endloop
  endfacet
  facet normal 0 0 1
    outer loop
      vertex -0.029229 -0.0167912 0.003
      vertex -0.0294747 -0.0166776 0.003
      vertex -0.0298448 -0.0176065 0.003
    endloop
  endfacet
  facet normal 0 0 1
    outer loop
      vertex -0.0298448 -0.0176065 0.003
      vertex -0.0294747 -0.0166776 0.003
      vertex -0.0299987 -0.0175547 0.003
    endloop
  endfacet
  facet normal 0 0 1
    outer loop
      vertex -0.0294747 -0.0166776 0.003
      vertex -0.0297312 -0.0165911 0.003
      vertex -0.0299987 -0.0175547 0.003
    endloop
  endfacet
  facet normal 0 0 1
    outer loop
      vertex -0.0299987 -0.0175547 0.003
      vertex -0.0297312 -0.0165911 0.003
      vertex -0.0301573 -0.0175198 0.003
    endloop
  endfacet
  facet normal 0 0 1
    outer loop
      vertex -0.0297312 -0.0165911 0.003
      vertex -0.0299955 -0.0165329 0.003
      vertex -0.0301573 -0.0175198 0.003
    endloop
  endfacet
  facet normal 0 0 1
    outer loop
      vertex -0.0301573 -0.0175198 0.003
      vertex -0.0299955 -0.0165329 0.003
      vertex -0.0303188 -0.0175022 0.003
    endloop
  endfacet
  facet normal 0 0 1
    outer loop
      vertex -0.0299955 -0.0165329 0.003
      vertex -0.0302647 -0.0165037 0.003
      vertex -0.0303188 -0.0175022 0.003
    endloop
  endfacet
  facet normal 0 0 1
    outer loop
      vertex -0.0303188 -0.0175022 0.003
      vertex -0.0302647 -0.0165037 0.003
      vertex -0.0304812 -0.0175022 0.003
    endloop
  endfacet
  facet normal 0 0 1
    outer loop
      vertex -0.0302647 -0.0165037 0.003
      vertex -0.0305353 -0.0165037 0.003
      vertex -0.0304812 -0.0175022 0.003
    endloop
  endfacet
  facet normal 0 0 1
    outer loop
      vertex -0.0304812 -0.0175022 0.003
      vertex -0.0305353 -0.0165037 0.003
      vertex -0.0306427 -0.0175198 0.003
    endloop
  endfacet
  facet normal 0 0 1
    outer loop
      vertex -0.0305353 -0.0165037 0.003
      vertex -0.0308045 -0.0165329 0.003
      vertex -0.0306427 -0.0175198 0.003
    endloop
  endfacet
  facet normal 0 0 1
    outer loop
      vertex -0.0306427 -0.0175198 0.003
      vertex -0.0308045 -0.0165329 0.003
      vertex -0.0308013 -0.0175547 0.003
    endloop
  endfacet
  facet normal 0 0 1
    outer loop
      vertex -0.0308045 -0.0165329 0.003
      vertex -0.0310688 -0.0165911 0.003
      vertex -0.0308013 -0.0175547 0.003
    endloop
  endfacet
  facet normal 0 0 1
    outer loop
      vertex -0.0308013 -0.0175547 0.003
      vertex -0.0310688 -0.0165911 0.003
      vertex -0.0309552 -0.0176065 0.003
    endloop
  endfacet
  facet normal 0 0 1
    outer loop
      vertex -0.0310688 -0.0165911 0.003
      vertex -0.0313253 -0.0166776 0.003
      vertex -0.0309552 -0.0176065 0.003
    endloop
  endfacet
  facet normal 0 0 1
    outer loop
      vertex -0.0309552 -0.0176065 0.003
      vertex -0.0313253 -0.0166776 0.003
      vertex -0.0311026 -0.0176747 0.003
    endloop
  endfacet
  facet normal 0 0 1
    outer loop
      vertex -0.0313253 -0.0166776 0.003
      vertex -0.031571 -0.0167912 0.003
      vertex -0.0311026 -0.0176747 0.003
    endloop
  endfacet
  facet normal 0 0 1
    outer loop
      vertex -0.0311026 -0.0176747 0.003
      vertex -0.031571 -0.0167912 0.003
      vertex -0.0312418 -0.0177585 0.003
    endloop
  endfacet
  facet normal 0 0 1
    outer loop
      vertex -0.031571 -0.0167912 0.003
      vertex -0.031803 -0.0169308 0.003
      vertex -0.0312418 -0.0177585 0.003
    endloop
  endfacet
  facet normal 0 0 1
    outer loop
      vertex -0.0312418 -0.0177585 0.003
      vertex -0.031803 -0.0169308 0.003
      vertex -0.0313711 -0.0178568 0.003
    endloop
  endfacet
  facet normal 0 0 1
    outer loop
      vertex -0.031803 -0.0169308 0.003
      vertex -0.0320185 -0.0170946 0.003
      vertex -0.0313711 -0.0178568 0.003
    endloop
  endfacet
  facet normal 0 0 1
    outer loop
      vertex -0.0313711 -0.0178568 0.003
      vertex -0.0320185 -0.0170946 0.003
      vertex -0.031489 -0.0179684 0.003
    endloop
  endfacet
  facet normal 0 0 1
    outer loop
      vertex -0.0320185 -0.0170946 0.003
      vertex -0.032215 -0.0172808 0.003
      vertex -0.031489 -0.0179684 0.003
    endloop
  endfacet
  facet normal 0 0 1
    outer loop
      vertex -0.031489 -0.0179684 0.003
      vertex -0.032215 -0.0172808 0.003
      vertex -0.0315941 -0.0180922 0.003
    endloop
  endfacet
  facet normal 0 0 1
    outer loop
      vertex -0.032215 -0.0172808 0.003
      vertex -0.0323902 -0.0174871 0.003
      vertex -0.0315941 -0.0180922 0.003
    endloop
  endfacet
  facet normal 0 0 1
    outer loop
      vertex -0.0315941 -0.0180922 0.003
      vertex -0.0323902 -0.0174871 0.003
      vertex -0.0316853 -0.0182267 0.003
    endloop
  endfacet
  facet normal 0 0 1
    outer loop
      vertex -0.0323902 -0.0174871 0.003
      vertex -0.0325421 -0.0177111 0.003
      vertex -0.0316853 -0.0182267 0.003
    endloop
  endfacet
  facet normal 0 0 1
    outer loop
      vertex -0.0316853 -0.0182267 0.003
      vertex -0.0325421 -0.0177111 0.003
      vertex -0.0317614 -0.0183702 0.003
    endloop
  endfacet
  facet normal 0 0 1
    outer loop
      vertex -0.0325421 -0.0177111 0.003
      vertex -0.0326689 -0.0179503 0.003
      vertex -0.0317614 -0.0183702 0.003
    endloop
  endfacet
  facet normal 0 0 1
    outer loop
      vertex -0.0317614 -0.0183702 0.003
      vertex -0.0326689 -0.0179503 0.003
      vertex -0.0318215 -0.018521 0.003
    endloop
  endfacet
  facet normal 0 0 1
    outer loop
      vertex -0.0326689 -0.0179503 0.003
      vertex -0.0327691 -0.0182017 0.003
      vertex -0.0318215 -0.018521 0.003
    endloop
  endfacet
  facet normal 0 0 1
    outer loop
      vertex -0.0318215 -0.018521 0.003
      vertex -0.0327691 -0.0182017 0.003
      vertex -0.0318649 -0.0186775 0.003
    endloop
  endfacet
  facet normal 0 0 1
    outer loop
      vertex -0.0327691 -0.0182017 0.003
      vertex -0.0328416 -0.0184626 0.003
      vertex -0.0318649 -0.0186775 0.003
    endloop
  endfacet
  facet normal 0 0 1
    outer loop
      vertex -0.0318649 -0.0186775 0.003
      vertex -0.0328416 -0.0184626 0.003
      vertex -0.0318912 -0.0188378 0.003
    endloop
  endfacet
  facet normal 0 0 1
    outer loop
      vertex -0.0328416 -0.0184626 0.003
      vertex -0.0328853 -0.0187297 0.003
      vertex -0.0318912 -0.0188378 0.003
    endloop
  endfacet
  facet normal 0 0 1
    outer loop
      vertex -0.0318912 -0.0188378 0.003
      vertex -0.0328853 -0.0187297 0.003
      vertex -0.0319 -0.019 0.003
    endloop
  endfacet
  facet normal 0 0 1
    outer loop
      vertex -0.0328853 -0.0187297 0.003
      vertex -0.0329 -0.019 0.003
      vertex -0.0319 -0.019 0.003
    endloop
  endfacet
  facet normal 0 0 1
    outer loop
      vertex -0.0319 -0.019 0.003
      vertex -0.0329 -0.019 0.003
      vertex -0.0318912 -0.0191622 0.003
    endloop
  endfacet
  facet normal 0 0 1
    outer loop
      vertex -0.0329 -0.019 0.003
      vertex -0.0328853 -0.0192703 0.003
      vertex -0.0318912 -0.0191622 0.003
    endloop
  endfacet
  facet normal 0 0 1
    outer loop
      vertex -0.0318912 -0.0191622 0.003
      vertex -0.0328853 -0.0192703 0.003
      vertex -0.0318649 -0.0193225 0.003
    endloop
  endfacet
  facet normal 0 0 1
    outer loop
      vertex -0.0328853 -0.0192703 0.003
      vertex -0.0328416 -0.0195374 0.003
      vertex -0.0318649 -0.0193225 0.003
    endloop
  endfacet
  facet normal 0 0 1
    outer loop
      vertex -0.0318649 -0.0193225 0.003
      vertex -0.0328416 -0.0195374 0.003
      vertex -0.0318215 -0.019479 0.003
    endloop
  endfacet
  facet normal 0 0 1
    outer loop
      vertex -0.0328416 -0.0195374 0.003
      vertex -0.0327691 -0.0197983 0.003
      vertex -0.0318215 -0.019479 0.003
    endloop
  endfacet
  facet normal 0 0 1
    outer loop
      vertex -0.0318215 -0.019479 0.003
      vertex -0.0327691 -0.0197983 0.003
      vertex -0.0317614 -0.0196298 0.003
    endloop
  endfacet
  facet normal 0 0 1
    outer loop
      vertex -0.0327691 -0.0197983 0.003
      vertex -0.0326689 -0.0200497 0.003
      vertex -0.0317614 -0.0196298 0.003
    endloop
  endfacet
  facet normal 0 0 1
    outer loop
      vertex -0.0317614 -0.0196298 0.003
      vertex -0.0326689 -0.0200497 0.003
      vertex -0.0316853 -0.0197733 0.003
    endloop
  endfacet
  facet normal 0 0 1
    outer loop
      vertex -0.0326689 -0.0200497 0.003
      vertex -0.0325421 -0.0202889 0.003
      vertex -0.0316853 -0.0197733 0.003
    endloop
  endfacet
  facet normal 0 0 1
    outer loop
      vertex -0.0316853 -0.0197733 0.003
      vertex -0.0325421 -0.0202889 0.003
      vertex -0.0315941 -0.0199078 0.003
    endloop
  endfacet
  facet normal 0 0 1
    outer loop
      vertex -0.0325421 -0.0202889 0.003
      vertex -0.0323902 -0.0205129 0.003
      vertex -0.0315941 -0.0199078 0.003
    endloop
  endfacet
  facet normal 0 0 1
    outer loop
      vertex -0.0315941 -0.0199078 0.003
      vertex -0.0323902 -0.0205129 0.003
      vertex -0.031489 -0.0200315 0.003
    endloop
  endfacet
  facet normal 0 0 1
    outer loop
      vertex -0.0323902 -0.0205129 0.003
      vertex -0.032215 -0.0207192 0.003
      vertex -0.031489 -0.0200315 0.003
    endloop
  endfacet
  facet normal 0 0 1
    outer loop
      vertex -0.031489 -0.0200315 0.003
      vertex -0.032215 -0.0207192 0.003
      vertex -0.0313711 -0.0201432 0.003
    endloop
  endfacet
  facet normal 0 0 1
    outer loop
      vertex -0.032215 -0.0207192 0.003
      vertex -0.0320185 -0.0209054 0.003
      vertex -0.0313711 -0.0201432 0.003
    endloop
  endfacet
  facet normal 0 0 1
    outer loop
      vertex -0.0313711 -0.0201432 0.003
      vertex -0.0320185 -0.0209054 0.003
      vertex -0.0312418 -0.0202415 0.003
    endloop
  endfacet
  facet normal 0 0 1
    outer loop
      vertex -0.0320185 -0.0209054 0.003
      vertex -0.031803 -0.0210692 0.003
      vertex -0.0312418 -0.0202415 0.003
    endloop
  endfacet
  facet normal 0 0 1
    outer loop
      vertex -0.0312418 -0.0202415 0.003
      vertex -0.031803 -0.0210692 0.003
      vertex -0.0311026 -0.0203253 0.003
    endloop
  endfacet
  facet normal 0 0 1
    outer loop
      vertex -0.031803 -0.0210692 0.003
      vertex -0.031571 -0.0212088 0.003
      vertex -0.0311026 -0.0203253 0.003
    endloop
  endfacet
  facet normal 0 0 1
    outer loop
      vertex -0.0311026 -0.0203253 0.003
      vertex -0.031571 -0.0212088 0.003
      vertex -0.0309552 -0.0203935 0.003
    endloop
  endfacet
  facet normal 0 0 1
    outer loop
      vertex -0.031571 -0.0212088 0.003
      vertex -0.0313253 -0.0213224 0.003
      vertex -0.0309552 -0.0203935 0.003
    endloop
  endfacet
  facet normal 0 0 1
    outer loop
      vertex -0.0309552 -0.0203935 0.003
      vertex -0.0313253 -0.0213224 0.003
      vertex -0.0308013 -0.0204453 0.003
    endloop
  endfacet
  facet normal 0 0 1
    outer loop
      vertex -0.0313253 -0.0213224 0.003
      vertex -0.0310688 -0.0214089 0.003
      vertex -0.0308013 -0.0204453 0.003
    endloop
  endfacet
  facet normal 0 0 1
    outer loop
      vertex -0.0308013 -0.0204453 0.003
      vertex -0.0310688 -0.0214089 0.003
      vertex -0.0306427 -0.0204802 0.003
    endloop
  endfacet
  facet normal 0 0 1
    outer loop
      vertex -0.0310688 -0.0214089 0.003
      vertex -0.0308045 -0.0214671 0.003
      vertex -0.0306427 -0.0204802 0.003
    endloop
  endfacet
  facet normal 0 0 1
    outer loop
      vertex -0.0306427 -0.0204802 0.003
      vertex -0.0308045 -0.0214671 0.003
      vertex -0.0304812 -0.0204978 0.003
    endloop
  endfacet
  facet normal 0 0 1
    outer loop
      vertex -0.0308045 -0.0214671 0.003
      vertex -0.0305353 -0.0214963 0.003
      vertex -0.0304812 -0.0204978 0.003
    endloop
  endfacet
  facet normal 0 0 1
    outer loop
      vertex -0.0304812 -0.0204978 0.003
      vertex -0.0305353 -0.0214963 0.003
      vertex -0.0303188 -0.0204978 0.003
    endloop
  endfacet
  facet normal 0 0 1
    outer loop
      vertex -0.0305353 -0.0214963 0.003
      vertex -0.0302647 -0.0214963 0.003
      vertex -0.0303188 -0.0204978 0.003
    endloop
  endfacet
  facet normal 0 0 1
    outer loop
      vertex -0.0303188 -0.0204978 0.003
      vertex -0.0302647 -0.0214963 0.003
      vertex -0.0301573 -0.0204802 0.003
    endloop
  endfacet
  facet normal 0 0 1
    outer loop
      vertex -0.0302647 -0.0214963 0.003
      vertex -0.0299955 -0.0214671 0.003
      vertex -0.0301573 -0.0204802 0.003
    endloop
  endfacet
  facet normal 0 0 1
    outer loop
      vertex -0.0301573 -0.0204802 0.003
      vertex -0.0299955 -0.0214671 0.003
      vertex -0.0299987 -0.0204453 0.003
    endloop
  endfacet
  facet normal 0 0 1
    outer loop
      vertex -0.0299955 -0.0214671 0.003
      vertex -0.0297312 -0.0214089 0.003
      vertex -0.0299987 -0.0204453 0.003
    endloop
  endfacet
  facet normal 0 0 1
    outer loop
      vertex -0.0299987 -0.0204453 0.003
      vertex -0.0297312 -0.0214089 0.003
      vertex -0.0298448 -0.0203935 0.003
    endloop
  endfacet
  facet normal 0 0 1
    outer loop
      vertex -0.0297312 -0.0214089 0.003
      vertex -0.0294747 -0.0213224 0.003
      vertex -0.0298448 -0.0203935 0.003
    endloop
  endfacet
  facet normal -0.99863 -0.0523351 0
    outer loop
      vertex 0.006 -0.017 0
      vertex 0.006 -0.017 0.003
      vertex 0.00598904 -0.0167909 0
    endloop
  endfacet
  facet normal -0.99863 -0.0523351 0
    outer loop
      vertex 0.006 -0.017 0.003
      vertex 0.00598904 -0.0167909 0.003
      vertex 0.00598904 -0.0167909 0
    endloop
  endfacet
  facet normal -0.987688 -0.156434 0
    outer loop
      vertex 0.00598904 -0.0167909 0
      vertex 0.00598904 -0.0167909 0.003
      vertex 0.0059563 -0.0165842 0
    endloop
  endfacet
  facet normal -0.987688 -0.156434 0
    outer loop
      vertex 0.00598904 -0.0167909 0.003
      vertex 0.0059563 -0.0165842 0.003
      vertex 0.0059563 -0.0165842 0
    endloop
  endfacet
  facet normal -0.965925 -0.25882 0
    outer loop
      vertex 0.0059563 -0.0165842 0
      vertex 0.0059563 -0.0165842 0.003
      vertex 0.00590211 -0.016382 0
    endloop
  endfacet
  facet normal -0.965925 -0.25882 0
    outer loop
      vertex 0.0059563 -0.0165842 0.003
      vertex 0.00590211 -0.016382 0.003
      vertex 0.00590211 -0.016382 0
    endloop
  endfacet
  facet normal -0.933581 -0.358365 0
    outer loop
      vertex 0.00590211 -0.016382 0
      vertex 0.00590211 -0.016382 0.003
      vertex 0.00582709 -0.0161865 0
    endloop
  endfacet
  facet normal -0.933581 -0.358365 0
    outer loop
      vertex 0.00590211 -0.016382 0.003
      vertex 0.00582709 -0.0161865 0.003
      vertex 0.00582709 -0.0161865 0
    endloop
  endfacet
  facet normal -0.891005 -0.453993 0
    outer loop
      vertex 0.00582709 -0.0161865 0
      vertex 0.00582709 -0.0161865 0.003
      vertex 0.00573205 -0.016 0
    endloop
  endfacet
  facet normal -0.891005 -0.453993 0
    outer loop
      vertex 0.00582709 -0.0161865 0.003
      vertex 0.00573205 -0.016 0.003
      vertex 0.00573205 -0.016 0
    endloop
  endfacet
  facet normal -0.838671 -0.544639 0
    outer loop
      vertex 0.00573205 -0.016 0
      vertex 0.00573205 -0.016 0.003
      vertex 0.00561803 -0.0158244 0
    endloop
  endfacet
  facet normal -0.838671 -0.544639 0
    outer loop
      vertex 0.00573205 -0.016 0.003
      vertex 0.00561803 -0.0158244 0.003
      vertex 0.00561803 -0.0158244 0
    endloop
  endfacet
  facet normal -0.777147 -0.629319 0
    outer loop
      vertex 0.00561803 -0.0158244 0
      vertex 0.00561803 -0.0158244 0.003
      vertex 0.00548629 -0.0156617 0
    endloop
  endfacet
  facet normal -0.777147 -0.629319 0
    outer loop
      vertex 0.00561803 -0.0158244 0.003
      vertex 0.00548629 -0.0156617 0.003
      vertex 0.00548629 -0.0156617 0
    endloop
  endfacet
  facet normal -0.707106 -0.707108 0
    outer loop
      vertex 0.00548629 -0.0156617 0
      vertex 0.00548629 -0.0156617 0.003
      vertex 0.00533826 -0.0155137 0
    endloop
  endfacet
  facet normal -0.707106 -0.707108 0
    outer loop
      vertex 0.00548629 -0.0156617 0.003
      vertex 0.00533826 -0.0155137 0.003
      vertex 0.00533826 -0.0155137 0
    endloop
  endfacet
  facet normal -0.629322 -0.777145 0
    outer loop
      vertex 0.00533826 -0.0155137 0
      vertex 0.00533826 -0.0155137 0.003
      vertex 0.00517557 -0.015382 0
    endloop
  endfacet
  facet normal -0.629322 -0.777145 0
    outer loop
      vertex 0.00533826 -0.0155137 0.003
      vertex 0.00517557 -0.015382 0.003
      vertex 0.00517557 -0.015382 0
    endloop
  endfacet
  facet normal -0.544637 -0.838672 0
    outer loop
      vertex 0.00517557 -0.015382 0
      vertex 0.00517557 -0.015382 0.003
      vertex 0.005 -0.0152679 0
    endloop
  endfacet
  facet normal -0.544637 -0.838672 0
    outer loop
      vertex 0.00517557 -0.015382 0.003
      vertex 0.005 -0.0152679 0.003
      vertex 0.005 -0.0152679 0
    endloop
  endfacet
  facet normal -0.453992 -0.891006 0
    outer loop
      vertex 0.005 -0.0152679 0
      vertex 0.005 -0.0152679 0.003
      vertex 0.00481347 -0.0151729 0
    endloop
  endfacet
  facet normal -0.453992 -0.891006 0
    outer loop
      vertex 0.005 -0.0152679 0.003
      vertex 0.00481347 -0.0151729 0.003
      vertex 0.00481347 -0.0151729 0
    endloop
  endfacet
  facet normal -0.358367 -0.933581 0
    outer loop
      vertex 0.00481347 -0.0151729 0
      vertex 0.00481347 -0.0151729 0.003
      vertex 0.00461803 -0.0150979 0
    endloop
  endfacet
  facet normal -0.358367 -0.933581 0
    outer loop
      vertex 0.00481347 -0.0151729 0.003
      vertex 0.00461803 -0.0150979 0.003
      vertex 0.00461803 -0.0150979 0
    endloop
  endfacet
  facet normal -0.25882 -0.965925 0
    outer loop
      vertex 0.00461803 -0.0150979 0
      vertex 0.00461803 -0.0150979 0.003
      vertex 0.00441582 -0.0150437 0
    endloop
  endfacet
  facet normal -0.25882 -0.965925 0
    outer loop
      vertex 0.00461803 -0.0150979 0.003
      vertex 0.00441582 -0.0150437 0.003
      vertex 0.00441582 -0.0150437 0
    endloop
  endfacet
  facet normal -0.156432 -0.987689 0
    outer loop
      vertex 0.00441582 -0.0150437 0
      vertex 0.00441582 -0.0150437 0.003
      vertex 0.00420906 -0.015011 0
    endloop
  endfacet
  facet normal -0.156432 -0.987689 0
    outer loop
      vertex 0.00441582 -0.0150437 0.003
      vertex 0.00420906 -0.015011 0.003
      vertex 0.00420906 -0.015011 0
    endloop
  endfacet
  facet normal -0.0523354 -0.99863 0
    outer loop
      vertex 0.00420906 -0.015011 0
      vertex 0.00420906 -0.015011 0.003
      vertex 0.004 -0.015 0
    endloop
  endfacet
  facet normal -0.0523354 -0.99863 0
    outer loop
      vertex 0.00420906 -0.015011 0.003
      vertex 0.004 -0.015 0.003
      vertex 0.004 -0.015 0
    endloop
  endfacet
  facet normal 0 -1 0
    outer loop
      vertex 0.004 -0.015 0.01
      vertex 0.004 -0.015 0.012
      vertex -0.038 -0.015 0.012
    endloop
  endfacet
  facet normal 0 -1 0
    outer loop
      vertex -0.038 -0.015 0.003
      vertex -0.038 -0.015 0
      vertex 0.004 -0.015 0
    endloop
  endfacet
  facet normal 0 -1 0
    outer loop
      vertex 0.004 -0.015 0.003
      vertex 0.011 -0.015 0.003
      vertex 0.011 -0.015 0.01
    endloop
  endfacet
  facet normal 0 -1 0
    outer loop
      vertex -0.038 -0.015 0.01
      vertex -0.045 -0.015 0.01
      vertex -0.045 -0.015 0.003
    endloop
  endfacet
  facet normal 0 -1 0
    outer loop
      vertex -0.045 -0.015 0.003
      vertex -0.038 -0.015 0.003
      vertex -0.038 -0.015 0.01
    endloop
  endfacet
  facet normal 0 -1 0
    outer loop
      vertex -0.038 -0.015 0.003
      vertex 0.004 -0.015 0
      vertex -0.038 -0.015 0.01
    endloop
  endfacet
  facet normal 0 -1 0
    outer loop
      vertex -0.038 -0.015 0.01
      vertex 0.004 -0.015 0
      vertex -0.038 -0.015 0.012
    endloop
  endfacet
  facet normal 0 -1 0
    outer loop
      vertex 0.004 -0.015 0
      vertex 0.004 -0.015 0.003
      vertex -0.038 -0.015 0.012
    endloop
  endfacet
  facet normal 0 -1 0
    outer loop
      vertex -0.038 -0.015 0.012
      vertex 0.004 -0.015 0.003
      vertex 0.004 -0.015 0.01
    endloop
  endfacet
  facet normal 0 -1 0
    outer loop
      vertex 0.004 -0.015 0.003
      vertex 0.011 -0.015 0.01
      vertex 0.004 -0.015 0.01
    endloop
  endfacet
  facet normal -0.99863 -0.0523351 0
    outer loop
      vertex 0.006 -0.017 0.01
      vertex 0.006 -0.017 0.012
      vertex 0.00598904 -0.0167909 0.01
    endloop
  endfacet
  facet normal -0.99863 -0.0523351 0
    outer loop
      vertex 0.006 -0.017 0.012
      vertex 0.00598904 -0.0167909 0.012
      vertex 0.00598904 -0.0167909 0.01
    endloop
  endfacet
  facet normal -0.987688 -0.156434 0
    outer loop
      vertex 0.00598904 -0.0167909 0.01
      vertex 0.00598904 -0.0167909 0.012
      vertex 0.0059563 -0.0165842 0.01
    endloop
  endfacet
  facet normal -0.987688 -0.156434 0
    outer loop
      vertex 0.00598904 -0.0167909 0.012
      vertex 0.0059563 -0.0165842 0.012
      vertex 0.0059563 -0.0165842 0.01
    endloop
  endfacet
  facet normal -0.965925 -0.25882 0
    outer loop
      vertex 0.0059563 -0.0165842 0.01
      vertex 0.0059563 -0.0165842 0.012
      vertex 0.00590211 -0.016382 0.01
    endloop
  endfacet
  facet normal -0.965925 -0.25882 0
    outer loop
      vertex 0.0059563 -0.0165842 0.012
      vertex 0.00590211 -0.016382 0.012
      vertex 0.00590211 -0.016382 0.01
    endloop
  endfacet
  facet normal -0.933581 -0.358365 0
    outer loop
      vertex 0.00590211 -0.016382 0.01
      vertex 0.00590211 -0.016382 0.012
      vertex 0.00582709 -0.0161865 0.01
    endloop
  endfacet
  facet normal -0.933581 -0.358365 0
    outer loop
      vertex 0.00590211 -0.016382 0.012
      vertex 0.00582709 -0.0161865 0.012
      vertex 0.00582709 -0.0161865 0.01
    endloop
  endfacet
  facet normal -0.891005 -0.453993 0
    outer loop
      vertex 0.00582709 -0.0161865 0.01
      vertex 0.00582709 -0.0161865 0.012
      vertex 0.00573205 -0.016 0.01
    endloop
  endfacet
  facet normal -0.891005 -0.453993 0
    outer loop
      vertex 0.00582709 -0.0161865 0.012
      vertex 0.00573205 -0.016 0.012
      vertex 0.00573205 -0.016 0.01
    endloop
  endfacet
  facet normal -0.838671 -0.544639 0
    outer loop
      vertex 0.00573205 -0.016 0.01
      vertex 0.00573205 -0.016 0.012
      vertex 0.00561803 -0.0158244 0.01
    endloop
  endfacet
  facet normal -0.838671 -0.544639 0
    outer loop
      vertex 0.00573205 -0.016 0.012
      vertex 0.00561803 -0.0158244 0.012
      vertex 0.00561803 -0.0158244 0.01
    endloop
  endfacet
  facet normal -0.777147 -0.629319 0
    outer loop
      vertex 0.00561803 -0.0158244 0.01
      vertex 0.00561803 -0.0158244 0.012
      vertex 0.00548629 -0.0156617 0.01
    endloop
  endfacet
  facet normal -0.777147 -0.629319 0
    outer loop
      vertex 0.00561803 -0.0158244 0.012
      vertex 0.00548629 -0.0156617 0.012
      vertex 0.00548629 -0.0156617 0.01
    endloop
  endfacet
  facet normal -0.707106 -0.707108 0
    outer loop
      vertex 0.00548629 -0.0156617 0.01
      vertex 0.00548629 -0.0156617 0.012
      vertex 0.00533826 -0.0155137 0.01
    endloop
  endfacet
  facet normal -0.707106 -0.707108 0
    outer loop
      vertex 0.00548629 -0.0156617 0.012
      vertex 0.00533826 -0.0155137 0.012
      vertex 0.00533826 -0.0155137 0.01
    endloop
  endfacet
  facet normal -0.629322 -0.777145 0
    outer loop
      vertex 0.00533826 -0.0155137 0.01
      vertex 0.00533826 -0.0155137 0.012
      vertex 0.00517557 -0.015382 0.01
    endloop
  endfacet
  facet normal -0.629322 -0.777145 0
    outer loop
      vertex 0.00533826 -0.0155137 0.012
      vertex 0.00517557 -0.015382 0.012
      vertex 0.00517557 -0.015382 0.01
    endloop
  endfacet
  facet normal -0.544637 -0.838672 0
    outer loop
      vertex 0.00517557 -0.015382 0.01
      vertex 0.00517557 -0.015382 0.012
      vertex 0.005 -0.0152679 0.01
    endloop
  endfacet
  facet normal -0.544637 -0.838672 0
    outer loop
      vertex 0.00517557 -0.015382 0.012
      vertex 0.005 -0.0152679 0.012
      vertex 0.005 -0.0152679 0.01
    endloop
  endfacet
  facet normal -0.453992 -0.891006 0
    outer loop
      vertex 0.005 -0.0152679 0.01
      vertex 0.005 -0.0152679 0.012
      vertex 0.00481347 -0.0151729 0.01
    endloop
  endfacet
  facet normal -0.453992 -0.891006 0
    outer loop
      vertex 0.005 -0.0152679 0.012
      vertex 0.00481347 -0.0151729 0.012
      vertex 0.00481347 -0.0151729 0.01
    endloop
  endfacet
  facet normal -0.358367 -0.933581 0
    outer loop
      vertex 0.00481347 -0.0151729 0.01
      vertex 0.00481347 -0.0151729 0.012
      vertex 0.00461803 -0.0150979 0.01
    endloop
  endfacet
  facet normal -0.358367 -0.933581 0
    outer loop
      vertex 0.00481347 -0.0151729 0.012
      vertex 0.00461803 -0.0150979 0.012
      vertex 0.00461803 -0.0150979 0.01
    endloop
  endfacet
  facet normal -0.25882 -0.965925 0
    outer loop
      vertex 0.00461803 -0.0150979 0.01
      vertex 0.00461803 -0.0150979 0.012
      vertex 0.00441582 -0.0150437 0.01
    endloop
  endfacet
  facet normal -0.25882 -0.965925 0
    outer loop
      vertex 0.00461803 -0.0150979 0.012
      vertex 0.00441582 -0.0150437 0.012
      vertex 0.00441582 -0.0150437 0.01
    endloop
  endfacet
  facet normal -0.156432 -0.987689 0
    outer loop
      vertex 0.00441582 -0.0150437 0.01
      vertex 0.00441582 -0.0150437 0.012
      vertex 0.00420906 -0.015011 0.01
    endloop
  endfacet
  facet normal -0.156432 -0.987689 0
    outer loop
      vertex 0.00441582 -0.0150437 0.012
      vertex 0.00420906 -0.015011 0.012
      vertex 0.00420906 -0.015011 0.01
    endloop
  endfacet
  facet normal -0.0523354 -0.99863 0
    outer loop
      vertex 0.00420906 -0.015011 0.01
      vertex 0.00420906 -0.015011 0.012
      vertex 0.004 -0.015 0.01
    endloop
  endfacet
  facet normal -0.0523354 -0.99863 0
    outer loop
      vertex 0.00420906 -0.015011 0.012
      vertex 0.004 -0.015 0.012
      vertex 0.004 -0.015 0.01
    endloop
  endfacet
  facet normal -1 0 0
    outer loop
      vertex 0.006 -0.042 0.01
      vertex 0.006 -0.042 0.012
      vertex 0.006 -0.017 0.01
    endloop
  endfacet
  facet normal -1 0 0
    outer loop
      vertex 0.006 -0.042 0.012
      vertex 0.006 -0.017 0.012
      vertex 0.006 -0.017 0.01
    endloop
  endfacet
  facet normal -0.0523354 0.99863 0
    outer loop
      vertex 0.004 -0.044 0
      vertex 0.004 -0.044 0.003
      vertex 0.00420906 -0.043989 0
    endloop
  endfacet
  facet normal -0.0523354 0.99863 0
    outer loop
      vertex 0.004 -0.044 0.003
      vertex 0.00420906 -0.043989 0.003
      vertex 0.00420906 -0.043989 0
    endloop
  endfacet
  facet normal -0.156436 0.987688 0
    outer loop
      vertex 0.00420906 -0.043989 0
      vertex 0.00420906 -0.043989 0.003
      vertex 0.00441582 -0.0439563 0
    endloop
  endfacet
  facet normal -0.156436 0.987688 0
    outer loop
      vertex 0.00420906 -0.043989 0.003
      vertex 0.00441582 -0.0439563 0.003
      vertex 0.00441582 -0.0439563 0
    endloop
  endfacet
  facet normal -0.258812 0.965928 0
    outer loop
      vertex 0.00441582 -0.0439563 0
      vertex 0.00441582 -0.0439563 0.003
      vertex 0.00461803 -0.0439021 0
    endloop
  endfacet
  facet normal -0.258812 0.965928 0
    outer loop
      vertex 0.00441582 -0.0439563 0.003
      vertex 0.00461803 -0.0439021 0.003
      vertex 0.00461803 -0.0439021 0
    endloop
  endfacet
  facet normal -0.358375 0.933578 0
    outer loop
      vertex 0.00461803 -0.0439021 0
      vertex 0.00461803 -0.0439021 0.003
      vertex 0.00481347 -0.0438271 0
    endloop
  endfacet
  facet normal -0.358375 0.933578 0
    outer loop
      vertex 0.00461803 -0.0439021 0.003
      vertex 0.00481347 -0.0438271 0.003
      vertex 0.00481347 -0.0438271 0
    endloop
  endfacet
  facet normal -0.453989 0.891007 0
    outer loop
      vertex 0.00481347 -0.0438271 0
      vertex 0.00481347 -0.0438271 0.003
      vertex 0.005 -0.0437321 0
    endloop
  endfacet
  facet normal -0.453989 0.891007 0
    outer loop
      vertex 0.00481347 -0.0438271 0.003
      vertex 0.005 -0.0437321 0.003
      vertex 0.005 -0.0437321 0
    endloop
  endfacet
  facet normal -0.544637 0.838672 0
    outer loop
      vertex 0.005 -0.0437321 0
      vertex 0.005 -0.0437321 0.003
      vertex 0.00517557 -0.043618 0
    endloop
  endfacet
  facet normal -0.544637 0.838672 0
    outer loop
      vertex 0.005 -0.0437321 0.003
      vertex 0.00517557 -0.043618 0.003
      vertex 0.00517557 -0.043618 0
    endloop
  endfacet
  facet normal -0.629322 0.777145 0
    outer loop
      vertex 0.00517557 -0.043618 0
      vertex 0.00517557 -0.043618 0.003
      vertex 0.00533826 -0.0434863 0
    endloop
  endfacet
  facet normal -0.629322 0.777145 0
    outer loop
      vertex 0.00517557 -0.043618 0.003
      vertex 0.00533826 -0.0434863 0.003
      vertex 0.00533826 -0.0434863 0
    endloop
  endfacet
  facet normal -0.707106 0.707108 0
    outer loop
      vertex 0.00533826 -0.0434863 0
      vertex 0.00533826 -0.0434863 0.003
      vertex 0.00548629 -0.0433383 0
    endloop
  endfacet
  facet normal -0.707106 0.707108 0
    outer loop
      vertex 0.00533826 -0.0434863 0.003
      vertex 0.00548629 -0.0433383 0.003
      vertex 0.00548629 -0.0433383 0
    endloop
  endfacet
  facet normal -0.777147 0.629319 0
    outer loop
      vertex 0.00548629 -0.0433383 0
      vertex 0.00548629 -0.0433383 0.003
      vertex 0.00561803 -0.0431756 0
    endloop
  endfacet
  facet normal -0.777147 0.629319 0
    outer loop
      vertex 0.00548629 -0.0433383 0.003
      vertex 0.00561803 -0.0431756 0.003
      vertex 0.00561803 -0.0431756 0
    endloop
  endfacet
  facet normal -0.838668 0.544643 0
    outer loop
      vertex 0.00561803 -0.0431756 0
      vertex 0.00561803 -0.0431756 0.003
      vertex 0.00573205 -0.043 0
    endloop
  endfacet
  facet normal -0.838668 0.544643 0
    outer loop
      vertex 0.00561803 -0.0431756 0.003
      vertex 0.00573205 -0.043 0.003
      vertex 0.00573205 -0.043 0
    endloop
  endfacet
  facet normal -0.891009 0.453986 0
    outer loop
      vertex 0.00573205 -0.043 0
      vertex 0.00573205 -0.043 0.003
      vertex 0.00582709 -0.0428135 0
    endloop
  endfacet
  facet normal -0.891009 0.453986 0
    outer loop
      vertex 0.00573205 -0.043 0.003
      vertex 0.00582709 -0.0428135 0.003
      vertex 0.00582709 -0.0428135 0
    endloop
  endfacet
  facet normal -0.933579 0.358371 0
    outer loop
      vertex 0.00582709 -0.0428135 0
      vertex 0.00582709 -0.0428135 0.003
      vertex 0.00590211 -0.042618 0
    endloop
  endfacet
  facet normal -0.933579 0.358371 0
    outer loop
      vertex 0.00582709 -0.0428135 0.003
      vertex 0.00590211 -0.042618 0.003
      vertex 0.00590211 -0.042618 0
    endloop
  endfacet
  facet normal -0.965926 0.258818 0
    outer loop
      vertex 0.00590211 -0.042618 0
      vertex 0.00590211 -0.042618 0.003
      vertex 0.0059563 -0.0424158 0
    endloop
  endfacet
  facet normal -0.965926 0.258818 0
    outer loop
      vertex 0.00590211 -0.042618 0.003
      vertex 0.0059563 -0.0424158 0.003
      vertex 0.0059563 -0.0424158 0
    endloop
  endfacet
  facet normal -0.987688 0.156436 0
    outer loop
      vertex 0.0059563 -0.0424158 0
      vertex 0.0059563 -0.0424158 0.003
      vertex 0.00598904 -0.0422091 0
    endloop
  endfacet
  facet normal -0.987688 0.156436 0
    outer loop
      vertex 0.0059563 -0.0424158 0.003
      vertex 0.00598904 -0.0422091 0.003
      vertex 0.00598904 -0.0422091 0
    endloop
  endfacet
  facet normal -0.99863 0.0523347 0
    outer loop
      vertex 0.00598904 -0.0422091 0
      vertex 0.00598904 -0.0422091 0.003
      vertex 0.006 -0.042 0
    endloop
  endfacet
  facet normal -0.99863 0.0523347 0
    outer loop
      vertex 0.00598904 -0.0422091 0.003
      vertex 0.006 -0.042 0.003
      vertex 0.006 -0.042 0
    endloop
  endfacet
  facet normal -1 0 0
    outer loop
      vertex 0.006 -0.042 0
      vertex 0.006 -0.042 0.003
      vertex 0.006 -0.017 0
    endloop
  endfacet
  facet normal -1 0 0
    outer loop
      vertex 0.006 -0.042 0.003
      vertex 0.006 -0.017 0.003
      vertex 0.006 -0.017 0
    endloop
  endfacet
  facet normal -0.0523354 0.99863 0
    outer loop
      vertex 0.004 -0.044 0.01
      vertex 0.004 -0.044 0.012
      vertex 0.00420906 -0.043989 0.01
    endloop
  endfacet
  facet normal -0.0523354 0.99863 0
    outer loop
      vertex 0.004 -0.044 0.012
      vertex 0.00420906 -0.043989 0.012
      vertex 0.00420906 -0.043989 0.01
    endloop
  endfacet
  facet normal -0.156436 0.987688 0
    outer loop
      vertex 0.00420906 -0.043989 0.01
      vertex 0.00420906 -0.043989 0.012
      vertex 0.00441582 -0.0439563 0.01
    endloop
  endfacet
  facet normal -0.156436 0.987688 0
    outer loop
      vertex 0.00420906 -0.043989 0.012
      vertex 0.00441582 -0.0439563 0.012
      vertex 0.00441582 -0.0439563 0.01
    endloop
  endfacet
  facet normal -0.258812 0.965928 0
    outer loop
      vertex 0.00441582 -0.0439563 0.01
      vertex 0.00441582 -0.0439563 0.012
      vertex 0.00461803 -0.0439021 0.01
    endloop
  endfacet
  facet normal -0.258812 0.965928 0
    outer loop
      vertex 0.00441582 -0.0439563 0.012
      vertex 0.00461803 -0.0439021 0.012
      vertex 0.00461803 -0.0439021 0.01
    endloop
  endfacet
  facet normal -0.358375 0.933578 0
    outer loop
      vertex 0.00461803 -0.0439021 0.01
      vertex 0.00461803 -0.0439021 0.012
      vertex 0.00481347 -0.0438271 0.01
    endloop
  endfacet
  facet normal -0.358375 0.933578 0
    outer loop
      vertex 0.00461803 -0.0439021 0.012
      vertex 0.00481347 -0.0438271 0.012
      vertex 0.00481347 -0.0438271 0.01
    endloop
  endfacet
  facet normal -0.453989 0.891007 0
    outer loop
      vertex 0.00481347 -0.0438271 0.01
      vertex 0.00481347 -0.0438271 0.012
      vertex 0.005 -0.0437321 0.01
    endloop
  endfacet
  facet normal -0.453989 0.891007 0
    outer loop
      vertex 0.00481347 -0.0438271 0.012
      vertex 0.005 -0.0437321 0.012
      vertex 0.005 -0.0437321 0.01
    endloop
  endfacet
  facet normal -0.544637 0.838672 0
    outer loop
      vertex 0.005 -0.0437321 0.01
      vertex 0.005 -0.0437321 0.012
      vertex 0.00517557 -0.043618 0.01
    endloop
  endfacet
  facet normal -0.544637 0.838672 0
    outer loop
      vertex 0.005 -0.0437321 0.012
      vertex 0.00517557 -0.043618 0.012
      vertex 0.00517557 -0.043618 0.01
    endloop
  endfacet
  facet normal -0.629322 0.777145 0
    outer loop
      vertex 0.00517557 -0.043618 0.01
      vertex 0.00517557 -0.043618 0.012
      vertex 0.00533826 -0.0434863 0.01
    endloop
  endfacet
  facet normal -0.629322 0.777145 0
    outer loop
      vertex 0.00517557 -0.043618 0.012
      vertex 0.00533826 -0.0434863 0.012
      vertex 0.00533826 -0.0434863 0.01
    endloop
  endfacet
  facet normal -0.707106 0.707108 0
    outer loop
      vertex 0.00533826 -0.0434863 0.01
      vertex 0.00533826 -0.0434863 0.012
      vertex 0.00548629 -0.0433383 0.01
    endloop
  endfacet
  facet normal -0.707106 0.707108 0
    outer loop
      vertex 0.00533826 -0.0434863 0.012
      vertex 0.00548629 -0.0433383 0.012
      vertex 0.00548629 -0.0433383 0.01
    endloop
  endfacet
  facet normal -0.777147 0.629319 0
    outer loop
      vertex 0.00548629 -0.0433383 0.01
      vertex 0.00548629 -0.0433383 0.012
      vertex 0.00561803 -0.0431756 0.01
    endloop
  endfacet
  facet normal -0.777147 0.629319 0
    outer loop
      vertex 0.00548629 -0.0433383 0.012
      vertex 0.00561803 -0.0431756 0.012
      vertex 0.00561803 -0.0431756 0.01
    endloop
  endfacet
  facet normal -0.838668 0.544643 0
    outer loop
      vertex 0.00561803 -0.0431756 0.01
      vertex 0.00561803 -0.0431756 0.012
      vertex 0.00573205 -0.043 0.01
    endloop
  endfacet
  facet normal -0.838668 0.544643 0
    outer loop
      vertex 0.00561803 -0.0431756 0.012
      vertex 0.00573205 -0.043 0.012
      vertex 0.00573205 -0.043 0.01
    endloop
  endfacet
  facet normal -0.891009 0.453986 0
    outer loop
      vertex 0.00573205 -0.043 0.01
      vertex 0.00573205 -0.043 0.012
      vertex 0.00582709 -0.0428135 0.01
    endloop
  endfacet
  facet normal -0.891009 0.453986 0
    outer loop
      vertex 0.00573205 -0.043 0.012
      vertex 0.00582709 -0.0428135 0.012
      vertex 0.00582709 -0.0428135 0.01
    endloop
  endfacet
  facet normal -0.933579 0.358371 0
    outer loop
      vertex 0.00582709 -0.0428135 0.01
      vertex 0.00582709 -0.0428135 0.012
      vertex 0.00590211 -0.042618 0.01
    endloop
  endfacet
  facet normal -0.933579 0.358371 0
    outer loop
      vertex 0.00582709 -0.0428135 0.012
      vertex 0.00590211 -0.042618 0.012
      vertex 0.00590211 -0.042618 0.01
    endloop
  endfacet
  facet normal -0.965926 0.258818 0
    outer loop
      vertex 0.00590211 -0.042618 0.01
      vertex 0.00590211 -0.042618 0.012
      vertex 0.0059563 -0.0424158 0.01
    endloop
  endfacet
  facet normal -0.965926 0.258818 0
    outer loop
      vertex 0.00590211 -0.042618 0.012
      vertex 0.0059563 -0.0424158 0.012
      vertex 0.0059563 -0.0424158 0.01
    endloop
  endfacet
  facet normal -0.987688 0.156436 0
    outer loop
      vertex 0.0059563 -0.0424158 0.01
      vertex 0.0059563 -0.0424158 0.012
      vertex 0.00598904 -0.0422091 0.01
    endloop
  endfacet
  facet normal -0.987688 0.156436 0
    outer loop
      vertex 0.0059563 -0.0424158 0.012
      vertex 0.00598904 -0.0422091 0.012
      vertex 0.00598904 -0.0422091 0.01
    endloop
  endfacet
  facet normal -0.99863 0.0523347 0
    outer loop
      vertex 0.00598904 -0.0422091 0.01
      vertex 0.00598904 -0.0422091 0.012
      vertex 0.006 -0.042 0.01
    endloop
  endfacet
  facet normal -0.99863 0.0523347 0
    outer loop
      vertex 0.00598904 -0.0422091 0.012
      vertex 0.006 -0.042 0.012
      vertex 0.006 -0.042 0.01
    endloop
  endfacet
  facet normal 0 1 0
    outer loop
      vertex -0.038 -0.044 0.01
      vertex -0.038 -0.044 0.012
      vertex 0.004 -0.044 0.012
    endloop
  endfacet
  facet normal 0 1 0
    outer loop
      vertex 0.004 -0.044 0.003
      vertex 0.004 -0.044 0
      vertex -0.038 -0.044 0
    endloop
  endfacet
  facet normal 0 1 0
    outer loop
      vertex -0.038 -0.044 0.003
      vertex -0.045 -0.044 0.003
      vertex -0.045 -0.044 0.01
    endloop
  endfacet
  facet normal 0 1 0
    outer loop
      vertex 0.004 -0.044 0.01
      vertex 0.011 -0.044 0.01
      vertex 0.011 -0.044 0.003
    endloop
  endfacet
  facet normal 0 1 0
    outer loop
      vertex 0.011 -0.044 0.003
      vertex 0.004 -0.044 0.003
      vertex 0.004 -0.044 0.01
    endloop
  endfacet
  facet normal 0 1 0
    outer loop
      vertex 0.004 -0.044 0.003
      vertex -0.038 -0.044 0
      vertex 0.004 -0.044 0.01
    endloop
  endfacet
  facet normal 0 1 0
    outer loop
      vertex 0.004 -0.044 0.01
      vertex -0.038 -0.044 0
      vertex 0.004 -0.044 0.012
    endloop
  endfacet
  facet normal 0 1 0
    outer loop
      vertex -0.038 -0.044 0
      vertex -0.038 -0.044 0.003
      vertex 0.004 -0.044 0.012
    endloop
  endfacet
  facet normal 0 1 0
    outer loop
      vertex 0.004 -0.044 0.012
      vertex -0.038 -0.044 0.003
      vertex -0.038 -0.044 0.01
    endloop
  endfacet
  facet normal 0 1 0
    outer loop
      vertex -0.038 -0.044 0.003
      vertex -0.045 -0.044 0.01
      vertex -0.038 -0.044 0.01
    endloop
  endfacet
  facet normal 0.99863 0.0523347 0
    outer loop
      vertex -0.04 -0.042 0
      vertex -0.04 -0.042 0.003
      vertex -0.039989 -0.0422091 0
    endloop
  endfacet
  facet normal 0.99863 0.0523347 0
    outer loop
      vertex -0.04 -0.042 0.003
      vertex -0.039989 -0.0422091 0.003
      vertex -0.039989 -0.0422091 0
    endloop
  endfacet
  facet normal 0.987688 0.156438 0
    outer loop
      vertex -0.039989 -0.0422091 0
      vertex -0.039989 -0.0422091 0.003
      vertex -0.0399563 -0.0424158 0
    endloop
  endfacet
  facet normal 0.987688 0.156438 0
    outer loop
      vertex -0.039989 -0.0422091 0.003
      vertex -0.0399563 -0.0424158 0.003
      vertex -0.0399563 -0.0424158 0
    endloop
  endfacet
  facet normal 0.965928 0.25881 0
    outer loop
      vertex -0.0399563 -0.0424158 0
      vertex -0.0399563 -0.0424158 0.003
      vertex -0.0399021 -0.042618 0
    endloop
  endfacet
  facet normal 0.965928 0.25881 0
    outer loop
      vertex -0.0399563 -0.0424158 0.003
      vertex -0.0399021 -0.042618 0.003
      vertex -0.0399021 -0.042618 0
    endloop
  endfacet
  facet normal 0.933576 0.358379 0
    outer loop
      vertex -0.0399021 -0.042618 0
      vertex -0.0399021 -0.042618 0.003
      vertex -0.0398271 -0.0428135 0
    endloop
  endfacet
  facet normal 0.933576 0.358379 0
    outer loop
      vertex -0.0399021 -0.042618 0.003
      vertex -0.0398271 -0.0428135 0.003
      vertex -0.0398271 -0.0428135 0
    endloop
  endfacet
  facet normal 0.89101 0.453984 0
    outer loop
      vertex -0.0398271 -0.0428135 0
      vertex -0.0398271 -0.0428135 0.003
      vertex -0.0397321 -0.043 0
    endloop
  endfacet
  facet normal 0.89101 0.453984 0
    outer loop
      vertex -0.0398271 -0.0428135 0.003
      vertex -0.0397321 -0.043 0.003
      vertex -0.0397321 -0.043 0
    endloop
  endfacet
  facet normal 0.83867 0.54464 0
    outer loop
      vertex -0.0397321 -0.043 0
      vertex -0.0397321 -0.043 0.003
      vertex -0.039618 -0.0431756 0
    endloop
  endfacet
  facet normal 0.83867 0.54464 0
    outer loop
      vertex -0.0397321 -0.043 0.003
      vertex -0.039618 -0.0431756 0.003
      vertex -0.039618 -0.0431756 0
    endloop
  endfacet
  facet normal 0.777145 0.629322 0
    outer loop
      vertex -0.039618 -0.0431756 0
      vertex -0.039618 -0.0431756 0.003
      vertex -0.0394863 -0.0433383 0
    endloop
  endfacet
  facet normal 0.777145 0.629322 0
    outer loop
      vertex -0.039618 -0.0431756 0.003
      vertex -0.0394863 -0.0433383 0.003
      vertex -0.0394863 -0.0433383 0
    endloop
  endfacet
  facet normal 0.707107 0.707107 0
    outer loop
      vertex -0.0394863 -0.0433383 0
      vertex -0.0394863 -0.0433383 0.003
      vertex -0.0393383 -0.0434863 0
    endloop
  endfacet
  facet normal 0.707107 0.707107 0
    outer loop
      vertex -0.0394863 -0.0433383 0.003
      vertex -0.0393383 -0.0434863 0.003
      vertex -0.0393383 -0.0434863 0
    endloop
  endfacet
  facet normal 0.629322 0.777145 0
    outer loop
      vertex -0.0393383 -0.0434863 0
      vertex -0.0393383 -0.0434863 0.003
      vertex -0.0391756 -0.043618 0
    endloop
  endfacet
  facet normal 0.629322 0.777145 0
    outer loop
      vertex -0.0393383 -0.0434863 0.003
      vertex -0.0391756 -0.043618 0.003
      vertex -0.0391756 -0.043618 0
    endloop
  endfacet
  facet normal 0.54464 0.83867 0
    outer loop
      vertex -0.0391756 -0.043618 0
      vertex -0.0391756 -0.043618 0.003
      vertex -0.039 -0.0437321 0
    endloop
  endfacet
  facet normal 0.54464 0.83867 0
    outer loop
      vertex -0.0391756 -0.043618 0.003
      vertex -0.039 -0.0437321 0.003
      vertex -0.039 -0.0437321 0
    endloop
  endfacet
  facet normal 0.453991 0.891006 0
    outer loop
      vertex -0.039 -0.0437321 0
      vertex -0.039 -0.0437321 0.003
      vertex -0.0388135 -0.0438271 0
    endloop
  endfacet
  facet normal 0.453991 0.891006 0
    outer loop
      vertex -0.039 -0.0437321 0.003
      vertex -0.0388135 -0.0438271 0.003
      vertex -0.0388135 -0.0438271 0
    endloop
  endfacet
  facet normal 0.358373 0.933578 0
    outer loop
      vertex -0.0388135 -0.0438271 0
      vertex -0.0388135 -0.0438271 0.003
      vertex -0.038618 -0.0439021 0
    endloop
  endfacet
  facet normal 0.358373 0.933578 0
    outer loop
      vertex -0.0388135 -0.0438271 0.003
      vertex -0.038618 -0.0439021 0.003
      vertex -0.038618 -0.0439021 0
    endloop
  endfacet
  facet normal 0.25881 0.965928 0
    outer loop
      vertex -0.038618 -0.0439021 0
      vertex -0.038618 -0.0439021 0.003
      vertex -0.0384158 -0.0439563 0
    endloop
  endfacet
  facet normal 0.25881 0.965928 0
    outer loop
      vertex -0.038618 -0.0439021 0.003
      vertex -0.0384158 -0.0439563 0.003
      vertex -0.0384158 -0.0439563 0
    endloop
  endfacet
  facet normal 0.156438 0.987688 0
    outer loop
      vertex -0.0384158 -0.0439563 0
      vertex -0.0384158 -0.0439563 0.003
      vertex -0.0382091 -0.043989 0
    endloop
  endfacet
  facet normal 0.156438 0.987688 0
    outer loop
      vertex -0.0384158 -0.0439563 0.003
      vertex -0.0382091 -0.043989 0.003
      vertex -0.0382091 -0.043989 0
    endloop
  endfacet
  facet normal 0.0523347 0.99863 0
    outer loop
      vertex -0.0382091 -0.043989 0
      vertex -0.0382091 -0.043989 0.003
      vertex -0.038 -0.044 0
    endloop
  endfacet
  facet normal 0.0523347 0.99863 0
    outer loop
      vertex -0.0382091 -0.043989 0.003
      vertex -0.038 -0.044 0.003
      vertex -0.038 -0.044 0
    endloop
  endfacet
  facet normal -0.998534 -0.0541368 0
    outer loop
      vertex 0.00935 -0.046 0
      vertex 0.00935 -0.046 0.012
      vertex 0.00934209 -0.045854 0
    endloop
  endfacet
  facet normal -0.998534 -0.0541368 0
    outer loop
      vertex 0.00935 -0.046 0.012
      vertex 0.00934209 -0.045854 0.012
      vertex 0.00934209 -0.045854 0
    endloop
  endfacet
  facet normal -0.986826 -0.161784 0
    outer loop
      vertex 0.00934209 -0.045854 0
      vertex 0.00934209 -0.045854 0.012
      vertex 0.00931844 -0.0457098 0
    endloop
  endfacet
  facet normal -0.986826 -0.161784 0
    outer loop
      vertex 0.00934209 -0.045854 0.012
      vertex 0.00931844 -0.0457098 0.012
      vertex 0.00931844 -0.0457098 0
    endloop
  endfacet
  facet normal -0.963551 -0.267526 0
    outer loop
      vertex 0.00931844 -0.0457098 0
      vertex 0.00931844 -0.0457098 0.012
      vertex 0.00927933 -0.0455689 0
    endloop
  endfacet
  facet normal -0.963551 -0.267526 0
    outer loop
      vertex 0.00931844 -0.0457098 0.012
      vertex 0.00927933 -0.0455689 0.012
      vertex 0.00927933 -0.0455689 0
    endloop
  endfacet
  facet normal -0.928977 -0.370137 0
    outer loop
      vertex 0.00927933 -0.0455689 0
      vertex 0.00927933 -0.0455689 0.012
      vertex 0.00922523 -0.0454331 0
    endloop
  endfacet
  facet normal -0.928977 -0.370137 0
    outer loop
      vertex 0.00927933 -0.0455689 0.012
      vertex 0.00922523 -0.0454331 0.012
      vertex 0.00922523 -0.0454331 0
    endloop
  endfacet
  facet normal -0.883507 -0.468418 0
    outer loop
      vertex 0.00922523 -0.0454331 0
      vertex 0.00922523 -0.0454331 0.012
      vertex 0.00915676 -0.045304 0
    endloop
  endfacet
  facet normal -0.883507 -0.468418 0
    outer loop
      vertex 0.00922523 -0.0454331 0.012
      vertex 0.00915676 -0.045304 0.012
      vertex 0.00915676 -0.045304 0
    endloop
  endfacet
  facet normal -0.827696 -0.561176 0
    outer loop
      vertex 0.00915676 -0.045304 0
      vertex 0.00915676 -0.045304 0.012
      vertex 0.00907473 -0.045183 0
    endloop
  endfacet
  facet normal -0.827696 -0.561176 0
    outer loop
      vertex 0.00915676 -0.045304 0.012
      vertex 0.00907473 -0.045183 0.012
      vertex 0.00907473 -0.045183 0
    endloop
  endfacet
  facet normal -0.762161 -0.647388 0
    outer loop
      vertex 0.00907473 -0.045183 0
      vertex 0.00907473 -0.045183 0.012
      vertex 0.00898009 -0.0450716 0
    endloop
  endfacet
  facet normal -0.762161 -0.647388 0
    outer loop
      vertex 0.00907473 -0.045183 0.012
      vertex 0.00898009 -0.0450716 0.012
      vertex 0.00898009 -0.0450716 0
    endloop
  endfacet
  facet normal -0.687692 -0.726003 0
    outer loop
      vertex 0.00898009 -0.0450716 0
      vertex 0.00898009 -0.0450716 0.012
      vertex 0.00887397 -0.0449711 0
    endloop
  endfacet
  facet normal -0.687692 -0.726003 0
    outer loop
      vertex 0.00898009 -0.0450716 0.012
      vertex 0.00887397 -0.0449711 0.012
      vertex 0.00887397 -0.0449711 0
    endloop
  endfacet
  facet normal -0.605172 -0.796095 0
    outer loop
      vertex 0.00887397 -0.0449711 0
      vertex 0.00887397 -0.0449711 0.012
      vertex 0.0087576 -0.0448826 0
    endloop
  endfacet
  facet normal -0.605172 -0.796095 0
    outer loop
      vertex 0.00887397 -0.0449711 0.012
      vertex 0.0087576 -0.0448826 0.012
      vertex 0.0087576 -0.0448826 0
    endloop
  endfacet
  facet normal -0.515563 -0.856852 0
    outer loop
      vertex 0.0087576 -0.0448826 0
      vertex 0.0087576 -0.0448826 0.012
      vertex 0.00863235 -0.0448073 0
    endloop
  endfacet
  facet normal -0.515563 -0.856852 0
    outer loop
      vertex 0.0087576 -0.0448826 0.012
      vertex 0.00863235 -0.0448073 0.012
      vertex 0.00863235 -0.0448073 0
    endloop
  endfacet
  facet normal -0.419892 -0.907574 0
    outer loop
      vertex 0.00863235 -0.0448073 0
      vertex 0.00863235 -0.0448073 0.012
      vertex 0.00849969 -0.0447459 0
    endloop
  endfacet
  facet normal -0.419892 -0.907574 0
    outer loop
      vertex 0.00863235 -0.0448073 0.012
      vertex 0.00849969 -0.0447459 0.012
      vertex 0.00849969 -0.0447459 0
    endloop
  endfacet
  facet normal -0.319303 -0.947653 0
    outer loop
      vertex 0.00849969 -0.0447459 0
      vertex 0.00849969 -0.0447459 0.012
      vertex 0.00836116 -0.0446992 0
    endloop
  endfacet
  facet normal -0.319303 -0.947653 0
    outer loop
      vertex 0.00849969 -0.0447459 0.012
      vertex 0.00836116 -0.0446992 0.012
      vertex 0.00836116 -0.0446992 0
    endloop
  endfacet
  facet normal -0.214967 -0.976621 0
    outer loop
      vertex 0.00836116 -0.0446992 0
      vertex 0.00836116 -0.0446992 0.012
      vertex 0.00821841 -0.0446678 0
    endloop
  endfacet
  facet normal -0.214967 -0.976621 0
    outer loop
      vertex 0.00836116 -0.0446992 0.012
      vertex 0.00821841 -0.0446678 0.012
      vertex 0.00821841 -0.0446678 0
    endloop
  endfacet
  facet normal -0.108108 -0.994139 0
    outer loop
      vertex 0.00821841 -0.0446678 0
      vertex 0.00821841 -0.0446678 0.012
      vertex 0.00807309 -0.044652 0
    endloop
  endfacet
  facet normal -0.108108 -0.994139 0
    outer loop
      vertex 0.00821841 -0.0446678 0.012
      vertex 0.00807309 -0.044652 0.012
      vertex 0.00807309 -0.044652 0
    endloop
  endfacet
  facet normal 0 -1 0
    outer loop
      vertex 0.00807309 -0.044652 0
      vertex 0.00807309 -0.044652 0.012
      vertex 0.00792691 -0.044652 0
    endloop
  endfacet
  facet normal 0 -1 0
    outer loop
      vertex 0.00807309 -0.044652 0.012
      vertex 0.00792691 -0.044652 0.012
      vertex 0.00792691 -0.044652 0
    endloop
  endfacet
  facet normal 0.108108 -0.994139 0
    outer loop
      vertex 0.00792691 -0.044652 0
      vertex 0.00792691 -0.044652 0.012
      vertex 0.00778159 -0.0446678 0
    endloop
  endfacet
  facet normal 0.108108 -0.994139 0
    outer loop
      vertex 0.00792691 -0.044652 0.012
      vertex 0.00778159 -0.0446678 0.012
      vertex 0.00778159 -0.0446678 0
    endloop
  endfacet
  facet normal 0.214967 -0.976621 0
    outer loop
      vertex 0.00778159 -0.0446678 0
      vertex 0.00778159 -0.0446678 0.012
      vertex 0.00763884 -0.0446992 0
    endloop
  endfacet
  facet normal 0.214967 -0.976621 0
    outer loop
      vertex 0.00778159 -0.0446678 0.012
      vertex 0.00763884 -0.0446992 0.012
      vertex 0.00763884 -0.0446992 0
    endloop
  endfacet
  facet normal 0.319303 -0.947653 0
    outer loop
      vertex 0.00763884 -0.0446992 0
      vertex 0.00763884 -0.0446992 0.012
      vertex 0.00750031 -0.0447459 0
    endloop
  endfacet
  facet normal 0.319303 -0.947653 0
    outer loop
      vertex 0.00763884 -0.0446992 0.012
      vertex 0.00750031 -0.0447459 0.012
      vertex 0.00750031 -0.0447459 0
    endloop
  endfacet
  facet normal 0.419892 -0.907574 0
    outer loop
      vertex 0.00750031 -0.0447459 0
      vertex 0.00750031 -0.0447459 0.012
      vertex 0.00736765 -0.0448073 0
    endloop
  endfacet
  facet normal 0.419892 -0.907574 0
    outer loop
      vertex 0.00750031 -0.0447459 0.012
      vertex 0.00736765 -0.0448073 0.012
      vertex 0.00736765 -0.0448073 0
    endloop
  endfacet
  facet normal 0.515561 -0.856853 0
    outer loop
      vertex 0.00736765 -0.0448073 0
      vertex 0.00736765 -0.0448073 0.012
      vertex 0.0072424 -0.0448826 0
    endloop
  endfacet
  facet normal 0.515561 -0.856853 0
    outer loop
      vertex 0.00736765 -0.0448073 0.012
      vertex 0.0072424 -0.0448826 0.012
      vertex 0.0072424 -0.0448826 0
    endloop
  endfacet
  facet normal 0.605172 -0.796095 0
    outer loop
      vertex 0.0072424 -0.0448826 0
      vertex 0.0072424 -0.0448826 0.012
      vertex 0.00712603 -0.0449711 0
    endloop
  endfacet
  facet normal 0.605172 -0.796095 0
    outer loop
      vertex 0.0072424 -0.0448826 0.012
      vertex 0.00712603 -0.0449711 0.012
      vertex 0.00712603 -0.0449711 0
    endloop
  endfacet
  facet normal 0.687695 -0.726 0
    outer loop
      vertex 0.00712603 -0.0449711 0
      vertex 0.00712603 -0.0449711 0.012
      vertex 0.00701991 -0.0450716 0
    endloop
  endfacet
  facet normal 0.687695 -0.726 0
    outer loop
      vertex 0.00712603 -0.0449711 0.012
      vertex 0.00701991 -0.0450716 0.012
      vertex 0.00701991 -0.0450716 0
    endloop
  endfacet
  facet normal 0.762161 -0.647388 0
    outer loop
      vertex 0.00701991 -0.0450716 0
      vertex 0.00701991 -0.0450716 0.012
      vertex 0.00692527 -0.045183 0
    endloop
  endfacet
  facet normal 0.762161 -0.647388 0
    outer loop
      vertex 0.00701991 -0.0450716 0.012
      vertex 0.00692527 -0.045183 0.012
      vertex 0.00692527 -0.045183 0
    endloop
  endfacet
  facet normal 0.827694 -0.56118 0
    outer loop
      vertex 0.00692527 -0.045183 0
      vertex 0.00692527 -0.045183 0.012
      vertex 0.00684324 -0.045304 0
    endloop
  endfacet
  facet normal 0.827694 -0.56118 0
    outer loop
      vertex 0.00692527 -0.045183 0.012
      vertex 0.00684324 -0.045304 0.012
      vertex 0.00684324 -0.045304 0
    endloop
  endfacet
  facet normal 0.883508 -0.468415 0
    outer loop
      vertex 0.00684324 -0.045304 0
      vertex 0.00684324 -0.045304 0.012
      vertex 0.00677477 -0.0454331 0
    endloop
  endfacet
  facet normal 0.883508 -0.468415 0
    outer loop
      vertex 0.00684324 -0.045304 0.012
      vertex 0.00677477 -0.0454331 0.012
      vertex 0.00677477 -0.0454331 0
    endloop
  endfacet
  facet normal 0.928977 -0.370137 0
    outer loop
      vertex 0.00677477 -0.0454331 0
      vertex 0.00677477 -0.0454331 0.012
      vertex 0.00672067 -0.0455689 0
    endloop
  endfacet
  facet normal 0.928977 -0.370137 0
    outer loop
      vertex 0.00677477 -0.0454331 0.012
      vertex 0.00672067 -0.0455689 0.012
      vertex 0.00672067 -0.0455689 0
    endloop
  endfacet
  facet normal 0.96355 -0.267529 0
    outer loop
      vertex 0.00672067 -0.0455689 0
      vertex 0.00672067 -0.0455689 0.012
      vertex 0.00668156 -0.0457098 0
    endloop
  endfacet
  facet normal 0.96355 -0.267529 0
    outer loop
      vertex 0.00672067 -0.0455689 0.012
      vertex 0.00668156 -0.0457098 0.012
      vertex 0.00668156 -0.0457098 0
    endloop
  endfacet
  facet normal 0.986827 -0.161781 0
    outer loop
      vertex 0.00668156 -0.0457098 0
      vertex 0.00668156 -0.0457098 0.012
      vertex 0.00665791 -0.045854 0
    endloop
  endfacet
  facet normal 0.986827 -0.161781 0
    outer loop
      vertex 0.00668156 -0.0457098 0.012
      vertex 0.00665791 -0.045854 0.012
      vertex 0.00665791 -0.045854 0
    endloop
  endfacet
  facet normal 0.998533 -0.05414 0
    outer loop
      vertex 0.00665791 -0.045854 0
      vertex 0.00665791 -0.045854 0.012
      vertex 0.00665 -0.046 0
    endloop
  endfacet
  facet normal 0.998533 -0.05414 0
    outer loop
      vertex 0.00665791 -0.045854 0.012
      vertex 0.00665 -0.046 0.012
      vertex 0.00665 -0.046 0
    endloop
  endfacet
  facet normal 0.998533 0.05414 0
    outer loop
      vertex 0.00665 -0.046 0
      vertex 0.00665 -0.046 0.012
      vertex 0.00665791 -0.046146 0
    endloop
  endfacet
  facet normal 0.998533 0.05414 0
    outer loop
      vertex 0.00665 -0.046 0.012
      vertex 0.00665791 -0.046146 0.012
      vertex 0.00665791 -0.046146 0
    endloop
  endfacet
  facet normal 0.986827 0.161781 0
    outer loop
      vertex 0.00665791 -0.046146 0
      vertex 0.00665791 -0.046146 0.012
      vertex 0.00668156 -0.0462902 0
    endloop
  endfacet
  facet normal 0.986827 0.161781 0
    outer loop
      vertex 0.00665791 -0.046146 0.012
      vertex 0.00668156 -0.0462902 0.012
      vertex 0.00668156 -0.0462902 0
    endloop
  endfacet
  facet normal 0.96355 0.267529 0
    outer loop
      vertex 0.00668156 -0.0462902 0
      vertex 0.00668156 -0.0462902 0.012
      vertex 0.00672067 -0.0464311 0
    endloop
  endfacet
  facet normal 0.96355 0.267529 0
    outer loop
      vertex 0.00668156 -0.0462902 0.012
      vertex 0.00672067 -0.0464311 0.012
      vertex 0.00672067 -0.0464311 0
    endloop
  endfacet
  facet normal 0.928977 0.370137 0
    outer loop
      vertex 0.00672067 -0.0464311 0
      vertex 0.00672067 -0.0464311 0.012
      vertex 0.00677477 -0.0465669 0
    endloop
  endfacet
  facet normal 0.928977 0.370137 0
    outer loop
      vertex 0.00672067 -0.0464311 0.012
      vertex 0.00677477 -0.0465669 0.012
      vertex 0.00677477 -0.0465669 0
    endloop
  endfacet
  facet normal 0.883514 0.468405 0
    outer loop
      vertex 0.00677477 -0.0465669 0
      vertex 0.00677477 -0.0465669 0.012
      vertex 0.00684324 -0.046696 0
    endloop
  endfacet
  facet normal 0.883514 0.468405 0
    outer loop
      vertex 0.00677477 -0.0465669 0.012
      vertex 0.00684324 -0.046696 0.012
      vertex 0.00684324 -0.046696 0
    endloop
  endfacet
  facet normal 0.827685 0.561192 0
    outer loop
      vertex 0.00684324 -0.046696 0
      vertex 0.00684324 -0.046696 0.012
      vertex 0.00692527 -0.046817 0
    endloop
  endfacet
  facet normal 0.827685 0.561192 0
    outer loop
      vertex 0.00684324 -0.046696 0.012
      vertex 0.00692527 -0.046817 0.012
      vertex 0.00692527 -0.046817 0
    endloop
  endfacet
  facet normal 0.762161 0.647388 0
    outer loop
      vertex 0.00692527 -0.046817 0
      vertex 0.00692527 -0.046817 0.012
      vertex 0.00701991 -0.0469284 0
    endloop
  endfacet
  facet normal 0.762161 0.647388 0
    outer loop
      vertex 0.00692527 -0.046817 0.012
      vertex 0.00701991 -0.0469284 0.012
      vertex 0.00701991 -0.0469284 0
    endloop
  endfacet
  facet normal 0.687695 0.726 0
    outer loop
      vertex 0.00701991 -0.0469284 0
      vertex 0.00701991 -0.0469284 0.012
      vertex 0.00712603 -0.0470289 0
    endloop
  endfacet
  facet normal 0.687695 0.726 0
    outer loop
      vertex 0.00701991 -0.0469284 0.012
      vertex 0.00712603 -0.0470289 0.012
      vertex 0.00712603 -0.0470289 0
    endloop
  endfacet
  facet normal 0.605188 0.796082 0
    outer loop
      vertex 0.00712603 -0.0470289 0
      vertex 0.00712603 -0.0470289 0.012
      vertex 0.0072424 -0.0471174 0
    endloop
  endfacet
  facet normal 0.605188 0.796082 0
    outer loop
      vertex 0.00712603 -0.0470289 0.012
      vertex 0.0072424 -0.0471174 0.012
      vertex 0.0072424 -0.0471174 0
    endloop
  endfacet
  facet normal 0.515542 0.856864 0
    outer loop
      vertex 0.0072424 -0.0471174 0
      vertex 0.0072424 -0.0471174 0.012
      vertex 0.00736765 -0.0471927 0
    endloop
  endfacet
  facet normal 0.515542 0.856864 0
    outer loop
      vertex 0.0072424 -0.0471174 0.012
      vertex 0.00736765 -0.0471927 0.012
      vertex 0.00736765 -0.0471927 0
    endloop
  endfacet
  facet normal 0.419892 0.907574 0
    outer loop
      vertex 0.00736765 -0.0471927 0
      vertex 0.00736765 -0.0471927 0.012
      vertex 0.00750031 -0.0472541 0
    endloop
  endfacet
  facet normal 0.419892 0.907574 0
    outer loop
      vertex 0.00736765 -0.0471927 0.012
      vertex 0.00750031 -0.0472541 0.012
      vertex 0.00750031 -0.0472541 0
    endloop
  endfacet
  facet normal 0.319303 0.947653 0
    outer loop
      vertex 0.00750031 -0.0472541 0
      vertex 0.00750031 -0.0472541 0.012
      vertex 0.00763884 -0.0473008 0
    endloop
  endfacet
  facet normal 0.319303 0.947653 0
    outer loop
      vertex 0.00750031 -0.0472541 0.012
      vertex 0.00763884 -0.0473008 0.012
      vertex 0.00763884 -0.0473008 0
    endloop
  endfacet
  facet normal 0.214967 0.976621 0
    outer loop
      vertex 0.00763884 -0.0473008 0
      vertex 0.00763884 -0.0473008 0.012
      vertex 0.00778159 -0.0473322 0
    endloop
  endfacet
  facet normal 0.214967 0.976621 0
    outer loop
      vertex 0.00763884 -0.0473008 0.012
      vertex 0.00778159 -0.0473322 0.012
      vertex 0.00778159 -0.0473322 0
    endloop
  endfacet
  facet normal 0.108133 0.994136 0
    outer loop
      vertex 0.00778159 -0.0473322 0
      vertex 0.00778159 -0.0473322 0.012
      vertex 0.00792691 -0.047348 0
    endloop
  endfacet
  facet normal 0.108133 0.994136 0
    outer loop
      vertex 0.00778159 -0.0473322 0.012
      vertex 0.00792691 -0.047348 0.012
      vertex 0.00792691 -0.047348 0
    endloop
  endfacet
  facet normal 0 1 0
    outer loop
      vertex 0.00792691 -0.047348 0
      vertex 0.00792691 -0.047348 0.012
      vertex 0.00807309 -0.047348 0
    endloop
  endfacet
  facet normal 0 1 0
    outer loop
      vertex 0.00792691 -0.047348 0.012
      vertex 0.00807309 -0.047348 0.012
      vertex 0.00807309 -0.047348 0
    endloop
  endfacet
  facet normal -0.108133 0.994136 0
    outer loop
      vertex 0.00807309 -0.047348 0
      vertex 0.00807309 -0.047348 0.012
      vertex 0.00821841 -0.0473322 0
    endloop
  endfacet
  facet normal -0.108133 0.994136 0
    outer loop
      vertex 0.00807309 -0.047348 0.012
      vertex 0.00821841 -0.0473322 0.012
      vertex 0.00821841 -0.0473322 0
    endloop
  endfacet
  facet normal -0.214967 0.976621 0
    outer loop
      vertex 0.00821841 -0.0473322 0
      vertex 0.00821841 -0.0473322 0.012
      vertex 0.00836116 -0.0473008 0
    endloop
  endfacet
  facet normal -0.214967 0.976621 0
    outer loop
      vertex 0.00821841 -0.0473322 0.012
      vertex 0.00836116 -0.0473008 0.012
      vertex 0.00836116 -0.0473008 0
    endloop
  endfacet
  facet normal -0.319303 0.947653 0
    outer loop
      vertex 0.00836116 -0.0473008 0
      vertex 0.00836116 -0.0473008 0.012
      vertex 0.00849969 -0.0472541 0
    endloop
  endfacet
  facet normal -0.319303 0.947653 0
    outer loop
      vertex 0.00836116 -0.0473008 0.012
      vertex 0.00849969 -0.0472541 0.012
      vertex 0.00849969 -0.0472541 0
    endloop
  endfacet
  facet normal -0.419892 0.907574 0
    outer loop
      vertex 0.00849969 -0.0472541 0
      vertex 0.00849969 -0.0472541 0.012
      vertex 0.00863235 -0.0471927 0
    endloop
  endfacet
  facet normal -0.419892 0.907574 0
    outer loop
      vertex 0.00849969 -0.0472541 0.012
      vertex 0.00863235 -0.0471927 0.012
      vertex 0.00863235 -0.0471927 0
    endloop
  endfacet
  facet normal -0.515544 0.856863 0
    outer loop
      vertex 0.00863235 -0.0471927 0
      vertex 0.00863235 -0.0471927 0.012
      vertex 0.0087576 -0.0471174 0
    endloop
  endfacet
  facet normal -0.515544 0.856863 0
    outer loop
      vertex 0.00863235 -0.0471927 0.012
      vertex 0.0087576 -0.0471174 0.012
      vertex 0.0087576 -0.0471174 0
    endloop
  endfacet
  facet normal -0.605188 0.796082 0
    outer loop
      vertex 0.0087576 -0.0471174 0
      vertex 0.0087576 -0.0471174 0.012
      vertex 0.00887397 -0.0470289 0
    endloop
  endfacet
  facet normal -0.605188 0.796082 0
    outer loop
      vertex 0.0087576 -0.0471174 0.012
      vertex 0.00887397 -0.0470289 0.012
      vertex 0.00887397 -0.0470289 0
    endloop
  endfacet
  facet normal -0.687692 0.726003 0
    outer loop
      vertex 0.00887397 -0.0470289 0
      vertex 0.00887397 -0.0470289 0.012
      vertex 0.00898009 -0.0469284 0
    endloop
  endfacet
  facet normal -0.687692 0.726003 0
    outer loop
      vertex 0.00887397 -0.0470289 0.012
      vertex 0.00898009 -0.0469284 0.012
      vertex 0.00898009 -0.0469284 0
    endloop
  endfacet
  facet normal -0.762161 0.647388 0
    outer loop
      vertex 0.00898009 -0.0469284 0
      vertex 0.00898009 -0.0469284 0.012
      vertex 0.00907473 -0.046817 0
    endloop
  endfacet
  facet normal -0.762161 0.647388 0
    outer loop
      vertex 0.00898009 -0.0469284 0.012
      vertex 0.00907473 -0.046817 0.012
      vertex 0.00907473 -0.046817 0
    endloop
  endfacet
  facet normal -0.827688 0.561188 0
    outer loop
      vertex 0.00907473 -0.046817 0
      vertex 0.00907473 -0.046817 0.012
      vertex 0.00915676 -0.046696 0
    endloop
  endfacet
  facet normal -0.827688 0.561188 0
    outer loop
      vertex 0.00907473 -0.046817 0.012
      vertex 0.00915676 -0.046696 0.012
      vertex 0.00915676 -0.046696 0
    endloop
  endfacet
  facet normal -0.883513 0.468407 0
    outer loop
      vertex 0.00915676 -0.046696 0
      vertex 0.00915676 -0.046696 0.012
      vertex 0.00922523 -0.0465669 0
    endloop
  endfacet
  facet normal -0.883513 0.468407 0
    outer loop
      vertex 0.00915676 -0.046696 0.012
      vertex 0.00922523 -0.0465669 0.012
      vertex 0.00922523 -0.0465669 0
    endloop
  endfacet
  facet normal -0.928977 0.370137 0
    outer loop
      vertex 0.00922523 -0.0465669 0
      vertex 0.00922523 -0.0465669 0.012
      vertex 0.00927933 -0.0464311 0
    endloop
  endfacet
  facet normal -0.928977 0.370137 0
    outer loop
      vertex 0.00922523 -0.0465669 0.012
      vertex 0.00927933 -0.0464311 0.012
      vertex 0.00927933 -0.0464311 0
    endloop
  endfacet
  facet normal -0.963551 0.267526 0
    outer loop
      vertex 0.00927933 -0.0464311 0
      vertex 0.00927933 -0.0464311 0.012
      vertex 0.00931844 -0.0462902 0
    endloop
  endfacet
  facet normal -0.963551 0.267526 0
    outer loop
      vertex 0.00927933 -0.0464311 0.012
      vertex 0.00931844 -0.0462902 0.012
      vertex 0.00931844 -0.0462902 0
    endloop
  endfacet
  facet normal -0.986826 0.161784 0
    outer loop
      vertex 0.00931844 -0.0462902 0
      vertex 0.00931844 -0.0462902 0.012
      vertex 0.00934209 -0.046146 0
    endloop
  endfacet
  facet normal -0.986826 0.161784 0
    outer loop
      vertex 0.00931844 -0.0462902 0.012
      vertex 0.00934209 -0.046146 0.012
      vertex 0.00934209 -0.046146 0
    endloop
  endfacet
  facet normal -0.998534 0.0541368 0
    outer loop
      vertex 0.00934209 -0.046146 0
      vertex 0.00934209 -0.046146 0.012
      vertex 0.00935 -0.046 0
    endloop
  endfacet
  facet normal -0.998534 0.0541368 0
    outer loop
      vertex 0.00934209 -0.046146 0.012
      vertex 0.00935 -0.046 0.012
      vertex 0.00935 -0.046 0
    endloop
  endfacet
  facet normal 0.998534 -0.0541361 0
    outer loop
      vertex -0.021 -0.05 0.012
      vertex -0.021 -0.05 0.005
      vertex -0.0209766 -0.0495675 0.012
    endloop
  endfacet
  facet normal 0.998534 -0.0541361 0
    outer loop
      vertex -0.021 -0.05 0.005
      vertex -0.0209766 -0.0495675 0.005
      vertex -0.0209766 -0.0495675 0.012
    endloop
  endfacet
  facet normal 0.986826 -0.161785 0
    outer loop
      vertex -0.0209766 -0.0495675 0.012
      vertex -0.0209766 -0.0495675 0.005
      vertex -0.0209065 -0.0491401 0.012
    endloop
  endfacet
  facet normal 0.986826 -0.161785 0
    outer loop
      vertex -0.0209766 -0.0495675 0.005
      vertex -0.0209065 -0.0491401 0.005
      vertex -0.0209065 -0.0491401 0.012
    endloop
  endfacet
  facet normal 0.96355 -0.26753 0
    outer loop
      vertex -0.0209065 -0.0491401 0.012
      vertex -0.0209065 -0.0491401 0.005
      vertex -0.0207906 -0.0487228 0.012
    endloop
  endfacet
  facet normal 0.96355 -0.26753 0
    outer loop
      vertex -0.0209065 -0.0491401 0.005
      vertex -0.0207906 -0.0487228 0.005
      vertex -0.0207906 -0.0487228 0.012
    endloop
  endfacet
  facet normal 0.928978 -0.370134 0
    outer loop
      vertex -0.0207906 -0.0487228 0.012
      vertex -0.0207906 -0.0487228 0.005
      vertex -0.0206303 -0.0483204 0.012
    endloop
  endfacet
  facet normal 0.928978 -0.370134 0
    outer loop
      vertex -0.0207906 -0.0487228 0.005
      vertex -0.0206303 -0.0483204 0.005
      vertex -0.0206303 -0.0483204 0.012
    endloop
  endfacet
  facet normal 0.883511 -0.468411 0
    outer loop
      vertex -0.0206303 -0.0483204 0.012
      vertex -0.0206303 -0.0483204 0.005
      vertex -0.0204274 -0.0479378 0.012
    endloop
  endfacet
  facet normal 0.883511 -0.468411 0
    outer loop
      vertex -0.0206303 -0.0483204 0.005
      vertex -0.0204274 -0.0479378 0.005
      vertex -0.0204274 -0.0479378 0.012
    endloop
  endfacet
  facet normal 0.827691 -0.561185 0
    outer loop
      vertex -0.0204274 -0.0479378 0.012
      vertex -0.0204274 -0.0479378 0.005
      vertex -0.0201844 -0.0475793 0.012
    endloop
  endfacet
  facet normal 0.827691 -0.561185 0
    outer loop
      vertex -0.0204274 -0.0479378 0.005
      vertex -0.0201844 -0.0475793 0.005
      vertex -0.0201844 -0.0475793 0.012
    endloop
  endfacet
  facet normal 0.762161 -0.647387 0
    outer loop
      vertex -0.0201844 -0.0475793 0.012
      vertex -0.0201844 -0.0475793 0.005
      vertex -0.019904 -0.0472492 0.012
    endloop
  endfacet
  facet normal 0.762161 -0.647387 0
    outer loop
      vertex -0.0201844 -0.0475793 0.005
      vertex -0.019904 -0.0472492 0.005
      vertex -0.019904 -0.0472492 0.012
    endloop
  endfacet
  facet normal 0.687697 -0.725998 0
    outer loop
      vertex -0.019904 -0.0472492 0.012
      vertex -0.019904 -0.0472492 0.005
      vertex -0.0195895 -0.0469514 0.012
    endloop
  endfacet
  facet normal 0.687697 -0.725998 0
    outer loop
      vertex -0.019904 -0.0472492 0.005
      vertex -0.0195895 -0.0469514 0.005
      vertex -0.0195895 -0.0469514 0.012
    endloop
  endfacet
  facet normal 0.605175 -0.796092 0
    outer loop
      vertex -0.0195895 -0.0469514 0.012
      vertex -0.0195895 -0.0469514 0.005
      vertex -0.0192447 -0.0466892 0.012
    endloop
  endfacet
  facet normal 0.605175 -0.796092 0
    outer loop
      vertex -0.0195895 -0.0469514 0.005
      vertex -0.0192447 -0.0466892 0.005
      vertex -0.0192447 -0.0466892 0.012
    endloop
  endfacet
  facet normal 0.515556 -0.856856 0
    outer loop
      vertex -0.0192447 -0.0466892 0.012
      vertex -0.0192447 -0.0466892 0.005
      vertex -0.0188736 -0.046466 0.012
    endloop
  endfacet
  facet normal 0.515556 -0.856856 0
    outer loop
      vertex -0.0192447 -0.0466892 0.005
      vertex -0.0188736 -0.046466 0.005
      vertex -0.0188736 -0.046466 0.012
    endloop
  endfacet
  facet normal 0.419887 -0.907577 0
    outer loop
      vertex -0.0188736 -0.046466 0.012
      vertex -0.0188736 -0.046466 0.005
      vertex -0.0184806 -0.0462841 0.012
    endloop
  endfacet
  facet normal 0.419887 -0.907577 0
    outer loop
      vertex -0.0188736 -0.046466 0.005
      vertex -0.0184806 -0.0462841 0.005
      vertex -0.0184806 -0.0462841 0.012
    endloop
  endfacet
  facet normal 0.319303 -0.947653 0
    outer loop
      vertex -0.0184806 -0.0462841 0.012
      vertex -0.0184806 -0.0462841 0.005
      vertex -0.0180701 -0.0461458 0.012
    endloop
  endfacet
  facet normal 0.319303 -0.947653 0
    outer loop
      vertex -0.0184806 -0.0462841 0.005
      vertex -0.0180701 -0.0461458 0.005
      vertex -0.0180701 -0.0461458 0.012
    endloop
  endfacet
  facet normal 0.214971 -0.97662 0
    outer loop
      vertex -0.0180701 -0.0461458 0.012
      vertex -0.0180701 -0.0461458 0.005
      vertex -0.0176471 -0.0460527 0.012
    endloop
  endfacet
  facet normal 0.214971 -0.97662 0
    outer loop
      vertex -0.0180701 -0.0461458 0.005
      vertex -0.0176471 -0.0460527 0.005
      vertex -0.0176471 -0.0460527 0.012
    endloop
  endfacet
  facet normal 0.108117 -0.994138 0
    outer loop
      vertex -0.0176471 -0.0460527 0.012
      vertex -0.0176471 -0.0460527 0.005
      vertex -0.0172166 -0.0460059 0.012
    endloop
  endfacet
  facet normal 0.108117 -0.994138 0
    outer loop
      vertex -0.0176471 -0.0460527 0.005
      vertex -0.0172166 -0.0460059 0.005
      vertex -0.0172166 -0.0460059 0.012
    endloop
  endfacet
  facet normal 0 -1 0
    outer loop
      vertex -0.0172166 -0.0460059 0.012
      vertex -0.0172166 -0.0460059 0.005
      vertex -0.0167834 -0.0460059 0.012
    endloop
  endfacet
  facet normal 0 -1 0
    outer loop
      vertex -0.0172166 -0.0460059 0.005
      vertex -0.0167834 -0.0460059 0.005
      vertex -0.0167834 -0.0460059 0.012
    endloop
  endfacet
  facet normal -0.108117 -0.994138 0
    outer loop
      vertex -0.0167834 -0.0460059 0.012
      vertex -0.0167834 -0.0460059 0.005
      vertex -0.0163529 -0.0460527 0.012
    endloop
  endfacet
  facet normal -0.108117 -0.994138 0
    outer loop
      vertex -0.0167834 -0.0460059 0.005
      vertex -0.0163529 -0.0460527 0.005
      vertex -0.0163529 -0.0460527 0.012
    endloop
  endfacet
  facet normal -0.214971 -0.97662 0
    outer loop
      vertex -0.0163529 -0.0460527 0.012
      vertex -0.0163529 -0.0460527 0.005
      vertex -0.0159299 -0.0461458 0.012
    endloop
  endfacet
  facet normal -0.214971 -0.97662 0
    outer loop
      vertex -0.0163529 -0.0460527 0.005
      vertex -0.0159299 -0.0461458 0.005
      vertex -0.0159299 -0.0461458 0.012
    endloop
  endfacet
  facet normal -0.319303 -0.947653 0
    outer loop
      vertex -0.0159299 -0.0461458 0.012
      vertex -0.0159299 -0.0461458 0.005
      vertex -0.0155194 -0.0462841 0.012
    endloop
  endfacet
  facet normal -0.319303 -0.947653 0
    outer loop
      vertex -0.0159299 -0.0461458 0.005
      vertex -0.0155194 -0.0462841 0.005
      vertex -0.0155194 -0.0462841 0.012
    endloop
  endfacet
  facet normal -0.419887 -0.907577 0
    outer loop
      vertex -0.0155194 -0.0462841 0.012
      vertex -0.0155194 -0.0462841 0.005
      vertex -0.0151264 -0.046466 0.012
    endloop
  endfacet
  facet normal -0.419887 -0.907577 0
    outer loop
      vertex -0.0155194 -0.0462841 0.005
      vertex -0.0151264 -0.046466 0.005
      vertex -0.0151264 -0.046466 0.012
    endloop
  endfacet
  facet normal -0.515557 -0.856855 0
    outer loop
      vertex -0.0151264 -0.046466 0.012
      vertex -0.0151264 -0.046466 0.005
      vertex -0.0147553 -0.0466892 0.012
    endloop
  endfacet
  facet normal -0.515557 -0.856855 0
    outer loop
      vertex -0.0151264 -0.046466 0.005
      vertex -0.0147553 -0.0466892 0.005
      vertex -0.0147553 -0.0466892 0.012
    endloop
  endfacet
  facet normal -0.605174 -0.796093 0
    outer loop
      vertex -0.0147553 -0.0466892 0.012
      vertex -0.0147553 -0.0466892 0.005
      vertex -0.0144105 -0.0469514 0.012
    endloop
  endfacet
  facet normal -0.605174 -0.796093 0
    outer loop
      vertex -0.0147553 -0.0466892 0.005
      vertex -0.0144105 -0.0469514 0.005
      vertex -0.0144105 -0.0469514 0.012
    endloop
  endfacet
  facet normal -0.687697 -0.725998 0
    outer loop
      vertex -0.0144105 -0.0469514 0.012
      vertex -0.0144105 -0.0469514 0.005
      vertex -0.014096 -0.0472492 0.012
    endloop
  endfacet
  facet normal -0.687697 -0.725998 0
    outer loop
      vertex -0.0144105 -0.0469514 0.005
      vertex -0.014096 -0.0472492 0.005
      vertex -0.014096 -0.0472492 0.012
    endloop
  endfacet
  facet normal -0.762164 -0.647384 0
    outer loop
      vertex -0.014096 -0.0472492 0.012
      vertex -0.014096 -0.0472492 0.005
      vertex -0.0138156 -0.0475793 0.012
    endloop
  endfacet
  facet normal -0.762164 -0.647384 0
    outer loop
      vertex -0.014096 -0.0472492 0.005
      vertex -0.0138156 -0.0475793 0.005
      vertex -0.0138156 -0.0475793 0.012
    endloop
  endfacet
  facet normal -0.827689 -0.561188 0
    outer loop
      vertex -0.0138156 -0.0475793 0.012
      vertex -0.0138156 -0.0475793 0.005
      vertex -0.0135726 -0.0479378 0.012
    endloop
  endfacet
  facet normal -0.827689 -0.561188 0
    outer loop
      vertex -0.0138156 -0.0475793 0.005
      vertex -0.0135726 -0.0479378 0.005
      vertex -0.0135726 -0.0479378 0.012
    endloop
  endfacet
  facet normal -0.883512 -0.468409 0
    outer loop
      vertex -0.0135726 -0.0479378 0.012
      vertex -0.0135726 -0.0479378 0.005
      vertex -0.0133697 -0.0483204 0.012
    endloop
  endfacet
  facet normal -0.883512 -0.468409 0
    outer loop
      vertex -0.0135726 -0.0479378 0.005
      vertex -0.0133697 -0.0483204 0.005
      vertex -0.0133697 -0.0483204 0.012
    endloop
  endfacet
  facet normal -0.928978 -0.370136 0
    outer loop
      vertex -0.0133697 -0.0483204 0.012
      vertex -0.0133697 -0.0483204 0.005
      vertex -0.0132094 -0.0487228 0.012
    endloop
  endfacet
  facet normal -0.928978 -0.370136 0
    outer loop
      vertex -0.0133697 -0.0483204 0.005
      vertex -0.0132094 -0.0487228 0.005
      vertex -0.0132094 -0.0487228 0.012
    endloop
  endfacet
  facet normal -0.96355 -0.26753 0
    outer loop
      vertex -0.0132094 -0.0487228 0.012
      vertex -0.0132094 -0.0487228 0.005
      vertex -0.0130935 -0.0491401 0.012
    endloop
  endfacet
  facet normal -0.96355 -0.26753 0
    outer loop
      vertex -0.0132094 -0.0487228 0.005
      vertex -0.0130935 -0.0491401 0.005
      vertex -0.0130935 -0.0491401 0.012
    endloop
  endfacet
  facet normal -0.986826 -0.161782 0
    outer loop
      vertex -0.0130935 -0.0491401 0.012
      vertex -0.0130935 -0.0491401 0.005
      vertex -0.0130234 -0.0495675 0.012
    endloop
  endfacet
  facet normal -0.986826 -0.161782 0
    outer loop
      vertex -0.0130935 -0.0491401 0.005
      vertex -0.0130234 -0.0495675 0.005
      vertex -0.0130234 -0.0495675 0.012
    endloop
  endfacet
  facet normal -0.998533 -0.0541383 0
    outer loop
      vertex -0.0130234 -0.0495675 0.012
      vertex -0.0130234 -0.0495675 0.005
      vertex -0.013 -0.05 0.012
    endloop
  endfacet
  facet normal -0.998533 -0.0541383 0
    outer loop
      vertex -0.0130234 -0.0495675 0.005
      vertex -0.013 -0.05 0.005
      vertex -0.013 -0.05 0.012
    endloop
  endfacet
  facet normal 0 0 1
    outer loop
      vertex 0.00935 -0.046 0
      vertex 0.00934209 -0.045854 0
      vertex 0.008 -0.046 0
    endloop
  endfacet
  facet normal 0 0 1
    outer loop
      vertex 0.00927933 -0.0464311 0
      vertex 0.00931844 -0.0462902 0
      vertex 0.008 -0.046 0
    endloop
  endfacet
  facet normal 0 0 1
    outer loop
      vertex 0.00931844 -0.0462902 0
      vertex 0.00934209 -0.046146 0
      vertex 0.008 -0.046 0
    endloop
  endfacet
  facet normal 0 0 1
    outer loop
      vertex 0.008 -0.046 0
      vertex 0.00934209 -0.046146 0
      vertex 0.00935 -0.046 0
    endloop
  endfacet
  facet normal 0 0 1
    outer loop
      vertex 0.00907473 -0.046817 0
      vertex 0.00915676 -0.046696 0
      vertex 0.008 -0.046 0
    endloop
  endfacet
  facet normal 0 0 1
    outer loop
      vertex 0.00915676 -0.046696 0
      vertex 0.00922523 -0.0465669 0
      vertex 0.008 -0.046 0
    endloop
  endfacet
  facet normal 0 0 1
    outer loop
      vertex 0.008 -0.046 0
      vertex 0.00922523 -0.0465669 0
      vertex 0.00927933 -0.0464311 0
    endloop
  endfacet
  facet normal 0 0 1
    outer loop
      vertex 0.0087576 -0.0471174 0
      vertex 0.00887397 -0.0470289 0
      vertex 0.008 -0.046 0
    endloop
  endfacet
  facet normal 0 0 1
    outer loop
      vertex 0.00887397 -0.0470289 0
      vertex 0.00898009 -0.0469284 0
      vertex 0.008 -0.046 0
    endloop
  endfacet
  facet normal 0 0 1
    outer loop
      vertex 0.008 -0.046 0
      vertex 0.00898009 -0.0469284 0
      vertex 0.00907473 -0.046817 0
    endloop
  endfacet
  facet normal 0 0 1
    outer loop
      vertex 0.00836116 -0.0473008 0
      vertex 0.00849969 -0.0472541 0
      vertex 0.008 -0.046 0
    endloop
  endfacet
  facet normal 0 0 1
    outer loop
      vertex 0.00849969 -0.0472541 0
      vertex 0.00863235 -0.0471927 0
      vertex 0.008 -0.046 0
    endloop
  endfacet
  facet normal 0 0 1
    outer loop
      vertex 0.008 -0.046 0
      vertex 0.00863235 -0.0471927 0
      vertex 0.0087576 -0.0471174 0
    endloop
  endfacet
  facet normal 0 0 1
    outer loop
      vertex 0.00792691 -0.047348 0
      vertex 0.00807309 -0.047348 0
      vertex 0.008 -0.046 0
    endloop
  endfacet
  facet normal 0 0 1
    outer loop
      vertex 0.00807309 -0.047348 0
      vertex 0.00821841 -0.0473322 0
      vertex 0.008 -0.046 0
    endloop
  endfacet
  facet normal 0 0 1
    outer loop
      vertex 0.008 -0.046 0
      vertex 0.00821841 -0.0473322 0
      vertex 0.00836116 -0.0473008 0
    endloop
  endfacet
  facet normal 0 0 1
    outer loop
      vertex 0.00750031 -0.0472541 0
      vertex 0.00763884 -0.0473008 0
      vertex 0.008 -0.046 0
    endloop
  endfacet
  facet normal 0 0 1
    outer loop
      vertex 0.00763884 -0.0473008 0
      vertex 0.00778159 -0.0473322 0
      vertex 0.008 -0.046 0
    endloop
  endfacet
  facet normal 0 0 1
    outer loop
      vertex 0.008 -0.046 0
      vertex 0.00778159 -0.0473322 0
      vertex 0.00792691 -0.047348 0
    endloop
  endfacet
  facet normal 0 0 1
    outer loop
      vertex 0.00712603 -0.0470289 0
      vertex 0.0072424 -0.0471174 0
      vertex 0.008 -0.046 0
    endloop
  endfacet
  facet normal 0 0 1
    outer loop
      vertex 0.0072424 -0.0471174 0
      vertex 0.00736765 -0.0471927 0
      vertex 0.008 -0.046 0
    endloop
  endfacet
  facet normal 0 0 1
    outer loop
      vertex 0.008 -0.046 0
      vertex 0.00736765 -0.0471927 0
      vertex 0.00750031 -0.0472541 0
    endloop
  endfacet
  facet normal 0 0 1
    outer loop
      vertex 0.00684324 -0.046696 0
      vertex 0.00692527 -0.046817 0
      vertex 0.008 -0.046 0
    endloop
  endfacet
  facet normal 0 0 1
    outer loop
      vertex 0.00692527 -0.046817 0
      vertex 0.00701991 -0.0469284 0
      vertex 0.008 -0.046 0
    endloop
  endfacet
  facet normal 0 0 1
    outer loop
      vertex 0.008 -0.046 0
      vertex 0.00701991 -0.0469284 0
      vertex 0.00712603 -0.0470289 0
    endloop
  endfacet
  facet normal 0 0 1
    outer loop
      vertex 0.00668156 -0.0462902 0
      vertex 0.00672067 -0.0464311 0
      vertex 0.008 -0.046 0
    endloop
  endfacet
  facet normal 0 0 1
    outer loop
      vertex 0.00672067 -0.0464311 0
      vertex 0.00677477 -0.0465669 0
      vertex 0.008 -0.046 0
    endloop
  endfacet
  facet normal 0 0 1
    outer loop
      vertex 0.008 -0.046 0
      vertex 0.00677477 -0.0465669 0
      vertex 0.00684324 -0.046696 0
    endloop
  endfacet
  facet normal 0 0 1
    outer loop
      vertex 0.00665791 -0.045854 0
      vertex 0.00665 -0.046 0
      vertex 0.008 -0.046 0
    endloop
  endfacet
  facet normal 0 0 1
    outer loop
      vertex 0.00665 -0.046 0
      vertex 0.00665791 -0.046146 0
      vertex 0.008 -0.046 0
    endloop
  endfacet
  facet normal 0 0 1
    outer loop
      vertex 0.008 -0.046 0
      vertex 0.00665791 -0.046146 0
      vertex 0.00668156 -0.0462902 0
    endloop
  endfacet
  facet normal 0 0 1
    outer loop
      vertex 0.00677477 -0.0454331 0
      vertex 0.00672067 -0.0455689 0
      vertex 0.008 -0.046 0
    endloop
  endfacet
  facet normal 0 0 1
    outer loop
      vertex 0.00672067 -0.0455689 0
      vertex 0.00668156 -0.0457098 0
      vertex 0.008 -0.046 0
    endloop
  endfacet
  facet normal 0 0 1
    outer loop
      vertex 0.008 -0.046 0
      vertex 0.00668156 -0.0457098 0
      vertex 0.00665791 -0.045854 0
    endloop
  endfacet
  facet normal 0 0 1
    outer loop
      vertex 0.00701991 -0.0450716 0
      vertex 0.00692527 -0.045183 0
      vertex 0.008 -0.046 0
    endloop
  endfacet
  facet normal 0 0 1
    outer loop
      vertex 0.00692527 -0.045183 0
      vertex 0.00684324 -0.045304 0
      vertex 0.008 -0.046 0
    endloop
  endfacet
  facet normal 0 0 1
    outer loop
      vertex 0.008 -0.046 0
      vertex 0.00684324 -0.045304 0
      vertex 0.00677477 -0.0454331 0
    endloop
  endfacet
  facet normal 0 0 1
    outer loop
      vertex 0.00736765 -0.0448073 0
      vertex 0.0072424 -0.0448826 0
      vertex 0.008 -0.046 0
    endloop
  endfacet
  facet normal 0 0 1
    outer loop
      vertex 0.0072424 -0.0448826 0
      vertex 0.00712603 -0.0449711 0
      vertex 0.008 -0.046 0
    endloop
  endfacet
  facet normal 0 0 1
    outer loop
      vertex 0.008 -0.046 0
      vertex 0.00712603 -0.0449711 0
      vertex 0.00701991 -0.0450716 0
    endloop
  endfacet
  facet normal 0 0 1
    outer loop
      vertex 0.00778159 -0.0446678 0
      vertex 0.00763884 -0.0446992 0
      vertex 0.008 -0.046 0
    endloop
  endfacet
  facet normal 0 0 1
    outer loop
      vertex 0.00763884 -0.0446992 0
      vertex 0.00750031 -0.0447459 0
      vertex 0.008 -0.046 0
    endloop
  endfacet
  facet normal 0 0 1
    outer loop
      vertex 0.008 -0.046 0
      vertex 0.00750031 -0.0447459 0
      vertex 0.00736765 -0.0448073 0
    endloop
  endfacet
  facet normal 0 0 1
    outer loop
      vertex 0.00821841 -0.0446678 0
      vertex 0.00807309 -0.044652 0
      vertex 0.008 -0.046 0
    endloop
  endfacet
  facet normal 0 0 1
    outer loop
      vertex 0.00807309 -0.044652 0
      vertex 0.00792691 -0.044652 0
      vertex 0.008 -0.046 0
    endloop
  endfacet
  facet normal 0 0 1
    outer loop
      vertex 0.008 -0.046 0
      vertex 0.00792691 -0.044652 0
      vertex 0.00778159 -0.0446678 0
    endloop
  endfacet
  facet normal 0 0 1
    outer loop
      vertex 0.00863235 -0.0448073 0
      vertex 0.00849969 -0.0447459 0
      vertex 0.008 -0.046 0
    endloop
  endfacet
  facet normal 0 0 1
    outer loop
      vertex 0.00849969 -0.0447459 0
      vertex 0.00836116 -0.0446992 0
      vertex 0.008 -0.046 0
    endloop
  endfacet
  facet normal 0 0 1
    outer loop
      vertex 0.008 -0.046 0
      vertex 0.00836116 -0.0446992 0
      vertex 0.00821841 -0.0446678 0
    endloop
  endfacet
  facet normal 0 0 1
    outer loop
      vertex 0.00898009 -0.0450716 0
      vertex 0.00887397 -0.0449711 0
      vertex 0.008 -0.046 0
    endloop
  endfacet
  facet normal 0 0 1
    outer loop
      vertex 0.00887397 -0.0449711 0
      vertex 0.0087576 -0.0448826 0
      vertex 0.008 -0.046 0
    endloop
  endfacet
  facet normal 0 0 1
    outer loop
      vertex 0.008 -0.046 0
      vertex 0.0087576 -0.0448826 0
      vertex 0.00863235 -0.0448073 0
    endloop
  endfacet
  facet normal 0 0 1
    outer loop
      vertex 0.00922523 -0.0454331 0
      vertex 0.00915676 -0.045304 0
      vertex 0.008 -0.046 0
    endloop
  endfacet
  facet normal 0 0 1
    outer loop
      vertex 0.00915676 -0.045304 0
      vertex 0.00907473 -0.045183 0
      vertex 0.008 -0.046 0
    endloop
  endfacet
  facet normal 0 0 1
    outer loop
      vertex 0.008 -0.046 0
      vertex 0.00907473 -0.045183 0
      vertex 0.00898009 -0.0450716 0
    endloop
  endfacet
  facet normal 0 0 1
    outer loop
      vertex 0.00934209 -0.045854 0
      vertex 0.00931844 -0.0457098 0
      vertex 0.008 -0.046 0
    endloop
  endfacet
  facet normal 0 0 1
    outer loop
      vertex 0.00931844 -0.0457098 0
      vertex 0.00927933 -0.0455689 0
      vertex 0.008 -0.046 0
    endloop
  endfacet
  facet normal 0 0 1
    outer loop
      vertex 0.008 -0.046 0
      vertex 0.00927933 -0.0455689 0
      vertex 0.00922523 -0.0454331 0
    endloop
  endfacet
  facet normal 0 0 1
    outer loop
      vertex -0.04065 -0.013 0
      vertex -0.0406579 -0.012854 0
      vertex -0.042 -0.013 0
    endloop
  endfacet
  facet normal 0 0 1
    outer loop
      vertex -0.0407207 -0.0134311 0
      vertex -0.0406816 -0.0132902 0
      vertex -0.042 -0.013 0
    endloop
  endfacet
  facet normal 0 0 1
    outer loop
      vertex -0.0406816 -0.0132902 0
      vertex -0.0406579 -0.013146 0
      vertex -0.042 -0.013 0
    endloop
  endfacet
  facet normal 0 0 1
    outer loop
      vertex -0.042 -0.013 0
      vertex -0.0406579 -0.013146 0
      vertex -0.04065 -0.013 0
    endloop
  endfacet
  facet normal 0 0 1
    outer loop
      vertex -0.0409253 -0.013817 0
      vertex -0.0408432 -0.013696 0
      vertex -0.042 -0.013 0
    endloop
  endfacet
  facet normal 0 0 1
    outer loop
      vertex -0.0408432 -0.013696 0
      vertex -0.0407748 -0.0135669 0
      vertex -0.042 -0.013 0
    endloop
  endfacet
  facet normal 0 0 1
    outer loop
      vertex -0.042 -0.013 0
      vertex -0.0407748 -0.0135669 0
      vertex -0.0407207 -0.0134311 0
    endloop
  endfacet
  facet normal 0 0 1
    outer loop
      vertex -0.0412424 -0.0141174 0
      vertex -0.041126 -0.0140289 0
      vertex -0.042 -0.013 0
    endloop
  endfacet
  facet normal 0 0 1
    outer loop
      vertex -0.041126 -0.0140289 0
      vertex -0.0410199 -0.0139284 0
      vertex -0.042 -0.013 0
    endloop
  endfacet
  facet normal 0 0 1
    outer loop
      vertex -0.042 -0.013 0
      vertex -0.0410199 -0.0139284 0
      vertex -0.0409253 -0.013817 0
    endloop
  endfacet
  facet normal 0 0 1
    outer loop
      vertex -0.0416388 -0.0143008 0
      vertex -0.0415003 -0.0142541 0
      vertex -0.042 -0.013 0
    endloop
  endfacet
  facet normal 0 0 1
    outer loop
      vertex -0.0415003 -0.0142541 0
      vertex -0.0413677 -0.0141927 0
      vertex -0.042 -0.013 0
    endloop
  endfacet
  facet normal 0 0 1
    outer loop
      vertex -0.042 -0.013 0
      vertex -0.0413677 -0.0141927 0
      vertex -0.0412424 -0.0141174 0
    endloop
  endfacet
  facet normal 0 0 1
    outer loop
      vertex -0.0420731 -0.014348 0
      vertex -0.0419269 -0.014348 0
      vertex -0.042 -0.013 0
    endloop
  endfacet
  facet normal 0 0 1
    outer loop
      vertex -0.0419269 -0.014348 0
      vertex -0.0417816 -0.0143322 0
      vertex -0.042 -0.013 0
    endloop
  endfacet
  facet normal 0 0 1
    outer loop
      vertex -0.042 -0.013 0
      vertex -0.0417816 -0.0143322 0
      vertex -0.0416388 -0.0143008 0
    endloop
  endfacet
  facet normal 0 0 1
    outer loop
      vertex -0.0424997 -0.0142541 0
      vertex -0.0423612 -0.0143008 0
      vertex -0.042 -0.013 0
    endloop
  endfacet
  facet normal 0 0 1
    outer loop
      vertex -0.0423612 -0.0143008 0
      vertex -0.0422184 -0.0143322 0
      vertex -0.042 -0.013 0
    endloop
  endfacet
  facet normal 0 0 1
    outer loop
      vertex -0.042 -0.013 0
      vertex -0.0422184 -0.0143322 0
      vertex -0.0420731 -0.014348 0
    endloop
  endfacet
  facet normal 0 0 1
    outer loop
      vertex -0.042874 -0.0140289 0
      vertex -0.0427576 -0.0141174 0
      vertex -0.042 -0.013 0
    endloop
  endfacet
  facet normal 0 0 1
    outer loop
      vertex -0.0427576 -0.0141174 0
      vertex -0.0426324 -0.0141927 0
      vertex -0.042 -0.013 0
    endloop
  endfacet
  facet normal 0 0 1
    outer loop
      vertex -0.042 -0.013 0
      vertex -0.0426324 -0.0141927 0
      vertex -0.0424997 -0.0142541 0
    endloop
  endfacet
  facet normal 0 0 1
    outer loop
      vertex -0.0431568 -0.013696 0
      vertex -0.0430747 -0.013817 0
      vertex -0.042 -0.013 0
    endloop
  endfacet
  facet normal 0 0 1
    outer loop
      vertex -0.0430747 -0.013817 0
      vertex -0.0429801 -0.0139284 0
      vertex -0.042 -0.013 0
    endloop
  endfacet
  facet normal 0 0 1
    outer loop
      vertex -0.042 -0.013 0
      vertex -0.0429801 -0.0139284 0
      vertex -0.042874 -0.0140289 0
    endloop
  endfacet
  facet normal 0 0 1
    outer loop
      vertex -0.0433184 -0.0132902 0
      vertex -0.0432793 -0.0134311 0
      vertex -0.042 -0.013 0
    endloop
  endfacet
  facet normal 0 0 1
    outer loop
      vertex -0.0432793 -0.0134311 0
      vertex -0.0432252 -0.0135669 0
      vertex -0.042 -0.013 0
    endloop
  endfacet
  facet normal 0 0 1
    outer loop
      vertex -0.042 -0.013 0
      vertex -0.0432252 -0.0135669 0
      vertex -0.0431568 -0.013696 0
    endloop
  endfacet
  facet normal 0 0 1
    outer loop
      vertex -0.0433421 -0.012854 0
      vertex -0.04335 -0.013 0
      vertex -0.042 -0.013 0
    endloop
  endfacet
  facet normal 0 0 1
    outer loop
      vertex -0.04335 -0.013 0
      vertex -0.0433421 -0.013146 0
      vertex -0.042 -0.013 0
    endloop
  endfacet
  facet normal 0 0 1
    outer loop
      vertex -0.042 -0.013 0
      vertex -0.0433421 -0.013146 0
      vertex -0.0433184 -0.0132902 0
    endloop
  endfacet
  facet normal 0 0 1
    outer loop
      vertex -0.0432252 -0.0124331 0
      vertex -0.0432793 -0.0125689 0
      vertex -0.042 -0.013 0
    endloop
  endfacet
  facet normal 0 0 1
    outer loop
      vertex -0.0432793 -0.0125689 0
      vertex -0.0433184 -0.0127098 0
      vertex -0.042 -0.013 0
    endloop
  endfacet
  facet normal 0 0 1
    outer loop
      vertex -0.042 -0.013 0
      vertex -0.0433184 -0.0127098 0
      vertex -0.0433421 -0.012854 0
    endloop
  endfacet
  facet normal 0 0 1
    outer loop
      vertex -0.0429801 -0.0120716 0
      vertex -0.0430747 -0.012183 0
      vertex -0.042 -0.013 0
    endloop
  endfacet
  facet normal 0 0 1
    outer loop
      vertex -0.0430747 -0.012183 0
      vertex -0.0431568 -0.012304 0
      vertex -0.042 -0.013 0
    endloop
  endfacet
  facet normal 0 0 1
    outer loop
      vertex -0.042 -0.013 0
      vertex -0.0431568 -0.012304 0
      vertex -0.0432252 -0.0124331 0
    endloop
  endfacet
  facet normal 0 0 1
    outer loop
      vertex -0.0426324 -0.0118073 0
      vertex -0.0427576 -0.0118826 0
      vertex -0.042 -0.013 0
    endloop
  endfacet
  facet normal 0 0 1
    outer loop
      vertex -0.0427576 -0.0118826 0
      vertex -0.042874 -0.0119711 0
      vertex -0.042 -0.013 0
    endloop
  endfacet
  facet normal 0 0 1
    outer loop
      vertex -0.042 -0.013 0
      vertex -0.042874 -0.0119711 0
      vertex -0.0429801 -0.0120716 0
    endloop
  endfacet
  facet normal 0 0 1
    outer loop
      vertex -0.0422184 -0.0116678 0
      vertex -0.0423612 -0.0116992 0
      vertex -0.042 -0.013 0
    endloop
  endfacet
  facet normal 0 0 1
    outer loop
      vertex -0.0423612 -0.0116992 0
      vertex -0.0424997 -0.0117459 0
      vertex -0.042 -0.013 0
    endloop
  endfacet
  facet normal 0 0 1
    outer loop
      vertex -0.042 -0.013 0
      vertex -0.0424997 -0.0117459 0
      vertex -0.0426324 -0.0118073 0
    endloop
  endfacet
  facet normal 0 0 1
    outer loop
      vertex -0.0417816 -0.0116678 0
      vertex -0.0419269 -0.011652 0
      vertex -0.042 -0.013 0
    endloop
  endfacet
  facet normal 0 0 1
    outer loop
      vertex -0.0419269 -0.011652 0
      vertex -0.0420731 -0.011652 0
      vertex -0.042 -0.013 0
    endloop
  endfacet
  facet normal 0 0 1
    outer loop
      vertex -0.042 -0.013 0
      vertex -0.0420731 -0.011652 0
      vertex -0.0422184 -0.0116678 0
    endloop
  endfacet
  facet normal 0 0 1
    outer loop
      vertex -0.0413677 -0.0118073 0
      vertex -0.0415003 -0.0117459 0
      vertex -0.042 -0.013 0
    endloop
  endfacet
  facet normal 0 0 1
    outer loop
      vertex -0.0415003 -0.0117459 0
      vertex -0.0416388 -0.0116992 0
      vertex -0.042 -0.013 0
    endloop
  endfacet
  facet normal 0 0 1
    outer loop
      vertex -0.042 -0.013 0
      vertex -0.0416388 -0.0116992 0
      vertex -0.0417816 -0.0116678 0
    endloop
  endfacet
  facet normal 0 0 1
    outer loop
      vertex -0.0410199 -0.0120716 0
      vertex -0.041126 -0.0119711 0
      vertex -0.042 -0.013 0
    endloop
  endfacet
  facet normal 0 0 1
    outer loop
      vertex -0.041126 -0.0119711 0
      vertex -0.0412424 -0.0118826 0
      vertex -0.042 -0.013 0
    endloop
  endfacet
  facet normal 0 0 1
    outer loop
      vertex -0.042 -0.013 0
      vertex -0.0412424 -0.0118826 0
      vertex -0.0413677 -0.0118073 0
    endloop
  endfacet
  facet normal 0 0 1
    outer loop
      vertex -0.0407748 -0.0124331 0
      vertex -0.0408432 -0.012304 0
      vertex -0.042 -0.013 0
    endloop
  endfacet
  facet normal 0 0 1
    outer loop
      vertex -0.0408432 -0.012304 0
      vertex -0.0409253 -0.012183 0
      vertex -0.042 -0.013 0
    endloop
  endfacet
  facet normal 0 0 1
    outer loop
      vertex -0.042 -0.013 0
      vertex -0.0409253 -0.012183 0
      vertex -0.0410199 -0.0120716 0
    endloop
  endfacet
  facet normal 0 0 1
    outer loop
      vertex -0.0406579 -0.012854 0
      vertex -0.0406816 -0.0127098 0
      vertex -0.042 -0.013 0
    endloop
  endfacet
  facet normal 0 0 1
    outer loop
      vertex -0.0406816 -0.0127098 0
      vertex -0.0407207 -0.0125689 0
      vertex -0.042 -0.013 0
    endloop
  endfacet
  facet normal 0 0 1
    outer loop
      vertex -0.042 -0.013 0
      vertex -0.0407207 -0.0125689 0
      vertex -0.0407748 -0.0124331 0
    endloop
  endfacet
  facet normal -0.998533 0.0541418 0
    outer loop
      vertex -0.0289 -0.019 0.003
      vertex -0.0289 -0.019 -0.005
      vertex -0.0289088 -0.0191622 0.003
    endloop
  endfacet
  facet normal -0.998533 0.0541418 0
    outer loop
      vertex -0.0289 -0.019 -0.005
      vertex -0.0289088 -0.0191622 -0.005
      vertex -0.0289088 -0.0191622 0.003
    endloop
  endfacet
  facet normal -0.986826 0.161784 0
    outer loop
      vertex -0.0289088 -0.0191622 0.003
      vertex -0.0289088 -0.0191622 -0.005
      vertex -0.0289351 -0.0193225 0.003
    endloop
  endfacet
  facet normal -0.986826 0.161784 0
    outer loop
      vertex -0.0289088 -0.0191622 -0.005
      vertex -0.0289351 -0.0193225 -0.005
      vertex -0.0289351 -0.0193225 0.003
    endloop
  endfacet
  facet normal -0.963552 0.26752 0
    outer loop
      vertex -0.0289351 -0.0193225 0.003
      vertex -0.0289351 -0.0193225 -0.005
      vertex -0.0289785 -0.019479 0.003
    endloop
  endfacet
  facet normal -0.963552 0.26752 0
    outer loop
      vertex -0.0289351 -0.0193225 -0.005
      vertex -0.0289785 -0.019479 -0.005
      vertex -0.0289785 -0.019479 0.003
    endloop
  endfacet
  facet normal -0.928975 0.370143 0
    outer loop
      vertex -0.0289785 -0.019479 0.003
      vertex -0.0289785 -0.019479 -0.005
      vertex -0.0290386 -0.0196298 0.003
    endloop
  endfacet
  facet normal -0.928975 0.370143 0
    outer loop
      vertex -0.0289785 -0.019479 -0.005
      vertex -0.0290386 -0.0196298 -0.005
      vertex -0.0290386 -0.0196298 0.003
    endloop
  endfacet
  facet normal -0.883512 0.468408 0
    outer loop
      vertex -0.0290386 -0.0196298 0.003
      vertex -0.0290386 -0.0196298 -0.005
      vertex -0.0291147 -0.0197733 0.003
    endloop
  endfacet
  facet normal -0.883512 0.468408 0
    outer loop
      vertex -0.0290386 -0.0196298 -0.005
      vertex -0.0291147 -0.0197733 -0.005
      vertex -0.0291147 -0.0197733 0.003
    endloop
  endfacet
  facet normal -0.827688 0.561188 0
    outer loop
      vertex -0.0291147 -0.0197733 0.003
      vertex -0.0291147 -0.0197733 -0.005
      vertex -0.0292059 -0.0199078 0.003
    endloop
  endfacet
  facet normal -0.827688 0.561188 0
    outer loop
      vertex -0.0291147 -0.0197733 -0.005
      vertex -0.0292059 -0.0199078 -0.005
      vertex -0.0292059 -0.0199078 0.003
    endloop
  endfacet
  facet normal -0.762162 0.647387 0
    outer loop
      vertex -0.0292059 -0.0199078 0.003
      vertex -0.0292059 -0.0199078 -0.005
      vertex -0.029311 -0.0200315 0.003
    endloop
  endfacet
  facet normal -0.762162 0.647387 0
    outer loop
      vertex -0.0292059 -0.0199078 -0.005
      vertex -0.029311 -0.0200315 -0.005
      vertex -0.029311 -0.0200315 0.003
    endloop
  endfacet
  facet normal -0.687701 0.725994 0
    outer loop
      vertex -0.029311 -0.0200315 0.003
      vertex -0.029311 -0.0200315 -0.005
      vertex -0.0294289 -0.0201432 0.003
    endloop
  endfacet
  facet normal -0.687701 0.725994 0
    outer loop
      vertex -0.029311 -0.0200315 -0.005
      vertex -0.0294289 -0.0201432 -0.005
      vertex -0.0294289 -0.0201432 0.003
    endloop
  endfacet
  facet normal -0.605171 0.796095 0
    outer loop
      vertex -0.0294289 -0.0201432 0.003
      vertex -0.0294289 -0.0201432 -0.005
      vertex -0.0295582 -0.0202415 0.003
    endloop
  endfacet
  facet normal -0.605171 0.796095 0
    outer loop
      vertex -0.0294289 -0.0201432 -0.005
      vertex -0.0295582 -0.0202415 -0.005
      vertex -0.0295582 -0.0202415 0.003
    endloop
  endfacet
  facet normal -0.515558 0.856855 0
    outer loop
      vertex -0.0295582 -0.0202415 0.003
      vertex -0.0295582 -0.0202415 -0.005
      vertex -0.0296974 -0.0203253 0.003
    endloop
  endfacet
  facet normal -0.515558 0.856855 0
    outer loop
      vertex -0.0295582 -0.0202415 -0.005
      vertex -0.0296974 -0.0203253 -0.005
      vertex -0.0296974 -0.0203253 0.003
    endloop
  endfacet
  facet normal -0.419888 0.907576 0
    outer loop
      vertex -0.0296974 -0.0203253 0.003
      vertex -0.0296974 -0.0203253 -0.005
      vertex -0.0298448 -0.0203935 0.003
    endloop
  endfacet
  facet normal -0.419888 0.907576 0
    outer loop
      vertex -0.0296974 -0.0203253 -0.005
      vertex -0.0298448 -0.0203935 -0.005
      vertex -0.0298448 -0.0203935 0.003
    endloop
  endfacet
  facet normal -0.319302 0.947653 0
    outer loop
      vertex -0.0298448 -0.0203935 0.003
      vertex -0.0298448 -0.0203935 -0.005
      vertex -0.0299987 -0.0204453 0.003
    endloop
  endfacet
  facet normal -0.319302 0.947653 0
    outer loop
      vertex -0.0298448 -0.0203935 -0.005
      vertex -0.0299987 -0.0204453 -0.005
      vertex -0.0299987 -0.0204453 0.003
    endloop
  endfacet
  facet normal -0.214974 0.97662 0
    outer loop
      vertex -0.0299987 -0.0204453 0.003
      vertex -0.0299987 -0.0204453 -0.005
      vertex -0.0301573 -0.0204802 0.003
    endloop
  endfacet
  facet normal -0.214974 0.97662 0
    outer loop
      vertex -0.0299987 -0.0204453 -0.005
      vertex -0.0301573 -0.0204802 -0.005
      vertex -0.0301573 -0.0204802 0.003
    endloop
  endfacet
  facet normal -0.108111 0.994139 0
    outer loop
      vertex -0.0301573 -0.0204802 0.003
      vertex -0.0301573 -0.0204802 -0.005
      vertex -0.0303188 -0.0204978 0.003
    endloop
  endfacet
  facet normal -0.108111 0.994139 0
    outer loop
      vertex -0.0301573 -0.0204802 -0.005
      vertex -0.0303188 -0.0204978 -0.005
      vertex -0.0303188 -0.0204978 0.003
    endloop
  endfacet
  facet normal 0 1 0
    outer loop
      vertex -0.0303188 -0.0204978 0.003
      vertex -0.0303188 -0.0204978 -0.005
      vertex -0.0304812 -0.0204978 0.003
    endloop
  endfacet
  facet normal 0 1 0
    outer loop
      vertex -0.0303188 -0.0204978 -0.005
      vertex -0.0304812 -0.0204978 -0.005
      vertex -0.0304812 -0.0204978 0.003
    endloop
  endfacet
  facet normal 0.108113 0.994139 0
    outer loop
      vertex -0.0304812 -0.0204978 0.003
      vertex -0.0304812 -0.0204978 -0.005
      vertex -0.0306427 -0.0204802 0.003
    endloop
  endfacet
  facet normal 0.108113 0.994139 0
    outer loop
      vertex -0.0304812 -0.0204978 -0.005
      vertex -0.0306427 -0.0204802 -0.005
      vertex -0.0306427 -0.0204802 0.003
    endloop
  endfacet
  facet normal 0.214971 0.97662 0
    outer loop
      vertex -0.0306427 -0.0204802 0.003
      vertex -0.0306427 -0.0204802 -0.005
      vertex -0.0308013 -0.0204453 0.003
    endloop
  endfacet
  facet normal 0.214971 0.97662 0
    outer loop
      vertex -0.0306427 -0.0204802 -0.005
      vertex -0.0308013 -0.0204453 -0.005
      vertex -0.0308013 -0.0204453 0.003
    endloop
  endfacet
  facet normal 0.319302 0.947653 0
    outer loop
      vertex -0.0308013 -0.0204453 0.003
      vertex -0.0308013 -0.0204453 -0.005
      vertex -0.0309552 -0.0203935 0.003
    endloop
  endfacet
  facet normal 0.319302 0.947653 0
    outer loop
      vertex -0.0308013 -0.0204453 -0.005
      vertex -0.0309552 -0.0203935 -0.005
      vertex -0.0309552 -0.0203935 0.003
    endloop
  endfacet
  facet normal 0.419888 0.907576 0
    outer loop
      vertex -0.0309552 -0.0203935 0.003
      vertex -0.0309552 -0.0203935 -0.005
      vertex -0.0311026 -0.0203253 0.003
    endloop
  endfacet
  facet normal 0.419888 0.907576 0
    outer loop
      vertex -0.0309552 -0.0203935 -0.005
      vertex -0.0311026 -0.0203253 -0.005
      vertex -0.0311026 -0.0203253 0.003
    endloop
  endfacet
  facet normal 0.515558 0.856855 0
    outer loop
      vertex -0.0311026 -0.0203253 0.003
      vertex -0.0311026 -0.0203253 -0.005
      vertex -0.0312418 -0.0202415 0.003
    endloop
  endfacet
  facet normal 0.515558 0.856855 0
    outer loop
      vertex -0.0311026 -0.0203253 -0.005
      vertex -0.0312418 -0.0202415 -0.005
      vertex -0.0312418 -0.0202415 0.003
    endloop
  endfacet
  facet normal 0.605171 0.796095 0
    outer loop
      vertex -0.0312418 -0.0202415 0.003
      vertex -0.0312418 -0.0202415 -0.005
      vertex -0.0313711 -0.0201432 0.003
    endloop
  endfacet
  facet normal 0.605171 0.796095 0
    outer loop
      vertex -0.0312418 -0.0202415 -0.005
      vertex -0.0313711 -0.0201432 -0.005
      vertex -0.0313711 -0.0201432 0.003
    endloop
  endfacet
  facet normal 0.687701 0.725994 0
    outer loop
      vertex -0.0313711 -0.0201432 0.003
      vertex -0.0313711 -0.0201432 -0.005
      vertex -0.031489 -0.0200315 0.003
    endloop
  endfacet
  facet normal 0.687701 0.725994 0
    outer loop
      vertex -0.0313711 -0.0201432 -0.005
      vertex -0.031489 -0.0200315 -0.005
      vertex -0.031489 -0.0200315 0.003
    endloop
  endfacet
  facet normal 0.762162 0.647387 0
    outer loop
      vertex -0.031489 -0.0200315 0.003
      vertex -0.031489 -0.0200315 -0.005
      vertex -0.0315941 -0.0199078 0.003
    endloop
  endfacet
  facet normal 0.762162 0.647387 0
    outer loop
      vertex -0.031489 -0.0200315 -0.005
      vertex -0.0315941 -0.0199078 -0.005
      vertex -0.0315941 -0.0199078 0.003
    endloop
  endfacet
  facet normal 0.827688 0.561188 0
    outer loop
      vertex -0.0315941 -0.0199078 0.003
      vertex -0.0315941 -0.0199078 -0.005
      vertex -0.0316853 -0.0197733 0.003
    endloop
  endfacet
  facet normal 0.827688 0.561188 0
    outer loop
      vertex -0.0315941 -0.0199078 -0.005
      vertex -0.0316853 -0.0197733 -0.005
      vertex -0.0316853 -0.0197733 0.003
    endloop
  endfacet
  facet normal 0.883512 0.468408 0
    outer loop
      vertex -0.0316853 -0.0197733 0.003
      vertex -0.0316853 -0.0197733 -0.005
      vertex -0.0317614 -0.0196298 0.003
    endloop
  endfacet
  facet normal 0.883512 0.468408 0
    outer loop
      vertex -0.0316853 -0.0197733 -0.005
      vertex -0.0317614 -0.0196298 -0.005
      vertex -0.0317614 -0.0196298 0.003
    endloop
  endfacet
  facet normal 0.928979 0.370133 0
    outer loop
      vertex -0.0317614 -0.0196298 0.003
      vertex -0.0317614 -0.0196298 -0.005
      vertex -0.0318215 -0.019479 0.003
    endloop
  endfacet
  facet normal 0.928979 0.370133 0
    outer loop
      vertex -0.0317614 -0.0196298 -0.005
      vertex -0.0318215 -0.019479 -0.005
      vertex -0.0318215 -0.019479 0.003
    endloop
  endfacet
  facet normal 0.963549 0.267531 0
    outer loop
      vertex -0.0318215 -0.019479 0.003
      vertex -0.0318215 -0.019479 -0.005
      vertex -0.0318649 -0.0193225 0.003
    endloop
  endfacet
  facet normal 0.963549 0.267531 0
    outer loop
      vertex -0.0318215 -0.019479 -0.005
      vertex -0.0318649 -0.0193225 -0.005
      vertex -0.0318649 -0.0193225 0.003
    endloop
  endfacet
  facet normal 0.986828 0.161772 0
    outer loop
      vertex -0.0318649 -0.0193225 0.003
      vertex -0.0318649 -0.0193225 -0.005
      vertex -0.0318912 -0.0191622 0.003
    endloop
  endfacet
  facet normal 0.986828 0.161772 0
    outer loop
      vertex -0.0318649 -0.0193225 -0.005
      vertex -0.0318912 -0.0191622 -0.005
      vertex -0.0318912 -0.0191622 0.003
    endloop
  endfacet
  facet normal 0.998533 0.0541533 0
    outer loop
      vertex -0.0318912 -0.0191622 0.003
      vertex -0.0318912 -0.0191622 -0.005
      vertex -0.0319 -0.019 0.003
    endloop
  endfacet
  facet normal 0.998533 0.0541533 0
    outer loop
      vertex -0.0318912 -0.0191622 -0.005
      vertex -0.0319 -0.019 -0.005
      vertex -0.0319 -0.019 0.003
    endloop
  endfacet
  facet normal 0.998533 -0.0541533 0
    outer loop
      vertex -0.0319 -0.019 0.003
      vertex -0.0319 -0.019 -0.005
      vertex -0.0318912 -0.0188378 0.003
    endloop
  endfacet
  facet normal 0.998533 -0.0541533 0
    outer loop
      vertex -0.0319 -0.019 -0.005
      vertex -0.0318912 -0.0188378 -0.005
      vertex -0.0318912 -0.0188378 0.003
    endloop
  endfacet
  facet normal 0.986828 -0.161772 0
    outer loop
      vertex -0.0318912 -0.0188378 0.003
      vertex -0.0318912 -0.0188378 -0.005
      vertex -0.0318649 -0.0186775 0.003
    endloop
  endfacet
  facet normal 0.986828 -0.161772 0
    outer loop
      vertex -0.0318912 -0.0188378 -0.005
      vertex -0.0318649 -0.0186775 -0.005
      vertex -0.0318649 -0.0186775 0.003
    endloop
  endfacet
  facet normal 0.963548 -0.267534 0
    outer loop
      vertex -0.0318649 -0.0186775 0.003
      vertex -0.0318649 -0.0186775 -0.005
      vertex -0.0318215 -0.018521 0.003
    endloop
  endfacet
  facet normal 0.963548 -0.267534 0
    outer loop
      vertex -0.0318649 -0.0186775 -0.005
      vertex -0.0318215 -0.018521 -0.005
      vertex -0.0318215 -0.018521 0.003
    endloop
  endfacet
  facet normal 0.92898 -0.370129 0
    outer loop
      vertex -0.0318215 -0.018521 0.003
      vertex -0.0318215 -0.018521 -0.005
      vertex -0.0317614 -0.0183702 0.003
    endloop
  endfacet
  facet normal 0.92898 -0.370129 0
    outer loop
      vertex -0.0318215 -0.018521 -0.005
      vertex -0.0317614 -0.0183702 -0.005
      vertex -0.0317614 -0.0183702 0.003
    endloop
  endfacet
  facet normal 0.883512 -0.468408 0
    outer loop
      vertex -0.0317614 -0.0183702 0.003
      vertex -0.0317614 -0.0183702 -0.005
      vertex -0.0316853 -0.0182267 0.003
    endloop
  endfacet
  facet normal 0.883512 -0.468408 0
    outer loop
      vertex -0.0317614 -0.0183702 -0.005
      vertex -0.0316853 -0.0182267 -0.005
      vertex -0.0316853 -0.0182267 0.003
    endloop
  endfacet
  facet normal 0.827688 -0.561188 0
    outer loop
      vertex -0.0316853 -0.0182267 0.003
      vertex -0.0316853 -0.0182267 -0.005
      vertex -0.0315941 -0.0180922 0.003
    endloop
  endfacet
  facet normal 0.827688 -0.561188 0
    outer loop
      vertex -0.0316853 -0.0182267 -0.005
      vertex -0.0315941 -0.0180922 -0.005
      vertex -0.0315941 -0.0180922 0.003
    endloop
  endfacet
  facet normal 0.762162 -0.647387 0
    outer loop
      vertex -0.0315941 -0.0180922 0.003
      vertex -0.0315941 -0.0180922 -0.005
      vertex -0.031489 -0.0179684 0.003
    endloop
  endfacet
  facet normal 0.762162 -0.647387 0
    outer loop
      vertex -0.0315941 -0.0180922 -0.005
      vertex -0.031489 -0.0179684 -0.005
      vertex -0.031489 -0.0179684 0.003
    endloop
  endfacet
  facet normal 0.687701 -0.725994 0
    outer loop
      vertex -0.031489 -0.0179684 0.003
      vertex -0.031489 -0.0179684 -0.005
      vertex -0.0313711 -0.0178568 0.003
    endloop
  endfacet
  facet normal 0.687701 -0.725994 0
    outer loop
      vertex -0.031489 -0.0179684 -0.005
      vertex -0.0313711 -0.0178568 -0.005
      vertex -0.0313711 -0.0178568 0.003
    endloop
  endfacet
  facet normal 0.605171 -0.796095 0
    outer loop
      vertex -0.0313711 -0.0178568 0.003
      vertex -0.0313711 -0.0178568 -0.005
      vertex -0.0312418 -0.0177585 0.003
    endloop
  endfacet
  facet normal 0.605171 -0.796095 0
    outer loop
      vertex -0.0313711 -0.0178568 -0.005
      vertex -0.0312418 -0.0177585 -0.005
      vertex -0.0312418 -0.0177585 0.003
    endloop
  endfacet
  facet normal 0.515558 -0.856855 0
    outer loop
      vertex -0.0312418 -0.0177585 0.003
      vertex -0.0312418 -0.0177585 -0.005
      vertex -0.0311026 -0.0176747 0.003
    endloop
  endfacet
  facet normal 0.515558 -0.856855 0
    outer loop
      vertex -0.0312418 -0.0177585 -0.005
      vertex -0.0311026 -0.0176747 -0.005
      vertex -0.0311026 -0.0176747 0.003
    endloop
  endfacet
  facet normal 0.419888 -0.907576 0
    outer loop
      vertex -0.0311026 -0.0176747 0.003
      vertex -0.0311026 -0.0176747 -0.005
      vertex -0.0309552 -0.0176065 0.003
    endloop
  endfacet
  facet normal 0.419888 -0.907576 0
    outer loop
      vertex -0.0311026 -0.0176747 -0.005
      vertex -0.0309552 -0.0176065 -0.005
      vertex -0.0309552 -0.0176065 0.003
    endloop
  endfacet
  facet normal 0.319302 -0.947653 0
    outer loop
      vertex -0.0309552 -0.0176065 0.003
      vertex -0.0309552 -0.0176065 -0.005
      vertex -0.0308013 -0.0175547 0.003
    endloop
  endfacet
  facet normal 0.319302 -0.947653 0
    outer loop
      vertex -0.0309552 -0.0176065 -0.005
      vertex -0.0308013 -0.0175547 -0.005
      vertex -0.0308013 -0.0175547 0.003
    endloop
  endfacet
  facet normal 0.214971 -0.97662 0
    outer loop
      vertex -0.0308013 -0.0175547 0.003
      vertex -0.0308013 -0.0175547 -0.005
      vertex -0.0306427 -0.0175198 0.003
    endloop
  endfacet
  facet normal 0.214971 -0.97662 0
    outer loop
      vertex -0.0308013 -0.0175547 -0.005
      vertex -0.0306427 -0.0175198 -0.005
      vertex -0.0306427 -0.0175198 0.003
    endloop
  endfacet
  facet normal 0.108113 -0.994139 0
    outer loop
      vertex -0.0306427 -0.0175198 0.003
      vertex -0.0306427 -0.0175198 -0.005
      vertex -0.0304812 -0.0175022 0.003
    endloop
  endfacet
  facet normal 0.108113 -0.994139 0
    outer loop
      vertex -0.0306427 -0.0175198 -0.005
      vertex -0.0304812 -0.0175022 -0.005
      vertex -0.0304812 -0.0175022 0.003
    endloop
  endfacet
  facet normal 0 -1 0
    outer loop
      vertex -0.0304812 -0.0175022 0.003
      vertex -0.0304812 -0.0175022 -0.005
      vertex -0.0303188 -0.0175022 0.003
    endloop
  endfacet
  facet normal 0 -1 0
    outer loop
      vertex -0.0304812 -0.0175022 -0.005
      vertex -0.0303188 -0.0175022 -0.005
      vertex -0.0303188 -0.0175022 0.003
    endloop
  endfacet
  facet normal -0.108111 -0.994139 0
    outer loop
      vertex -0.0303188 -0.0175022 0.003
      vertex -0.0303188 -0.0175022 -0.005
      vertex -0.0301573 -0.0175198 0.003
    endloop
  endfacet
  facet normal -0.108111 -0.994139 0
    outer loop
      vertex -0.0303188 -0.0175022 -0.005
      vertex -0.0301573 -0.0175198 -0.005
      vertex -0.0301573 -0.0175198 0.003
    endloop
  endfacet
  facet normal -0.214974 -0.97662 0
    outer loop
      vertex -0.0301573 -0.0175198 0.003
      vertex -0.0301573 -0.0175198 -0.005
      vertex -0.0299987 -0.0175547 0.003
    endloop
  endfacet
  facet normal -0.214974 -0.97662 0
    outer loop
      vertex -0.0301573 -0.0175198 -0.005
      vertex -0.0299987 -0.0175547 -0.005
      vertex -0.0299987 -0.0175547 0.003
    endloop
  endfacet
  facet normal -0.319302 -0.947653 0
    outer loop
      vertex -0.0299987 -0.0175547 0.003
      vertex -0.0299987 -0.0175547 -0.005
      vertex -0.0298448 -0.0176065 0.003
    endloop
  endfacet
  facet normal -0.319302 -0.947653 0
    outer loop
      vertex -0.0299987 -0.0175547 -0.005
      vertex -0.0298448 -0.0176065 -0.005
      vertex -0.0298448 -0.0176065 0.003
    endloop
  endfacet
  facet normal -0.419888 -0.907576 0
    outer loop
      vertex -0.0298448 -0.0176065 0.003
      vertex -0.0298448 -0.0176065 -0.005
      vertex -0.0296974 -0.0176747 0.003
    endloop
  endfacet
  facet normal -0.419888 -0.907576 0
    outer loop
      vertex -0.0298448 -0.0176065 -0.005
      vertex -0.0296974 -0.0176747 -0.005
      vertex -0.0296974 -0.0176747 0.003
    endloop
  endfacet
  facet normal -0.515558 -0.856855 0
    outer loop
      vertex -0.0296974 -0.0176747 0.003
      vertex -0.0296974 -0.0176747 -0.005
      vertex -0.0295582 -0.0177585 0.003
    endloop
  endfacet
  facet normal -0.515558 -0.856855 0
    outer loop
      vertex -0.0296974 -0.0176747 -0.005
      vertex -0.0295582 -0.0177585 -0.005
      vertex -0.0295582 -0.0177585 0.003
    endloop
  endfacet
  facet normal -0.605171 -0.796095 0
    outer loop
      vertex -0.0295582 -0.0177585 0.003
      vertex -0.0295582 -0.0177585 -0.005
      vertex -0.0294289 -0.0178568 0.003
    endloop
  endfacet
  facet normal -0.605171 -0.796095 0
    outer loop
      vertex -0.0295582 -0.0177585 -0.005
      vertex -0.0294289 -0.0178568 -0.005
      vertex -0.0294289 -0.0178568 0.003
    endloop
  endfacet
  facet normal -0.687701 -0.725994 0
    outer loop
      vertex -0.0294289 -0.0178568 0.003
      vertex -0.0294289 -0.0178568 -0.005
      vertex -0.029311 -0.0179684 0.003
    endloop
  endfacet
  facet normal -0.687701 -0.725994 0
    outer loop
      vertex -0.0294289 -0.0178568 -0.005
      vertex -0.029311 -0.0179684 -0.005
      vertex -0.029311 -0.0179684 0.003
    endloop
  endfacet
  facet normal -0.762162 -0.647387 0
    outer loop
      vertex -0.029311 -0.0179684 0.003
      vertex -0.029311 -0.0179684 -0.005
      vertex -0.0292059 -0.0180922 0.003
    endloop
  endfacet
  facet normal -0.762162 -0.647387 0
    outer loop
      vertex -0.029311 -0.0179684 -0.005
      vertex -0.0292059 -0.0180922 -0.005
      vertex -0.0292059 -0.0180922 0.003
    endloop
  endfacet
  facet normal -0.827688 -0.561188 0
    outer loop
      vertex -0.0292059 -0.0180922 0.003
      vertex -0.0292059 -0.0180922 -0.005
      vertex -0.0291147 -0.0182267 0.003
    endloop
  endfacet
  facet normal -0.827688 -0.561188 0
    outer loop
      vertex -0.0292059 -0.0180922 -0.005
      vertex -0.0291147 -0.0182267 -0.005
      vertex -0.0291147 -0.0182267 0.003
    endloop
  endfacet
  facet normal -0.883512 -0.468408 0
    outer loop
      vertex -0.0291147 -0.0182267 0.003
      vertex -0.0291147 -0.0182267 -0.005
      vertex -0.0290386 -0.0183702 0.003
    endloop
  endfacet
  facet normal -0.883512 -0.468408 0
    outer loop
      vertex -0.0291147 -0.0182267 -0.005
      vertex -0.0290386 -0.0183702 -0.005
      vertex -0.0290386 -0.0183702 0.003
    endloop
  endfacet
  facet normal -0.928976 -0.370139 0
    outer loop
      vertex -0.0290386 -0.0183702 0.003
      vertex -0.0290386 -0.0183702 -0.005
      vertex -0.0289785 -0.018521 0.003
    endloop
  endfacet
  facet normal -0.928976 -0.370139 0
    outer loop
      vertex -0.0290386 -0.0183702 -0.005
      vertex -0.0289785 -0.018521 -0.005
      vertex -0.0289785 -0.018521 0.003
    endloop
  endfacet
  facet normal -0.963551 -0.267523 0
    outer loop
      vertex -0.0289785 -0.018521 0.003
      vertex -0.0289785 -0.018521 -0.005
      vertex -0.0289351 -0.0186775 0.003
    endloop
  endfacet
  facet normal -0.963551 -0.267523 0
    outer loop
      vertex -0.0289785 -0.018521 -0.005
      vertex -0.0289351 -0.0186775 -0.005
      vertex -0.0289351 -0.0186775 0.003
    endloop
  endfacet
  facet normal -0.986826 -0.161784 0
    outer loop
      vertex -0.0289351 -0.0186775 0.003
      vertex -0.0289351 -0.0186775 -0.005
      vertex -0.0289088 -0.0188378 0.003
    endloop
  endfacet
  facet normal -0.986826 -0.161784 0
    outer loop
      vertex -0.0289351 -0.0186775 -0.005
      vertex -0.0289088 -0.0188378 -0.005
      vertex -0.0289088 -0.0188378 0.003
    endloop
  endfacet
  facet normal -0.998533 -0.0541418 0
    outer loop
      vertex -0.0289088 -0.0188378 0.003
      vertex -0.0289088 -0.0188378 -0.005
      vertex -0.0289 -0.019 0.003
    endloop
  endfacet
  facet normal -0.998533 -0.0541418 0
    outer loop
      vertex -0.0289088 -0.0188378 -0.005
      vertex -0.0289 -0.019 -0.005
      vertex -0.0289 -0.019 0.003
    endloop
  endfacet
  facet normal -0.998533 0.054138 0
    outer loop
      vertex -0.01475 -0.01 0.005
      vertex -0.01475 -0.01 -0.005
      vertex -0.0147632 -0.0102433 0.005
    endloop
  endfacet
  facet normal -0.998533 0.054138 0
    outer loop
      vertex -0.01475 -0.01 -0.005
      vertex -0.0147632 -0.0102433 -0.005
      vertex -0.0147632 -0.0102433 0.005
    endloop
  endfacet
  facet normal -0.986826 0.161783 0
    outer loop
      vertex -0.0147632 -0.0102433 0.005
      vertex -0.0147632 -0.0102433 -0.005
      vertex -0.0148026 -0.0104837 0.005
    endloop
  endfacet
  facet normal -0.986826 0.161783 0
    outer loop
      vertex -0.0147632 -0.0102433 -0.005
      vertex -0.0148026 -0.0104837 -0.005
      vertex -0.0148026 -0.0104837 0.005
    endloop
  endfacet
  facet normal -0.96355 0.267529 0
    outer loop
      vertex -0.0148026 -0.0104837 0.005
      vertex -0.0148026 -0.0104837 -0.005
      vertex -0.0148678 -0.0107184 0.005
    endloop
  endfacet
  facet normal -0.96355 0.267529 0
    outer loop
      vertex -0.0148026 -0.0104837 -0.005
      vertex -0.0148678 -0.0107184 -0.005
      vertex -0.0148678 -0.0107184 0.005
    endloop
  endfacet
  facet normal -0.928976 0.370139 0
    outer loop
      vertex -0.0148678 -0.0107184 0.005
      vertex -0.0148678 -0.0107184 -0.005
      vertex -0.014958 -0.0109448 0.005
    endloop
  endfacet
  facet normal -0.928976 0.370139 0
    outer loop
      vertex -0.0148678 -0.0107184 -0.005
      vertex -0.014958 -0.0109448 -0.005
      vertex -0.014958 -0.0109448 0.005
    endloop
  endfacet
  facet normal -0.883512 0.468408 0
    outer loop
      vertex -0.014958 -0.0109448 0.005
      vertex -0.014958 -0.0109448 -0.005
      vertex -0.0150721 -0.01116 0.005
    endloop
  endfacet
  facet normal -0.883512 0.468408 0
    outer loop
      vertex -0.014958 -0.0109448 -0.005
      vertex -0.0150721 -0.01116 -0.005
      vertex -0.0150721 -0.01116 0.005
    endloop
  endfacet
  facet normal -0.827689 0.561188 0
    outer loop
      vertex -0.0150721 -0.01116 0.005
      vertex -0.0150721 -0.01116 -0.005
      vertex -0.0152088 -0.0113616 0.005
    endloop
  endfacet
  facet normal -0.827689 0.561188 0
    outer loop
      vertex -0.0150721 -0.01116 -0.005
      vertex -0.0152088 -0.0113616 -0.005
      vertex -0.0152088 -0.0113616 0.005
    endloop
  endfacet
  facet normal -0.762163 0.647385 0
    outer loop
      vertex -0.0152088 -0.0113616 0.005
      vertex -0.0152088 -0.0113616 -0.005
      vertex -0.0153665 -0.0115473 0.005
    endloop
  endfacet
  facet normal -0.762163 0.647385 0
    outer loop
      vertex -0.0152088 -0.0113616 -0.005
      vertex -0.0153665 -0.0115473 -0.005
      vertex -0.0153665 -0.0115473 0.005
    endloop
  endfacet
  facet normal -0.687699 0.725996 0
    outer loop
      vertex -0.0153665 -0.0115473 0.005
      vertex -0.0153665 -0.0115473 -0.005
      vertex -0.0155434 -0.0117149 0.005
    endloop
  endfacet
  facet normal -0.687699 0.725996 0
    outer loop
      vertex -0.0153665 -0.0115473 -0.005
      vertex -0.0155434 -0.0117149 -0.005
      vertex -0.0155434 -0.0117149 0.005
    endloop
  endfacet
  facet normal -0.605175 0.796092 0
    outer loop
      vertex -0.0155434 -0.0117149 0.005
      vertex -0.0155434 -0.0117149 -0.005
      vertex -0.0157373 -0.0118623 0.005
    endloop
  endfacet
  facet normal -0.605175 0.796092 0
    outer loop
      vertex -0.0155434 -0.0117149 -0.005
      vertex -0.0157373 -0.0118623 -0.005
      vertex -0.0157373 -0.0118623 0.005
    endloop
  endfacet
  facet normal -0.515553 0.856857 0
    outer loop
      vertex -0.0157373 -0.0118623 0.005
      vertex -0.0157373 -0.0118623 -0.005
      vertex -0.0159461 -0.0119879 0.005
    endloop
  endfacet
  facet normal -0.515553 0.856857 0
    outer loop
      vertex -0.0157373 -0.0118623 -0.005
      vertex -0.0159461 -0.0119879 -0.005
      vertex -0.0159461 -0.0119879 0.005
    endloop
  endfacet
  facet normal -0.419888 0.907576 0
    outer loop
      vertex -0.0159461 -0.0119879 0.005
      vertex -0.0159461 -0.0119879 -0.005
      vertex -0.0161672 -0.0120902 0.005
    endloop
  endfacet
  facet normal -0.419888 0.907576 0
    outer loop
      vertex -0.0159461 -0.0119879 -0.005
      vertex -0.0161672 -0.0120902 -0.005
      vertex -0.0161672 -0.0120902 0.005
    endloop
  endfacet
  facet normal -0.319302 0.947653 0
    outer loop
      vertex -0.0161672 -0.0120902 0.005
      vertex -0.0161672 -0.0120902 -0.005
      vertex -0.0163981 -0.012168 0.005
    endloop
  endfacet
  facet normal -0.319302 0.947653 0
    outer loop
      vertex -0.0161672 -0.0120902 -0.005
      vertex -0.0163981 -0.012168 -0.005
      vertex -0.0163981 -0.012168 0.005
    endloop
  endfacet
  facet normal -0.214969 0.976621 0
    outer loop
      vertex -0.0163981 -0.012168 0.005
      vertex -0.0163981 -0.012168 -0.005
      vertex -0.016636 -0.0122204 0.005
    endloop
  endfacet
  facet normal -0.214969 0.976621 0
    outer loop
      vertex -0.0163981 -0.012168 -0.005
      vertex -0.016636 -0.0122204 -0.005
      vertex -0.016636 -0.0122204 0.005
    endloop
  endfacet
  facet normal -0.10812 0.994138 0
    outer loop
      vertex -0.016636 -0.0122204 0.005
      vertex -0.016636 -0.0122204 -0.005
      vertex -0.0168782 -0.0122467 0.005
    endloop
  endfacet
  facet normal -0.10812 0.994138 0
    outer loop
      vertex -0.016636 -0.0122204 -0.005
      vertex -0.0168782 -0.0122467 -0.005
      vertex -0.0168782 -0.0122467 0.005
    endloop
  endfacet
  facet normal 0 1 0
    outer loop
      vertex -0.0168782 -0.0122467 0.005
      vertex -0.0168782 -0.0122467 -0.005
      vertex -0.0171218 -0.0122467 0.005
    endloop
  endfacet
  facet normal 0 1 0
    outer loop
      vertex -0.0168782 -0.0122467 -0.005
      vertex -0.0171218 -0.0122467 -0.005
      vertex -0.0171218 -0.0122467 0.005
    endloop
  endfacet
  facet normal 0.108119 0.994138 0
    outer loop
      vertex -0.0171218 -0.0122467 0.005
      vertex -0.0171218 -0.0122467 -0.005
      vertex -0.017364 -0.0122204 0.005
    endloop
  endfacet
  facet normal 0.108119 0.994138 0
    outer loop
      vertex -0.0171218 -0.0122467 -0.005
      vertex -0.017364 -0.0122204 -0.005
      vertex -0.017364 -0.0122204 0.005
    endloop
  endfacet
  facet normal 0.21497 0.976621 0
    outer loop
      vertex -0.017364 -0.0122204 0.005
      vertex -0.017364 -0.0122204 -0.005
      vertex -0.0176019 -0.012168 0.005
    endloop
  endfacet
  facet normal 0.21497 0.976621 0
    outer loop
      vertex -0.017364 -0.0122204 -0.005
      vertex -0.0176019 -0.012168 -0.005
      vertex -0.0176019 -0.012168 0.005
    endloop
  endfacet
  facet normal 0.3193 0.947654 0
    outer loop
      vertex -0.0176019 -0.012168 0.005
      vertex -0.0176019 -0.012168 -0.005
      vertex -0.0178328 -0.0120902 0.005
    endloop
  endfacet
  facet normal 0.3193 0.947654 0
    outer loop
      vertex -0.0176019 -0.012168 -0.005
      vertex -0.0178328 -0.0120902 -0.005
      vertex -0.0178328 -0.0120902 0.005
    endloop
  endfacet
  facet normal 0.419891 0.907575 0
    outer loop
      vertex -0.0178328 -0.0120902 0.005
      vertex -0.0178328 -0.0120902 -0.005
      vertex -0.0180539 -0.0119879 0.005
    endloop
  endfacet
  facet normal 0.419891 0.907575 0
    outer loop
      vertex -0.0178328 -0.0120902 -0.005
      vertex -0.0180539 -0.0119879 -0.005
      vertex -0.0180539 -0.0119879 0.005
    endloop
  endfacet
  facet normal 0.515553 0.856857 0
    outer loop
      vertex -0.0180539 -0.0119879 0.005
      vertex -0.0180539 -0.0119879 -0.005
      vertex -0.0182627 -0.0118623 0.005
    endloop
  endfacet
  facet normal 0.515553 0.856857 0
    outer loop
      vertex -0.0180539 -0.0119879 -0.005
      vertex -0.0182627 -0.0118623 -0.005
      vertex -0.0182627 -0.0118623 0.005
    endloop
  endfacet
  facet normal 0.605175 0.796092 0
    outer loop
      vertex -0.0182627 -0.0118623 0.005
      vertex -0.0182627 -0.0118623 -0.005
      vertex -0.0184566 -0.0117149 0.005
    endloop
  endfacet
  facet normal 0.605175 0.796092 0
    outer loop
      vertex -0.0182627 -0.0118623 -0.005
      vertex -0.0184566 -0.0117149 -0.005
      vertex -0.0184566 -0.0117149 0.005
    endloop
  endfacet
  facet normal 0.687697 0.725998 0
    outer loop
      vertex -0.0184566 -0.0117149 0.005
      vertex -0.0184566 -0.0117149 -0.005
      vertex -0.0186335 -0.0115473 0.005
    endloop
  endfacet
  facet normal 0.687697 0.725998 0
    outer loop
      vertex -0.0184566 -0.0117149 -0.005
      vertex -0.0186335 -0.0115473 -0.005
      vertex -0.0186335 -0.0115473 0.005
    endloop
  endfacet
  facet normal 0.762163 0.647385 0
    outer loop
      vertex -0.0186335 -0.0115473 0.005
      vertex -0.0186335 -0.0115473 -0.005
      vertex -0.0187912 -0.0113616 0.005
    endloop
  endfacet
  facet normal 0.762163 0.647385 0
    outer loop
      vertex -0.0186335 -0.0115473 -0.005
      vertex -0.0187912 -0.0113616 -0.005
      vertex -0.0187912 -0.0113616 0.005
    endloop
  endfacet
  facet normal 0.82769 0.561185 0
    outer loop
      vertex -0.0187912 -0.0113616 0.005
      vertex -0.0187912 -0.0113616 -0.005
      vertex -0.0189279 -0.01116 0.005
    endloop
  endfacet
  facet normal 0.82769 0.561185 0
    outer loop
      vertex -0.0187912 -0.0113616 -0.005
      vertex -0.0189279 -0.01116 -0.005
      vertex -0.0189279 -0.01116 0.005
    endloop
  endfacet
  facet normal 0.88351 0.468411 0
    outer loop
      vertex -0.0189279 -0.01116 0.005
      vertex -0.0189279 -0.01116 -0.005
      vertex -0.019042 -0.0109448 0.005
    endloop
  endfacet
  facet normal 0.88351 0.468411 0
    outer loop
      vertex -0.0189279 -0.01116 -0.005
      vertex -0.019042 -0.0109448 -0.005
      vertex -0.019042 -0.0109448 0.005
    endloop
  endfacet
  facet normal 0.928978 0.370135 0
    outer loop
      vertex -0.019042 -0.0109448 0.005
      vertex -0.019042 -0.0109448 -0.005
      vertex -0.0191322 -0.0107184 0.005
    endloop
  endfacet
  facet normal 0.928978 0.370135 0
    outer loop
      vertex -0.019042 -0.0109448 -0.005
      vertex -0.0191322 -0.0107184 -0.005
      vertex -0.0191322 -0.0107184 0.005
    endloop
  endfacet
  facet normal 0.963549 0.267533 0
    outer loop
      vertex -0.0191322 -0.0107184 0.005
      vertex -0.0191322 -0.0107184 -0.005
      vertex -0.0191974 -0.0104837 0.005
    endloop
  endfacet
  facet normal 0.963549 0.267533 0
    outer loop
      vertex -0.0191322 -0.0107184 -0.005
      vertex -0.0191974 -0.0104837 -0.005
      vertex -0.0191974 -0.0104837 0.005
    endloop
  endfacet
  facet normal 0.986827 0.161779 0
    outer loop
      vertex -0.0191974 -0.0104837 0.005
      vertex -0.0191974 -0.0104837 -0.005
      vertex -0.0192368 -0.0102433 0.005
    endloop
  endfacet
  facet normal 0.986827 0.161779 0
    outer loop
      vertex -0.0191974 -0.0104837 -0.005
      vertex -0.0192368 -0.0102433 -0.005
      vertex -0.0192368 -0.0102433 0.005
    endloop
  endfacet
  facet normal 0.998533 0.054138 0
    outer loop
      vertex -0.0192368 -0.0102433 0.005
      vertex -0.0192368 -0.0102433 -0.005
      vertex -0.01925 -0.01 0.005
    endloop
  endfacet
  facet normal 0.998533 0.054138 0
    outer loop
      vertex -0.0192368 -0.0102433 -0.005
      vertex -0.01925 -0.01 -0.005
      vertex -0.01925 -0.01 0.005
    endloop
  endfacet
  facet normal 0.998533 -0.0541382 0
    outer loop
      vertex -0.01925 -0.01 0.005
      vertex -0.01925 -0.01 -0.005
      vertex -0.0192368 -0.00975673 0.005
    endloop
  endfacet
  facet normal 0.998533 -0.0541382 0
    outer loop
      vertex -0.01925 -0.01 -0.005
      vertex -0.0192368 -0.00975673 -0.005
      vertex -0.0192368 -0.00975673 0.005
    endloop
  endfacet
  facet normal 0.986827 -0.161779 0
    outer loop
      vertex -0.0192368 -0.00975673 0.005
      vertex -0.0192368 -0.00975673 -0.005
      vertex -0.0191974 -0.00951632 0.005
    endloop
  endfacet
  facet normal 0.986827 -0.161779 0
    outer loop
      vertex -0.0192368 -0.00975673 -0.005
      vertex -0.0191974 -0.00951632 -0.005
      vertex -0.0191974 -0.00951632 0.005
    endloop
  endfacet
  facet normal 0.963549 -0.267533 0
    outer loop
      vertex -0.0191974 -0.00951632 0.005
      vertex -0.0191974 -0.00951632 -0.005
      vertex -0.0191322 -0.00928157 0.005
    endloop
  endfacet
  facet normal 0.963549 -0.267533 0
    outer loop
      vertex -0.0191974 -0.00951632 -0.005
      vertex -0.0191322 -0.00928157 -0.005
      vertex -0.0191322 -0.00928157 0.005
    endloop
  endfacet
  facet normal 0.928978 -0.370135 0
    outer loop
      vertex -0.0191322 -0.00928157 0.005
      vertex -0.0191322 -0.00928157 -0.005
      vertex -0.019042 -0.00905525 0.005
    endloop
  endfacet
  facet normal 0.928978 -0.370135 0
    outer loop
      vertex -0.0191322 -0.00928157 -0.005
      vertex -0.019042 -0.00905525 -0.005
      vertex -0.019042 -0.00905525 0.005
    endloop
  endfacet
  facet normal 0.88351 -0.468411 0
    outer loop
      vertex -0.019042 -0.00905525 0.005
      vertex -0.019042 -0.00905525 -0.005
      vertex -0.0189279 -0.00884 0.005
    endloop
  endfacet
  facet normal 0.88351 -0.468411 0
    outer loop
      vertex -0.019042 -0.00905525 -0.005
      vertex -0.0189279 -0.00884 -0.005
      vertex -0.0189279 -0.00884 0.005
    endloop
  endfacet
  facet normal 0.827692 -0.561183 0
    outer loop
      vertex -0.0189279 -0.00884 0.005
      vertex -0.0189279 -0.00884 -0.005
      vertex -0.0187912 -0.00863836 0.005
    endloop
  endfacet
  facet normal 0.827692 -0.561183 0
    outer loop
      vertex -0.0189279 -0.00884 -0.005
      vertex -0.0187912 -0.00863836 -0.005
      vertex -0.0187912 -0.00863836 0.005
    endloop
  endfacet
  facet normal 0.762162 -0.647387 0
    outer loop
      vertex -0.0187912 -0.00863836 0.005
      vertex -0.0187912 -0.00863836 -0.005
      vertex -0.0186335 -0.00845268 0.005
    endloop
  endfacet
  facet normal 0.762162 -0.647387 0
    outer loop
      vertex -0.0187912 -0.00863836 -0.005
      vertex -0.0186335 -0.00845268 -0.005
      vertex -0.0186335 -0.00845268 0.005
    endloop
  endfacet
  facet normal 0.687697 -0.725998 0
    outer loop
      vertex -0.0186335 -0.00845268 0.005
      vertex -0.0186335 -0.00845268 -0.005
      vertex -0.0184566 -0.00828514 0.005
    endloop
  endfacet
  facet normal 0.687697 -0.725998 0
    outer loop
      vertex -0.0186335 -0.00845268 -0.005
      vertex -0.0184566 -0.00828514 -0.005
      vertex -0.0184566 -0.00828514 0.005
    endloop
  endfacet
  facet normal 0.605175 -0.796092 0
    outer loop
      vertex -0.0184566 -0.00828514 0.005
      vertex -0.0184566 -0.00828514 -0.005
      vertex -0.0182627 -0.0081377 0.005
    endloop
  endfacet
  facet normal 0.605175 -0.796092 0
    outer loop
      vertex -0.0184566 -0.00828514 -0.005
      vertex -0.0182627 -0.0081377 -0.005
      vertex -0.0182627 -0.0081377 0.005
    endloop
  endfacet
  facet normal 0.515553 -0.856857 0
    outer loop
      vertex -0.0182627 -0.0081377 0.005
      vertex -0.0182627 -0.0081377 -0.005
      vertex -0.0180539 -0.0080121 0.005
    endloop
  endfacet
  facet normal 0.515553 -0.856857 0
    outer loop
      vertex -0.0182627 -0.0081377 -0.005
      vertex -0.0180539 -0.0080121 -0.005
      vertex -0.0180539 -0.0080121 0.005
    endloop
  endfacet
  facet normal 0.419891 -0.907575 0
    outer loop
      vertex -0.0180539 -0.0080121 0.005
      vertex -0.0180539 -0.0080121 -0.005
      vertex -0.0178328 -0.0079098 0.005
    endloop
  endfacet
  facet normal 0.419891 -0.907575 0
    outer loop
      vertex -0.0180539 -0.0080121 -0.005
      vertex -0.0178328 -0.0079098 -0.005
      vertex -0.0178328 -0.0079098 0.005
    endloop
  endfacet
  facet normal 0.3193 -0.947654 0
    outer loop
      vertex -0.0178328 -0.0079098 0.005
      vertex -0.0178328 -0.0079098 -0.005
      vertex -0.0176019 -0.00783201 0.005
    endloop
  endfacet
  facet normal 0.3193 -0.947654 0
    outer loop
      vertex -0.0178328 -0.0079098 -0.005
      vertex -0.0176019 -0.00783201 -0.005
      vertex -0.0176019 -0.00783201 0.005
    endloop
  endfacet
  facet normal 0.214972 -0.97662 0
    outer loop
      vertex -0.0176019 -0.00783201 0.005
      vertex -0.0176019 -0.00783201 -0.005
      vertex -0.017364 -0.00777964 0.005
    endloop
  endfacet
  facet normal 0.214972 -0.97662 0
    outer loop
      vertex -0.0176019 -0.00783201 -0.005
      vertex -0.017364 -0.00777964 -0.005
      vertex -0.017364 -0.00777964 0.005
    endloop
  endfacet
  facet normal 0.108119 -0.994138 0
    outer loop
      vertex -0.017364 -0.00777964 0.005
      vertex -0.017364 -0.00777964 -0.005
      vertex -0.0171218 -0.0077533 0.005
    endloop
  endfacet
  facet normal 0.108119 -0.994138 0
    outer loop
      vertex -0.017364 -0.00777964 -0.005
      vertex -0.0171218 -0.0077533 -0.005
      vertex -0.0171218 -0.0077533 0.005
    endloop
  endfacet
  facet normal 0 -1 0
    outer loop
      vertex -0.0171218 -0.0077533 0.005
      vertex -0.0171218 -0.0077533 -0.005
      vertex -0.0168782 -0.0077533 0.005
    endloop
  endfacet
  facet normal 0 -1 0
    outer loop
      vertex -0.0171218 -0.0077533 -0.005
      vertex -0.0168782 -0.0077533 -0.005
      vertex -0.0168782 -0.0077533 0.005
    endloop
  endfacet
  facet normal -0.10812 -0.994138 0
    outer loop
      vertex -0.0168782 -0.0077533 0.005
      vertex -0.0168782 -0.0077533 -0.005
      vertex -0.016636 -0.00777964 0.005
    endloop
  endfacet
  facet normal -0.10812 -0.994138 0
    outer loop
      vertex -0.0168782 -0.0077533 -0.005
      vertex -0.016636 -0.00777964 -0.005
      vertex -0.016636 -0.00777964 0.005
    endloop
  endfacet
  facet normal -0.21497 -0.976621 0
    outer loop
      vertex -0.016636 -0.00777964 0.005
      vertex -0.016636 -0.00777964 -0.005
      vertex -0.0163981 -0.00783201 0.005
    endloop
  endfacet
  facet normal -0.21497 -0.976621 0
    outer loop
      vertex -0.016636 -0.00777964 -0.005
      vertex -0.0163981 -0.00783201 -0.005
      vertex -0.0163981 -0.00783201 0.005
    endloop
  endfacet
  facet normal -0.319302 -0.947653 0
    outer loop
      vertex -0.0163981 -0.00783201 0.005
      vertex -0.0163981 -0.00783201 -0.005
      vertex -0.0161672 -0.0079098 0.005
    endloop
  endfacet
  facet normal -0.319302 -0.947653 0
    outer loop
      vertex -0.0163981 -0.00783201 -0.005
      vertex -0.0161672 -0.0079098 -0.005
      vertex -0.0161672 -0.0079098 0.005
    endloop
  endfacet
  facet normal -0.419888 -0.907576 0
    outer loop
      vertex -0.0161672 -0.0079098 0.005
      vertex -0.0161672 -0.0079098 -0.005
      vertex -0.0159461 -0.0080121 0.005
    endloop
  endfacet
  facet normal -0.419888 -0.907576 0
    outer loop
      vertex -0.0161672 -0.0079098 -0.005
      vertex -0.0159461 -0.0080121 -0.005
      vertex -0.0159461 -0.0080121 0.005
    endloop
  endfacet
  facet normal -0.515553 -0.856857 0
    outer loop
      vertex -0.0159461 -0.0080121 0.005
      vertex -0.0159461 -0.0080121 -0.005
      vertex -0.0157373 -0.0081377 0.005
    endloop
  endfacet
  facet normal -0.515553 -0.856857 0
    outer loop
      vertex -0.0159461 -0.0080121 -0.005
      vertex -0.0157373 -0.0081377 -0.005
      vertex -0.0157373 -0.0081377 0.005
    endloop
  endfacet
  facet normal -0.605175 -0.796092 0
    outer loop
      vertex -0.0157373 -0.0081377 0.005
      vertex -0.0157373 -0.0081377 -0.005
      vertex -0.0155434 -0.00828514 0.005
    endloop
  endfacet
  facet normal -0.605175 -0.796092 0
    outer loop
      vertex -0.0157373 -0.0081377 -0.005
      vertex -0.0155434 -0.00828514 -0.005
      vertex -0.0155434 -0.00828514 0.005
    endloop
  endfacet
  facet normal -0.687699 -0.725996 0
    outer loop
      vertex -0.0155434 -0.00828514 0.005
      vertex -0.0155434 -0.00828514 -0.005
      vertex -0.0153665 -0.00845268 0.005
    endloop
  endfacet
  facet normal -0.687699 -0.725996 0
    outer loop
      vertex -0.0155434 -0.00828514 -0.005
      vertex -0.0153665 -0.00845268 -0.005
      vertex -0.0153665 -0.00845268 0.005
    endloop
  endfacet
  facet normal -0.762162 -0.647387 0
    outer loop
      vertex -0.0153665 -0.00845268 0.005
      vertex -0.0153665 -0.00845268 -0.005
      vertex -0.0152088 -0.00863836 0.005
    endloop
  endfacet
  facet normal -0.762162 -0.647387 0
    outer loop
      vertex -0.0153665 -0.00845268 -0.005
      vertex -0.0152088 -0.00863836 -0.005
      vertex -0.0152088 -0.00863836 0.005
    endloop
  endfacet
  facet normal -0.82769 -0.561186 0
    outer loop
      vertex -0.0152088 -0.00863836 0.005
      vertex -0.0152088 -0.00863836 -0.005
      vertex -0.0150721 -0.00884 0.005
    endloop
  endfacet
  facet normal -0.82769 -0.561186 0
    outer loop
      vertex -0.0152088 -0.00863836 -0.005
      vertex -0.0150721 -0.00884 -0.005
      vertex -0.0150721 -0.00884 0.005
    endloop
  endfacet
  facet normal -0.883512 -0.468408 0
    outer loop
      vertex -0.0150721 -0.00884 0.005
      vertex -0.0150721 -0.00884 -0.005
      vertex -0.014958 -0.00905525 0.005
    endloop
  endfacet
  facet normal -0.883512 -0.468408 0
    outer loop
      vertex -0.0150721 -0.00884 -0.005
      vertex -0.014958 -0.00905525 -0.005
      vertex -0.014958 -0.00905525 0.005
    endloop
  endfacet
  facet normal -0.928976 -0.370139 0
    outer loop
      vertex -0.014958 -0.00905525 0.005
      vertex -0.014958 -0.00905525 -0.005
      vertex -0.0148678 -0.00928157 0.005
    endloop
  endfacet
  facet normal -0.928976 -0.370139 0
    outer loop
      vertex -0.014958 -0.00905525 -0.005
      vertex -0.0148678 -0.00928157 -0.005
      vertex -0.0148678 -0.00928157 0.005
    endloop
  endfacet
  facet normal -0.96355 -0.267529 0
    outer loop
      vertex -0.0148678 -0.00928157 0.005
      vertex -0.0148678 -0.00928157 -0.005
      vertex -0.0148026 -0.00951632 0.005
    endloop
  endfacet
  facet normal -0.96355 -0.267529 0
    outer loop
      vertex -0.0148678 -0.00928157 -0.005
      vertex -0.0148026 -0.00951632 -0.005
      vertex -0.0148026 -0.00951632 0.005
    endloop
  endfacet
  facet normal -0.986826 -0.161783 0
    outer loop
      vertex -0.0148026 -0.00951632 0.005
      vertex -0.0148026 -0.00951632 -0.005
      vertex -0.0147632 -0.00975673 0.005
    endloop
  endfacet
  facet normal -0.986826 -0.161783 0
    outer loop
      vertex -0.0148026 -0.00951632 -0.005
      vertex -0.0147632 -0.00975673 -0.005
      vertex -0.0147632 -0.00975673 0.005
    endloop
  endfacet
  facet normal -0.998533 -0.0541382 0
    outer loop
      vertex -0.0147632 -0.00975673 0.005
      vertex -0.0147632 -0.00975673 -0.005
      vertex -0.01475 -0.01 0.005
    endloop
  endfacet
  facet normal -0.998533 -0.0541382 0
    outer loop
      vertex -0.0147632 -0.00975673 -0.005
      vertex -0.01475 -0.01 -0.005
      vertex -0.01475 -0.01 0.005
    endloop
  endfacet
  facet normal -0.998533 0.0541389 0
    outer loop
      vertex 0.0014 -0.0379 0.003
      vertex 0.0014 -0.0379 -0.005
      vertex 0.00139121 -0.0380622 0.003
    endloop
  endfacet
  facet normal -0.998533 0.0541389 0
    outer loop
      vertex 0.0014 -0.0379 -0.005
      vertex 0.00139121 -0.0380622 -0.005
      vertex 0.00139121 -0.0380622 0.003
    endloop
  endfacet
  facet normal -0.986826 0.161782 0
    outer loop
      vertex 0.00139121 -0.0380622 0.003
      vertex 0.00139121 -0.0380622 -0.005
      vertex 0.00136493 -0.0382225 0.003
    endloop
  endfacet
  facet normal -0.986826 0.161782 0
    outer loop
      vertex 0.00139121 -0.0380622 -0.005
      vertex 0.00136493 -0.0382225 -0.005
      vertex 0.00136493 -0.0382225 0.003
    endloop
  endfacet
  facet normal -0.96355 0.26753 0
    outer loop
      vertex 0.00136493 -0.0382225 0.003
      vertex 0.00136493 -0.0382225 -0.005
      vertex 0.00132148 -0.038379 0.003
    endloop
  endfacet
  facet normal -0.96355 0.26753 0
    outer loop
      vertex 0.00136493 -0.0382225 -0.005
      vertex 0.00132148 -0.038379 -0.005
      vertex 0.00132148 -0.038379 0.003
    endloop
  endfacet
  facet normal -0.928977 0.370137 0
    outer loop
      vertex 0.00132148 -0.038379 0.003
      vertex 0.00132148 -0.038379 -0.005
      vertex 0.00126136 -0.0385298 0.003
    endloop
  endfacet
  facet normal -0.928977 0.370137 0
    outer loop
      vertex 0.00132148 -0.038379 -0.005
      vertex 0.00126136 -0.0385298 -0.005
      vertex 0.00126136 -0.0385298 0.003
    endloop
  endfacet
  facet normal -0.883513 0.468406 0
    outer loop
      vertex 0.00126136 -0.0385298 0.003
      vertex 0.00126136 -0.0385298 -0.005
      vertex 0.00118529 -0.0386733 0.003
    endloop
  endfacet
  facet normal -0.883513 0.468406 0
    outer loop
      vertex 0.00126136 -0.0385298 -0.005
      vertex 0.00118529 -0.0386733 -0.005
      vertex 0.00118529 -0.0386733 0.003
    endloop
  endfacet
  facet normal -0.82769 0.561186 0
    outer loop
      vertex 0.00118529 -0.0386733 0.003
      vertex 0.00118529 -0.0386733 -0.005
      vertex 0.00109414 -0.0388078 0.003
    endloop
  endfacet
  facet normal -0.82769 0.561186 0
    outer loop
      vertex 0.00118529 -0.0386733 -0.005
      vertex 0.00109414 -0.0388078 -0.005
      vertex 0.00109414 -0.0388078 0.003
    endloop
  endfacet
  facet normal -0.762161 0.647387 0
    outer loop
      vertex 0.00109414 -0.0388078 0.003
      vertex 0.00109414 -0.0388078 -0.005
      vertex 0.000988993 -0.0389315 0.003
    endloop
  endfacet
  facet normal -0.762161 0.647387 0
    outer loop
      vertex 0.00109414 -0.0388078 -0.005
      vertex 0.000988993 -0.0389315 -0.005
      vertex 0.000988993 -0.0389315 0.003
    endloop
  endfacet
  facet normal -0.687704 0.725991 0
    outer loop
      vertex 0.000988993 -0.0389315 0.003
      vertex 0.000988993 -0.0389315 -0.005
      vertex 0.000871079 -0.0390432 0.003
    endloop
  endfacet
  facet normal -0.687704 0.725991 0
    outer loop
      vertex 0.000988993 -0.0389315 -0.005
      vertex 0.000871079 -0.0390432 -0.005
      vertex 0.000871079 -0.0390432 0.003
    endloop
  endfacet
  facet normal -0.605165 0.7961 0
    outer loop
      vertex 0.000871079 -0.0390432 0.003
      vertex 0.000871079 -0.0390432 -0.005
      vertex 0.000741781 -0.0391415 0.003
    endloop
  endfacet
  facet normal -0.605165 0.7961 0
    outer loop
      vertex 0.000871079 -0.0390432 -0.005
      vertex 0.000741781 -0.0391415 -0.005
      vertex 0.000741781 -0.0391415 0.003
    endloop
  endfacet
  facet normal -0.515548 0.85686 0
    outer loop
      vertex 0.000741781 -0.0391415 0.003
      vertex 0.000741781 -0.0391415 -0.005
      vertex 0.000602613 -0.0392253 0.003
    endloop
  endfacet
  facet normal -0.515548 0.85686 0
    outer loop
      vertex 0.000741781 -0.0391415 -0.005
      vertex 0.000602613 -0.0392253 -0.005
      vertex 0.000602613 -0.0392253 0.003
    endloop
  endfacet
  facet normal -0.419899 0.907571 0
    outer loop
      vertex 0.000602613 -0.0392253 0.003
      vertex 0.000602613 -0.0392253 -0.005
      vertex 0.000455207 -0.0392935 0.003
    endloop
  endfacet
  facet normal -0.419899 0.907571 0
    outer loop
      vertex 0.000602613 -0.0392253 -0.005
      vertex 0.000455207 -0.0392935 -0.005
      vertex 0.000455207 -0.0392935 0.003
    endloop
  endfacet
  facet normal -0.319301 0.947653 0
    outer loop
      vertex 0.000455207 -0.0392935 0.003
      vertex 0.000455207 -0.0392935 -0.005
      vertex 0.000301293 -0.0393453 0.003
    endloop
  endfacet
  facet normal -0.319301 0.947653 0
    outer loop
      vertex 0.000455207 -0.0392935 -0.005
      vertex 0.000301293 -0.0393453 -0.005
      vertex 0.000301293 -0.0393453 0.003
    endloop
  endfacet
  facet normal -0.214962 0.976622 0
    outer loop
      vertex 0.000301293 -0.0393453 0.003
      vertex 0.000301293 -0.0393453 -0.005
      vertex 0.000142673 -0.0393802 0.003
    endloop
  endfacet
  facet normal -0.214962 0.976622 0
    outer loop
      vertex 0.000301293 -0.0393453 -0.005
      vertex 0.000142673 -0.0393802 -0.005
      vertex 0.000142673 -0.0393802 0.003
    endloop
  endfacet
  facet normal -0.108123 0.994138 0
    outer loop
      vertex 0.000142673 -0.0393802 0.003
      vertex 0.000142673 -0.0393802 -0.005
      vertex -1.87916e-5 -0.0393978 0.003
    endloop
  endfacet
  facet normal -0.108123 0.994138 0
    outer loop
      vertex 0.000142673 -0.0393802 -0.005
      vertex -1.87916e-5 -0.0393978 -0.005
      vertex -1.87916e-5 -0.0393978 0.003
    endloop
  endfacet
  facet normal 0 1 0
    outer loop
      vertex -1.87916e-5 -0.0393978 0.003
      vertex -1.87916e-5 -0.0393978 -0.005
      vertex -0.000181208 -0.0393978 0.003
    endloop
  endfacet
  facet normal 0 1 0
    outer loop
      vertex -1.87916e-5 -0.0393978 -0.005
      vertex -0.000181208 -0.0393978 -0.005
      vertex -0.000181208 -0.0393978 0.003
    endloop
  endfacet
  facet normal 0.108123 0.994138 0
    outer loop
      vertex -0.000181208 -0.0393978 0.003
      vertex -0.000181208 -0.0393978 -0.005
      vertex -0.000342673 -0.0393802 0.003
    endloop
  endfacet
  facet normal 0.108123 0.994138 0
    outer loop
      vertex -0.000181208 -0.0393978 -0.005
      vertex -0.000342673 -0.0393802 -0.005
      vertex -0.000342673 -0.0393802 0.003
    endloop
  endfacet
  facet normal 0.214962 0.976622 0
    outer loop
      vertex -0.000342673 -0.0393802 0.003
      vertex -0.000342673 -0.0393802 -0.005
      vertex -0.000501293 -0.0393453 0.003
    endloop
  endfacet
  facet normal 0.214962 0.976622 0
    outer loop
      vertex -0.000342673 -0.0393802 -0.005
      vertex -0.000501293 -0.0393453 -0.005
      vertex -0.000501293 -0.0393453 0.003
    endloop
  endfacet
  facet normal 0.319301 0.947653 0
    outer loop
      vertex -0.000501293 -0.0393453 0.003
      vertex -0.000501293 -0.0393453 -0.005
      vertex -0.000655207 -0.0392935 0.003
    endloop
  endfacet
  facet normal 0.319301 0.947653 0
    outer loop
      vertex -0.000501293 -0.0393453 -0.005
      vertex -0.000655207 -0.0392935 -0.005
      vertex -0.000655207 -0.0392935 0.003
    endloop
  endfacet
  facet normal 0.419899 0.907571 0
    outer loop
      vertex -0.000655207 -0.0392935 0.003
      vertex -0.000655207 -0.0392935 -0.005
      vertex -0.000802613 -0.0392253 0.003
    endloop
  endfacet
  facet normal 0.419899 0.907571 0
    outer loop
      vertex -0.000655207 -0.0392935 -0.005
      vertex -0.000802613 -0.0392253 -0.005
      vertex -0.000802613 -0.0392253 0.003
    endloop
  endfacet
  facet normal 0.515548 0.85686 0
    outer loop
      vertex -0.000802613 -0.0392253 0.003
      vertex -0.000802613 -0.0392253 -0.005
      vertex -0.000941781 -0.0391415 0.003
    endloop
  endfacet
  facet normal 0.515548 0.85686 0
    outer loop
      vertex -0.000802613 -0.0392253 -0.005
      vertex -0.000941781 -0.0391415 -0.005
      vertex -0.000941781 -0.0391415 0.003
    endloop
  endfacet
  facet normal 0.605165 0.7961 0
    outer loop
      vertex -0.000941781 -0.0391415 0.003
      vertex -0.000941781 -0.0391415 -0.005
      vertex -0.00107108 -0.0390432 0.003
    endloop
  endfacet
  facet normal 0.605165 0.7961 0
    outer loop
      vertex -0.000941781 -0.0391415 -0.005
      vertex -0.00107108 -0.0390432 -0.005
      vertex -0.00107108 -0.0390432 0.003
    endloop
  endfacet
  facet normal 0.687704 0.725991 0
    outer loop
      vertex -0.00107108 -0.0390432 0.003
      vertex -0.00107108 -0.0390432 -0.005
      vertex -0.00118899 -0.0389315 0.003
    endloop
  endfacet
  facet normal 0.687704 0.725991 0
    outer loop
      vertex -0.00107108 -0.0390432 -0.005
      vertex -0.00118899 -0.0389315 -0.005
      vertex -0.00118899 -0.0389315 0.003
    endloop
  endfacet
  facet normal 0.762162 0.647387 0
    outer loop
      vertex -0.00118899 -0.0389315 0.003
      vertex -0.00118899 -0.0389315 -0.005
      vertex -0.00129414 -0.0388078 0.003
    endloop
  endfacet
  facet normal 0.762162 0.647387 0
    outer loop
      vertex -0.00118899 -0.0389315 -0.005
      vertex -0.00129414 -0.0388078 -0.005
      vertex -0.00129414 -0.0388078 0.003
    endloop
  endfacet
  facet normal 0.827689 0.561186 0
    outer loop
      vertex -0.00129414 -0.0388078 0.003
      vertex -0.00129414 -0.0388078 -0.005
      vertex -0.00138529 -0.0386733 0.003
    endloop
  endfacet
  facet normal 0.827689 0.561186 0
    outer loop
      vertex -0.00129414 -0.0388078 -0.005
      vertex -0.00138529 -0.0386733 -0.005
      vertex -0.00138529 -0.0386733 0.003
    endloop
  endfacet
  facet normal 0.883513 0.468406 0
    outer loop
      vertex -0.00138529 -0.0386733 0.003
      vertex -0.00138529 -0.0386733 -0.005
      vertex -0.00146136 -0.0385298 0.003
    endloop
  endfacet
  facet normal 0.883513 0.468406 0
    outer loop
      vertex -0.00138529 -0.0386733 -0.005
      vertex -0.00146136 -0.0385298 -0.005
      vertex -0.00146136 -0.0385298 0.003
    endloop
  endfacet
  facet normal 0.928977 0.370137 0
    outer loop
      vertex -0.00146136 -0.0385298 0.003
      vertex -0.00146136 -0.0385298 -0.005
      vertex -0.00152148 -0.038379 0.003
    endloop
  endfacet
  facet normal 0.928977 0.370137 0
    outer loop
      vertex -0.00146136 -0.0385298 -0.005
      vertex -0.00152148 -0.038379 -0.005
      vertex -0.00152148 -0.038379 0.003
    endloop
  endfacet
  facet normal 0.96355 0.267529 0
    outer loop
      vertex -0.00152148 -0.038379 0.003
      vertex -0.00152148 -0.038379 -0.005
      vertex -0.00156493 -0.0382225 0.003
    endloop
  endfacet
  facet normal 0.96355 0.267529 0
    outer loop
      vertex -0.00152148 -0.038379 -0.005
      vertex -0.00156493 -0.0382225 -0.005
      vertex -0.00156493 -0.0382225 0.003
    endloop
  endfacet
  facet normal 0.986826 0.161782 0
    outer loop
      vertex -0.00156493 -0.0382225 0.003
      vertex -0.00156493 -0.0382225 -0.005
      vertex -0.00159121 -0.0380622 0.003
    endloop
  endfacet
  facet normal 0.986826 0.161782 0
    outer loop
      vertex -0.00156493 -0.0382225 -0.005
      vertex -0.00159121 -0.0380622 -0.005
      vertex -0.00159121 -0.0380622 0.003
    endloop
  endfacet
  facet normal 0.998533 0.0541396 0
    outer loop
      vertex -0.00159121 -0.0380622 0.003
      vertex -0.00159121 -0.0380622 -0.005
      vertex -0.0016 -0.0379 0.003
    endloop
  endfacet
  facet normal 0.998533 0.0541396 0
    outer loop
      vertex -0.00159121 -0.0380622 -0.005
      vertex -0.0016 -0.0379 -0.005
      vertex -0.0016 -0.0379 0.003
    endloop
  endfacet
  facet normal 0.998533 -0.0541384 0
    outer loop
      vertex -0.0016 -0.0379 0.003
      vertex -0.0016 -0.0379 -0.005
      vertex -0.00159121 -0.0377378 0.003
    endloop
  endfacet
  facet normal 0.998533 -0.0541384 0
    outer loop
      vertex -0.0016 -0.0379 -0.005
      vertex -0.00159121 -0.0377378 -0.005
      vertex -0.00159121 -0.0377378 0.003
    endloop
  endfacet
  facet normal 0.986826 -0.161782 0
    outer loop
      vertex -0.00159121 -0.0377378 0.003
      vertex -0.00159121 -0.0377378 -0.005
      vertex -0.00156493 -0.0375775 0.003
    endloop
  endfacet
  facet normal 0.986826 -0.161782 0
    outer loop
      vertex -0.00159121 -0.0377378 -0.005
      vertex -0.00156493 -0.0375775 -0.005
      vertex -0.00156493 -0.0375775 0.003
    endloop
  endfacet
  facet normal 0.96355 -0.267529 0
    outer loop
      vertex -0.00156493 -0.0375775 0.003
      vertex -0.00156493 -0.0375775 -0.005
      vertex -0.00152148 -0.037421 0.003
    endloop
  endfacet
  facet normal 0.96355 -0.267529 0
    outer loop
      vertex -0.00156493 -0.0375775 -0.005
      vertex -0.00152148 -0.037421 -0.005
      vertex -0.00152148 -0.037421 0.003
    endloop
  endfacet
  facet normal 0.928977 -0.370137 0
    outer loop
      vertex -0.00152148 -0.037421 0.003
      vertex -0.00152148 -0.037421 -0.005
      vertex -0.00146136 -0.0372702 0.003
    endloop
  endfacet
  facet normal 0.928977 -0.370137 0
    outer loop
      vertex -0.00152148 -0.037421 -0.005
      vertex -0.00146136 -0.0372702 -0.005
      vertex -0.00146136 -0.0372702 0.003
    endloop
  endfacet
  facet normal 0.883513 -0.468406 0
    outer loop
      vertex -0.00146136 -0.0372702 0.003
      vertex -0.00146136 -0.0372702 -0.005
      vertex -0.00138529 -0.0371267 0.003
    endloop
  endfacet
  facet normal 0.883513 -0.468406 0
    outer loop
      vertex -0.00146136 -0.0372702 -0.005
      vertex -0.00138529 -0.0371267 -0.005
      vertex -0.00138529 -0.0371267 0.003
    endloop
  endfacet
  facet normal 0.827689 -0.561186 0
    outer loop
      vertex -0.00138529 -0.0371267 0.003
      vertex -0.00138529 -0.0371267 -0.005
      vertex -0.00129414 -0.0369922 0.003
    endloop
  endfacet
  facet normal 0.827689 -0.561186 0
    outer loop
      vertex -0.00138529 -0.0371267 -0.005
      vertex -0.00129414 -0.0369922 -0.005
      vertex -0.00129414 -0.0369922 0.003
    endloop
  endfacet
  facet normal 0.762162 -0.647387 0
    outer loop
      vertex -0.00129414 -0.0369922 0.003
      vertex -0.00129414 -0.0369922 -0.005
      vertex -0.00118899 -0.0368684 0.003
    endloop
  endfacet
  facet normal 0.762162 -0.647387 0
    outer loop
      vertex -0.00129414 -0.0369922 -0.005
      vertex -0.00118899 -0.0368684 -0.005
      vertex -0.00118899 -0.0368684 0.003
    endloop
  endfacet
  facet normal 0.687692 -0.726002 0
    outer loop
      vertex -0.00118899 -0.0368684 0.003
      vertex -0.00118899 -0.0368684 -0.005
      vertex -0.00107108 -0.0367568 0.003
    endloop
  endfacet
  facet normal 0.687692 -0.726002 0
    outer loop
      vertex -0.00118899 -0.0368684 -0.005
      vertex -0.00107108 -0.0367568 -0.005
      vertex -0.00107108 -0.0367568 0.003
    endloop
  endfacet
  facet normal 0.60518 -0.796089 0
    outer loop
      vertex -0.00107108 -0.0367568 0.003
      vertex -0.00107108 -0.0367568 -0.005
      vertex -0.000941781 -0.0366585 0.003
    endloop
  endfacet
  facet normal 0.60518 -0.796089 0
    outer loop
      vertex -0.00107108 -0.0367568 -0.005
      vertex -0.000941781 -0.0366585 -0.005
      vertex -0.000941781 -0.0366585 0.003
    endloop
  endfacet
  facet normal 0.515548 -0.85686 0
    outer loop
      vertex -0.000941781 -0.0366585 0.003
      vertex -0.000941781 -0.0366585 -0.005
      vertex -0.000802613 -0.0365747 0.003
    endloop
  endfacet
  facet normal 0.515548 -0.85686 0
    outer loop
      vertex -0.000941781 -0.0366585 -0.005
      vertex -0.000802613 -0.0365747 -0.005
      vertex -0.000802613 -0.0365747 0.003
    endloop
  endfacet
  facet normal 0.419899 -0.907571 0
    outer loop
      vertex -0.000802613 -0.0365747 0.003
      vertex -0.000802613 -0.0365747 -0.005
      vertex -0.000655207 -0.0365065 0.003
    endloop
  endfacet
  facet normal 0.419899 -0.907571 0
    outer loop
      vertex -0.000802613 -0.0365747 -0.005
      vertex -0.000655207 -0.0365065 -0.005
      vertex -0.000655207 -0.0365065 0.003
    endloop
  endfacet
  facet normal 0.319301 -0.947653 0
    outer loop
      vertex -0.000655207 -0.0365065 0.003
      vertex -0.000655207 -0.0365065 -0.005
      vertex -0.000501293 -0.0364547 0.003
    endloop
  endfacet
  facet normal 0.319301 -0.947653 0
    outer loop
      vertex -0.000655207 -0.0365065 -0.005
      vertex -0.000501293 -0.0364547 -0.005
      vertex -0.000501293 -0.0364547 0.003
    endloop
  endfacet
  facet normal 0.214962 -0.976622 0
    outer loop
      vertex -0.000501293 -0.0364547 0.003
      vertex -0.000501293 -0.0364547 -0.005
      vertex -0.000342673 -0.0364198 0.003
    endloop
  endfacet
  facet normal 0.214962 -0.976622 0
    outer loop
      vertex -0.000501293 -0.0364547 -0.005
      vertex -0.000342673 -0.0364198 -0.005
      vertex -0.000342673 -0.0364198 0.003
    endloop
  endfacet
  facet normal 0.108123 -0.994138 0
    outer loop
      vertex -0.000342673 -0.0364198 0.003
      vertex -0.000342673 -0.0364198 -0.005
      vertex -0.000181208 -0.0364022 0.003
    endloop
  endfacet
  facet normal 0.108123 -0.994138 0
    outer loop
      vertex -0.000342673 -0.0364198 -0.005
      vertex -0.000181208 -0.0364022 -0.005
      vertex -0.000181208 -0.0364022 0.003
    endloop
  endfacet
  facet normal 0 -1 0
    outer loop
      vertex -0.000181208 -0.0364022 0.003
      vertex -0.000181208 -0.0364022 -0.005
      vertex -1.87916e-5 -0.0364022 0.003
    endloop
  endfacet
  facet normal 0 -1 0
    outer loop
      vertex -0.000181208 -0.0364022 -0.005
      vertex -1.87916e-5 -0.0364022 -0.005
      vertex -1.87916e-5 -0.0364022 0.003
    endloop
  endfacet
  facet normal -0.108123 -0.994138 0
    outer loop
      vertex -1.87916e-5 -0.0364022 0.003
      vertex -1.87916e-5 -0.0364022 -0.005
      vertex 0.000142673 -0.0364198 0.003
    endloop
  endfacet
  facet normal -0.108123 -0.994138 0
    outer loop
      vertex -1.87916e-5 -0.0364022 -0.005
      vertex 0.000142673 -0.0364198 -0.005
      vertex 0.000142673 -0.0364198 0.003
    endloop
  endfacet
  facet normal -0.214962 -0.976622 0
    outer loop
      vertex 0.000142673 -0.0364198 0.003
      vertex 0.000142673 -0.0364198 -0.005
      vertex 0.000301293 -0.0364547 0.003
    endloop
  endfacet
  facet normal -0.214962 -0.976622 0
    outer loop
      vertex 0.000142673 -0.0364198 -0.005
      vertex 0.000301293 -0.0364547 -0.005
      vertex 0.000301293 -0.0364547 0.003
    endloop
  endfacet
  facet normal -0.319301 -0.947653 0
    outer loop
      vertex 0.000301293 -0.0364547 0.003
      vertex 0.000301293 -0.0364547 -0.005
      vertex 0.000455207 -0.0365065 0.003
    endloop
  endfacet
  facet normal -0.319301 -0.947653 0
    outer loop
      vertex 0.000301293 -0.0364547 -0.005
      vertex 0.000455207 -0.0365065 -0.005
      vertex 0.000455207 -0.0365065 0.003
    endloop
  endfacet
  facet normal -0.419899 -0.907571 0
    outer loop
      vertex 0.000455207 -0.0365065 0.003
      vertex 0.000455207 -0.0365065 -0.005
      vertex 0.000602613 -0.0365747 0.003
    endloop
  endfacet
  facet normal -0.419899 -0.907571 0
    outer loop
      vertex 0.000455207 -0.0365065 -0.005
      vertex 0.000602613 -0.0365747 -0.005
      vertex 0.000602613 -0.0365747 0.003
    endloop
  endfacet
  facet normal -0.515548 -0.85686 0
    outer loop
      vertex 0.000602613 -0.0365747 0.003
      vertex 0.000602613 -0.0365747 -0.005
      vertex 0.000741781 -0.0366585 0.003
    endloop
  endfacet
  facet normal -0.515548 -0.85686 0
    outer loop
      vertex 0.000602613 -0.0365747 -0.005
      vertex 0.000741781 -0.0366585 -0.005
      vertex 0.000741781 -0.0366585 0.003
    endloop
  endfacet
  facet normal -0.60518 -0.796089 0
    outer loop
      vertex 0.000741781 -0.0366585 0.003
      vertex 0.000741781 -0.0366585 -0.005
      vertex 0.000871079 -0.0367568 0.003
    endloop
  endfacet
  facet normal -0.60518 -0.796089 0
    outer loop
      vertex 0.000741781 -0.0366585 -0.005
      vertex 0.000871079 -0.0367568 -0.005
      vertex 0.000871079 -0.0367568 0.003
    endloop
  endfacet
  facet normal -0.687692 -0.726002 0
    outer loop
      vertex 0.000871079 -0.0367568 0.003
      vertex 0.000871079 -0.0367568 -0.005
      vertex 0.000988993 -0.0368684 0.003
    endloop
  endfacet
  facet normal -0.687692 -0.726002 0
    outer loop
      vertex 0.000871079 -0.0367568 -0.005
      vertex 0.000988993 -0.0368684 -0.005
      vertex 0.000988993 -0.0368684 0.003
    endloop
  endfacet
  facet normal -0.762161 -0.647387 0
    outer loop
      vertex 0.000988993 -0.0368684 0.003
      vertex 0.000988993 -0.0368684 -0.005
      vertex 0.00109414 -0.0369922 0.003
    endloop
  endfacet
  facet normal -0.762161 -0.647387 0
    outer loop
      vertex 0.000988993 -0.0368684 -0.005
      vertex 0.00109414 -0.0369922 -0.005
      vertex 0.00109414 -0.0369922 0.003
    endloop
  endfacet
  facet normal -0.82769 -0.561186 0
    outer loop
      vertex 0.00109414 -0.0369922 0.003
      vertex 0.00109414 -0.0369922 -0.005
      vertex 0.00118529 -0.0371267 0.003
    endloop
  endfacet
  facet normal -0.82769 -0.561186 0
    outer loop
      vertex 0.00109414 -0.0369922 -0.005
      vertex 0.00118529 -0.0371267 -0.005
      vertex 0.00118529 -0.0371267 0.003
    endloop
  endfacet
  facet normal -0.883513 -0.468406 0
    outer loop
      vertex 0.00118529 -0.0371267 0.003
      vertex 0.00118529 -0.0371267 -0.005
      vertex 0.00126136 -0.0372702 0.003
    endloop
  endfacet
  facet normal -0.883513 -0.468406 0
    outer loop
      vertex 0.00118529 -0.0371267 -0.005
      vertex 0.00126136 -0.0372702 -0.005
      vertex 0.00126136 -0.0372702 0.003
    endloop
  endfacet
  facet normal -0.928977 -0.370137 0
    outer loop
      vertex 0.00126136 -0.0372702 0.003
      vertex 0.00126136 -0.0372702 -0.005
      vertex 0.00132148 -0.037421 0.003
    endloop
  endfacet
  facet normal -0.928977 -0.370137 0
    outer loop
      vertex 0.00126136 -0.0372702 -0.005
      vertex 0.00132148 -0.037421 -0.005
      vertex 0.00132148 -0.037421 0.003
    endloop
  endfacet
  facet normal -0.96355 -0.26753 0
    outer loop
      vertex 0.00132148 -0.037421 0.003
      vertex 0.00132148 -0.037421 -0.005
      vertex 0.00136493 -0.0375775 0.003
    endloop
  endfacet
  facet normal -0.96355 -0.26753 0
    outer loop
      vertex 0.00132148 -0.037421 -0.005
      vertex 0.00136493 -0.0375775 -0.005
      vertex 0.00136493 -0.0375775 0.003
    endloop
  endfacet
  facet normal -0.986826 -0.161782 0
    outer loop
      vertex 0.00136493 -0.0375775 0.003
      vertex 0.00136493 -0.0375775 -0.005
      vertex 0.00139121 -0.0377378 0.003
    endloop
  endfacet
  facet normal -0.986826 -0.161782 0
    outer loop
      vertex 0.00136493 -0.0375775 -0.005
      vertex 0.00139121 -0.0377378 -0.005
      vertex 0.00139121 -0.0377378 0.003
    endloop
  endfacet
  facet normal -0.998533 -0.0541376 0
    outer loop
      vertex 0.00139121 -0.0377378 0.003
      vertex 0.00139121 -0.0377378 -0.005
      vertex 0.0014 -0.0379 0.003
    endloop
  endfacet
  facet normal -0.998533 -0.0541376 0
    outer loop
      vertex 0.00139121 -0.0377378 -0.005
      vertex 0.0014 -0.0379 -0.005
      vertex 0.0014 -0.0379 0.003
    endloop
  endfacet
  facet normal -0.998533 0.0541378 0
    outer loop
      vertex -0.01475 -0.05 0.005
      vertex -0.01475 -0.05 -0.005
      vertex -0.0147632 -0.0502433 0.005
    endloop
  endfacet
  facet normal -0.998533 0.0541378 0
    outer loop
      vertex -0.01475 -0.05 -0.005
      vertex -0.0147632 -0.0502433 -0.005
      vertex -0.0147632 -0.0502433 0.005
    endloop
  endfacet
  facet normal -0.986826 0.161784 0
    outer loop
      vertex -0.0147632 -0.0502433 0.005
      vertex -0.0147632 -0.0502433 -0.005
      vertex -0.0148026 -0.0504837 0.005
    endloop
  endfacet
  facet normal -0.986826 0.161784 0
    outer loop
      vertex -0.0147632 -0.0502433 -0.005
      vertex -0.0148026 -0.0504837 -0.005
      vertex -0.0148026 -0.0504837 0.005
    endloop
  endfacet
  facet normal -0.96355 0.267528 0
    outer loop
      vertex -0.0148026 -0.0504837 0.005
      vertex -0.0148026 -0.0504837 -0.005
      vertex -0.0148678 -0.0507184 0.005
    endloop
  endfacet
  facet normal -0.96355 0.267528 0
    outer loop
      vertex -0.0148026 -0.0504837 -0.005
      vertex -0.0148678 -0.0507184 -0.005
      vertex -0.0148678 -0.0507184 0.005
    endloop
  endfacet
  facet normal -0.928976 0.370139 0
    outer loop
      vertex -0.0148678 -0.0507184 0.005
      vertex -0.0148678 -0.0507184 -0.005
      vertex -0.014958 -0.0509448 0.005
    endloop
  endfacet
  facet normal -0.928976 0.370139 0
    outer loop
      vertex -0.0148678 -0.0507184 -0.005
      vertex -0.014958 -0.0509448 -0.005
      vertex -0.014958 -0.0509448 0.005
    endloop
  endfacet
  facet normal -0.88351 0.468412 0
    outer loop
      vertex -0.014958 -0.0509448 0.005
      vertex -0.014958 -0.0509448 -0.005
      vertex -0.0150721 -0.05116 0.005
    endloop
  endfacet
  facet normal -0.88351 0.468412 0
    outer loop
      vertex -0.014958 -0.0509448 -0.005
      vertex -0.0150721 -0.05116 -0.005
      vertex -0.0150721 -0.05116 0.005
    endloop
  endfacet
  facet normal -0.82769 0.561186 0
    outer loop
      vertex -0.0150721 -0.05116 0.005
      vertex -0.0150721 -0.05116 -0.005
      vertex -0.0152088 -0.0513616 0.005
    endloop
  endfacet
  facet normal -0.82769 0.561186 0
    outer loop
      vertex -0.0150721 -0.05116 -0.005
      vertex -0.0152088 -0.0513616 -0.005
      vertex -0.0152088 -0.0513616 0.005
    endloop
  endfacet
  facet normal -0.762165 0.647383 0
    outer loop
      vertex -0.0152088 -0.0513616 0.005
      vertex -0.0152088 -0.0513616 -0.005
      vertex -0.0153665 -0.0515473 0.005
    endloop
  endfacet
  facet normal -0.762165 0.647383 0
    outer loop
      vertex -0.0152088 -0.0513616 -0.005
      vertex -0.0153665 -0.0515473 -0.005
      vertex -0.0153665 -0.0515473 0.005
    endloop
  endfacet
  facet normal -0.687693 0.726002 0
    outer loop
      vertex -0.0153665 -0.0515473 0.005
      vertex -0.0153665 -0.0515473 -0.005
      vertex -0.0155434 -0.0517149 0.005
    endloop
  endfacet
  facet normal -0.687693 0.726002 0
    outer loop
      vertex -0.0153665 -0.0515473 -0.005
      vertex -0.0155434 -0.0517149 -0.005
      vertex -0.0155434 -0.0517149 0.005
    endloop
  endfacet
  facet normal -0.605175 0.796092 0
    outer loop
      vertex -0.0155434 -0.0517149 0.005
      vertex -0.0155434 -0.0517149 -0.005
      vertex -0.0157373 -0.0518623 0.005
    endloop
  endfacet
  facet normal -0.605175 0.796092 0
    outer loop
      vertex -0.0155434 -0.0517149 -0.005
      vertex -0.0157373 -0.0518623 -0.005
      vertex -0.0157373 -0.0518623 0.005
    endloop
  endfacet
  facet normal -0.515553 0.856857 0
    outer loop
      vertex -0.0157373 -0.0518623 0.005
      vertex -0.0157373 -0.0518623 -0.005
      vertex -0.0159461 -0.0519879 0.005
    endloop
  endfacet
  facet normal -0.515553 0.856857 0
    outer loop
      vertex -0.0157373 -0.0518623 -0.005
      vertex -0.0159461 -0.0519879 -0.005
      vertex -0.0159461 -0.0519879 0.005
    endloop
  endfacet
  facet normal -0.419891 0.907575 0
    outer loop
      vertex -0.0159461 -0.0519879 0.005
      vertex -0.0159461 -0.0519879 -0.005
      vertex -0.0161672 -0.0520902 0.005
    endloop
  endfacet
  facet normal -0.419891 0.907575 0
    outer loop
      vertex -0.0159461 -0.0519879 -0.005
      vertex -0.0161672 -0.0520902 -0.005
      vertex -0.0161672 -0.0520902 0.005
    endloop
  endfacet
  facet normal -0.319309 0.947651 0
    outer loop
      vertex -0.0161672 -0.0520902 0.005
      vertex -0.0161672 -0.0520902 -0.005
      vertex -0.0163981 -0.052168 0.005
    endloop
  endfacet
  facet normal -0.319309 0.947651 0
    outer loop
      vertex -0.0161672 -0.0520902 -0.005
      vertex -0.0163981 -0.052168 -0.005
      vertex -0.0163981 -0.052168 0.005
    endloop
  endfacet
  facet normal -0.214961 0.976623 0
    outer loop
      vertex -0.0163981 -0.052168 0.005
      vertex -0.0163981 -0.052168 -0.005
      vertex -0.016636 -0.0522204 0.005
    endloop
  endfacet
  facet normal -0.214961 0.976623 0
    outer loop
      vertex -0.0163981 -0.052168 -0.005
      vertex -0.016636 -0.0522204 -0.005
      vertex -0.016636 -0.0522204 0.005
    endloop
  endfacet
  facet normal -0.108124 0.994137 0
    outer loop
      vertex -0.016636 -0.0522204 0.005
      vertex -0.016636 -0.0522204 -0.005
      vertex -0.0168782 -0.0522467 0.005
    endloop
  endfacet
  facet normal -0.108124 0.994137 0
    outer loop
      vertex -0.016636 -0.0522204 -0.005
      vertex -0.0168782 -0.0522467 -0.005
      vertex -0.0168782 -0.0522467 0.005
    endloop
  endfacet
  facet normal 0 1 0
    outer loop
      vertex -0.0168782 -0.0522467 0.005
      vertex -0.0168782 -0.0522467 -0.005
      vertex -0.0171218 -0.0522467 0.005
    endloop
  endfacet
  facet normal 0 1 0
    outer loop
      vertex -0.0168782 -0.0522467 -0.005
      vertex -0.0171218 -0.0522467 -0.005
      vertex -0.0171218 -0.0522467 0.005
    endloop
  endfacet
  facet normal 0.108123 0.994138 0
    outer loop
      vertex -0.0171218 -0.0522467 0.005
      vertex -0.0171218 -0.0522467 -0.005
      vertex -0.017364 -0.0522204 0.005
    endloop
  endfacet
  facet normal 0.108123 0.994138 0
    outer loop
      vertex -0.0171218 -0.0522467 -0.005
      vertex -0.017364 -0.0522204 -0.005
      vertex -0.017364 -0.0522204 0.005
    endloop
  endfacet
  facet normal 0.214963 0.976622 0
    outer loop
      vertex -0.017364 -0.0522204 0.005
      vertex -0.017364 -0.0522204 -0.005
      vertex -0.0176019 -0.052168 0.005
    endloop
  endfacet
  facet normal 0.214963 0.976622 0
    outer loop
      vertex -0.017364 -0.0522204 -0.005
      vertex -0.0176019 -0.052168 -0.005
      vertex -0.0176019 -0.052168 0.005
    endloop
  endfacet
  facet normal 0.319306 0.947652 0
    outer loop
      vertex -0.0176019 -0.052168 0.005
      vertex -0.0176019 -0.052168 -0.005
      vertex -0.0178328 -0.0520902 0.005
    endloop
  endfacet
  facet normal 0.319306 0.947652 0
    outer loop
      vertex -0.0176019 -0.052168 -0.005
      vertex -0.0178328 -0.0520902 -0.005
      vertex -0.0178328 -0.0520902 0.005
    endloop
  endfacet
  facet normal 0.419894 0.907573 0
    outer loop
      vertex -0.0178328 -0.0520902 0.005
      vertex -0.0178328 -0.0520902 -0.005
      vertex -0.0180539 -0.0519879 0.005
    endloop
  endfacet
  facet normal 0.419894 0.907573 0
    outer loop
      vertex -0.0178328 -0.0520902 -0.005
      vertex -0.0180539 -0.0519879 -0.005
      vertex -0.0180539 -0.0519879 0.005
    endloop
  endfacet
  facet normal 0.515553 0.856857 0
    outer loop
      vertex -0.0180539 -0.0519879 0.005
      vertex -0.0180539 -0.0519879 -0.005
      vertex -0.0182627 -0.0518623 0.005
    endloop
  endfacet
  facet normal 0.515553 0.856857 0
    outer loop
      vertex -0.0180539 -0.0519879 -0.005
      vertex -0.0182627 -0.0518623 -0.005
      vertex -0.0182627 -0.0518623 0.005
    endloop
  endfacet
  facet normal 0.605175 0.796092 0
    outer loop
      vertex -0.0182627 -0.0518623 0.005
      vertex -0.0182627 -0.0518623 -0.005
      vertex -0.0184566 -0.0517149 0.005
    endloop
  endfacet
  facet normal 0.605175 0.796092 0
    outer loop
      vertex -0.0182627 -0.0518623 -0.005
      vertex -0.0184566 -0.0517149 -0.005
      vertex -0.0184566 -0.0517149 0.005
    endloop
  endfacet
  facet normal 0.687691 0.726003 0
    outer loop
      vertex -0.0184566 -0.0517149 0.005
      vertex -0.0184566 -0.0517149 -0.005
      vertex -0.0186335 -0.0515473 0.005
    endloop
  endfacet
  facet normal 0.687691 0.726003 0
    outer loop
      vertex -0.0184566 -0.0517149 -0.005
      vertex -0.0186335 -0.0515473 -0.005
      vertex -0.0186335 -0.0515473 0.005
    endloop
  endfacet
  facet normal 0.762165 0.647383 0
    outer loop
      vertex -0.0186335 -0.0515473 0.005
      vertex -0.0186335 -0.0515473 -0.005
      vertex -0.0187912 -0.0513616 0.005
    endloop
  endfacet
  facet normal 0.762165 0.647383 0
    outer loop
      vertex -0.0186335 -0.0515473 -0.005
      vertex -0.0187912 -0.0513616 -0.005
      vertex -0.0187912 -0.0513616 0.005
    endloop
  endfacet
  facet normal 0.827692 0.561183 0
    outer loop
      vertex -0.0187912 -0.0513616 0.005
      vertex -0.0187912 -0.0513616 -0.005
      vertex -0.0189279 -0.05116 0.005
    endloop
  endfacet
  facet normal 0.827692 0.561183 0
    outer loop
      vertex -0.0187912 -0.0513616 -0.005
      vertex -0.0189279 -0.05116 -0.005
      vertex -0.0189279 -0.05116 0.005
    endloop
  endfacet
  facet normal 0.883509 0.468415 0
    outer loop
      vertex -0.0189279 -0.05116 0.005
      vertex -0.0189279 -0.05116 -0.005
      vertex -0.019042 -0.0509448 0.005
    endloop
  endfacet
  facet normal 0.883509 0.468415 0
    outer loop
      vertex -0.0189279 -0.05116 -0.005
      vertex -0.019042 -0.0509448 -0.005
      vertex -0.019042 -0.0509448 0.005
    endloop
  endfacet
  facet normal 0.928978 0.370135 0
    outer loop
      vertex -0.019042 -0.0509448 0.005
      vertex -0.019042 -0.0509448 -0.005
      vertex -0.0191322 -0.0507184 0.005
    endloop
  endfacet
  facet normal 0.928978 0.370135 0
    outer loop
      vertex -0.019042 -0.0509448 -0.005
      vertex -0.0191322 -0.0507184 -0.005
      vertex -0.0191322 -0.0507184 0.005
    endloop
  endfacet
  facet normal 0.963549 0.267532 0
    outer loop
      vertex -0.0191322 -0.0507184 0.005
      vertex -0.0191322 -0.0507184 -0.005
      vertex -0.0191974 -0.0504837 0.005
    endloop
  endfacet
  facet normal 0.963549 0.267532 0
    outer loop
      vertex -0.0191322 -0.0507184 -0.005
      vertex -0.0191974 -0.0504837 -0.005
      vertex -0.0191974 -0.0504837 0.005
    endloop
  endfacet
  facet normal 0.986827 0.16178 0
    outer loop
      vertex -0.0191974 -0.0504837 0.005
      vertex -0.0191974 -0.0504837 -0.005
      vertex -0.0192368 -0.0502433 0.005
    endloop
  endfacet
  facet normal 0.986827 0.16178 0
    outer loop
      vertex -0.0191974 -0.0504837 -0.005
      vertex -0.0192368 -0.0502433 -0.005
      vertex -0.0192368 -0.0502433 0.005
    endloop
  endfacet
  facet normal 0.998533 0.0541378 0
    outer loop
      vertex -0.0192368 -0.0502433 0.005
      vertex -0.0192368 -0.0502433 -0.005
      vertex -0.01925 -0.05 0.005
    endloop
  endfacet
  facet normal 0.998533 0.0541378 0
    outer loop
      vertex -0.0192368 -0.0502433 -0.005
      vertex -0.01925 -0.05 -0.005
      vertex -0.01925 -0.05 0.005
    endloop
  endfacet
  facet normal 0.998533 -0.0541378 0
    outer loop
      vertex -0.01925 -0.05 0.005
      vertex -0.01925 -0.05 -0.005
      vertex -0.0192368 -0.0497567 0.005
    endloop
  endfacet
  facet normal 0.998533 -0.0541378 0
    outer loop
      vertex -0.01925 -0.05 -0.005
      vertex -0.0192368 -0.0497567 -0.005
      vertex -0.0192368 -0.0497567 0.005
    endloop
  endfacet
  facet normal 0.986827 -0.16178 0
    outer loop
      vertex -0.0192368 -0.0497567 0.005
      vertex -0.0192368 -0.0497567 -0.005
      vertex -0.0191974 -0.0495163 0.005
    endloop
  endfacet
  facet normal 0.986827 -0.16178 0
    outer loop
      vertex -0.0192368 -0.0497567 -0.005
      vertex -0.0191974 -0.0495163 -0.005
      vertex -0.0191974 -0.0495163 0.005
    endloop
  endfacet
  facet normal 0.963549 -0.267532 0
    outer loop
      vertex -0.0191974 -0.0495163 0.005
      vertex -0.0191974 -0.0495163 -0.005
      vertex -0.0191322 -0.0492816 0.005
    endloop
  endfacet
  facet normal 0.963549 -0.267532 0
    outer loop
      vertex -0.0191974 -0.0495163 -0.005
      vertex -0.0191322 -0.0492816 -0.005
      vertex -0.0191322 -0.0492816 0.005
    endloop
  endfacet
  facet normal 0.928978 -0.370135 0
    outer loop
      vertex -0.0191322 -0.0492816 0.005
      vertex -0.0191322 -0.0492816 -0.005
      vertex -0.019042 -0.0490552 0.005
    endloop
  endfacet
  facet normal 0.928978 -0.370135 0
    outer loop
      vertex -0.0191322 -0.0492816 -0.005
      vertex -0.019042 -0.0490552 -0.005
      vertex -0.019042 -0.0490552 0.005
    endloop
  endfacet
  facet normal 0.883509 -0.468415 0
    outer loop
      vertex -0.019042 -0.0490552 0.005
      vertex -0.019042 -0.0490552 -0.005
      vertex -0.0189279 -0.04884 0.005
    endloop
  endfacet
  facet normal 0.883509 -0.468415 0
    outer loop
      vertex -0.019042 -0.0490552 -0.005
      vertex -0.0189279 -0.04884 -0.005
      vertex -0.0189279 -0.04884 0.005
    endloop
  endfacet
  facet normal 0.827692 -0.561183 0
    outer loop
      vertex -0.0189279 -0.04884 0.005
      vertex -0.0189279 -0.04884 -0.005
      vertex -0.0187912 -0.0486384 0.005
    endloop
  endfacet
  facet normal 0.827692 -0.561183 0
    outer loop
      vertex -0.0189279 -0.04884 -0.005
      vertex -0.0187912 -0.0486384 -0.005
      vertex -0.0187912 -0.0486384 0.005
    endloop
  endfacet
  facet normal 0.762165 -0.647383 0
    outer loop
      vertex -0.0187912 -0.0486384 0.005
      vertex -0.0187912 -0.0486384 -0.005
      vertex -0.0186335 -0.0484527 0.005
    endloop
  endfacet
  facet normal 0.762165 -0.647383 0
    outer loop
      vertex -0.0187912 -0.0486384 -0.005
      vertex -0.0186335 -0.0484527 -0.005
      vertex -0.0186335 -0.0484527 0.005
    endloop
  endfacet
  facet normal 0.687691 -0.726003 0
    outer loop
      vertex -0.0186335 -0.0484527 0.005
      vertex -0.0186335 -0.0484527 -0.005
      vertex -0.0184566 -0.0482851 0.005
    endloop
  endfacet
  facet normal 0.687691 -0.726003 0
    outer loop
      vertex -0.0186335 -0.0484527 -0.005
      vertex -0.0184566 -0.0482851 -0.005
      vertex -0.0184566 -0.0482851 0.005
    endloop
  endfacet
  facet normal 0.605175 -0.796092 0
    outer loop
      vertex -0.0184566 -0.0482851 0.005
      vertex -0.0184566 -0.0482851 -0.005
      vertex -0.0182627 -0.0481377 0.005
    endloop
  endfacet
  facet normal 0.605175 -0.796092 0
    outer loop
      vertex -0.0184566 -0.0482851 -0.005
      vertex -0.0182627 -0.0481377 -0.005
      vertex -0.0182627 -0.0481377 0.005
    endloop
  endfacet
  facet normal 0.515553 -0.856857 0
    outer loop
      vertex -0.0182627 -0.0481377 0.005
      vertex -0.0182627 -0.0481377 -0.005
      vertex -0.0180539 -0.0480121 0.005
    endloop
  endfacet
  facet normal 0.515553 -0.856857 0
    outer loop
      vertex -0.0182627 -0.0481377 -0.005
      vertex -0.0180539 -0.0480121 -0.005
      vertex -0.0180539 -0.0480121 0.005
    endloop
  endfacet
  facet normal 0.419894 -0.907573 0
    outer loop
      vertex -0.0180539 -0.0480121 0.005
      vertex -0.0180539 -0.0480121 -0.005
      vertex -0.0178328 -0.0479098 0.005
    endloop
  endfacet
  facet normal 0.419894 -0.907573 0
    outer loop
      vertex -0.0180539 -0.0480121 -0.005
      vertex -0.0178328 -0.0479098 -0.005
      vertex -0.0178328 -0.0479098 0.005
    endloop
  endfacet
  facet normal 0.319306 -0.947652 0
    outer loop
      vertex -0.0178328 -0.0479098 0.005
      vertex -0.0178328 -0.0479098 -0.005
      vertex -0.0176019 -0.047832 0.005
    endloop
  endfacet
  facet normal 0.319306 -0.947652 0
    outer loop
      vertex -0.0178328 -0.0479098 -0.005
      vertex -0.0176019 -0.047832 -0.005
      vertex -0.0176019 -0.047832 0.005
    endloop
  endfacet
  facet normal 0.214963 -0.976622 0
    outer loop
      vertex -0.0176019 -0.047832 0.005
      vertex -0.0176019 -0.047832 -0.005
      vertex -0.017364 -0.0477796 0.005
    endloop
  endfacet
  facet normal 0.214963 -0.976622 0
    outer loop
      vertex -0.0176019 -0.047832 -0.005
      vertex -0.017364 -0.0477796 -0.005
      vertex -0.017364 -0.0477796 0.005
    endloop
  endfacet
  facet normal 0.108123 -0.994138 0
    outer loop
      vertex -0.017364 -0.0477796 0.005
      vertex -0.017364 -0.0477796 -0.005
      vertex -0.0171218 -0.0477533 0.005
    endloop
  endfacet
  facet normal 0.108123 -0.994138 0
    outer loop
      vertex -0.017364 -0.0477796 -0.005
      vertex -0.0171218 -0.0477533 -0.005
      vertex -0.0171218 -0.0477533 0.005
    endloop
  endfacet
  facet normal 0 -1 0
    outer loop
      vertex -0.0171218 -0.0477533 0.005
      vertex -0.0171218 -0.0477533 -0.005
      vertex -0.0168782 -0.0477533 0.005
    endloop
  endfacet
  facet normal 0 -1 0
    outer loop
      vertex -0.0171218 -0.0477533 -0.005
      vertex -0.0168782 -0.0477533 -0.005
      vertex -0.0168782 -0.0477533 0.005
    endloop
  endfacet
  facet normal -0.108124 -0.994137 0
    outer loop
      vertex -0.0168782 -0.0477533 0.005
      vertex -0.0168782 -0.0477533 -0.005
      vertex -0.016636 -0.0477796 0.005
    endloop
  endfacet
  facet normal -0.108124 -0.994137 0
    outer loop
      vertex -0.0168782 -0.0477533 -0.005
      vertex -0.016636 -0.0477796 -0.005
      vertex -0.016636 -0.0477796 0.005
    endloop
  endfacet
  facet normal -0.214961 -0.976623 0
    outer loop
      vertex -0.016636 -0.0477796 0.005
      vertex -0.016636 -0.0477796 -0.005
      vertex -0.0163981 -0.047832 0.005
    endloop
  endfacet
  facet normal -0.214961 -0.976623 0
    outer loop
      vertex -0.016636 -0.0477796 -0.005
      vertex -0.0163981 -0.047832 -0.005
      vertex -0.0163981 -0.047832 0.005
    endloop
  endfacet
  facet normal -0.319309 -0.947651 0
    outer loop
      vertex -0.0163981 -0.047832 0.005
      vertex -0.0163981 -0.047832 -0.005
      vertex -0.0161672 -0.0479098 0.005
    endloop
  endfacet
  facet normal -0.319309 -0.947651 0
    outer loop
      vertex -0.0163981 -0.047832 -0.005
      vertex -0.0161672 -0.0479098 -0.005
      vertex -0.0161672 -0.0479098 0.005
    endloop
  endfacet
  facet normal -0.419891 -0.907575 0
    outer loop
      vertex -0.0161672 -0.0479098 0.005
      vertex -0.0161672 -0.0479098 -0.005
      vertex -0.0159461 -0.0480121 0.005
    endloop
  endfacet
  facet normal -0.419891 -0.907575 0
    outer loop
      vertex -0.0161672 -0.0479098 -0.005
      vertex -0.0159461 -0.0480121 -0.005
      vertex -0.0159461 -0.0480121 0.005
    endloop
  endfacet
  facet normal -0.515553 -0.856857 0
    outer loop
      vertex -0.0159461 -0.0480121 0.005
      vertex -0.0159461 -0.0480121 -0.005
      vertex -0.0157373 -0.0481377 0.005
    endloop
  endfacet
  facet normal -0.515553 -0.856857 0
    outer loop
      vertex -0.0159461 -0.0480121 -0.005
      vertex -0.0157373 -0.0481377 -0.005
      vertex -0.0157373 -0.0481377 0.005
    endloop
  endfacet
  facet normal -0.605175 -0.796092 0
    outer loop
      vertex -0.0157373 -0.0481377 0.005
      vertex -0.0157373 -0.0481377 -0.005
      vertex -0.0155434 -0.0482851 0.005
    endloop
  endfacet
  facet normal -0.605175 -0.796092 0
    outer loop
      vertex -0.0157373 -0.0481377 -0.005
      vertex -0.0155434 -0.0482851 -0.005
      vertex -0.0155434 -0.0482851 0.005
    endloop
  endfacet
  facet normal -0.687693 -0.726002 0
    outer loop
      vertex -0.0155434 -0.0482851 0.005
      vertex -0.0155434 -0.0482851 -0.005
      vertex -0.0153665 -0.0484527 0.005
    endloop
  endfacet
  facet normal -0.687693 -0.726002 0
    outer loop
      vertex -0.0155434 -0.0482851 -0.005
      vertex -0.0153665 -0.0484527 -0.005
      vertex -0.0153665 -0.0484527 0.005
    endloop
  endfacet
  facet normal -0.762165 -0.647383 0
    outer loop
      vertex -0.0153665 -0.0484527 0.005
      vertex -0.0153665 -0.0484527 -0.005
      vertex -0.0152088 -0.0486384 0.005
    endloop
  endfacet
  facet normal -0.762165 -0.647383 0
    outer loop
      vertex -0.0153665 -0.0484527 -0.005
      vertex -0.0152088 -0.0486384 -0.005
      vertex -0.0152088 -0.0486384 0.005
    endloop
  endfacet
  facet normal -0.82769 -0.561186 0
    outer loop
      vertex -0.0152088 -0.0486384 0.005
      vertex -0.0152088 -0.0486384 -0.005
      vertex -0.0150721 -0.04884 0.005
    endloop
  endfacet
  facet normal -0.82769 -0.561186 0
    outer loop
      vertex -0.0152088 -0.0486384 -0.005
      vertex -0.0150721 -0.04884 -0.005
      vertex -0.0150721 -0.04884 0.005
    endloop
  endfacet
  facet normal -0.88351 -0.468412 0
    outer loop
      vertex -0.0150721 -0.04884 0.005
      vertex -0.0150721 -0.04884 -0.005
      vertex -0.014958 -0.0490552 0.005
    endloop
  endfacet
  facet normal -0.88351 -0.468412 0
    outer loop
      vertex -0.0150721 -0.04884 -0.005
      vertex -0.014958 -0.0490552 -0.005
      vertex -0.014958 -0.0490552 0.005
    endloop
  endfacet
  facet normal -0.928976 -0.370139 0
    outer loop
      vertex -0.014958 -0.0490552 0.005
      vertex -0.014958 -0.0490552 -0.005
      vertex -0.0148678 -0.0492816 0.005
    endloop
  endfacet
  facet normal -0.928976 -0.370139 0
    outer loop
      vertex -0.014958 -0.0490552 -0.005
      vertex -0.0148678 -0.0492816 -0.005
      vertex -0.0148678 -0.0492816 0.005
    endloop
  endfacet
  facet normal -0.96355 -0.267528 0
    outer loop
      vertex -0.0148678 -0.0492816 0.005
      vertex -0.0148678 -0.0492816 -0.005
      vertex -0.0148026 -0.0495163 0.005
    endloop
  endfacet
  facet normal -0.96355 -0.267528 0
    outer loop
      vertex -0.0148678 -0.0492816 -0.005
      vertex -0.0148026 -0.0495163 -0.005
      vertex -0.0148026 -0.0495163 0.005
    endloop
  endfacet
  facet normal -0.986826 -0.161784 0
    outer loop
      vertex -0.0148026 -0.0495163 0.005
      vertex -0.0148026 -0.0495163 -0.005
      vertex -0.0147632 -0.0497567 0.005
    endloop
  endfacet
  facet normal -0.986826 -0.161784 0
    outer loop
      vertex -0.0148026 -0.0495163 -0.005
      vertex -0.0147632 -0.0497567 -0.005
      vertex -0.0147632 -0.0497567 0.005
    endloop
  endfacet
  facet normal -0.998533 -0.0541378 0
    outer loop
      vertex -0.0147632 -0.0497567 0.005
      vertex -0.0147632 -0.0497567 -0.005
      vertex -0.01475 -0.05 0.005
    endloop
  endfacet
  facet normal -0.998533 -0.0541378 0
    outer loop
      vertex -0.0147632 -0.0497567 -0.005
      vertex -0.01475 -0.05 -0.005
      vertex -0.01475 -0.05 0.005
    endloop
  endfacet
  facet normal 0 1 0
    outer loop
      vertex -0.021 -0.01 -0.005
      vertex -0.043 -0.01 -0.005
      vertex -0.021 -0.01 0.005
    endloop
  endfacet
  facet normal 0 1 0
    outer loop
      vertex -0.043 -0.01 -0.005
      vertex -0.043 -0.01 0.012
      vertex -0.021 -0.01 0.005
    endloop
  endfacet
  facet normal 0 1 0
    outer loop
      vertex -0.021 -0.01 0.005
      vertex -0.043 -0.01 0.012
      vertex -0.021 -0.01 0.012
    endloop
  endfacet
  facet normal 0 -1 0
    outer loop
      vertex -0.021 -0.05 0.012
      vertex -0.043 -0.05 0.012
      vertex -0.021 -0.05 0.005
    endloop
  endfacet
  facet normal 0 -1 0
    outer loop
      vertex -0.043 -0.05 0.012
      vertex -0.043 -0.05 -0.005
      vertex -0.021 -0.05 0.005
    endloop
  endfacet
  facet normal 0 -1 0
    outer loop
      vertex -0.021 -0.05 0.005
      vertex -0.043 -0.05 -0.005
      vertex -0.021 -0.05 -0.005
    endloop
  endfacet
  facet normal 0 0 1
    outer loop
      vertex 0.00238534 -0.0376297 0
      vertex 0.0024 -0.0379 0
      vertex 0.006 -0.042 0
    endloop
  endfacet
  facet normal 0 0 1
    outer loop
      vertex -0.028585 -0.0172808 0
      vertex -0.0284098 -0.0174871 0
      vertex 0.004 -0.015 0
    endloop
  endfacet
  facet normal 0 0 1
    outer loop
      vertex -0.04 -0.017 0
      vertex -0.0328416 -0.0195374 0
      vertex -0.0328853 -0.0192703 0
    endloop
  endfacet
  facet normal 0 0 1
    outer loop
      vertex -0.031571 -0.0167912 0
      vertex -0.038 -0.015 0
      vertex -0.031803 -0.0169308 0
    endloop
  endfacet
  facet normal 0 0 1
    outer loop
      vertex -0.038 -0.015 0
      vertex -0.0320185 -0.0170946 0
      vertex -0.031803 -0.0169308 0
    endloop
  endfacet
  facet normal 0 0 1
    outer loop
      vertex -0.0297312 -0.0214089 0
      vertex -0.0299955 -0.0214671 0
      vertex -0.038 -0.044 0
    endloop
  endfacet
  facet normal 0 0 1
    outer loop
      vertex -0.0299955 -0.0214671 0
      vertex -0.0302647 -0.0214963 0
      vertex -0.038 -0.044 0
    endloop
  endfacet
  facet normal 0 0 1
    outer loop
      vertex -0.038 -0.044 0
      vertex -0.0302647 -0.0214963 0
      vertex -0.0305353 -0.0214963 0
    endloop
  endfacet
  facet normal 0 0 1
    outer loop
      vertex -0.04 -0.042 0
      vertex -0.031571 -0.0212088 0
      vertex -0.031803 -0.0210692 0
    endloop
  endfacet
  facet normal 0 0 1
    outer loop
      vertex -0.031803 -0.0210692 0
      vertex -0.0320185 -0.0209054 0
      vertex -0.04 -0.042 0
    endloop
  endfacet
  facet normal 0 0 1
    outer loop
      vertex -0.0320185 -0.0209054 0
      vertex -0.032215 -0.0207192 0
      vertex -0.04 -0.042 0
    endloop
  endfacet
  facet normal 0 0 1
    outer loop
      vertex -0.04 -0.042 0
      vertex -0.032215 -0.0207192 0
      vertex -0.0323902 -0.0205129 0
    endloop
  endfacet
  facet normal 0 0 1
    outer loop
      vertex -0.0327691 -0.0182017 0
      vertex -0.039618 -0.0158244 0
      vertex -0.0397321 -0.016 0
    endloop
  endfacet
  facet normal 0 0 1
    outer loop
      vertex -0.0328853 -0.0192703 0
      vertex -0.0329 -0.019 0
      vertex -0.04 -0.017 0
    endloop
  endfacet
  facet normal 0 0 1
    outer loop
      vertex -0.0329 -0.019 0
      vertex -0.0328853 -0.0187297 0
      vertex -0.04 -0.017 0
    endloop
  endfacet
  facet normal 0 0 1
    outer loop
      vertex -0.04 -0.017 0
      vertex -0.0328853 -0.0187297 0
      vertex -0.039989 -0.0167909 0
    endloop
  endfacet
  facet normal 0 0 1
    outer loop
      vertex -0.0328853 -0.0187297 0
      vertex -0.0328416 -0.0184626 0
      vertex -0.039989 -0.0167909 0
    endloop
  endfacet
  facet normal 0 0 1
    outer loop
      vertex -0.039989 -0.0167909 0
      vertex -0.0328416 -0.0184626 0
      vertex -0.0399563 -0.0165842 0
    endloop
  endfacet
  facet normal 0 0 1
    outer loop
      vertex -0.0328416 -0.0184626 0
      vertex -0.0399021 -0.016382 0
      vertex -0.0399563 -0.0165842 0
    endloop
  endfacet
  facet normal 0 0 1
    outer loop
      vertex -0.031571 -0.0167912 0
      vertex -0.0313253 -0.0166776 0
      vertex -0.038 -0.015 0
    endloop
  endfacet
  facet normal 0 0 1
    outer loop
      vertex -0.0313253 -0.0166776 0
      vertex -0.0310688 -0.0165911 0
      vertex -0.038 -0.015 0
    endloop
  endfacet
  facet normal 0 0 1
    outer loop
      vertex -0.038 -0.015 0
      vertex -0.0310688 -0.0165911 0
      vertex -0.0308045 -0.0165329 0
    endloop
  endfacet
  facet normal 0 0 1
    outer loop
      vertex -0.0305353 -0.0214963 0
      vertex -0.0308045 -0.0214671 0
      vertex -0.038 -0.044 0
    endloop
  endfacet
  facet normal 0 0 1
    outer loop
      vertex -0.0308045 -0.0214671 0
      vertex -0.0310688 -0.0214089 0
      vertex -0.038 -0.044 0
    endloop
  endfacet
  facet normal 0 0 1
    outer loop
      vertex -0.038 -0.044 0
      vertex -0.0310688 -0.0214089 0
      vertex -0.0382091 -0.043989 0
    endloop
  endfacet
  facet normal 0 0 1
    outer loop
      vertex -0.0323902 -0.0205129 0
      vertex -0.0325421 -0.0202889 0
      vertex -0.04 -0.042 0
    endloop
  endfacet
  facet normal 0 0 1
    outer loop
      vertex -0.0325421 -0.0202889 0
      vertex -0.0326689 -0.0200497 0
      vertex -0.04 -0.042 0
    endloop
  endfacet
  facet normal 0 0 1
    outer loop
      vertex -0.04 -0.042 0
      vertex -0.0326689 -0.0200497 0
      vertex -0.04 -0.017 0
    endloop
  endfacet
  facet normal 0 0 1
    outer loop
      vertex -0.0326689 -0.0200497 0
      vertex -0.0327691 -0.0197983 0
      vertex -0.04 -0.017 0
    endloop
  endfacet
  facet normal 0 0 1
    outer loop
      vertex -0.04 -0.017 0
      vertex -0.0327691 -0.0197983 0
      vertex -0.0328416 -0.0195374 0
    endloop
  endfacet
  facet normal 0 0 1
    outer loop
      vertex -0.0327691 -0.0182017 0
      vertex -0.0397321 -0.016 0
      vertex -0.0328416 -0.0184626 0
    endloop
  endfacet
  facet normal 0 0 1
    outer loop
      vertex -0.0397321 -0.016 0
      vertex -0.0398271 -0.0161865 0
      vertex -0.0328416 -0.0184626 0
    endloop
  endfacet
  facet normal 0 0 1
    outer loop
      vertex -0.0328416 -0.0184626 0
      vertex -0.0398271 -0.0161865 0
      vertex -0.0399021 -0.016382 0
    endloop
  endfacet
  facet normal 0 0 1
    outer loop
      vertex -0.0325421 -0.0177111 0
      vertex -0.0323902 -0.0174871 0
      vertex -0.038 -0.015 0
    endloop
  endfacet
  facet normal 0 0 1
    outer loop
      vertex -0.0323902 -0.0174871 0
      vertex -0.032215 -0.0172808 0
      vertex -0.038 -0.015 0
    endloop
  endfacet
  facet normal 0 0 1
    outer loop
      vertex -0.038 -0.015 0
      vertex -0.032215 -0.0172808 0
      vertex -0.0320185 -0.0170946 0
    endloop
  endfacet
  facet normal 0 0 1
    outer loop
      vertex -0.0284098 -0.0174871 0
      vertex -0.0282579 -0.0177111 0
      vertex 0.004 -0.015 0
    endloop
  endfacet
  facet normal 0 0 1
    outer loop
      vertex -0.0282579 -0.0177111 0
      vertex -0.0281311 -0.0179503 0
      vertex 0.004 -0.015 0
    endloop
  endfacet
  facet normal 0 0 1
    outer loop
      vertex 0.004 -0.015 0
      vertex -0.0281311 -0.0179503 0
      vertex -0.0280309 -0.0182017 0
    endloop
  endfacet
  facet normal 0 0 1
    outer loop
      vertex -0.00191499 -0.0361807 0
      vertex -0.00171847 -0.0359946 0
      vertex -0.0279 -0.019 0
    endloop
  endfacet
  facet normal 0 0 1
    outer loop
      vertex -0.0287815 -0.0209054 0
      vertex -0.028997 -0.0210692 0
      vertex -0.00150297 -0.0399692 0
    endloop
  endfacet
  facet normal 0 0 1
    outer loop
      vertex -0.028997 -0.0210692 0
      vertex -0.029229 -0.0212088 0
      vertex -0.00150297 -0.0399692 0
    endloop
  endfacet
  facet normal 0 0 1
    outer loop
      vertex -0.00150297 -0.0399692 0
      vertex -0.029229 -0.0212088 0
      vertex -0.0294747 -0.0213224 0
    endloop
  endfacet
  facet normal 0 0 1
    outer loop
      vertex -0.000768821 -0.0354911 0
      vertex -0.000504455 -0.0354329 0
      vertex 0.006 -0.017 0
    endloop
  endfacet
  facet normal 0 0 1
    outer loop
      vertex -0.000504455 -0.0354329 0
      vertex -0.000235347 -0.0354037 0
      vertex 0.006 -0.017 0
    endloop
  endfacet
  facet normal 0 0 1
    outer loop
      vertex 0.006 -0.017 0
      vertex -0.000235347 -0.0354037 0
      vertex 3.53473e-5 -0.0354037 0
    endloop
  endfacet
  facet normal 0 0 1
    outer loop
      vertex 0.00461803 -0.0150979 0
      vertex 0.00441582 -0.0150437 0
      vertex -0.0279147 -0.0187297 0
    endloop
  endfacet
  facet normal 0 0 1
    outer loop
      vertex 0.0024 -0.0379 0
      vertex 0.00238534 -0.0381703 0
      vertex 0.006 -0.042 0
    endloop
  endfacet
  facet normal 0 0 1
    outer loop
      vertex 0.00238534 -0.0381703 0
      vertex 0.00234155 -0.0384374 0
      vertex 0.006 -0.042 0
    endloop
  endfacet
  facet normal 0 0 1
    outer loop
      vertex 0.006 -0.042 0
      vertex 0.00234155 -0.0384374 0
      vertex 0.00226913 -0.0386983 0
    endloop
  endfacet
  facet normal 0 0 1
    outer loop
      vertex 0.00130297 -0.0399692 0
      vertex 0.00107102 -0.0401088 0
      vertex 0.004 -0.044 0
    endloop
  endfacet
  facet normal 0 0 1
    outer loop
      vertex 0.00107102 -0.0401088 0
      vertex 0.000825345 -0.0402224 0
      vertex 0.004 -0.044 0
    endloop
  endfacet
  facet normal 0 0 1
    outer loop
      vertex 0.004 -0.044 0
      vertex 0.000825345 -0.0402224 0
      vertex 0.000568821 -0.0403089 0
    endloop
  endfacet
  facet normal 0 0 1
    outer loop
      vertex -0.00171847 -0.0359946 0
      vertex -0.00150297 -0.0358308 0
      vertex -0.0279 -0.019 0
    endloop
  endfacet
  facet normal 0 0 1
    outer loop
      vertex -0.00150297 -0.0358308 0
      vertex -0.00127102 -0.0356912 0
      vertex -0.0279 -0.019 0
    endloop
  endfacet
  facet normal 0 0 1
    outer loop
      vertex -0.0279 -0.019 0
      vertex -0.00127102 -0.0356912 0
      vertex -0.00102535 -0.0355776 0
    endloop
  endfacet
  facet normal 0 0 1
    outer loop
      vertex -0.0399563 -0.0424158 0
      vertex -0.0399021 -0.042618 0
      vertex -0.0313253 -0.0213224 0
    endloop
  endfacet
  facet normal 0 0 1
    outer loop
      vertex -0.0399021 -0.042618 0
      vertex -0.0398271 -0.0428135 0
      vertex -0.0313253 -0.0213224 0
    endloop
  endfacet
  facet normal 0 0 1
    outer loop
      vertex -0.0313253 -0.0213224 0
      vertex -0.0398271 -0.0428135 0
      vertex -0.0310688 -0.0214089 0
    endloop
  endfacet
  facet normal 0 0 1
    outer loop
      vertex -0.0398271 -0.0428135 0
      vertex -0.0397321 -0.043 0
      vertex -0.0310688 -0.0214089 0
    endloop
  endfacet
  facet normal 0 0 1
    outer loop
      vertex -0.031571 -0.0212088 0
      vertex -0.04 -0.042 0
      vertex -0.0313253 -0.0213224 0
    endloop
  endfacet
  facet normal 0 0 1
    outer loop
      vertex -0.04 -0.042 0
      vertex -0.039989 -0.0422091 0
      vertex -0.0313253 -0.0213224 0
    endloop
  endfacet
  facet normal 0 0 1
    outer loop
      vertex -0.0313253 -0.0213224 0
      vertex -0.039989 -0.0422091 0
      vertex -0.0399563 -0.0424158 0
    endloop
  endfacet
  facet normal 0 0 1
    outer loop
      vertex -0.0325421 -0.0177111 0
      vertex -0.038 -0.015 0
      vertex -0.0326689 -0.0179503 0
    endloop
  endfacet
  facet normal 0 0 1
    outer loop
      vertex -0.038 -0.015 0
      vertex -0.0382091 -0.015011 0
      vertex -0.0326689 -0.0179503 0
    endloop
  endfacet
  facet normal 0 0 1
    outer loop
      vertex -0.0326689 -0.0179503 0
      vertex -0.0382091 -0.015011 0
      vertex -0.0384158 -0.0150437 0
    endloop
  endfacet
  facet normal 0 0 1
    outer loop
      vertex -0.0299955 -0.0165329 0
      vertex 0.004 -0.015 0
      vertex -0.0302647 -0.0165037 0
    endloop
  endfacet
  facet normal 0 0 1
    outer loop
      vertex 0.004 -0.015 0
      vertex -0.038 -0.015 0
      vertex -0.0302647 -0.0165037 0
    endloop
  endfacet
  facet normal 0 0 1
    outer loop
      vertex -0.0302647 -0.0165037 0
      vertex -0.038 -0.015 0
      vertex -0.0305353 -0.0165037 0
    endloop
  endfacet
  facet normal 0 0 1
    outer loop
      vertex -0.038 -0.015 0
      vertex -0.0308045 -0.0165329 0
      vertex -0.0305353 -0.0165037 0
    endloop
  endfacet
  facet normal 0 0 1
    outer loop
      vertex 0.00598904 -0.0167909 0
      vertex -0.0279 -0.019 0
      vertex 0.006 -0.017 0
    endloop
  endfacet
  facet normal 0 0 1
    outer loop
      vertex -0.0279 -0.019 0
      vertex -0.00102535 -0.0355776 0
      vertex 0.006 -0.017 0
    endloop
  endfacet
  facet normal 0 0 1
    outer loop
      vertex 0.006 -0.017 0
      vertex -0.00102535 -0.0355776 0
      vertex -0.000768821 -0.0354911 0
    endloop
  endfacet
  facet normal 0 0 1
    outer loop
      vertex 0.00226913 -0.0386983 0
      vertex 0.00216894 -0.0389497 0
      vertex 0.006 -0.042 0
    endloop
  endfacet
  facet normal 0 0 1
    outer loop
      vertex 0.00216894 -0.0389497 0
      vertex 0.00204214 -0.0391889 0
      vertex 0.006 -0.042 0
    endloop
  endfacet
  facet normal 0 0 1
    outer loop
      vertex 0.006 -0.042 0
      vertex 0.00204214 -0.0391889 0
      vertex 0.00598904 -0.0422091 0
    endloop
  endfacet
  facet normal 0 0 1
    outer loop
      vertex 0.00204214 -0.0391889 0
      vertex 0.00189023 -0.0394129 0
      vertex 0.00598904 -0.0422091 0
    endloop
  endfacet
  facet normal 0 0 1
    outer loop
      vertex 0.00151847 -0.0398054 0
      vertex 0.00441582 -0.0439563 0
      vertex 0.00461803 -0.0439021 0
    endloop
  endfacet
  facet normal 0 0 1
    outer loop
      vertex 0.000568821 -0.0403089 0
      vertex 0.000304455 -0.0403671 0
      vertex 0.004 -0.044 0
    endloop
  endfacet
  facet normal 0 0 1
    outer loop
      vertex 0.000304455 -0.0403671 0
      vertex 3.53473e-5 -0.0403963 0
      vertex 0.004 -0.044 0
    endloop
  endfacet
  facet normal 0 0 1
    outer loop
      vertex 0.004 -0.044 0
      vertex 3.53473e-5 -0.0403963 0
      vertex -0.000235347 -0.0403963 0
    endloop
  endfacet
  facet normal 0 0 1
    outer loop
      vertex -0.000235347 -0.0403963 0
      vertex -0.000504455 -0.0403671 0
      vertex 0.004 -0.044 0
    endloop
  endfacet
  facet normal 0 0 1
    outer loop
      vertex -0.000504455 -0.0403671 0
      vertex -0.000768821 -0.0403089 0
      vertex 0.004 -0.044 0
    endloop
  endfacet
  facet normal 0 0 1
    outer loop
      vertex 0.004 -0.044 0
      vertex -0.000768821 -0.0403089 0
      vertex -0.038 -0.044 0
    endloop
  endfacet
  facet normal 0 0 1
    outer loop
      vertex -0.000768821 -0.0403089 0
      vertex -0.00102535 -0.0402224 0
      vertex -0.038 -0.044 0
    endloop
  endfacet
  facet normal 0 0 1
    outer loop
      vertex -0.00236894 -0.0368503 0
      vertex -0.00224214 -0.0366111 0
      vertex -0.0279 -0.019 0
    endloop
  endfacet
  facet normal 0 0 1
    outer loop
      vertex -0.00224214 -0.0366111 0
      vertex -0.00209023 -0.0363871 0
      vertex -0.0279 -0.019 0
    endloop
  endfacet
  facet normal 0 0 1
    outer loop
      vertex -0.0279 -0.019 0
      vertex -0.00209023 -0.0363871 0
      vertex -0.00191499 -0.0361807 0
    endloop
  endfacet
  facet normal 0 0 1
    outer loop
      vertex -0.00102535 -0.0402224 0
      vertex -0.00127102 -0.0401088 0
      vertex -0.038 -0.044 0
    endloop
  endfacet
  facet normal 0 0 1
    outer loop
      vertex -0.00127102 -0.0401088 0
      vertex -0.00150297 -0.0399692 0
      vertex -0.038 -0.044 0
    endloop
  endfacet
  facet normal 0 0 1
    outer loop
      vertex -0.038 -0.044 0
      vertex -0.00150297 -0.0399692 0
      vertex -0.0297312 -0.0214089 0
    endloop
  endfacet
  facet normal 0 0 1
    outer loop
      vertex -0.00150297 -0.0399692 0
      vertex -0.0294747 -0.0213224 0
      vertex -0.0297312 -0.0214089 0
    endloop
  endfacet
  facet normal 0 0 1
    outer loop
      vertex 0.000825345 -0.0355776 0
      vertex 0.00107102 -0.0356912 0
      vertex 0.006 -0.017 0
    endloop
  endfacet
  facet normal 0 0 1
    outer loop
      vertex -0.0391756 -0.015382 0
      vertex -0.0393383 -0.0155137 0
      vertex -0.0327691 -0.0182017 0
    endloop
  endfacet
  facet normal 0 0 1
    outer loop
      vertex -0.0393383 -0.0155137 0
      vertex -0.0394863 -0.0156617 0
      vertex -0.0327691 -0.0182017 0
    endloop
  endfacet
  facet normal 0 0 1
    outer loop
      vertex -0.0327691 -0.0182017 0
      vertex -0.0394863 -0.0156617 0
      vertex -0.039618 -0.0158244 0
    endloop
  endfacet
  facet normal 0 0 1
    outer loop
      vertex -0.0299955 -0.0165329 0
      vertex -0.0297312 -0.0165911 0
      vertex 0.004 -0.015 0
    endloop
  endfacet
  facet normal 0 0 1
    outer loop
      vertex -0.0297312 -0.0165911 0
      vertex -0.0294747 -0.0166776 0
      vertex 0.004 -0.015 0
    endloop
  endfacet
  facet normal 0 0 1
    outer loop
      vertex 0.004 -0.015 0
      vertex -0.0294747 -0.0166776 0
      vertex -0.029229 -0.0167912 0
    endloop
  endfacet
  facet normal 0 0 1
    outer loop
      vertex 0.00441582 -0.0150437 0
      vertex 0.00420906 -0.015011 0
      vertex -0.0279147 -0.0187297 0
    endloop
  endfacet
  facet normal 0 0 1
    outer loop
      vertex 0.00420906 -0.015011 0
      vertex 0.004 -0.015 0
      vertex -0.0279147 -0.0187297 0
    endloop
  endfacet
  facet normal 0 0 1
    outer loop
      vertex -0.0279147 -0.0187297 0
      vertex 0.004 -0.015 0
      vertex -0.0279584 -0.0184626 0
    endloop
  endfacet
  facet normal 0 0 1
    outer loop
      vertex 0.004 -0.015 0
      vertex -0.0280309 -0.0182017 0
      vertex -0.0279584 -0.0184626 0
    endloop
  endfacet
  facet normal 0 0 1
    outer loop
      vertex 0.00533826 -0.0434863 0
      vertex 0.00548629 -0.0433383 0
      vertex 0.00171499 -0.0396192 0
    endloop
  endfacet
  facet normal 0 0 1
    outer loop
      vertex 0.00548629 -0.0433383 0
      vertex 0.00561803 -0.0431756 0
      vertex 0.00171499 -0.0396192 0
    endloop
  endfacet
  facet normal 0 0 1
    outer loop
      vertex 0.00171499 -0.0396192 0
      vertex 0.00561803 -0.0431756 0
      vertex 0.00573205 -0.043 0
    endloop
  endfacet
  facet normal 0 0 1
    outer loop
      vertex 0.00130297 -0.0399692 0
      vertex 0.004 -0.044 0
      vertex 0.00151847 -0.0398054 0
    endloop
  endfacet
  facet normal 0 0 1
    outer loop
      vertex 0.004 -0.044 0
      vertex 0.00420906 -0.043989 0
      vertex 0.00151847 -0.0398054 0
    endloop
  endfacet
  facet normal 0 0 1
    outer loop
      vertex 0.00151847 -0.0398054 0
      vertex 0.00420906 -0.043989 0
      vertex 0.00441582 -0.0439563 0
    endloop
  endfacet
  facet normal 0 0 1
    outer loop
      vertex -0.0279147 -0.0192703 0
      vertex -0.00209023 -0.0394129 0
      vertex -0.0279 -0.019 0
    endloop
  endfacet
  facet normal 0 0 1
    outer loop
      vertex -0.00209023 -0.0394129 0
      vertex -0.00224214 -0.0391889 0
      vertex -0.0279 -0.019 0
    endloop
  endfacet
  facet normal 0 0 1
    outer loop
      vertex 0.00171499 -0.0361807 0
      vertex 0.00189023 -0.0363871 0
      vertex 0.006 -0.017 0
    endloop
  endfacet
  facet normal 0 0 1
    outer loop
      vertex 0.00189023 -0.0363871 0
      vertex 0.00204214 -0.0366111 0
      vertex 0.006 -0.017 0
    endloop
  endfacet
  facet normal 0 0 1
    outer loop
      vertex -0.0397321 -0.043 0
      vertex -0.039618 -0.0431756 0
      vertex -0.0310688 -0.0214089 0
    endloop
  endfacet
  facet normal 0 0 1
    outer loop
      vertex -0.039618 -0.0431756 0
      vertex -0.0394863 -0.0433383 0
      vertex -0.0310688 -0.0214089 0
    endloop
  endfacet
  facet normal 0 0 1
    outer loop
      vertex -0.0310688 -0.0214089 0
      vertex -0.0394863 -0.0433383 0
      vertex -0.0393383 -0.0434863 0
    endloop
  endfacet
  facet normal 0 0 1
    outer loop
      vertex -0.0393383 -0.0434863 0
      vertex -0.0391756 -0.043618 0
      vertex -0.0310688 -0.0214089 0
    endloop
  endfacet
  facet normal 0 0 1
    outer loop
      vertex -0.0391756 -0.043618 0
      vertex -0.039 -0.0437321 0
      vertex -0.0310688 -0.0214089 0
    endloop
  endfacet
  facet normal 0 0 1
    outer loop
      vertex -0.0310688 -0.0214089 0
      vertex -0.039 -0.0437321 0
      vertex -0.0388135 -0.0438271 0
    endloop
  endfacet
  facet normal 0 0 1
    outer loop
      vertex -0.0388135 -0.0438271 0
      vertex -0.038618 -0.0439021 0
      vertex -0.0310688 -0.0214089 0
    endloop
  endfacet
  facet normal 0 0 1
    outer loop
      vertex -0.038618 -0.0439021 0
      vertex -0.0384158 -0.0439563 0
      vertex -0.0310688 -0.0214089 0
    endloop
  endfacet
  facet normal 0 0 1
    outer loop
      vertex -0.0310688 -0.0214089 0
      vertex -0.0384158 -0.0439563 0
      vertex -0.0382091 -0.043989 0
    endloop
  endfacet
  facet normal 0 0 1
    outer loop
      vertex -0.0384158 -0.0150437 0
      vertex -0.038618 -0.0150979 0
      vertex -0.0326689 -0.0179503 0
    endloop
  endfacet
  facet normal 0 0 1
    outer loop
      vertex -0.038618 -0.0150979 0
      vertex -0.0388135 -0.0151729 0
      vertex -0.0326689 -0.0179503 0
    endloop
  endfacet
  facet normal 0 0 1
    outer loop
      vertex -0.0326689 -0.0179503 0
      vertex -0.0388135 -0.0151729 0
      vertex -0.0327691 -0.0182017 0
    endloop
  endfacet
  facet normal 0 0 1
    outer loop
      vertex -0.0388135 -0.0151729 0
      vertex -0.039 -0.0152679 0
      vertex -0.0327691 -0.0182017 0
    endloop
  endfacet
  facet normal 0 0 1
    outer loop
      vertex -0.0327691 -0.0182017 0
      vertex -0.039 -0.0152679 0
      vertex -0.0391756 -0.015382 0
    endloop
  endfacet
  facet normal 0 0 1
    outer loop
      vertex -0.029229 -0.0167912 0
      vertex -0.028997 -0.0169308 0
      vertex 0.004 -0.015 0
    endloop
  endfacet
  facet normal 0 0 1
    outer loop
      vertex -0.028997 -0.0169308 0
      vertex -0.0287815 -0.0170946 0
      vertex 0.004 -0.015 0
    endloop
  endfacet
  facet normal 0 0 1
    outer loop
      vertex 0.004 -0.015 0
      vertex -0.0287815 -0.0170946 0
      vertex -0.028585 -0.0172808 0
    endloop
  endfacet
  facet normal 0 0 1
    outer loop
      vertex -0.0279 -0.019 0
      vertex 0.00548629 -0.0156617 0
      vertex 0.00533826 -0.0155137 0
    endloop
  endfacet
  facet normal 0 0 1
    outer loop
      vertex 0.00533826 -0.0155137 0
      vertex 0.00517557 -0.015382 0
      vertex -0.0279 -0.019 0
    endloop
  endfacet
  facet normal 0 0 1
    outer loop
      vertex 0.00517557 -0.015382 0
      vertex 0.005 -0.0152679 0
      vertex -0.0279 -0.019 0
    endloop
  endfacet
  facet normal 0 0 1
    outer loop
      vertex -0.0279 -0.019 0
      vertex 0.005 -0.0152679 0
      vertex -0.0279147 -0.0187297 0
    endloop
  endfacet
  facet normal 0 0 1
    outer loop
      vertex 0.005 -0.0152679 0
      vertex 0.00481347 -0.0151729 0
      vertex -0.0279147 -0.0187297 0
    endloop
  endfacet
  facet normal 0 0 1
    outer loop
      vertex -0.0279147 -0.0187297 0
      vertex 0.00481347 -0.0151729 0
      vertex 0.00461803 -0.0150979 0
    endloop
  endfacet
  facet normal 0 0 1
    outer loop
      vertex 0.00573205 -0.043 0
      vertex 0.00582709 -0.0428135 0
      vertex 0.00171499 -0.0396192 0
    endloop
  endfacet
  facet normal 0 0 1
    outer loop
      vertex 0.00582709 -0.0428135 0
      vertex 0.00590211 -0.042618 0
      vertex 0.00171499 -0.0396192 0
    endloop
  endfacet
  facet normal 0 0 1
    outer loop
      vertex 0.00171499 -0.0396192 0
      vertex 0.00590211 -0.042618 0
      vertex 0.00189023 -0.0394129 0
    endloop
  endfacet
  facet normal 0 0 1
    outer loop
      vertex 0.00590211 -0.042618 0
      vertex 0.0059563 -0.0424158 0
      vertex 0.00189023 -0.0394129 0
    endloop
  endfacet
  facet normal 0 0 1
    outer loop
      vertex 0.00189023 -0.0394129 0
      vertex 0.0059563 -0.0424158 0
      vertex 0.00598904 -0.0422091 0
    endloop
  endfacet
  facet normal 0 0 1
    outer loop
      vertex 0.00461803 -0.0439021 0
      vertex 0.00481347 -0.0438271 0
      vertex 0.00151847 -0.0398054 0
    endloop
  endfacet
  facet normal 0 0 1
    outer loop
      vertex 0.00481347 -0.0438271 0
      vertex 0.005 -0.0437321 0
      vertex 0.00151847 -0.0398054 0
    endloop
  endfacet
  facet normal 0 0 1
    outer loop
      vertex 0.00151847 -0.0398054 0
      vertex 0.005 -0.0437321 0
      vertex 0.00171499 -0.0396192 0
    endloop
  endfacet
  facet normal 0 0 1
    outer loop
      vertex 0.005 -0.0437321 0
      vertex 0.00517557 -0.043618 0
      vertex 0.00171499 -0.0396192 0
    endloop
  endfacet
  facet normal 0 0 1
    outer loop
      vertex 0.00171499 -0.0396192 0
      vertex 0.00517557 -0.043618 0
      vertex 0.00533826 -0.0434863 0
    endloop
  endfacet
  facet normal 0 0 1
    outer loop
      vertex -0.00224214 -0.0391889 0
      vertex -0.00236894 -0.0389497 0
      vertex -0.0279 -0.019 0
    endloop
  endfacet
  facet normal 0 0 1
    outer loop
      vertex -0.00236894 -0.0389497 0
      vertex -0.00246913 -0.0386983 0
      vertex -0.0279 -0.019 0
    endloop
  endfacet
  facet normal 0 0 1
    outer loop
      vertex -0.0279 -0.019 0
      vertex -0.00246913 -0.0386983 0
      vertex -0.00254155 -0.0384374 0
    endloop
  endfacet
  facet normal 0 0 1
    outer loop
      vertex 0.00107102 -0.0356912 0
      vertex 0.00130297 -0.0358308 0
      vertex 0.006 -0.017 0
    endloop
  endfacet
  facet normal 0 0 1
    outer loop
      vertex 0.00130297 -0.0358308 0
      vertex 0.00151847 -0.0359946 0
      vertex 0.006 -0.017 0
    endloop
  endfacet
  facet normal 0 0 1
    outer loop
      vertex 0.006 -0.017 0
      vertex 0.00151847 -0.0359946 0
      vertex 0.00171499 -0.0361807 0
    endloop
  endfacet
  facet normal 0 0 1
    outer loop
      vertex 0.00204214 -0.0366111 0
      vertex 0.00216894 -0.0368503 0
      vertex 0.006 -0.017 0
    endloop
  endfacet
  facet normal 0 0 1
    outer loop
      vertex 0.00216894 -0.0368503 0
      vertex 0.00226913 -0.0371017 0
      vertex 0.006 -0.017 0
    endloop
  endfacet
  facet normal 0 0 1
    outer loop
      vertex 0.006 -0.017 0
      vertex 0.00226913 -0.0371017 0
      vertex 0.006 -0.042 0
    endloop
  endfacet
  facet normal 0 0 1
    outer loop
      vertex 0.00226913 -0.0371017 0
      vertex 0.00234155 -0.0373626 0
      vertex 0.006 -0.042 0
    endloop
  endfacet
  facet normal 0 0 1
    outer loop
      vertex 0.006 -0.042 0
      vertex 0.00234155 -0.0373626 0
      vertex 0.00238534 -0.0376297 0
    endloop
  endfacet
  facet normal 0 0 1
    outer loop
      vertex -0.0279147 -0.0192703 0
      vertex -0.0279584 -0.0195374 0
      vertex -0.00209023 -0.0394129 0
    endloop
  endfacet
  facet normal 0 0 1
    outer loop
      vertex -0.0279584 -0.0195374 0
      vertex -0.0280309 -0.0197983 0
      vertex -0.00209023 -0.0394129 0
    endloop
  endfacet
  facet normal 0 0 1
    outer loop
      vertex -0.00209023 -0.0394129 0
      vertex -0.0280309 -0.0197983 0
      vertex -0.00191499 -0.0396192 0
    endloop
  endfacet
  facet normal 0 0 1
    outer loop
      vertex -0.0280309 -0.0197983 0
      vertex -0.0281311 -0.0200497 0
      vertex -0.00191499 -0.0396192 0
    endloop
  endfacet
  facet normal 0 0 1
    outer loop
      vertex -0.00191499 -0.0396192 0
      vertex -0.0281311 -0.0200497 0
      vertex -0.00171847 -0.0398054 0
    endloop
  endfacet
  facet normal 0 0 1
    outer loop
      vertex 3.53473e-5 -0.0354037 0
      vertex 0.000304455 -0.0354329 0
      vertex 0.006 -0.017 0
    endloop
  endfacet
  facet normal 0 0 1
    outer loop
      vertex 0.000304455 -0.0354329 0
      vertex 0.000568821 -0.0354911 0
      vertex 0.006 -0.017 0
    endloop
  endfacet
  facet normal 0 0 1
    outer loop
      vertex 0.006 -0.017 0
      vertex 0.000568821 -0.0354911 0
      vertex 0.000825345 -0.0355776 0
    endloop
  endfacet
  facet normal 0 0 1
    outer loop
      vertex 0.00598904 -0.0167909 0
      vertex 0.0059563 -0.0165842 0
      vertex -0.0279 -0.019 0
    endloop
  endfacet
  facet normal 0 0 1
    outer loop
      vertex 0.0059563 -0.0165842 0
      vertex 0.00590211 -0.016382 0
      vertex -0.0279 -0.019 0
    endloop
  endfacet
  facet normal 0 0 1
    outer loop
      vertex -0.0279 -0.019 0
      vertex 0.00590211 -0.016382 0
      vertex 0.00582709 -0.0161865 0
    endloop
  endfacet
  facet normal 0 0 1
    outer loop
      vertex -0.00254155 -0.0384374 0
      vertex -0.00258534 -0.0381703 0
      vertex -0.0279 -0.019 0
    endloop
  endfacet
  facet normal 0 0 1
    outer loop
      vertex -0.00258534 -0.0381703 0
      vertex -0.0026 -0.0379 0
      vertex -0.0279 -0.019 0
    endloop
  endfacet
  facet normal 0 0 1
    outer loop
      vertex -0.0279 -0.019 0
      vertex -0.0026 -0.0379 0
      vertex -0.00258534 -0.0376297 0
    endloop
  endfacet
  facet normal 0 0 1
    outer loop
      vertex 0.00582709 -0.0161865 0
      vertex 0.00573205 -0.016 0
      vertex -0.0279 -0.019 0
    endloop
  endfacet
  facet normal 0 0 1
    outer loop
      vertex 0.00573205 -0.016 0
      vertex 0.00561803 -0.0158244 0
      vertex -0.0279 -0.019 0
    endloop
  endfacet
  facet normal 0 0 1
    outer loop
      vertex -0.0279 -0.019 0
      vertex 0.00561803 -0.0158244 0
      vertex 0.00548629 -0.0156617 0
    endloop
  endfacet
  facet normal 0 0 1
    outer loop
      vertex -0.00258534 -0.0376297 0
      vertex -0.00254155 -0.0373626 0
      vertex -0.0279 -0.019 0
    endloop
  endfacet
  facet normal 0 0 1
    outer loop
      vertex -0.00254155 -0.0373626 0
      vertex -0.00246913 -0.0371017 0
      vertex -0.0279 -0.019 0
    endloop
  endfacet
  facet normal 0 0 1
    outer loop
      vertex -0.0279 -0.019 0
      vertex -0.00246913 -0.0371017 0
      vertex -0.00236894 -0.0368503 0
    endloop
  endfacet
  facet normal 0 0 1
    outer loop
      vertex -0.0281311 -0.0200497 0
      vertex -0.0282579 -0.0202889 0
      vertex -0.00171847 -0.0398054 0
    endloop
  endfacet
  facet normal 0 0 1
    outer loop
      vertex -0.0282579 -0.0202889 0
      vertex -0.0284098 -0.0205129 0
      vertex -0.00171847 -0.0398054 0
    endloop
  endfacet
  facet normal 0 0 1
    outer loop
      vertex -0.00171847 -0.0398054 0
      vertex -0.0284098 -0.0205129 0
      vertex -0.00150297 -0.0399692 0
    endloop
  endfacet
  facet normal 0 0 1
    outer loop
      vertex -0.0284098 -0.0205129 0
      vertex -0.028585 -0.0207192 0
      vertex -0.00150297 -0.0399692 0
    endloop
  endfacet
  facet normal 0 0 1
    outer loop
      vertex -0.00150297 -0.0399692 0
      vertex -0.028585 -0.0207192 0
      vertex -0.0287815 -0.0209054 0
    endloop
  endfacet
  facet normal 0 0 -1
    outer loop
      vertex -0.0161672 -0.0479098 -0.005
      vertex -0.0163981 -0.047832 -0.005
      vertex -0.0016 -0.0379 -0.005
    endloop
  endfacet
  facet normal 0 0 -1
    outer loop
      vertex -0.0163981 -0.047832 -0.005
      vertex -0.016636 -0.0477796 -0.005
      vertex -0.0016 -0.0379 -0.005
    endloop
  endfacet
  facet normal 0 0 -1
    outer loop
      vertex -0.016636 -0.0477796 -0.005
      vertex -0.0168782 -0.0477533 -0.005
      vertex -0.0016 -0.0379 -0.005
    endloop
  endfacet
  facet normal 0 0 -1
    outer loop
      vertex -0.0016 -0.0379 -0.005
      vertex -0.0168782 -0.0477533 -0.005
      vertex -0.0171218 -0.0477533 -0.005
    endloop
  endfacet
  facet normal 0 0 -1
    outer loop
      vertex -0.0318215 -0.018521 -0.005
      vertex -0.0318649 -0.0186775 -0.005
      vertex -0.045 -0.012 -0.005
    endloop
  endfacet
  facet normal 0 0 -1
    outer loop
      vertex -0.0318649 -0.0186775 -0.005
      vertex -0.0318912 -0.0188378 -0.005
      vertex -0.045 -0.012 -0.005
    endloop
  endfacet
  facet normal 0 0 -1
    outer loop
      vertex -0.045 -0.012 -0.005
      vertex -0.0318912 -0.0188378 -0.005
      vertex -0.0319 -0.019 -0.005
    endloop
  endfacet
  facet normal 0 0 -1
    outer loop
      vertex -0.0319 -0.019 -0.005
      vertex -0.0318912 -0.0191622 -0.005
      vertex -0.045 -0.012 -0.005
    endloop
  endfacet
  facet normal 0 0 -1
    outer loop
      vertex -0.0318912 -0.0191622 -0.005
      vertex -0.0318649 -0.0193225 -0.005
      vertex -0.045 -0.012 -0.005
    endloop
  endfacet
  facet normal 0 0 -1
    outer loop
      vertex -0.045 -0.012 -0.005
      vertex -0.0318649 -0.0193225 -0.005
      vertex -0.045 -0.048 -0.005
    endloop
  endfacet
  facet normal 0 0 -1
    outer loop
      vertex -0.0318649 -0.0193225 -0.005
      vertex -0.0318215 -0.019479 -0.005
      vertex -0.045 -0.048 -0.005
    endloop
  endfacet
  facet normal 0 0 -1
    outer loop
      vertex -1.87916e-5 -0.0393978 -0.005
      vertex 0.000142673 -0.0393802 -0.005
      vertex 0.009 -0.05 -0.005
    endloop
  endfacet
  facet normal 0 0 -1
    outer loop
      vertex 0.000142673 -0.0393802 -0.005
      vertex 0.000301293 -0.0393453 -0.005
      vertex 0.009 -0.05 -0.005
    endloop
  endfacet
  facet normal 0 0 -1
    outer loop
      vertex 0.009 -0.05 -0.005
      vertex 0.000301293 -0.0393453 -0.005
      vertex 0.000455207 -0.0392935 -0.005
    endloop
  endfacet
  facet normal 0 0 -1
    outer loop
      vertex 0.00126136 -0.0372702 -0.005
      vertex 0.00118529 -0.0371267 -0.005
      vertex 0.011 -0.012 -0.005
    endloop
  endfacet
  facet normal 0 0 -1
    outer loop
      vertex -0.00146136 -0.0372702 -0.005
      vertex -0.00152148 -0.037421 -0.005
      vertex -0.045 -0.048 -0.005
    endloop
  endfacet
  facet normal 0 0 -1
    outer loop
      vertex -0.0155434 -0.0482851 -0.005
      vertex -0.0157373 -0.0481377 -0.005
      vertex -0.0016 -0.0379 -0.005
    endloop
  endfacet
  facet normal 0 0 -1
    outer loop
      vertex -0.0157373 -0.0481377 -0.005
      vertex -0.0159461 -0.0480121 -0.005
      vertex -0.0016 -0.0379 -0.005
    endloop
  endfacet
  facet normal 0 0 -1
    outer loop
      vertex -0.0016 -0.0379 -0.005
      vertex -0.0159461 -0.0480121 -0.005
      vertex -0.0161672 -0.0479098 -0.005
    endloop
  endfacet
  facet normal 0 0 -1
    outer loop
      vertex -0.0308013 -0.0175547 -0.005
      vertex -0.0309552 -0.0176065 -0.005
      vertex -0.043 -0.01 -0.005
    endloop
  endfacet
  facet normal 0 0 -1
    outer loop
      vertex -0.013 -0.05 -0.005
      vertex -0.000802613 -0.0392253 -0.005
      vertex -0.000655207 -0.0392935 -0.005
    endloop
  endfacet
  facet normal 0 0 -1
    outer loop
      vertex 0.00109414 -0.0388078 -0.005
      vertex 0.00118529 -0.0386733 -0.005
      vertex 0.011 -0.048 -0.005
    endloop
  endfacet
  facet normal 0 0 -1
    outer loop
      vertex 0.00118529 -0.0386733 -0.005
      vertex 0.00126136 -0.0385298 -0.005
      vertex 0.011 -0.048 -0.005
    endloop
  endfacet
  facet normal 0 0 -1
    outer loop
      vertex -0.013 -0.01 -0.005
      vertex -0.000941781 -0.0366585 -0.005
      vertex -0.00107108 -0.0367568 -0.005
    endloop
  endfacet
  facet normal 0 0 -1
    outer loop
      vertex -0.013 -0.05 -0.005
      vertex -0.0147632 -0.0497567 -0.005
      vertex -0.0148026 -0.0495163 -0.005
    endloop
  endfacet
  facet normal 0 0 -1
    outer loop
      vertex -0.0171218 -0.0477533 -0.005
      vertex -0.017364 -0.0477796 -0.005
      vertex -0.0016 -0.0379 -0.005
    endloop
  endfacet
  facet normal 0 0 -1
    outer loop
      vertex -0.017364 -0.0477796 -0.005
      vertex -0.0176019 -0.047832 -0.005
      vertex -0.0016 -0.0379 -0.005
    endloop
  endfacet
  facet normal 0 0 -1
    outer loop
      vertex -0.0016 -0.0379 -0.005
      vertex -0.0176019 -0.047832 -0.005
      vertex -0.045 -0.048 -0.005
    endloop
  endfacet
  facet normal 0 0 -1
    outer loop
      vertex -0.0176019 -0.047832 -0.005
      vertex -0.0178328 -0.0479098 -0.005
      vertex -0.045 -0.048 -0.005
    endloop
  endfacet
  facet normal 0 0 -1
    outer loop
      vertex -0.045 -0.048 -0.005
      vertex -0.0178328 -0.0479098 -0.005
      vertex -0.0180539 -0.0480121 -0.005
    endloop
  endfacet
  facet normal 0 0 -1
    outer loop
      vertex -0.0191974 -0.0104837 -0.005
      vertex -0.0296974 -0.0176747 -0.005
      vertex -0.0298448 -0.0176065 -0.005
    endloop
  endfacet
  facet normal 0 0 -1
    outer loop
      vertex -0.0301573 -0.0175198 -0.005
      vertex -0.0303188 -0.0175022 -0.005
      vertex -0.021 -0.01 -0.005
    endloop
  endfacet
  facet normal 0 0 -1
    outer loop
      vertex -0.0303188 -0.0175022 -0.005
      vertex -0.0304812 -0.0175022 -0.005
      vertex -0.021 -0.01 -0.005
    endloop
  endfacet
  facet normal 0 0 -1
    outer loop
      vertex -0.021 -0.01 -0.005
      vertex -0.0304812 -0.0175022 -0.005
      vertex -0.043 -0.01 -0.005
    endloop
  endfacet
  facet normal 0 0 -1
    outer loop
      vertex -0.0304812 -0.0175022 -0.005
      vertex -0.0306427 -0.0175198 -0.005
      vertex -0.043 -0.01 -0.005
    endloop
  endfacet
  facet normal 0 0 -1
    outer loop
      vertex -0.043 -0.01 -0.005
      vertex -0.0306427 -0.0175198 -0.005
      vertex -0.0308013 -0.0175547 -0.005
    endloop
  endfacet
  facet normal 0 0 -1
    outer loop
      vertex -0.0449021 -0.011382 -0.005
      vertex -0.0448271 -0.0111865 -0.005
      vertex -0.0316853 -0.0182267 -0.005
    endloop
  endfacet
  facet normal 0 0 -1
    outer loop
      vertex -0.00152148 -0.038379 -0.005
      vertex -0.00146136 -0.0385298 -0.005
      vertex -0.013 -0.05 -0.005
    endloop
  endfacet
  facet normal 0 0 -1
    outer loop
      vertex -0.000655207 -0.0392935 -0.005
      vertex -0.000501293 -0.0393453 -0.005
      vertex -0.013 -0.05 -0.005
    endloop
  endfacet
  facet normal 0 0 -1
    outer loop
      vertex -0.000501293 -0.0393453 -0.005
      vertex -0.000342673 -0.0393802 -0.005
      vertex -0.013 -0.05 -0.005
    endloop
  endfacet
  facet normal 0 0 -1
    outer loop
      vertex -0.013 -0.05 -0.005
      vertex -0.000342673 -0.0393802 -0.005
      vertex 0.009 -0.05 -0.005
    endloop
  endfacet
  facet normal 0 0 -1
    outer loop
      vertex -0.000342673 -0.0393802 -0.005
      vertex -0.000181208 -0.0393978 -0.005
      vertex 0.009 -0.05 -0.005
    endloop
  endfacet
  facet normal 0 0 -1
    outer loop
      vertex 0.009 -0.05 -0.005
      vertex -0.000181208 -0.0393978 -0.005
      vertex -1.87916e-5 -0.0393978 -0.005
    endloop
  endfacet
  facet normal 0 0 -1
    outer loop
      vertex 0.000871079 -0.0390432 -0.005
      vertex 0.00981347 -0.0498271 -0.005
      vertex 0.00961803 -0.0499021 -0.005
    endloop
  endfacet
  facet normal 0 0 -1
    outer loop
      vertex 0.000455207 -0.0392935 -0.005
      vertex 0.000602613 -0.0392253 -0.005
      vertex 0.009 -0.05 -0.005
    endloop
  endfacet
  facet normal 0 0 -1
    outer loop
      vertex 0.000602613 -0.0392253 -0.005
      vertex 0.000741781 -0.0391415 -0.005
      vertex 0.009 -0.05 -0.005
    endloop
  endfacet
  facet normal 0 0 -1
    outer loop
      vertex 0.009 -0.05 -0.005
      vertex 0.000741781 -0.0391415 -0.005
      vertex 0.00920906 -0.049989 -0.005
    endloop
  endfacet
  facet normal 0 0 -1
    outer loop
      vertex 0.000741781 -0.0391415 -0.005
      vertex 0.000871079 -0.0390432 -0.005
      vertex 0.00920906 -0.049989 -0.005
    endloop
  endfacet
  facet normal 0 0 -1
    outer loop
      vertex 0.00920906 -0.049989 -0.005
      vertex 0.000871079 -0.0390432 -0.005
      vertex 0.00941582 -0.0499563 -0.005
    endloop
  endfacet
  facet normal 0 0 -1
    outer loop
      vertex 0.000871079 -0.0390432 -0.005
      vertex 0.00961803 -0.0499021 -0.005
      vertex 0.00941582 -0.0499563 -0.005
    endloop
  endfacet
  facet normal 0 0 -1
    outer loop
      vertex 0.0108271 -0.0488135 -0.005
      vertex 0.000988993 -0.0389315 -0.005
      vertex 0.0109021 -0.048618 -0.005
    endloop
  endfacet
  facet normal 0 0 -1
    outer loop
      vertex 0.000988993 -0.0389315 -0.005
      vertex 0.0109563 -0.0484158 -0.005
      vertex 0.0109021 -0.048618 -0.005
    endloop
  endfacet
  facet normal 0 0 -1
    outer loop
      vertex 0.00109414 -0.0388078 -0.005
      vertex 0.011 -0.048 -0.005
      vertex 0.000988993 -0.0389315 -0.005
    endloop
  endfacet
  facet normal 0 0 -1
    outer loop
      vertex 0.011 -0.048 -0.005
      vertex 0.010989 -0.0482091 -0.005
      vertex 0.000988993 -0.0389315 -0.005
    endloop
  endfacet
  facet normal 0 0 -1
    outer loop
      vertex 0.000988993 -0.0389315 -0.005
      vertex 0.010989 -0.0482091 -0.005
      vertex 0.0109563 -0.0484158 -0.005
    endloop
  endfacet
  facet normal 0 0 -1
    outer loop
      vertex 0.00126136 -0.0372702 -0.005
      vertex 0.011 -0.012 -0.005
      vertex 0.00132148 -0.037421 -0.005
    endloop
  endfacet
  facet normal 0 0 -1
    outer loop
      vertex 0.00118529 -0.0371267 -0.005
      vertex 0.00109414 -0.0369922 -0.005
      vertex 0.011 -0.012 -0.005
    endloop
  endfacet
  facet normal 0 0 -1
    outer loop
      vertex 0.00109414 -0.0369922 -0.005
      vertex 0.000988993 -0.0368684 -0.005
      vertex 0.011 -0.012 -0.005
    endloop
  endfacet
  facet normal 0 0 -1
    outer loop
      vertex 0.011 -0.012 -0.005
      vertex 0.000988993 -0.0368684 -0.005
      vertex 0.000871079 -0.0367568 -0.005
    endloop
  endfacet
  facet normal 0 0 -1
    outer loop
      vertex -0.00152148 -0.037421 -0.005
      vertex -0.00156493 -0.0375775 -0.005
      vertex -0.045 -0.048 -0.005
    endloop
  endfacet
  facet normal 0 0 -1
    outer loop
      vertex -0.00156493 -0.0375775 -0.005
      vertex -0.00159121 -0.0377378 -0.005
      vertex -0.045 -0.048 -0.005
    endloop
  endfacet
  facet normal 0 0 -1
    outer loop
      vertex -0.045 -0.048 -0.005
      vertex -0.00159121 -0.0377378 -0.005
      vertex -0.0016 -0.0379 -0.005
    endloop
  endfacet
  facet normal 0 0 -1
    outer loop
      vertex -0.0148026 -0.0495163 -0.005
      vertex -0.0148678 -0.0492816 -0.005
      vertex -0.0016 -0.0379 -0.005
    endloop
  endfacet
  facet normal 0 0 -1
    outer loop
      vertex -0.0148678 -0.0492816 -0.005
      vertex -0.014958 -0.0490552 -0.005
      vertex -0.0016 -0.0379 -0.005
    endloop
  endfacet
  facet normal 0 0 -1
    outer loop
      vertex -0.0016 -0.0379 -0.005
      vertex -0.014958 -0.0490552 -0.005
      vertex -0.0150721 -0.04884 -0.005
    endloop
  endfacet
  facet normal 0 0 -1
    outer loop
      vertex -0.0150721 -0.04884 -0.005
      vertex -0.0152088 -0.0486384 -0.005
      vertex -0.0016 -0.0379 -0.005
    endloop
  endfacet
  facet normal 0 0 -1
    outer loop
      vertex -0.0152088 -0.0486384 -0.005
      vertex -0.0153665 -0.0484527 -0.005
      vertex -0.0016 -0.0379 -0.005
    endloop
  endfacet
  facet normal 0 0 -1
    outer loop
      vertex -0.0016 -0.0379 -0.005
      vertex -0.0153665 -0.0484527 -0.005
      vertex -0.0155434 -0.0482851 -0.005
    endloop
  endfacet
  facet normal 0 0 -1
    outer loop
      vertex -0.045 -0.048 -0.005
      vertex -0.0186335 -0.0484527 -0.005
      vertex -0.0187912 -0.0486384 -0.005
    endloop
  endfacet
  facet normal 0 0 -1
    outer loop
      vertex -0.0318215 -0.019479 -0.005
      vertex -0.0317614 -0.0196298 -0.005
      vertex -0.045 -0.048 -0.005
    endloop
  endfacet
  facet normal 0 0 -1
    outer loop
      vertex -0.0317614 -0.0196298 -0.005
      vertex -0.0316853 -0.0197733 -0.005
      vertex -0.045 -0.048 -0.005
    endloop
  endfacet
  facet normal 0 0 -1
    outer loop
      vertex -0.045 -0.048 -0.005
      vertex -0.0316853 -0.0197733 -0.005
      vertex -0.0315941 -0.0199078 -0.005
    endloop
  endfacet
  facet normal 0 0 -1
    outer loop
      vertex -0.0312418 -0.0202415 -0.005
      vertex -0.0311026 -0.0203253 -0.005
      vertex -0.045 -0.048 -0.005
    endloop
  endfacet
  facet normal 0 0 -1
    outer loop
      vertex -0.0311026 -0.0203253 -0.005
      vertex -0.0309552 -0.0203935 -0.005
      vertex -0.045 -0.048 -0.005
    endloop
  endfacet
  facet normal 0 0 -1
    outer loop
      vertex -0.045 -0.048 -0.005
      vertex -0.0309552 -0.0203935 -0.005
      vertex -0.0308013 -0.0204453 -0.005
    endloop
  endfacet
  facet normal 0 0 -1
    outer loop
      vertex -0.0308013 -0.0204453 -0.005
      vertex -0.0306427 -0.0204802 -0.005
      vertex -0.045 -0.048 -0.005
    endloop
  endfacet
  facet normal 0 0 -1
    outer loop
      vertex -0.0306427 -0.0204802 -0.005
      vertex -0.0304812 -0.0204978 -0.005
      vertex -0.045 -0.048 -0.005
    endloop
  endfacet
  facet normal 0 0 -1
    outer loop
      vertex -0.045 -0.048 -0.005
      vertex -0.0304812 -0.0204978 -0.005
      vertex -0.0303188 -0.0204978 -0.005
    endloop
  endfacet
  facet normal 0 0 -1
    outer loop
      vertex -0.021 -0.01 -0.005
      vertex -0.0192368 -0.0102433 -0.005
      vertex -0.0301573 -0.0175198 -0.005
    endloop
  endfacet
  facet normal 0 0 -1
    outer loop
      vertex -0.0192368 -0.0102433 -0.005
      vertex -0.0191974 -0.0104837 -0.005
      vertex -0.0301573 -0.0175198 -0.005
    endloop
  endfacet
  facet normal 0 0 -1
    outer loop
      vertex -0.0301573 -0.0175198 -0.005
      vertex -0.0191974 -0.0104837 -0.005
      vertex -0.0299987 -0.0175547 -0.005
    endloop
  endfacet
  facet normal 0 0 -1
    outer loop
      vertex -0.0191974 -0.0104837 -0.005
      vertex -0.0298448 -0.0176065 -0.005
      vertex -0.0299987 -0.0175547 -0.005
    endloop
  endfacet
  facet normal 0 0 -1
    outer loop
      vertex -0.0309552 -0.0176065 -0.005
      vertex -0.0311026 -0.0176747 -0.005
      vertex -0.043 -0.01 -0.005
    endloop
  endfacet
  facet normal 0 0 -1
    outer loop
      vertex -0.0311026 -0.0176747 -0.005
      vertex -0.0312418 -0.0177585 -0.005
      vertex -0.043 -0.01 -0.005
    endloop
  endfacet
  facet normal 0 0 -1
    outer loop
      vertex -0.043 -0.01 -0.005
      vertex -0.0312418 -0.0177585 -0.005
      vertex -0.0313711 -0.0178568 -0.005
    endloop
  endfacet
  facet normal 0 0 -1
    outer loop
      vertex -0.00152148 -0.038379 -0.005
      vertex -0.013 -0.05 -0.005
      vertex -0.00156493 -0.0382225 -0.005
    endloop
  endfacet
  facet normal 0 0 -1
    outer loop
      vertex -0.00146136 -0.0385298 -0.005
      vertex -0.00138529 -0.0386733 -0.005
      vertex -0.013 -0.05 -0.005
    endloop
  endfacet
  facet normal 0 0 -1
    outer loop
      vertex -0.00138529 -0.0386733 -0.005
      vertex -0.00129414 -0.0388078 -0.005
      vertex -0.013 -0.05 -0.005
    endloop
  endfacet
  facet normal 0 0 -1
    outer loop
      vertex -0.013 -0.05 -0.005
      vertex -0.00129414 -0.0388078 -0.005
      vertex -0.00118899 -0.0389315 -0.005
    endloop
  endfacet
  facet normal 0 0 -1
    outer loop
      vertex -0.00118899 -0.0389315 -0.005
      vertex -0.00107108 -0.0390432 -0.005
      vertex -0.013 -0.05 -0.005
    endloop
  endfacet
  facet normal 0 0 -1
    outer loop
      vertex -0.00107108 -0.0390432 -0.005
      vertex -0.000941781 -0.0391415 -0.005
      vertex -0.013 -0.05 -0.005
    endloop
  endfacet
  facet normal 0 0 -1
    outer loop
      vertex -0.013 -0.05 -0.005
      vertex -0.000941781 -0.0391415 -0.005
      vertex -0.000802613 -0.0392253 -0.005
    endloop
  endfacet
  facet normal 0 0 -1
    outer loop
      vertex 0.000142673 -0.0364198 -0.005
      vertex -1.87916e-5 -0.0364022 -0.005
      vertex 0.009 -0.01 -0.005
    endloop
  endfacet
  facet normal 0 0 -1
    outer loop
      vertex -1.87916e-5 -0.0364022 -0.005
      vertex -0.000181208 -0.0364022 -0.005
      vertex 0.009 -0.01 -0.005
    endloop
  endfacet
  facet normal 0 0 -1
    outer loop
      vertex 0.009 -0.01 -0.005
      vertex -0.000181208 -0.0364022 -0.005
      vertex -0.013 -0.01 -0.005
    endloop
  endfacet
  facet normal 0 0 -1
    outer loop
      vertex -0.000181208 -0.0364022 -0.005
      vertex -0.000342673 -0.0364198 -0.005
      vertex -0.013 -0.01 -0.005
    endloop
  endfacet
  facet normal 0 0 -1
    outer loop
      vertex -0.013 -0.01 -0.005
      vertex -0.000342673 -0.0364198 -0.005
      vertex -0.000501293 -0.0364547 -0.005
    endloop
  endfacet
  facet normal 0 0 -1
    outer loop
      vertex -0.000501293 -0.0364547 -0.005
      vertex -0.000655207 -0.0365065 -0.005
      vertex -0.013 -0.01 -0.005
    endloop
  endfacet
  facet normal 0 0 -1
    outer loop
      vertex -0.000655207 -0.0365065 -0.005
      vertex -0.000802613 -0.0365747 -0.005
      vertex -0.013 -0.01 -0.005
    endloop
  endfacet
  facet normal 0 0 -1
    outer loop
      vertex -0.013 -0.01 -0.005
      vertex -0.000802613 -0.0365747 -0.005
      vertex -0.000941781 -0.0366585 -0.005
    endloop
  endfacet
  facet normal 0 0 -1
    outer loop
      vertex -0.00107108 -0.0367568 -0.005
      vertex -0.00118899 -0.0368684 -0.005
      vertex -0.013 -0.01 -0.005
    endloop
  endfacet
  facet normal 0 0 -1
    outer loop
      vertex -0.00118899 -0.0368684 -0.005
      vertex -0.00129414 -0.0369922 -0.005
      vertex -0.013 -0.01 -0.005
    endloop
  endfacet
  facet normal 0 0 -1
    outer loop
      vertex -0.013 -0.01 -0.005
      vertex -0.00129414 -0.0369922 -0.005
      vertex -0.045 -0.048 -0.005
    endloop
  endfacet
  facet normal 0 0 -1
    outer loop
      vertex -0.00129414 -0.0369922 -0.005
      vertex -0.00138529 -0.0371267 -0.005
      vertex -0.045 -0.048 -0.005
    endloop
  endfacet
  facet normal 0 0 -1
    outer loop
      vertex -0.045 -0.048 -0.005
      vertex -0.00138529 -0.0371267 -0.005
      vertex -0.00146136 -0.0372702 -0.005
    endloop
  endfacet
  facet normal 0 0 -1
    outer loop
      vertex -0.0180539 -0.0480121 -0.005
      vertex -0.0182627 -0.0481377 -0.005
      vertex -0.045 -0.048 -0.005
    endloop
  endfacet
  facet normal 0 0 -1
    outer loop
      vertex -0.0182627 -0.0481377 -0.005
      vertex -0.0184566 -0.0482851 -0.005
      vertex -0.045 -0.048 -0.005
    endloop
  endfacet
  facet normal 0 0 -1
    outer loop
      vertex -0.045 -0.048 -0.005
      vertex -0.0184566 -0.0482851 -0.005
      vertex -0.0186335 -0.0484527 -0.005
    endloop
  endfacet
  facet normal 0 0 -1
    outer loop
      vertex -0.0187912 -0.0486384 -0.005
      vertex -0.0189279 -0.04884 -0.005
      vertex -0.045 -0.048 -0.005
    endloop
  endfacet
  facet normal 0 0 -1
    outer loop
      vertex -0.0189279 -0.04884 -0.005
      vertex -0.019042 -0.0490552 -0.005
      vertex -0.045 -0.048 -0.005
    endloop
  endfacet
  facet normal 0 0 -1
    outer loop
      vertex -0.045 -0.048 -0.005
      vertex -0.019042 -0.0490552 -0.005
      vertex -0.0191322 -0.0492816 -0.005
    endloop
  endfacet
  facet normal 0 0 -1
    outer loop
      vertex -0.021 -0.05 -0.005
      vertex -0.043 -0.05 -0.005
      vertex -0.045 -0.048 -0.005
    endloop
  endfacet
  facet normal 0 0 -1
    outer loop
      vertex -0.043 -0.05 -0.005
      vertex -0.0432091 -0.049989 -0.005
      vertex -0.045 -0.048 -0.005
    endloop
  endfacet
  facet normal 0 0 -1
    outer loop
      vertex -0.0191322 -0.0492816 -0.005
      vertex -0.0191974 -0.0495163 -0.005
      vertex -0.045 -0.048 -0.005
    endloop
  endfacet
  facet normal 0 0 -1
    outer loop
      vertex -0.0191974 -0.0495163 -0.005
      vertex -0.0192368 -0.0497567 -0.005
      vertex -0.045 -0.048 -0.005
    endloop
  endfacet
  facet normal 0 0 -1
    outer loop
      vertex -0.045 -0.048 -0.005
      vertex -0.0192368 -0.0497567 -0.005
      vertex -0.021 -0.05 -0.005
    endloop
  endfacet
  facet normal 0 0 -1
    outer loop
      vertex -0.0192368 -0.0497567 -0.005
      vertex -0.01925 -0.05 -0.005
      vertex -0.021 -0.05 -0.005
    endloop
  endfacet
  facet normal 0 0 -1
    outer loop
      vertex -0.021 -0.05 -0.005
      vertex -0.01925 -0.05 -0.005
      vertex -0.0209766 -0.0504325 -0.005
    endloop
  endfacet
  facet normal 0 0 -1
    outer loop
      vertex -0.01925 -0.05 -0.005
      vertex -0.0192368 -0.0502433 -0.005
      vertex -0.0209766 -0.0504325 -0.005
    endloop
  endfacet
  facet normal 0 0 -1
    outer loop
      vertex -0.0209766 -0.0504325 -0.005
      vertex -0.0192368 -0.0502433 -0.005
      vertex -0.0209065 -0.0508599 -0.005
    endloop
  endfacet
  facet normal 0 0 -1
    outer loop
      vertex -0.0192368 -0.0502433 -0.005
      vertex -0.0191974 -0.0504837 -0.005
      vertex -0.0209065 -0.0508599 -0.005
    endloop
  endfacet
  facet normal 0 0 -1
    outer loop
      vertex -0.0209065 -0.0508599 -0.005
      vertex -0.0191974 -0.0504837 -0.005
      vertex -0.0207906 -0.0512772 -0.005
    endloop
  endfacet
  facet normal 0 0 -1
    outer loop
      vertex -0.0191974 -0.0504837 -0.005
      vertex -0.0191322 -0.0507184 -0.005
      vertex -0.0207906 -0.0512772 -0.005
    endloop
  endfacet
  facet normal 0 0 -1
    outer loop
      vertex -0.0207906 -0.0512772 -0.005
      vertex -0.0191322 -0.0507184 -0.005
      vertex -0.0206303 -0.0516796 -0.005
    endloop
  endfacet
  facet normal 0 0 -1
    outer loop
      vertex -0.0191322 -0.0507184 -0.005
      vertex -0.019042 -0.0509448 -0.005
      vertex -0.0206303 -0.0516796 -0.005
    endloop
  endfacet
  facet normal 0 0 -1
    outer loop
      vertex -0.0206303 -0.0516796 -0.005
      vertex -0.019042 -0.0509448 -0.005
      vertex -0.0204274 -0.0520622 -0.005
    endloop
  endfacet
  facet normal 0 0 -1
    outer loop
      vertex -0.019042 -0.0509448 -0.005
      vertex -0.0189279 -0.05116 -0.005
      vertex -0.0204274 -0.0520622 -0.005
    endloop
  endfacet
  facet normal 0 0 -1
    outer loop
      vertex -0.0204274 -0.0520622 -0.005
      vertex -0.0189279 -0.05116 -0.005
      vertex -0.0201844 -0.0524207 -0.005
    endloop
  endfacet
  facet normal 0 0 -1
    outer loop
      vertex -0.0189279 -0.05116 -0.005
      vertex -0.0187912 -0.0513616 -0.005
      vertex -0.0201844 -0.0524207 -0.005
    endloop
  endfacet
  facet normal 0 0 -1
    outer loop
      vertex -0.0201844 -0.0524207 -0.005
      vertex -0.0187912 -0.0513616 -0.005
      vertex -0.019904 -0.0527508 -0.005
    endloop
  endfacet
  facet normal 0 0 -1
    outer loop
      vertex -0.0187912 -0.0513616 -0.005
      vertex -0.0186335 -0.0515473 -0.005
      vertex -0.019904 -0.0527508 -0.005
    endloop
  endfacet
  facet normal 0 0 -1
    outer loop
      vertex -0.019904 -0.0527508 -0.005
      vertex -0.0186335 -0.0515473 -0.005
      vertex -0.0195895 -0.0530486 -0.005
    endloop
  endfacet
  facet normal 0 0 -1
    outer loop
      vertex -0.0186335 -0.0515473 -0.005
      vertex -0.0184566 -0.0517149 -0.005
      vertex -0.0195895 -0.0530486 -0.005
    endloop
  endfacet
  facet normal 0 0 -1
    outer loop
      vertex -0.0195895 -0.0530486 -0.005
      vertex -0.0184566 -0.0517149 -0.005
      vertex -0.0192447 -0.0533108 -0.005
    endloop
  endfacet
  facet normal 0 0 -1
    outer loop
      vertex -0.0184566 -0.0517149 -0.005
      vertex -0.0182627 -0.0518623 -0.005
      vertex -0.0192447 -0.0533108 -0.005
    endloop
  endfacet
  facet normal 0 0 -1
    outer loop
      vertex -0.0192447 -0.0533108 -0.005
      vertex -0.0182627 -0.0518623 -0.005
      vertex -0.0188736 -0.053534 -0.005
    endloop
  endfacet
  facet normal 0 0 -1
    outer loop
      vertex -0.0182627 -0.0518623 -0.005
      vertex -0.0180539 -0.0519879 -0.005
      vertex -0.0188736 -0.053534 -0.005
    endloop
  endfacet
  facet normal 0 0 -1
    outer loop
      vertex -0.0188736 -0.053534 -0.005
      vertex -0.0180539 -0.0519879 -0.005
      vertex -0.0184806 -0.0537159 -0.005
    endloop
  endfacet
  facet normal 0 0 -1
    outer loop
      vertex -0.0180539 -0.0519879 -0.005
      vertex -0.0178328 -0.0520902 -0.005
      vertex -0.0184806 -0.0537159 -0.005
    endloop
  endfacet
  facet normal 0 0 -1
    outer loop
      vertex -0.0184806 -0.0537159 -0.005
      vertex -0.0178328 -0.0520902 -0.005
      vertex -0.0180701 -0.0538542 -0.005
    endloop
  endfacet
  facet normal 0 0 -1
    outer loop
      vertex -0.0178328 -0.0520902 -0.005
      vertex -0.0176019 -0.052168 -0.005
      vertex -0.0180701 -0.0538542 -0.005
    endloop
  endfacet
  facet normal 0 0 -1
    outer loop
      vertex -0.0180701 -0.0538542 -0.005
      vertex -0.0176019 -0.052168 -0.005
      vertex -0.0176471 -0.0539473 -0.005
    endloop
  endfacet
  facet normal 0 0 -1
    outer loop
      vertex -0.0176019 -0.052168 -0.005
      vertex -0.017364 -0.0522204 -0.005
      vertex -0.0176471 -0.0539473 -0.005
    endloop
  endfacet
  facet normal 0 0 -1
    outer loop
      vertex -0.0176471 -0.0539473 -0.005
      vertex -0.017364 -0.0522204 -0.005
      vertex -0.0172166 -0.0539941 -0.005
    endloop
  endfacet
  facet normal 0 0 -1
    outer loop
      vertex -0.017364 -0.0522204 -0.005
      vertex -0.0171218 -0.0522467 -0.005
      vertex -0.0172166 -0.0539941 -0.005
    endloop
  endfacet
  facet normal 0 0 -1
    outer loop
      vertex -0.0172166 -0.0539941 -0.005
      vertex -0.0171218 -0.0522467 -0.005
      vertex -0.0167834 -0.0539941 -0.005
    endloop
  endfacet
  facet normal 0 0 -1
    outer loop
      vertex -0.0171218 -0.0522467 -0.005
      vertex -0.0168782 -0.0522467 -0.005
      vertex -0.0167834 -0.0539941 -0.005
    endloop
  endfacet
  facet normal 0 0 -1
    outer loop
      vertex -0.0167834 -0.0539941 -0.005
      vertex -0.0168782 -0.0522467 -0.005
      vertex -0.0163529 -0.0539473 -0.005
    endloop
  endfacet
  facet normal 0 0 -1
    outer loop
      vertex -0.0168782 -0.0522467 -0.005
      vertex -0.016636 -0.0522204 -0.005
      vertex -0.0163529 -0.0539473 -0.005
    endloop
  endfacet
  facet normal 0 0 -1
    outer loop
      vertex -0.0163529 -0.0539473 -0.005
      vertex -0.016636 -0.0522204 -0.005
      vertex -0.0159299 -0.0538542 -0.005
    endloop
  endfacet
  facet normal 0 0 -1
    outer loop
      vertex -0.016636 -0.0522204 -0.005
      vertex -0.0163981 -0.052168 -0.005
      vertex -0.0159299 -0.0538542 -0.005
    endloop
  endfacet
  facet normal 0 0 -1
    outer loop
      vertex -0.0159299 -0.0538542 -0.005
      vertex -0.0163981 -0.052168 -0.005
      vertex -0.0155194 -0.0537159 -0.005
    endloop
  endfacet
  facet normal 0 0 -1
    outer loop
      vertex -0.0163981 -0.052168 -0.005
      vertex -0.0161672 -0.0520902 -0.005
      vertex -0.0155194 -0.0537159 -0.005
    endloop
  endfacet
  facet normal 0 0 -1
    outer loop
      vertex -0.0155194 -0.0537159 -0.005
      vertex -0.0161672 -0.0520902 -0.005
      vertex -0.0151264 -0.053534 -0.005
    endloop
  endfacet
  facet normal 0 0 -1
    outer loop
      vertex -0.0161672 -0.0520902 -0.005
      vertex -0.0159461 -0.0519879 -0.005
      vertex -0.0151264 -0.053534 -0.005
    endloop
  endfacet
  facet normal 0 0 -1
    outer loop
      vertex -0.0151264 -0.053534 -0.005
      vertex -0.0159461 -0.0519879 -0.005
      vertex -0.0147553 -0.0533108 -0.005
    endloop
  endfacet
  facet normal 0 0 -1
    outer loop
      vertex -0.0159461 -0.0519879 -0.005
      vertex -0.0157373 -0.0518623 -0.005
      vertex -0.0147553 -0.0533108 -0.005
    endloop
  endfacet
  facet normal 0 0 -1
    outer loop
      vertex -0.0147553 -0.0533108 -0.005
      vertex -0.0157373 -0.0518623 -0.005
      vertex -0.0144105 -0.0530486 -0.005
    endloop
  endfacet
  facet normal 0 0 -1
    outer loop
      vertex -0.0157373 -0.0518623 -0.005
      vertex -0.0155434 -0.0517149 -0.005
      vertex -0.0144105 -0.0530486 -0.005
    endloop
  endfacet
  facet normal 0 0 -1
    outer loop
      vertex -0.0144105 -0.0530486 -0.005
      vertex -0.0155434 -0.0517149 -0.005
      vertex -0.014096 -0.0527508 -0.005
    endloop
  endfacet
  facet normal 0 0 -1
    outer loop
      vertex -0.0155434 -0.0517149 -0.005
      vertex -0.0153665 -0.0515473 -0.005
      vertex -0.014096 -0.0527508 -0.005
    endloop
  endfacet
  facet normal 0 0 -1
    outer loop
      vertex -0.014096 -0.0527508 -0.005
      vertex -0.0153665 -0.0515473 -0.005
      vertex -0.0138156 -0.0524207 -0.005
    endloop
  endfacet
  facet normal 0 0 -1
    outer loop
      vertex -0.0153665 -0.0515473 -0.005
      vertex -0.0152088 -0.0513616 -0.005
      vertex -0.0138156 -0.0524207 -0.005
    endloop
  endfacet
  facet normal 0 0 -1
    outer loop
      vertex -0.0138156 -0.0524207 -0.005
      vertex -0.0152088 -0.0513616 -0.005
      vertex -0.0135726 -0.0520622 -0.005
    endloop
  endfacet
  facet normal 0 0 -1
    outer loop
      vertex -0.0152088 -0.0513616 -0.005
      vertex -0.0150721 -0.05116 -0.005
      vertex -0.0135726 -0.0520622 -0.005
    endloop
  endfacet
  facet normal 0 0 -1
    outer loop
      vertex -0.0135726 -0.0520622 -0.005
      vertex -0.0150721 -0.05116 -0.005
      vertex -0.0133697 -0.0516796 -0.005
    endloop
  endfacet
  facet normal 0 0 -1
    outer loop
      vertex -0.0150721 -0.05116 -0.005
      vertex -0.014958 -0.0509448 -0.005
      vertex -0.0133697 -0.0516796 -0.005
    endloop
  endfacet
  facet normal 0 0 -1
    outer loop
      vertex -0.0133697 -0.0516796 -0.005
      vertex -0.014958 -0.0509448 -0.005
      vertex -0.0132094 -0.0512772 -0.005
    endloop
  endfacet
  facet normal 0 0 -1
    outer loop
      vertex -0.014958 -0.0509448 -0.005
      vertex -0.0148678 -0.0507184 -0.005
      vertex -0.0132094 -0.0512772 -0.005
    endloop
  endfacet
  facet normal 0 0 -1
    outer loop
      vertex -0.0132094 -0.0512772 -0.005
      vertex -0.0148678 -0.0507184 -0.005
      vertex -0.0130935 -0.0508599 -0.005
    endloop
  endfacet
  facet normal 0 0 -1
    outer loop
      vertex -0.0148678 -0.0507184 -0.005
      vertex -0.0148026 -0.0504837 -0.005
      vertex -0.0130935 -0.0508599 -0.005
    endloop
  endfacet
  facet normal 0 0 -1
    outer loop
      vertex -0.0130935 -0.0508599 -0.005
      vertex -0.0148026 -0.0504837 -0.005
      vertex -0.0130234 -0.0504325 -0.005
    endloop
  endfacet
  facet normal 0 0 -1
    outer loop
      vertex -0.0148026 -0.0504837 -0.005
      vertex -0.0147632 -0.0502433 -0.005
      vertex -0.0130234 -0.0504325 -0.005
    endloop
  endfacet
  facet normal 0 0 -1
    outer loop
      vertex -0.0130234 -0.0504325 -0.005
      vertex -0.0147632 -0.0502433 -0.005
      vertex -0.013 -0.05 -0.005
    endloop
  endfacet
  facet normal 0 0 -1
    outer loop
      vertex -0.0147632 -0.0502433 -0.005
      vertex -0.01475 -0.05 -0.005
      vertex -0.013 -0.05 -0.005
    endloop
  endfacet
  facet normal 0 0 -1
    outer loop
      vertex -0.013 -0.05 -0.005
      vertex -0.01475 -0.05 -0.005
      vertex -0.0147632 -0.0497567 -0.005
    endloop
  endfacet
  facet normal 0 0 -1
    outer loop
      vertex -0.0315941 -0.0199078 -0.005
      vertex -0.031489 -0.0200315 -0.005
      vertex -0.045 -0.048 -0.005
    endloop
  endfacet
  facet normal 0 0 -1
    outer loop
      vertex -0.031489 -0.0200315 -0.005
      vertex -0.0313711 -0.0201432 -0.005
      vertex -0.045 -0.048 -0.005
    endloop
  endfacet
  facet normal 0 0 -1
    outer loop
      vertex -0.045 -0.048 -0.005
      vertex -0.0313711 -0.0201432 -0.005
      vertex -0.0312418 -0.0202415 -0.005
    endloop
  endfacet
  facet normal 0 0 -1
    outer loop
      vertex -0.0444863 -0.0106617 -0.005
      vertex -0.0443383 -0.0105137 -0.005
      vertex -0.0316853 -0.0182267 -0.005
    endloop
  endfacet
  facet normal 0 0 -1
    outer loop
      vertex -0.0443383 -0.0105137 -0.005
      vertex -0.0441756 -0.010382 -0.005
      vertex -0.0316853 -0.0182267 -0.005
    endloop
  endfacet
  facet normal 0 0 -1
    outer loop
      vertex -0.0316853 -0.0182267 -0.005
      vertex -0.0441756 -0.010382 -0.005
      vertex -0.044 -0.0102679 -0.005
    endloop
  endfacet
  facet normal 0 0 -1
    outer loop
      vertex -0.0313711 -0.0178568 -0.005
      vertex -0.031489 -0.0179684 -0.005
      vertex -0.043 -0.01 -0.005
    endloop
  endfacet
  facet normal 0 0 -1
    outer loop
      vertex -0.031489 -0.0179684 -0.005
      vertex -0.0315941 -0.0180922 -0.005
      vertex -0.043 -0.01 -0.005
    endloop
  endfacet
  facet normal 0 0 -1
    outer loop
      vertex -0.043 -0.01 -0.005
      vertex -0.0315941 -0.0180922 -0.005
      vertex -0.0432091 -0.010011 -0.005
    endloop
  endfacet
  facet normal 0 0 -1
    outer loop
      vertex -0.0315941 -0.0180922 -0.005
      vertex -0.0316853 -0.0182267 -0.005
      vertex -0.0432091 -0.010011 -0.005
    endloop
  endfacet
  facet normal 0 0 -1
    outer loop
      vertex -0.0432091 -0.010011 -0.005
      vertex -0.0316853 -0.0182267 -0.005
      vertex -0.0434158 -0.0100437 -0.005
    endloop
  endfacet
  facet normal 0 0 -1
    outer loop
      vertex -0.0318215 -0.018521 -0.005
      vertex -0.045 -0.012 -0.005
      vertex -0.0317614 -0.0183702 -0.005
    endloop
  endfacet
  facet normal 0 0 -1
    outer loop
      vertex -0.045 -0.012 -0.005
      vertex -0.044989 -0.0117909 -0.005
      vertex -0.0317614 -0.0183702 -0.005
    endloop
  endfacet
  facet normal 0 0 -1
    outer loop
      vertex -0.0317614 -0.0183702 -0.005
      vertex -0.044989 -0.0117909 -0.005
      vertex -0.0316853 -0.0182267 -0.005
    endloop
  endfacet
  facet normal 0 0 -1
    outer loop
      vertex -0.044989 -0.0117909 -0.005
      vertex -0.0449563 -0.0115842 -0.005
      vertex -0.0316853 -0.0182267 -0.005
    endloop
  endfacet
  facet normal 0 0 -1
    outer loop
      vertex -0.0316853 -0.0182267 -0.005
      vertex -0.0449563 -0.0115842 -0.005
      vertex -0.0449021 -0.011382 -0.005
    endloop
  endfacet
  facet normal 0 0 -1
    outer loop
      vertex -0.0148026 -0.0495163 -0.005
      vertex -0.0016 -0.0379 -0.005
      vertex -0.013 -0.05 -0.005
    endloop
  endfacet
  facet normal 0 0 -1
    outer loop
      vertex -0.0016 -0.0379 -0.005
      vertex -0.00159121 -0.0380622 -0.005
      vertex -0.013 -0.05 -0.005
    endloop
  endfacet
  facet normal 0 0 -1
    outer loop
      vertex -0.013 -0.05 -0.005
      vertex -0.00159121 -0.0380622 -0.005
      vertex -0.00156493 -0.0382225 -0.005
    endloop
  endfacet
  facet normal 0 0 -1
    outer loop
      vertex 0.0108271 -0.0488135 -0.005
      vertex 0.0107321 -0.049 -0.005
      vertex 0.000988993 -0.0389315 -0.005
    endloop
  endfacet
  facet normal 0 0 -1
    outer loop
      vertex 0.0107321 -0.049 -0.005
      vertex 0.010618 -0.0491756 -0.005
      vertex 0.000988993 -0.0389315 -0.005
    endloop
  endfacet
  facet normal 0 0 -1
    outer loop
      vertex 0.000988993 -0.0389315 -0.005
      vertex 0.010618 -0.0491756 -0.005
      vertex 0.0104863 -0.0493383 -0.005
    endloop
  endfacet
  facet normal 0 0 -1
    outer loop
      vertex 0.0104863 -0.0493383 -0.005
      vertex 0.0103383 -0.0494863 -0.005
      vertex 0.000988993 -0.0389315 -0.005
    endloop
  endfacet
  facet normal 0 0 -1
    outer loop
      vertex 0.0103383 -0.0494863 -0.005
      vertex 0.0101756 -0.049618 -0.005
      vertex 0.000988993 -0.0389315 -0.005
    endloop
  endfacet
  facet normal 0 0 -1
    outer loop
      vertex 0.000988993 -0.0389315 -0.005
      vertex 0.0101756 -0.049618 -0.005
      vertex 0.000871079 -0.0390432 -0.005
    endloop
  endfacet
  facet normal 0 0 -1
    outer loop
      vertex 0.0101756 -0.049618 -0.005
      vertex 0.01 -0.0497321 -0.005
      vertex 0.000871079 -0.0390432 -0.005
    endloop
  endfacet
  facet normal 0 0 -1
    outer loop
      vertex 0.000871079 -0.0390432 -0.005
      vertex 0.01 -0.0497321 -0.005
      vertex 0.00981347 -0.0498271 -0.005
    endloop
  endfacet
  facet normal 0 0 -1
    outer loop
      vertex 0.00941582 -0.0100437 -0.005
      vertex 0.00961803 -0.0100979 -0.005
      vertex 0.000301293 -0.0364547 -0.005
    endloop
  endfacet
  facet normal 0 0 -1
    outer loop
      vertex -0.0303188 -0.0204978 -0.005
      vertex -0.0301573 -0.0204802 -0.005
      vertex -0.045 -0.048 -0.005
    endloop
  endfacet
  facet normal 0 0 -1
    outer loop
      vertex -0.0301573 -0.0204802 -0.005
      vertex -0.0299987 -0.0204453 -0.005
      vertex -0.045 -0.048 -0.005
    endloop
  endfacet
  facet normal 0 0 -1
    outer loop
      vertex -0.045 -0.048 -0.005
      vertex -0.0299987 -0.0204453 -0.005
      vertex -0.0298448 -0.0203935 -0.005
    endloop
  endfacet
  facet normal 0 0 -1
    outer loop
      vertex -0.029311 -0.0179684 -0.005
      vertex -0.0191974 -0.0104837 -0.005
      vertex -0.0292059 -0.0180922 -0.005
    endloop
  endfacet
  facet normal 0 0 -1
    outer loop
      vertex -0.0191974 -0.0104837 -0.005
      vertex -0.0191322 -0.0107184 -0.005
      vertex -0.0292059 -0.0180922 -0.005
    endloop
  endfacet
  facet normal 0 0 -1
    outer loop
      vertex -0.0289351 -0.0186775 -0.005
      vertex -0.0289785 -0.018521 -0.005
      vertex -0.0159461 -0.0119879 -0.005
    endloop
  endfacet
  facet normal 0 0 -1
    outer loop
      vertex -0.0289785 -0.018521 -0.005
      vertex -0.0290386 -0.0183702 -0.005
      vertex -0.0159461 -0.0119879 -0.005
    endloop
  endfacet
  facet normal 0 0 -1
    outer loop
      vertex -0.0159461 -0.0119879 -0.005
      vertex -0.0290386 -0.0183702 -0.005
      vertex -0.0161672 -0.0120902 -0.005
    endloop
  endfacet
  facet normal 0 0 -1
    outer loop
      vertex -0.0290386 -0.0183702 -0.005
      vertex -0.0163981 -0.012168 -0.005
      vertex -0.0161672 -0.0120902 -0.005
    endloop
  endfacet
  facet normal 0 0 -1
    outer loop
      vertex -0.044 -0.0102679 -0.005
      vertex -0.0438135 -0.0101729 -0.005
      vertex -0.0316853 -0.0182267 -0.005
    endloop
  endfacet
  facet normal 0 0 -1
    outer loop
      vertex -0.0438135 -0.0101729 -0.005
      vertex -0.043618 -0.0100979 -0.005
      vertex -0.0316853 -0.0182267 -0.005
    endloop
  endfacet
  facet normal 0 0 -1
    outer loop
      vertex -0.0316853 -0.0182267 -0.005
      vertex -0.043618 -0.0100979 -0.005
      vertex -0.0434158 -0.0100437 -0.005
    endloop
  endfacet
  facet normal 0 0 -1
    outer loop
      vertex -0.0448271 -0.0111865 -0.005
      vertex -0.0447321 -0.011 -0.005
      vertex -0.0316853 -0.0182267 -0.005
    endloop
  endfacet
  facet normal 0 0 -1
    outer loop
      vertex -0.0447321 -0.011 -0.005
      vertex -0.044618 -0.0108244 -0.005
      vertex -0.0316853 -0.0182267 -0.005
    endloop
  endfacet
  facet normal 0 0 -1
    outer loop
      vertex -0.0316853 -0.0182267 -0.005
      vertex -0.044618 -0.0108244 -0.005
      vertex -0.0444863 -0.0106617 -0.005
    endloop
  endfacet
  facet normal 0 0 -1
    outer loop
      vertex 0.00126136 -0.0385298 -0.005
      vertex 0.00132148 -0.038379 -0.005
      vertex 0.011 -0.048 -0.005
    endloop
  endfacet
  facet normal 0 0 -1
    outer loop
      vertex 0.00132148 -0.038379 -0.005
      vertex 0.00136493 -0.0382225 -0.005
      vertex 0.011 -0.048 -0.005
    endloop
  endfacet
  facet normal 0 0 -1
    outer loop
      vertex 0.011 -0.048 -0.005
      vertex 0.00136493 -0.0382225 -0.005
      vertex 0.00139121 -0.0380622 -0.005
    endloop
  endfacet
  facet normal 0 0 -1
    outer loop
      vertex 0.00961803 -0.0100979 -0.005
      vertex 0.00981347 -0.0101729 -0.005
      vertex 0.000301293 -0.0364547 -0.005
    endloop
  endfacet
  facet normal 0 0 -1
    outer loop
      vertex 0.00981347 -0.0101729 -0.005
      vertex 0.01 -0.0102679 -0.005
      vertex 0.000301293 -0.0364547 -0.005
    endloop
  endfacet
  facet normal 0 0 -1
    outer loop
      vertex 0.000301293 -0.0364547 -0.005
      vertex 0.01 -0.0102679 -0.005
      vertex 0.0101756 -0.010382 -0.005
    endloop
  endfacet
  facet normal 0 0 -1
    outer loop
      vertex -0.0432091 -0.049989 -0.005
      vertex -0.0434158 -0.0499563 -0.005
      vertex -0.045 -0.048 -0.005
    endloop
  endfacet
  facet normal 0 0 -1
    outer loop
      vertex -0.0434158 -0.0499563 -0.005
      vertex -0.043618 -0.0499021 -0.005
      vertex -0.045 -0.048 -0.005
    endloop
  endfacet
  facet normal 0 0 -1
    outer loop
      vertex -0.045 -0.048 -0.005
      vertex -0.043618 -0.0499021 -0.005
      vertex -0.0438135 -0.0498271 -0.005
    endloop
  endfacet
  facet normal 0 0 -1
    outer loop
      vertex -0.0289088 -0.0191622 -0.005
      vertex -0.0289 -0.019 -0.005
      vertex -0.0159461 -0.0119879 -0.005
    endloop
  endfacet
  facet normal 0 0 -1
    outer loop
      vertex -0.0289 -0.019 -0.005
      vertex -0.0289088 -0.0188378 -0.005
      vertex -0.0159461 -0.0119879 -0.005
    endloop
  endfacet
  facet normal 0 0 -1
    outer loop
      vertex -0.0159461 -0.0119879 -0.005
      vertex -0.0289088 -0.0188378 -0.005
      vertex -0.0289351 -0.0186775 -0.005
    endloop
  endfacet
  facet normal 0 0 -1
    outer loop
      vertex -0.029311 -0.0179684 -0.005
      vertex -0.0294289 -0.0178568 -0.005
      vertex -0.0191974 -0.0104837 -0.005
    endloop
  endfacet
  facet normal 0 0 -1
    outer loop
      vertex -0.0294289 -0.0178568 -0.005
      vertex -0.0295582 -0.0177585 -0.005
      vertex -0.0191974 -0.0104837 -0.005
    endloop
  endfacet
  facet normal 0 0 -1
    outer loop
      vertex -0.0191974 -0.0104837 -0.005
      vertex -0.0295582 -0.0177585 -0.005
      vertex -0.0296974 -0.0176747 -0.005
    endloop
  endfacet
  facet normal 0 0 -1
    outer loop
      vertex -0.0184566 -0.0117149 -0.005
      vertex -0.0182627 -0.0118623 -0.005
      vertex -0.0290386 -0.0183702 -0.005
    endloop
  endfacet
  facet normal 0 0 -1
    outer loop
      vertex -0.0182627 -0.0118623 -0.005
      vertex -0.0180539 -0.0119879 -0.005
      vertex -0.0290386 -0.0183702 -0.005
    endloop
  endfacet
  facet normal 0 0 -1
    outer loop
      vertex -0.0290386 -0.0183702 -0.005
      vertex -0.0180539 -0.0119879 -0.005
      vertex -0.0178328 -0.0120902 -0.005
    endloop
  endfacet
  facet normal 0 0 -1
    outer loop
      vertex 0.0109021 -0.011382 -0.005
      vertex 0.000455207 -0.0365065 -0.005
      vertex 0.0108271 -0.0111865 -0.005
    endloop
  endfacet
  facet normal 0 0 -1
    outer loop
      vertex 0.000455207 -0.0365065 -0.005
      vertex 0.0107321 -0.011 -0.005
      vertex 0.0108271 -0.0111865 -0.005
    endloop
  endfacet
  facet normal 0 0 -1
    outer loop
      vertex 0.000871079 -0.0367568 -0.005
      vertex 0.000741781 -0.0366585 -0.005
      vertex 0.011 -0.012 -0.005
    endloop
  endfacet
  facet normal 0 0 -1
    outer loop
      vertex 0.000741781 -0.0366585 -0.005
      vertex 0.000602613 -0.0365747 -0.005
      vertex 0.011 -0.012 -0.005
    endloop
  endfacet
  facet normal 0 0 -1
    outer loop
      vertex 0.011 -0.012 -0.005
      vertex 0.000602613 -0.0365747 -0.005
      vertex 0.010989 -0.0117909 -0.005
    endloop
  endfacet
  facet normal 0 0 -1
    outer loop
      vertex 0.000602613 -0.0365747 -0.005
      vertex 0.000455207 -0.0365065 -0.005
      vertex 0.010989 -0.0117909 -0.005
    endloop
  endfacet
  facet normal 0 0 -1
    outer loop
      vertex 0.010989 -0.0117909 -0.005
      vertex 0.000455207 -0.0365065 -0.005
      vertex 0.0109563 -0.0115842 -0.005
    endloop
  endfacet
  facet normal 0 0 -1
    outer loop
      vertex 0.000455207 -0.0365065 -0.005
      vertex 0.0109021 -0.011382 -0.005
      vertex 0.0109563 -0.0115842 -0.005
    endloop
  endfacet
  facet normal 0 0 -1
    outer loop
      vertex 0.000142673 -0.0364198 -0.005
      vertex 0.009 -0.01 -0.005
      vertex 0.000301293 -0.0364547 -0.005
    endloop
  endfacet
  facet normal 0 0 -1
    outer loop
      vertex 0.009 -0.01 -0.005
      vertex 0.00920906 -0.010011 -0.005
      vertex 0.000301293 -0.0364547 -0.005
    endloop
  endfacet
  facet normal 0 0 -1
    outer loop
      vertex 0.000301293 -0.0364547 -0.005
      vertex 0.00920906 -0.010011 -0.005
      vertex 0.00941582 -0.0100437 -0.005
    endloop
  endfacet
  facet normal 0 0 -1
    outer loop
      vertex -0.0438135 -0.0498271 -0.005
      vertex -0.044 -0.0497321 -0.005
      vertex -0.045 -0.048 -0.005
    endloop
  endfacet
  facet normal 0 0 -1
    outer loop
      vertex -0.044 -0.0497321 -0.005
      vertex -0.0441756 -0.049618 -0.005
      vertex -0.045 -0.048 -0.005
    endloop
  endfacet
  facet normal 0 0 -1
    outer loop
      vertex -0.045 -0.048 -0.005
      vertex -0.0441756 -0.049618 -0.005
      vertex -0.0443383 -0.0494863 -0.005
    endloop
  endfacet
  facet normal 0 0 -1
    outer loop
      vertex -0.0444863 -0.0493383 -0.005
      vertex -0.0449563 -0.0484158 -0.005
      vertex -0.0443383 -0.0494863 -0.005
    endloop
  endfacet
  facet normal 0 0 -1
    outer loop
      vertex -0.0449563 -0.0484158 -0.005
      vertex -0.044989 -0.0482091 -0.005
      vertex -0.0443383 -0.0494863 -0.005
    endloop
  endfacet
  facet normal 0 0 -1
    outer loop
      vertex -0.0443383 -0.0494863 -0.005
      vertex -0.044989 -0.0482091 -0.005
      vertex -0.045 -0.048 -0.005
    endloop
  endfacet
  facet normal 0 0 -1
    outer loop
      vertex -0.0191322 -0.0107184 -0.005
      vertex -0.019042 -0.0109448 -0.005
      vertex -0.0292059 -0.0180922 -0.005
    endloop
  endfacet
  facet normal 0 0 -1
    outer loop
      vertex -0.019042 -0.0109448 -0.005
      vertex -0.0189279 -0.01116 -0.005
      vertex -0.0292059 -0.0180922 -0.005
    endloop
  endfacet
  facet normal 0 0 -1
    outer loop
      vertex -0.0292059 -0.0180922 -0.005
      vertex -0.0189279 -0.01116 -0.005
      vertex -0.0291147 -0.0182267 -0.005
    endloop
  endfacet
  facet normal 0 0 -1
    outer loop
      vertex -0.0189279 -0.01116 -0.005
      vertex -0.0187912 -0.0113616 -0.005
      vertex -0.0291147 -0.0182267 -0.005
    endloop
  endfacet
  facet normal 0 0 -1
    outer loop
      vertex -0.0291147 -0.0182267 -0.005
      vertex -0.0187912 -0.0113616 -0.005
      vertex -0.0290386 -0.0183702 -0.005
    endloop
  endfacet
  facet normal 0 0 -1
    outer loop
      vertex -0.0187912 -0.0113616 -0.005
      vertex -0.0186335 -0.0115473 -0.005
      vertex -0.0290386 -0.0183702 -0.005
    endloop
  endfacet
  facet normal 0 0 -1
    outer loop
      vertex -0.0290386 -0.0183702 -0.005
      vertex -0.0186335 -0.0115473 -0.005
      vertex -0.0184566 -0.0117149 -0.005
    endloop
  endfacet
  facet normal 0 0 -1
    outer loop
      vertex -0.0178328 -0.0120902 -0.005
      vertex -0.0176019 -0.012168 -0.005
      vertex -0.0290386 -0.0183702 -0.005
    endloop
  endfacet
  facet normal 0 0 -1
    outer loop
      vertex -0.0176019 -0.012168 -0.005
      vertex -0.017364 -0.0122204 -0.005
      vertex -0.0290386 -0.0183702 -0.005
    endloop
  endfacet
  facet normal 0 0 -1
    outer loop
      vertex -0.0290386 -0.0183702 -0.005
      vertex -0.017364 -0.0122204 -0.005
      vertex -0.0171218 -0.0122467 -0.005
    endloop
  endfacet
  facet normal 0 0 -1
    outer loop
      vertex 0.00139121 -0.0380622 -0.005
      vertex 0.0014 -0.0379 -0.005
      vertex 0.011 -0.048 -0.005
    endloop
  endfacet
  facet normal 0 0 -1
    outer loop
      vertex 0.0014 -0.0379 -0.005
      vertex 0.00139121 -0.0377378 -0.005
      vertex 0.011 -0.048 -0.005
    endloop
  endfacet
  facet normal 0 0 -1
    outer loop
      vertex 0.011 -0.048 -0.005
      vertex 0.00139121 -0.0377378 -0.005
      vertex 0.011 -0.012 -0.005
    endloop
  endfacet
  facet normal 0 0 -1
    outer loop
      vertex 0.00139121 -0.0377378 -0.005
      vertex 0.00136493 -0.0375775 -0.005
      vertex 0.011 -0.012 -0.005
    endloop
  endfacet
  facet normal 0 0 -1
    outer loop
      vertex 0.011 -0.012 -0.005
      vertex 0.00136493 -0.0375775 -0.005
      vertex 0.00132148 -0.037421 -0.005
    endloop
  endfacet
  facet normal 0 0 -1
    outer loop
      vertex 0.0101756 -0.010382 -0.005
      vertex 0.0103383 -0.0105137 -0.005
      vertex 0.000301293 -0.0364547 -0.005
    endloop
  endfacet
  facet normal 0 0 -1
    outer loop
      vertex 0.0103383 -0.0105137 -0.005
      vertex 0.0104863 -0.0106617 -0.005
      vertex 0.000301293 -0.0364547 -0.005
    endloop
  endfacet
  facet normal 0 0 -1
    outer loop
      vertex 0.000301293 -0.0364547 -0.005
      vertex 0.0104863 -0.0106617 -0.005
      vertex 0.000455207 -0.0365065 -0.005
    endloop
  endfacet
  facet normal 0 0 -1
    outer loop
      vertex 0.0104863 -0.0106617 -0.005
      vertex 0.010618 -0.0108244 -0.005
      vertex 0.000455207 -0.0365065 -0.005
    endloop
  endfacet
  facet normal 0 0 -1
    outer loop
      vertex 0.000455207 -0.0365065 -0.005
      vertex 0.010618 -0.0108244 -0.005
      vertex 0.0107321 -0.011 -0.005
    endloop
  endfacet
  facet normal 0 0 -1
    outer loop
      vertex -0.0444863 -0.0493383 -0.005
      vertex -0.044618 -0.0491756 -0.005
      vertex -0.0449563 -0.0484158 -0.005
    endloop
  endfacet
  facet normal 0 0 -1
    outer loop
      vertex -0.044618 -0.0491756 -0.005
      vertex -0.0447321 -0.049 -0.005
      vertex -0.0449563 -0.0484158 -0.005
    endloop
  endfacet
  facet normal 0 0 -1
    outer loop
      vertex -0.0449563 -0.0484158 -0.005
      vertex -0.0447321 -0.049 -0.005
      vertex -0.0449021 -0.048618 -0.005
    endloop
  endfacet
  facet normal 0 0 -1
    outer loop
      vertex -0.0447321 -0.049 -0.005
      vertex -0.0448271 -0.0488135 -0.005
      vertex -0.0449021 -0.048618 -0.005
    endloop
  endfacet
  facet normal 0 0 -1
    outer loop
      vertex -0.0159461 -0.0119879 -0.005
      vertex -0.0157373 -0.0118623 -0.005
      vertex -0.029311 -0.0200315 -0.005
    endloop
  endfacet
  facet normal 0 0 -1
    outer loop
      vertex -0.0171218 -0.0122467 -0.005
      vertex -0.0168782 -0.0122467 -0.005
      vertex -0.0290386 -0.0183702 -0.005
    endloop
  endfacet
  facet normal 0 0 -1
    outer loop
      vertex -0.0168782 -0.0122467 -0.005
      vertex -0.016636 -0.0122204 -0.005
      vertex -0.0290386 -0.0183702 -0.005
    endloop
  endfacet
  facet normal 0 0 -1
    outer loop
      vertex -0.0290386 -0.0183702 -0.005
      vertex -0.016636 -0.0122204 -0.005
      vertex -0.0163981 -0.012168 -0.005
    endloop
  endfacet
  facet normal 0 0 -1
    outer loop
      vertex -0.029311 -0.0200315 -0.005
      vertex -0.0292059 -0.0199078 -0.005
      vertex -0.0159461 -0.0119879 -0.005
    endloop
  endfacet
  facet normal 0 0 -1
    outer loop
      vertex -0.0292059 -0.0199078 -0.005
      vertex -0.0291147 -0.0197733 -0.005
      vertex -0.0159461 -0.0119879 -0.005
    endloop
  endfacet
  facet normal 0 0 -1
    outer loop
      vertex -0.0159461 -0.0119879 -0.005
      vertex -0.0291147 -0.0197733 -0.005
      vertex -0.0290386 -0.0196298 -0.005
    endloop
  endfacet
  facet normal 0 0 -1
    outer loop
      vertex -0.0290386 -0.0196298 -0.005
      vertex -0.0289785 -0.019479 -0.005
      vertex -0.0159461 -0.0119879 -0.005
    endloop
  endfacet
  facet normal 0 0 -1
    outer loop
      vertex -0.0289785 -0.019479 -0.005
      vertex -0.0289351 -0.0193225 -0.005
      vertex -0.0159461 -0.0119879 -0.005
    endloop
  endfacet
  facet normal 0 0 -1
    outer loop
      vertex -0.0159461 -0.0119879 -0.005
      vertex -0.0289351 -0.0193225 -0.005
      vertex -0.0289088 -0.0191622 -0.005
    endloop
  endfacet
  facet normal 0 0 -1
    outer loop
      vertex -0.0150721 -0.01116 -0.005
      vertex -0.013 -0.01 -0.005
      vertex -0.0152088 -0.0113616 -0.005
    endloop
  endfacet
  facet normal 0 0 -1
    outer loop
      vertex -0.013 -0.01 -0.005
      vertex -0.0153665 -0.0115473 -0.005
      vertex -0.0152088 -0.0113616 -0.005
    endloop
  endfacet
  facet normal 0 0 -1
    outer loop
      vertex -0.0150721 -0.01116 -0.005
      vertex -0.014958 -0.0109448 -0.005
      vertex -0.013 -0.01 -0.005
    endloop
  endfacet
  facet normal 0 0 -1
    outer loop
      vertex -0.014958 -0.0109448 -0.005
      vertex -0.0148678 -0.0107184 -0.005
      vertex -0.013 -0.01 -0.005
    endloop
  endfacet
  facet normal 0 0 -1
    outer loop
      vertex -0.013 -0.01 -0.005
      vertex -0.0148678 -0.0107184 -0.005
      vertex -0.0148026 -0.0104837 -0.005
    endloop
  endfacet
  facet normal 0 0 -1
    outer loop
      vertex -0.0153665 -0.0115473 -0.005
      vertex -0.013 -0.01 -0.005
      vertex -0.0155434 -0.0117149 -0.005
    endloop
  endfacet
  facet normal 0 0 -1
    outer loop
      vertex -0.013 -0.01 -0.005
      vertex -0.045 -0.048 -0.005
      vertex -0.0155434 -0.0117149 -0.005
    endloop
  endfacet
  facet normal 0 0 -1
    outer loop
      vertex -0.0155434 -0.0117149 -0.005
      vertex -0.045 -0.048 -0.005
      vertex -0.0157373 -0.0118623 -0.005
    endloop
  endfacet
  facet normal 0 0 -1
    outer loop
      vertex -0.0298448 -0.0203935 -0.005
      vertex -0.0296974 -0.0203253 -0.005
      vertex -0.045 -0.048 -0.005
    endloop
  endfacet
  facet normal 0 0 -1
    outer loop
      vertex -0.0296974 -0.0203253 -0.005
      vertex -0.0295582 -0.0202415 -0.005
      vertex -0.045 -0.048 -0.005
    endloop
  endfacet
  facet normal 0 0 -1
    outer loop
      vertex -0.045 -0.048 -0.005
      vertex -0.0295582 -0.0202415 -0.005
      vertex -0.0157373 -0.0118623 -0.005
    endloop
  endfacet
  facet normal 0 0 -1
    outer loop
      vertex -0.0295582 -0.0202415 -0.005
      vertex -0.0294289 -0.0201432 -0.005
      vertex -0.0157373 -0.0118623 -0.005
    endloop
  endfacet
  facet normal 0 0 -1
    outer loop
      vertex -0.0157373 -0.0118623 -0.005
      vertex -0.0294289 -0.0201432 -0.005
      vertex -0.029311 -0.0200315 -0.005
    endloop
  endfacet
  facet normal 0 0 -1
    outer loop
      vertex -0.0148026 -0.0104837 -0.005
      vertex -0.0147632 -0.0102433 -0.005
      vertex -0.013 -0.01 -0.005
    endloop
  endfacet
  facet normal 0 0 -1
    outer loop
      vertex -0.0147632 -0.0102433 -0.005
      vertex -0.01475 -0.01 -0.005
      vertex -0.013 -0.01 -0.005
    endloop
  endfacet
  facet normal 0 0 -1
    outer loop
      vertex -0.013 -0.01 -0.005
      vertex -0.01475 -0.01 -0.005
      vertex -0.0130234 -0.00956752 -0.005
    endloop
  endfacet
  facet normal 0 0 -1
    outer loop
      vertex -0.01475 -0.01 -0.005
      vertex -0.0147632 -0.00975673 -0.005
      vertex -0.0130234 -0.00956752 -0.005
    endloop
  endfacet
  facet normal 0 0 -1
    outer loop
      vertex -0.0130234 -0.00956752 -0.005
      vertex -0.0147632 -0.00975673 -0.005
      vertex -0.0130935 -0.00914012 -0.005
    endloop
  endfacet
  facet normal 0 0 -1
    outer loop
      vertex -0.0147632 -0.00975673 -0.005
      vertex -0.0148026 -0.00951632 -0.005
      vertex -0.0130935 -0.00914012 -0.005
    endloop
  endfacet
  facet normal 0 0 -1
    outer loop
      vertex -0.0130935 -0.00914012 -0.005
      vertex -0.0148026 -0.00951632 -0.005
      vertex -0.0132094 -0.00872279 -0.005
    endloop
  endfacet
  facet normal 0 0 -1
    outer loop
      vertex -0.0148026 -0.00951632 -0.005
      vertex -0.0148678 -0.00928157 -0.005
      vertex -0.0132094 -0.00872279 -0.005
    endloop
  endfacet
  facet normal 0 0 -1
    outer loop
      vertex -0.0132094 -0.00872279 -0.005
      vertex -0.0148678 -0.00928157 -0.005
      vertex -0.0133697 -0.00832044 -0.005
    endloop
  endfacet
  facet normal 0 0 -1
    outer loop
      vertex -0.0148678 -0.00928157 -0.005
      vertex -0.014958 -0.00905525 -0.005
      vertex -0.0133697 -0.00832044 -0.005
    endloop
  endfacet
  facet normal 0 0 -1
    outer loop
      vertex -0.0133697 -0.00832044 -0.005
      vertex -0.014958 -0.00905525 -0.005
      vertex -0.0135726 -0.00793778 -0.005
    endloop
  endfacet
  facet normal 0 0 -1
    outer loop
      vertex -0.014958 -0.00905525 -0.005
      vertex -0.0150721 -0.00884 -0.005
      vertex -0.0135726 -0.00793778 -0.005
    endloop
  endfacet
  facet normal 0 0 -1
    outer loop
      vertex -0.0135726 -0.00793778 -0.005
      vertex -0.0150721 -0.00884 -0.005
      vertex -0.0138156 -0.0075793 -0.005
    endloop
  endfacet
  facet normal 0 0 -1
    outer loop
      vertex -0.0150721 -0.00884 -0.005
      vertex -0.0152088 -0.00863836 -0.005
      vertex -0.0138156 -0.0075793 -0.005
    endloop
  endfacet
  facet normal 0 0 -1
    outer loop
      vertex -0.0138156 -0.0075793 -0.005
      vertex -0.0152088 -0.00863836 -0.005
      vertex -0.014096 -0.0072492 -0.005
    endloop
  endfacet
  facet normal 0 0 -1
    outer loop
      vertex -0.0152088 -0.00863836 -0.005
      vertex -0.0153665 -0.00845268 -0.005
      vertex -0.014096 -0.0072492 -0.005
    endloop
  endfacet
  facet normal 0 0 -1
    outer loop
      vertex -0.014096 -0.0072492 -0.005
      vertex -0.0153665 -0.00845268 -0.005
      vertex -0.0144105 -0.00695135 -0.005
    endloop
  endfacet
  facet normal 0 0 -1
    outer loop
      vertex -0.0153665 -0.00845268 -0.005
      vertex -0.0155434 -0.00828514 -0.005
      vertex -0.0144105 -0.00695135 -0.005
    endloop
  endfacet
  facet normal 0 0 -1
    outer loop
      vertex -0.0144105 -0.00695135 -0.005
      vertex -0.0155434 -0.00828514 -0.005
      vertex -0.0147553 -0.00668924 -0.005
    endloop
  endfacet
  facet normal 0 0 -1
    outer loop
      vertex -0.0155434 -0.00828514 -0.005
      vertex -0.0157373 -0.0081377 -0.005
      vertex -0.0147553 -0.00668924 -0.005
    endloop
  endfacet
  facet normal 0 0 -1
    outer loop
      vertex -0.0147553 -0.00668924 -0.005
      vertex -0.0157373 -0.0081377 -0.005
      vertex -0.0151264 -0.00646595 -0.005
    endloop
  endfacet
  facet normal 0 0 -1
    outer loop
      vertex -0.0157373 -0.0081377 -0.005
      vertex -0.0159461 -0.0080121 -0.005
      vertex -0.0151264 -0.00646595 -0.005
    endloop
  endfacet
  facet normal 0 0 -1
    outer loop
      vertex -0.0151264 -0.00646595 -0.005
      vertex -0.0159461 -0.0080121 -0.005
      vertex -0.0155194 -0.00628409 -0.005
    endloop
  endfacet
  facet normal 0 0 -1
    outer loop
      vertex -0.0159461 -0.0080121 -0.005
      vertex -0.0161672 -0.0079098 -0.005
      vertex -0.0155194 -0.00628409 -0.005
    endloop
  endfacet
  facet normal 0 0 -1
    outer loop
      vertex -0.0155194 -0.00628409 -0.005
      vertex -0.0161672 -0.0079098 -0.005
      vertex -0.0159299 -0.0061458 -0.005
    endloop
  endfacet
  facet normal 0 0 -1
    outer loop
      vertex -0.0161672 -0.0079098 -0.005
      vertex -0.0163981 -0.00783201 -0.005
      vertex -0.0159299 -0.0061458 -0.005
    endloop
  endfacet
  facet normal 0 0 -1
    outer loop
      vertex -0.0159299 -0.0061458 -0.005
      vertex -0.0163981 -0.00783201 -0.005
      vertex -0.0163529 -0.00605269 -0.005
    endloop
  endfacet
  facet normal 0 0 -1
    outer loop
      vertex -0.0163981 -0.00783201 -0.005
      vertex -0.016636 -0.00777964 -0.005
      vertex -0.0163529 -0.00605269 -0.005
    endloop
  endfacet
  facet normal 0 0 -1
    outer loop
      vertex -0.0163529 -0.00605269 -0.005
      vertex -0.016636 -0.00777964 -0.005
      vertex -0.0167834 -0.00600587 -0.005
    endloop
  endfacet
  facet normal 0 0 -1
    outer loop
      vertex -0.016636 -0.00777964 -0.005
      vertex -0.0168782 -0.0077533 -0.005
      vertex -0.0167834 -0.00600587 -0.005
    endloop
  endfacet
  facet normal 0 0 -1
    outer loop
      vertex -0.0167834 -0.00600587 -0.005
      vertex -0.0168782 -0.0077533 -0.005
      vertex -0.0172166 -0.00600587 -0.005
    endloop
  endfacet
  facet normal 0 0 -1
    outer loop
      vertex -0.0168782 -0.0077533 -0.005
      vertex -0.0171218 -0.0077533 -0.005
      vertex -0.0172166 -0.00600587 -0.005
    endloop
  endfacet
  facet normal 0 0 -1
    outer loop
      vertex -0.0172166 -0.00600587 -0.005
      vertex -0.0171218 -0.0077533 -0.005
      vertex -0.0176471 -0.00605269 -0.005
    endloop
  endfacet
  facet normal 0 0 -1
    outer loop
      vertex -0.0171218 -0.0077533 -0.005
      vertex -0.017364 -0.00777964 -0.005
      vertex -0.0176471 -0.00605269 -0.005
    endloop
  endfacet
  facet normal 0 0 -1
    outer loop
      vertex -0.0176471 -0.00605269 -0.005
      vertex -0.017364 -0.00777964 -0.005
      vertex -0.0180701 -0.0061458 -0.005
    endloop
  endfacet
  facet normal 0 0 -1
    outer loop
      vertex -0.017364 -0.00777964 -0.005
      vertex -0.0176019 -0.00783201 -0.005
      vertex -0.0180701 -0.0061458 -0.005
    endloop
  endfacet
  facet normal 0 0 -1
    outer loop
      vertex -0.0180701 -0.0061458 -0.005
      vertex -0.0176019 -0.00783201 -0.005
      vertex -0.0184806 -0.00628409 -0.005
    endloop
  endfacet
  facet normal 0 0 -1
    outer loop
      vertex -0.0176019 -0.00783201 -0.005
      vertex -0.0178328 -0.0079098 -0.005
      vertex -0.0184806 -0.00628409 -0.005
    endloop
  endfacet
  facet normal 0 0 -1
    outer loop
      vertex -0.0184806 -0.00628409 -0.005
      vertex -0.0178328 -0.0079098 -0.005
      vertex -0.0188736 -0.00646595 -0.005
    endloop
  endfacet
  facet normal 0 0 -1
    outer loop
      vertex -0.0178328 -0.0079098 -0.005
      vertex -0.0180539 -0.0080121 -0.005
      vertex -0.0188736 -0.00646595 -0.005
    endloop
  endfacet
  facet normal 0 0 -1
    outer loop
      vertex -0.0188736 -0.00646595 -0.005
      vertex -0.0180539 -0.0080121 -0.005
      vertex -0.0192447 -0.00668924 -0.005
    endloop
  endfacet
  facet normal 0 0 -1
    outer loop
      vertex -0.0180539 -0.0080121 -0.005
      vertex -0.0182627 -0.0081377 -0.005
      vertex -0.0192447 -0.00668924 -0.005
    endloop
  endfacet
  facet normal 0 0 -1
    outer loop
      vertex -0.0192447 -0.00668924 -0.005
      vertex -0.0182627 -0.0081377 -0.005
      vertex -0.0195895 -0.00695135 -0.005
    endloop
  endfacet
  facet normal 0 0 -1
    outer loop
      vertex -0.0182627 -0.0081377 -0.005
      vertex -0.0184566 -0.00828514 -0.005
      vertex -0.0195895 -0.00695135 -0.005
    endloop
  endfacet
  facet normal 0 0 -1
    outer loop
      vertex -0.0195895 -0.00695135 -0.005
      vertex -0.0184566 -0.00828514 -0.005
      vertex -0.019904 -0.0072492 -0.005
    endloop
  endfacet
  facet normal 0 0 -1
    outer loop
      vertex -0.0184566 -0.00828514 -0.005
      vertex -0.0186335 -0.00845268 -0.005
      vertex -0.019904 -0.0072492 -0.005
    endloop
  endfacet
  facet normal 0 0 -1
    outer loop
      vertex -0.019904 -0.0072492 -0.005
      vertex -0.0186335 -0.00845268 -0.005
      vertex -0.0201844 -0.0075793 -0.005
    endloop
  endfacet
  facet normal 0 0 -1
    outer loop
      vertex -0.0186335 -0.00845268 -0.005
      vertex -0.0187912 -0.00863836 -0.005
      vertex -0.0201844 -0.0075793 -0.005
    endloop
  endfacet
  facet normal 0 0 -1
    outer loop
      vertex -0.0201844 -0.0075793 -0.005
      vertex -0.0187912 -0.00863836 -0.005
      vertex -0.0204274 -0.00793778 -0.005
    endloop
  endfacet
  facet normal 0 0 -1
    outer loop
      vertex -0.0187912 -0.00863836 -0.005
      vertex -0.0189279 -0.00884 -0.005
      vertex -0.0204274 -0.00793778 -0.005
    endloop
  endfacet
  facet normal 0 0 -1
    outer loop
      vertex -0.0204274 -0.00793778 -0.005
      vertex -0.0189279 -0.00884 -0.005
      vertex -0.0206303 -0.00832044 -0.005
    endloop
  endfacet
  facet normal 0 0 -1
    outer loop
      vertex -0.0189279 -0.00884 -0.005
      vertex -0.019042 -0.00905525 -0.005
      vertex -0.0206303 -0.00832044 -0.005
    endloop
  endfacet
  facet normal 0 0 -1
    outer loop
      vertex -0.0206303 -0.00832044 -0.005
      vertex -0.019042 -0.00905525 -0.005
      vertex -0.0207906 -0.00872279 -0.005
    endloop
  endfacet
  facet normal 0 0 -1
    outer loop
      vertex -0.019042 -0.00905525 -0.005
      vertex -0.0191322 -0.00928157 -0.005
      vertex -0.0207906 -0.00872279 -0.005
    endloop
  endfacet
  facet normal 0 0 -1
    outer loop
      vertex -0.0207906 -0.00872279 -0.005
      vertex -0.0191322 -0.00928157 -0.005
      vertex -0.0209065 -0.00914012 -0.005
    endloop
  endfacet
  facet normal 0 0 -1
    outer loop
      vertex -0.0191322 -0.00928157 -0.005
      vertex -0.0191974 -0.00951632 -0.005
      vertex -0.0209065 -0.00914012 -0.005
    endloop
  endfacet
  facet normal 0 0 -1
    outer loop
      vertex -0.0209065 -0.00914012 -0.005
      vertex -0.0191974 -0.00951632 -0.005
      vertex -0.0209766 -0.00956752 -0.005
    endloop
  endfacet
  facet normal 0 0 -1
    outer loop
      vertex -0.0191974 -0.00951632 -0.005
      vertex -0.0192368 -0.00975673 -0.005
      vertex -0.0209766 -0.00956752 -0.005
    endloop
  endfacet
  facet normal 0 0 -1
    outer loop
      vertex -0.0209766 -0.00956752 -0.005
      vertex -0.0192368 -0.00975673 -0.005
      vertex -0.021 -0.01 -0.005
    endloop
  endfacet
  facet normal 0 0 -1
    outer loop
      vertex -0.0192368 -0.00975673 -0.005
      vertex -0.01925 -0.01 -0.005
      vertex -0.021 -0.01 -0.005
    endloop
  endfacet
  facet normal 0 0 -1
    outer loop
      vertex -0.021 -0.01 -0.005
      vertex -0.01925 -0.01 -0.005
      vertex -0.0192368 -0.0102433 -0.005
    endloop
  endfacet
  facet normal 0.998533 0.0541384 0
    outer loop
      vertex -0.013 -0.01 0.005
      vertex -0.013 -0.01 -0.005
      vertex -0.0130234 -0.00956752 -0.005
    endloop
  endfacet
  facet normal 0.998533 0.0541384 0
    outer loop
      vertex -0.013 -0.01 0.005
      vertex -0.0130234 -0.00956752 -0.005
      vertex -0.0130234 -0.00956752 0.005
    endloop
  endfacet
  facet normal 0.986826 0.161782 0
    outer loop
      vertex -0.0130234 -0.00956752 -0.005
      vertex -0.0130935 -0.00914012 -0.005
      vertex -0.0130234 -0.00956752 0.005
    endloop
  endfacet
  facet normal 0.986826 0.161782 0
    outer loop
      vertex -0.0130234 -0.00956752 0.005
      vertex -0.0130935 -0.00914012 -0.005
      vertex -0.0130935 -0.00914012 0.005
    endloop
  endfacet
  facet normal 0.96355 0.267529 0
    outer loop
      vertex -0.0130935 -0.00914012 -0.005
      vertex -0.0132094 -0.00872279 -0.005
      vertex -0.0130935 -0.00914012 0.005
    endloop
  endfacet
  facet normal 0.96355 0.267529 0
    outer loop
      vertex -0.0130935 -0.00914012 0.005
      vertex -0.0132094 -0.00872279 -0.005
      vertex -0.0132094 -0.00872279 0.005
    endloop
  endfacet
  facet normal 0.928977 0.370138 0
    outer loop
      vertex -0.0132094 -0.00872279 -0.005
      vertex -0.0133697 -0.00832044 -0.005
      vertex -0.0132094 -0.00872279 0.005
    endloop
  endfacet
  facet normal 0.928977 0.370138 0
    outer loop
      vertex -0.0132094 -0.00872279 0.005
      vertex -0.0133697 -0.00832044 -0.005
      vertex -0.0133697 -0.00832044 0.005
    endloop
  endfacet
  facet normal 0.883512 0.468408 0
    outer loop
      vertex -0.0133697 -0.00832044 -0.005
      vertex -0.0135726 -0.00793778 -0.005
      vertex -0.0133697 -0.00832044 0.005
    endloop
  endfacet
  facet normal 0.883512 0.468408 0
    outer loop
      vertex -0.0133697 -0.00832044 0.005
      vertex -0.0135726 -0.00793778 -0.005
      vertex -0.0135726 -0.00793778 0.005
    endloop
  endfacet
  facet normal 0.827689 0.561188 0
    outer loop
      vertex -0.0135726 -0.00793778 -0.005
      vertex -0.0138156 -0.0075793 -0.005
      vertex -0.0135726 -0.00793778 0.005
    endloop
  endfacet
  facet normal 0.827689 0.561188 0
    outer loop
      vertex -0.0135726 -0.00793778 0.005
      vertex -0.0138156 -0.0075793 -0.005
      vertex -0.0138156 -0.0075793 0.005
    endloop
  endfacet
  facet normal 0.762163 0.647385 0
    outer loop
      vertex -0.0138156 -0.0075793 -0.005
      vertex -0.014096 -0.0072492 -0.005
      vertex -0.0138156 -0.0075793 0.005
    endloop
  endfacet
  facet normal 0.762163 0.647385 0
    outer loop
      vertex -0.0138156 -0.0075793 0.005
      vertex -0.014096 -0.0072492 -0.005
      vertex -0.014096 -0.0072492 0.005
    endloop
  endfacet
  facet normal 0.687699 0.725996 0
    outer loop
      vertex -0.014096 -0.0072492 -0.005
      vertex -0.0144105 -0.00695135 -0.005
      vertex -0.014096 -0.0072492 0.005
    endloop
  endfacet
  facet normal 0.687699 0.725996 0
    outer loop
      vertex -0.014096 -0.0072492 0.005
      vertex -0.0144105 -0.00695135 -0.005
      vertex -0.0144105 -0.00695135 0.005
    endloop
  endfacet
  facet normal 0.605175 0.796093 0
    outer loop
      vertex -0.0144105 -0.00695135 -0.005
      vertex -0.0147553 -0.00668924 -0.005
      vertex -0.0144105 -0.00695135 0.005
    endloop
  endfacet
  facet normal 0.605175 0.796093 0
    outer loop
      vertex -0.0144105 -0.00695135 0.005
      vertex -0.0147553 -0.00668924 -0.005
      vertex -0.0147553 -0.00668924 0.005
    endloop
  endfacet
  facet normal 0.515554 0.856857 0
    outer loop
      vertex -0.0147553 -0.00668924 -0.005
      vertex -0.0151264 -0.00646595 -0.005
      vertex -0.0147553 -0.00668924 0.005
    endloop
  endfacet
  facet normal 0.515554 0.856857 0
    outer loop
      vertex -0.0147553 -0.00668924 0.005
      vertex -0.0151264 -0.00646595 -0.005
      vertex -0.0151264 -0.00646595 0.005
    endloop
  endfacet
  facet normal 0.419888 0.907576 0
    outer loop
      vertex -0.0151264 -0.00646595 -0.005
      vertex -0.0155194 -0.00628409 -0.005
      vertex -0.0151264 -0.00646595 0.005
    endloop
  endfacet
  facet normal 0.419888 0.907576 0
    outer loop
      vertex -0.0151264 -0.00646595 0.005
      vertex -0.0155194 -0.00628409 -0.005
      vertex -0.0155194 -0.00628409 0.005
    endloop
  endfacet
  facet normal 0.319302 0.947653 0
    outer loop
      vertex -0.0155194 -0.00628409 -0.005
      vertex -0.0159299 -0.0061458 -0.005
      vertex -0.0155194 -0.00628409 0.005
    endloop
  endfacet
  facet normal 0.319302 0.947653 0
    outer loop
      vertex -0.0155194 -0.00628409 0.005
      vertex -0.0159299 -0.0061458 -0.005
      vertex -0.0159299 -0.0061458 0.005
    endloop
  endfacet
  facet normal 0.21497 0.976621 0
    outer loop
      vertex -0.0159299 -0.0061458 -0.005
      vertex -0.0163529 -0.00605269 -0.005
      vertex -0.0159299 -0.0061458 0.005
    endloop
  endfacet
  facet normal 0.21497 0.976621 0
    outer loop
      vertex -0.0159299 -0.0061458 0.005
      vertex -0.0163529 -0.00605269 -0.005
      vertex -0.0163529 -0.00605269 0.005
    endloop
  endfacet
  facet normal 0.10812 0.994138 0
    outer loop
      vertex -0.0163529 -0.00605269 -0.005
      vertex -0.0167834 -0.00600587 -0.005
      vertex -0.0163529 -0.00605269 0.005
    endloop
  endfacet
  facet normal 0.10812 0.994138 0
    outer loop
      vertex -0.0163529 -0.00605269 0.005
      vertex -0.0167834 -0.00600587 -0.005
      vertex -0.0167834 -0.00600587 0.005
    endloop
  endfacet
  facet normal 0 1 0
    outer loop
      vertex -0.0167834 -0.00600587 -0.005
      vertex -0.0172166 -0.00600587 -0.005
      vertex -0.0167834 -0.00600587 0.005
    endloop
  endfacet
  facet normal 0 1 0
    outer loop
      vertex -0.0167834 -0.00600587 0.005
      vertex -0.0172166 -0.00600587 -0.005
      vertex -0.0172166 -0.00600587 0.005
    endloop
  endfacet
  facet normal -0.10812 0.994138 0
    outer loop
      vertex -0.0172166 -0.00600587 -0.005
      vertex -0.0176471 -0.00605269 -0.005
      vertex -0.0172166 -0.00600587 0.005
    endloop
  endfacet
  facet normal -0.10812 0.994138 0
    outer loop
      vertex -0.0172166 -0.00600587 0.005
      vertex -0.0176471 -0.00605269 -0.005
      vertex -0.0176471 -0.00605269 0.005
    endloop
  endfacet
  facet normal -0.21497 0.976621 0
    outer loop
      vertex -0.0176471 -0.00605269 -0.005
      vertex -0.0180701 -0.0061458 -0.005
      vertex -0.0176471 -0.00605269 0.005
    endloop
  endfacet
  facet normal -0.21497 0.976621 0
    outer loop
      vertex -0.0176471 -0.00605269 0.005
      vertex -0.0180701 -0.0061458 -0.005
      vertex -0.0180701 -0.0061458 0.005
    endloop
  endfacet
  facet normal -0.319302 0.947653 0
    outer loop
      vertex -0.0180701 -0.0061458 -0.005
      vertex -0.0184806 -0.00628409 -0.005
      vertex -0.0180701 -0.0061458 0.005
    endloop
  endfacet
  facet normal -0.319302 0.947653 0
    outer loop
      vertex -0.0180701 -0.0061458 0.005
      vertex -0.0184806 -0.00628409 -0.005
      vertex -0.0184806 -0.00628409 0.005
    endloop
  endfacet
  facet normal -0.419888 0.907576 0
    outer loop
      vertex -0.0184806 -0.00628409 -0.005
      vertex -0.0188736 -0.00646595 -0.005
      vertex -0.0184806 -0.00628409 0.005
    endloop
  endfacet
  facet normal -0.419888 0.907576 0
    outer loop
      vertex -0.0184806 -0.00628409 0.005
      vertex -0.0188736 -0.00646595 -0.005
      vertex -0.0188736 -0.00646595 0.005
    endloop
  endfacet
  facet normal -0.515553 0.856858 0
    outer loop
      vertex -0.0188736 -0.00646595 -0.005
      vertex -0.0192447 -0.00668924 -0.005
      vertex -0.0188736 -0.00646595 0.005
    endloop
  endfacet
  facet normal -0.515553 0.856858 0
    outer loop
      vertex -0.0188736 -0.00646595 0.005
      vertex -0.0192447 -0.00668924 -0.005
      vertex -0.0192447 -0.00668924 0.005
    endloop
  endfacet
  facet normal -0.605176 0.796092 0
    outer loop
      vertex -0.0192447 -0.00668924 -0.005
      vertex -0.0195895 -0.00695135 -0.005
      vertex -0.0192447 -0.00668924 0.005
    endloop
  endfacet
  facet normal -0.605176 0.796092 0
    outer loop
      vertex -0.0192447 -0.00668924 0.005
      vertex -0.0195895 -0.00695135 -0.005
      vertex -0.0195895 -0.00695135 0.005
    endloop
  endfacet
  facet normal -0.687699 0.725996 0
    outer loop
      vertex -0.0195895 -0.00695135 -0.005
      vertex -0.019904 -0.0072492 -0.005
      vertex -0.0195895 -0.00695135 0.005
    endloop
  endfacet
  facet normal -0.687699 0.725996 0
    outer loop
      vertex -0.0195895 -0.00695135 0.005
      vertex -0.019904 -0.0072492 -0.005
      vertex -0.019904 -0.0072492 0.005
    endloop
  endfacet
  facet normal -0.762161 0.647388 0
    outer loop
      vertex -0.019904 -0.0072492 -0.005
      vertex -0.0201844 -0.0075793 -0.005
      vertex -0.019904 -0.0072492 0.005
    endloop
  endfacet
  facet normal -0.762161 0.647388 0
    outer loop
      vertex -0.019904 -0.0072492 0.005
      vertex -0.0201844 -0.0075793 -0.005
      vertex -0.0201844 -0.0075793 0.005
    endloop
  endfacet
  facet normal -0.827691 0.561185 0
    outer loop
      vertex -0.0201844 -0.0075793 -0.005
      vertex -0.0204274 -0.00793778 -0.005
      vertex -0.0201844 -0.0075793 0.005
    endloop
  endfacet
  facet normal -0.827691 0.561185 0
    outer loop
      vertex -0.0201844 -0.0075793 0.005
      vertex -0.0204274 -0.00793778 -0.005
      vertex -0.0204274 -0.00793778 0.005
    endloop
  endfacet
  facet normal -0.883511 0.46841 0
    outer loop
      vertex -0.0204274 -0.00793778 -0.005
      vertex -0.0206303 -0.00832044 -0.005
      vertex -0.0204274 -0.00793778 0.005
    endloop
  endfacet
  facet normal -0.883511 0.46841 0
    outer loop
      vertex -0.0204274 -0.00793778 0.005
      vertex -0.0206303 -0.00832044 -0.005
      vertex -0.0206303 -0.00832044 0.005
    endloop
  endfacet
  facet normal -0.928977 0.370136 0
    outer loop
      vertex -0.0206303 -0.00832044 -0.005
      vertex -0.0207906 -0.00872279 -0.005
      vertex -0.0206303 -0.00832044 0.005
    endloop
  endfacet
  facet normal -0.928977 0.370136 0
    outer loop
      vertex -0.0206303 -0.00832044 0.005
      vertex -0.0207906 -0.00872279 -0.005
      vertex -0.0207906 -0.00872279 0.005
    endloop
  endfacet
  facet normal -0.96355 0.267529 0
    outer loop
      vertex -0.0207906 -0.00872279 -0.005
      vertex -0.0209065 -0.00914012 -0.005
      vertex -0.0207906 -0.00872279 0.005
    endloop
  endfacet
  facet normal -0.96355 0.267529 0
    outer loop
      vertex -0.0207906 -0.00872279 0.005
      vertex -0.0209065 -0.00914012 -0.005
      vertex -0.0209065 -0.00914012 0.005
    endloop
  endfacet
  facet normal -0.986826 0.161785 0
    outer loop
      vertex -0.0209065 -0.00914012 -0.005
      vertex -0.0209766 -0.00956752 -0.005
      vertex -0.0209065 -0.00914012 0.005
    endloop
  endfacet
  facet normal -0.986826 0.161785 0
    outer loop
      vertex -0.0209065 -0.00914012 0.005
      vertex -0.0209766 -0.00956752 -0.005
      vertex -0.0209766 -0.00956752 0.005
    endloop
  endfacet
  facet normal -0.998534 0.0541362 0
    outer loop
      vertex -0.0209766 -0.00956752 -0.005
      vertex -0.021 -0.01 -0.005
      vertex -0.0209766 -0.00956752 0.005
    endloop
  endfacet
  facet normal -0.998534 0.0541362 0
    outer loop
      vertex -0.0209766 -0.00956752 0.005
      vertex -0.021 -0.01 -0.005
      vertex -0.021 -0.01 0.005
    endloop
  endfacet
  facet normal 0 1 0
    outer loop
      vertex -0.013 -0.01 0.012
      vertex 0.009 -0.01 0.012
      vertex -0.013 -0.01 0.005
    endloop
  endfacet
  facet normal 0 1 0
    outer loop
      vertex 0.009 -0.01 0.012
      vertex 0.009 -0.01 -0.005
      vertex -0.013 -0.01 0.005
    endloop
  endfacet
  facet normal 0 1 0
    outer loop
      vertex -0.013 -0.01 0.005
      vertex 0.009 -0.01 -0.005
      vertex -0.013 -0.01 -0.005
    endloop
  endfacet
  facet normal 0 -1 0
    outer loop
      vertex -0.013 -0.05 -0.005
      vertex 0.009 -0.05 -0.005
      vertex -0.013 -0.05 0.005
    endloop
  endfacet
  facet normal 0 -1 0
    outer loop
      vertex 0.009 -0.05 -0.005
      vertex 0.009 -0.05 0.012
      vertex -0.013 -0.05 0.005
    endloop
  endfacet
  facet normal 0 -1 0
    outer loop
      vertex -0.013 -0.05 0.005
      vertex 0.009 -0.05 0.012
      vertex -0.013 -0.05 0.012
    endloop
  endfacet
  facet normal -0.998534 -0.0541361 0
    outer loop
      vertex -0.021 -0.05 0.005
      vertex -0.021 -0.05 -0.005
      vertex -0.0209766 -0.0504325 -0.005
    endloop
  endfacet
  facet normal -0.998534 -0.0541361 0
    outer loop
      vertex -0.021 -0.05 0.005
      vertex -0.0209766 -0.0504325 -0.005
      vertex -0.0209766 -0.0504325 0.005
    endloop
  endfacet
  facet normal -0.986826 -0.161785 0
    outer loop
      vertex -0.0209766 -0.0504325 -0.005
      vertex -0.0209065 -0.0508599 -0.005
      vertex -0.0209766 -0.0504325 0.005
    endloop
  endfacet
  facet normal -0.986826 -0.161785 0
    outer loop
      vertex -0.0209766 -0.0504325 0.005
      vertex -0.0209065 -0.0508599 -0.005
      vertex -0.0209065 -0.0508599 0.005
    endloop
  endfacet
  facet normal -0.96355 -0.26753 0
    outer loop
      vertex -0.0209065 -0.0508599 -0.005
      vertex -0.0207906 -0.0512772 -0.005
      vertex -0.0209065 -0.0508599 0.005
    endloop
  endfacet
  facet normal -0.96355 -0.26753 0
    outer loop
      vertex -0.0209065 -0.0508599 0.005
      vertex -0.0207906 -0.0512772 -0.005
      vertex -0.0207906 -0.0512772 0.005
    endloop
  endfacet
  facet normal -0.928977 -0.370137 0
    outer loop
      vertex -0.0207906 -0.0512772 -0.005
      vertex -0.0206303 -0.0516796 -0.005
      vertex -0.0207906 -0.0512772 0.005
    endloop
  endfacet
  facet normal -0.928977 -0.370137 0
    outer loop
      vertex -0.0207906 -0.0512772 0.005
      vertex -0.0206303 -0.0516796 -0.005
      vertex -0.0206303 -0.0516796 0.005
    endloop
  endfacet
  facet normal -0.883513 -0.468407 0
    outer loop
      vertex -0.0206303 -0.0516796 -0.005
      vertex -0.0204274 -0.0520622 -0.005
      vertex -0.0206303 -0.0516796 0.005
    endloop
  endfacet
  facet normal -0.883513 -0.468407 0
    outer loop
      vertex -0.0206303 -0.0516796 0.005
      vertex -0.0204274 -0.0520622 -0.005
      vertex -0.0204274 -0.0520622 0.005
    endloop
  endfacet
  facet normal -0.827691 -0.561185 0
    outer loop
      vertex -0.0204274 -0.0520622 -0.005
      vertex -0.0201844 -0.0524207 -0.005
      vertex -0.0204274 -0.0520622 0.005
    endloop
  endfacet
  facet normal -0.827691 -0.561185 0
    outer loop
      vertex -0.0204274 -0.0520622 0.005
      vertex -0.0201844 -0.0524207 -0.005
      vertex -0.0201844 -0.0524207 0.005
    endloop
  endfacet
  facet normal -0.762161 -0.647387 0
    outer loop
      vertex -0.0201844 -0.0524207 -0.005
      vertex -0.019904 -0.0527508 -0.005
      vertex -0.0201844 -0.0524207 0.005
    endloop
  endfacet
  facet normal -0.762161 -0.647387 0
    outer loop
      vertex -0.0201844 -0.0524207 0.005
      vertex -0.019904 -0.0527508 -0.005
      vertex -0.019904 -0.0527508 0.005
    endloop
  endfacet
  facet normal -0.687697 -0.725998 0
    outer loop
      vertex -0.019904 -0.0527508 -0.005
      vertex -0.0195895 -0.0530486 -0.005
      vertex -0.019904 -0.0527508 0.005
    endloop
  endfacet
  facet normal -0.687697 -0.725998 0
    outer loop
      vertex -0.019904 -0.0527508 0.005
      vertex -0.0195895 -0.0530486 -0.005
      vertex -0.0195895 -0.0530486 0.005
    endloop
  endfacet
  facet normal -0.605175 -0.796092 0
    outer loop
      vertex -0.0195895 -0.0530486 -0.005
      vertex -0.0192447 -0.0533108 -0.005
      vertex -0.0195895 -0.0530486 0.005
    endloop
  endfacet
  facet normal -0.605175 -0.796092 0
    outer loop
      vertex -0.0195895 -0.0530486 0.005
      vertex -0.0192447 -0.0533108 -0.005
      vertex -0.0192447 -0.0533108 0.005
    endloop
  endfacet
  facet normal -0.515556 -0.856856 0
    outer loop
      vertex -0.0192447 -0.0533108 -0.005
      vertex -0.0188736 -0.053534 -0.005
      vertex -0.0192447 -0.0533108 0.005
    endloop
  endfacet
  facet normal -0.515556 -0.856856 0
    outer loop
      vertex -0.0192447 -0.0533108 0.005
      vertex -0.0188736 -0.053534 -0.005
      vertex -0.0188736 -0.053534 0.005
    endloop
  endfacet
  facet normal -0.419887 -0.907577 0
    outer loop
      vertex -0.0188736 -0.053534 -0.005
      vertex -0.0184806 -0.0537159 -0.005
      vertex -0.0188736 -0.053534 0.005
    endloop
  endfacet
  facet normal -0.419887 -0.907577 0
    outer loop
      vertex -0.0188736 -0.053534 0.005
      vertex -0.0184806 -0.0537159 -0.005
      vertex -0.0184806 -0.0537159 0.005
    endloop
  endfacet
  facet normal -0.319303 -0.947653 0
    outer loop
      vertex -0.0184806 -0.0537159 -0.005
      vertex -0.0180701 -0.0538542 -0.005
      vertex -0.0184806 -0.0537159 0.005
    endloop
  endfacet
  facet normal -0.319303 -0.947653 0
    outer loop
      vertex -0.0184806 -0.0537159 0.005
      vertex -0.0180701 -0.0538542 -0.005
      vertex -0.0180701 -0.0538542 0.005
    endloop
  endfacet
  facet normal -0.214971 -0.97662 0
    outer loop
      vertex -0.0180701 -0.0538542 -0.005
      vertex -0.0176471 -0.0539473 -0.005
      vertex -0.0180701 -0.0538542 0.005
    endloop
  endfacet
  facet normal -0.214971 -0.97662 0
    outer loop
      vertex -0.0180701 -0.0538542 0.005
      vertex -0.0176471 -0.0539473 -0.005
      vertex -0.0176471 -0.0539473 0.005
    endloop
  endfacet
  facet normal -0.108117 -0.994138 0
    outer loop
      vertex -0.0176471 -0.0539473 -0.005
      vertex -0.0172166 -0.0539941 -0.005
      vertex -0.0176471 -0.0539473 0.005
    endloop
  endfacet
  facet normal -0.108117 -0.994138 0
    outer loop
      vertex -0.0176471 -0.0539473 0.005
      vertex -0.0172166 -0.0539941 -0.005
      vertex -0.0172166 -0.0539941 0.005
    endloop
  endfacet
  facet normal 0 -1 0
    outer loop
      vertex -0.0172166 -0.0539941 -0.005
      vertex -0.0167834 -0.0539941 -0.005
      vertex -0.0172166 -0.0539941 0.005
    endloop
  endfacet
  facet normal 0 -1 0
    outer loop
      vertex -0.0172166 -0.0539941 0.005
      vertex -0.0167834 -0.0539941 -0.005
      vertex -0.0167834 -0.0539941 0.005
    endloop
  endfacet
  facet normal 0.108117 -0.994138 0
    outer loop
      vertex -0.0167834 -0.0539941 -0.005
      vertex -0.0163529 -0.0539473 -0.005
      vertex -0.0167834 -0.0539941 0.005
    endloop
  endfacet
  facet normal 0.108117 -0.994138 0
    outer loop
      vertex -0.0167834 -0.0539941 0.005
      vertex -0.0163529 -0.0539473 -0.005
      vertex -0.0163529 -0.0539473 0.005
    endloop
  endfacet
  facet normal 0.214971 -0.97662 0
    outer loop
      vertex -0.0163529 -0.0539473 -0.005
      vertex -0.0159299 -0.0538542 -0.005
      vertex -0.0163529 -0.0539473 0.005
    endloop
  endfacet
  facet normal 0.214971 -0.97662 0
    outer loop
      vertex -0.0163529 -0.0539473 0.005
      vertex -0.0159299 -0.0538542 -0.005
      vertex -0.0159299 -0.0538542 0.005
    endloop
  endfacet
  facet normal 0.319303 -0.947653 0
    outer loop
      vertex -0.0159299 -0.0538542 -0.005
      vertex -0.0155194 -0.0537159 -0.005
      vertex -0.0159299 -0.0538542 0.005
    endloop
  endfacet
  facet normal 0.319303 -0.947653 0
    outer loop
      vertex -0.0159299 -0.0538542 0.005
      vertex -0.0155194 -0.0537159 -0.005
      vertex -0.0155194 -0.0537159 0.005
    endloop
  endfacet
  facet normal 0.419887 -0.907577 0
    outer loop
      vertex -0.0155194 -0.0537159 -0.005
      vertex -0.0151264 -0.053534 -0.005
      vertex -0.0155194 -0.0537159 0.005
    endloop
  endfacet
  facet normal 0.419887 -0.907577 0
    outer loop
      vertex -0.0155194 -0.0537159 0.005
      vertex -0.0151264 -0.053534 -0.005
      vertex -0.0151264 -0.053534 0.005
    endloop
  endfacet
  facet normal 0.515557 -0.856855 0
    outer loop
      vertex -0.0151264 -0.053534 -0.005
      vertex -0.0147553 -0.0533108 -0.005
      vertex -0.0151264 -0.053534 0.005
    endloop
  endfacet
  facet normal 0.515557 -0.856855 0
    outer loop
      vertex -0.0151264 -0.053534 0.005
      vertex -0.0147553 -0.0533108 -0.005
      vertex -0.0147553 -0.0533108 0.005
    endloop
  endfacet
  facet normal 0.605174 -0.796093 0
    outer loop
      vertex -0.0147553 -0.0533108 -0.005
      vertex -0.0144105 -0.0530486 -0.005
      vertex -0.0147553 -0.0533108 0.005
    endloop
  endfacet
  facet normal 0.605174 -0.796093 0
    outer loop
      vertex -0.0147553 -0.0533108 0.005
      vertex -0.0144105 -0.0530486 -0.005
      vertex -0.0144105 -0.0530486 0.005
    endloop
  endfacet
  facet normal 0.687697 -0.725998 0
    outer loop
      vertex -0.0144105 -0.0530486 -0.005
      vertex -0.014096 -0.0527508 -0.005
      vertex -0.0144105 -0.0530486 0.005
    endloop
  endfacet
  facet normal 0.687697 -0.725998 0
    outer loop
      vertex -0.0144105 -0.0530486 0.005
      vertex -0.014096 -0.0527508 -0.005
      vertex -0.014096 -0.0527508 0.005
    endloop
  endfacet
  facet normal 0.762164 -0.647384 0
    outer loop
      vertex -0.014096 -0.0527508 -0.005
      vertex -0.0138156 -0.0524207 -0.005
      vertex -0.014096 -0.0527508 0.005
    endloop
  endfacet
  facet normal 0.762164 -0.647384 0
    outer loop
      vertex -0.014096 -0.0527508 0.005
      vertex -0.0138156 -0.0524207 -0.005
      vertex -0.0138156 -0.0524207 0.005
    endloop
  endfacet
  facet normal 0.827689 -0.561188 0
    outer loop
      vertex -0.0138156 -0.0524207 -0.005
      vertex -0.0135726 -0.0520622 -0.005
      vertex -0.0138156 -0.0524207 0.005
    endloop
  endfacet
  facet normal 0.827689 -0.561188 0
    outer loop
      vertex -0.0138156 -0.0524207 0.005
      vertex -0.0135726 -0.0520622 -0.005
      vertex -0.0135726 -0.0520622 0.005
    endloop
  endfacet
  facet normal 0.883514 -0.468405 0
    outer loop
      vertex -0.0135726 -0.0520622 -0.005
      vertex -0.0133697 -0.0516796 -0.005
      vertex -0.0135726 -0.0520622 0.005
    endloop
  endfacet
  facet normal 0.883514 -0.468405 0
    outer loop
      vertex -0.0135726 -0.0520622 0.005
      vertex -0.0133697 -0.0516796 -0.005
      vertex -0.0133697 -0.0516796 0.005
    endloop
  endfacet
  facet normal 0.928976 -0.370139 0
    outer loop
      vertex -0.0133697 -0.0516796 -0.005
      vertex -0.0132094 -0.0512772 -0.005
      vertex -0.0133697 -0.0516796 0.005
    endloop
  endfacet
  facet normal 0.928976 -0.370139 0
    outer loop
      vertex -0.0133697 -0.0516796 0.005
      vertex -0.0132094 -0.0512772 -0.005
      vertex -0.0132094 -0.0512772 0.005
    endloop
  endfacet
  facet normal 0.96355 -0.26753 0
    outer loop
      vertex -0.0132094 -0.0512772 -0.005
      vertex -0.0130935 -0.0508599 -0.005
      vertex -0.0132094 -0.0512772 0.005
    endloop
  endfacet
  facet normal 0.96355 -0.26753 0
    outer loop
      vertex -0.0132094 -0.0512772 0.005
      vertex -0.0130935 -0.0508599 -0.005
      vertex -0.0130935 -0.0508599 0.005
    endloop
  endfacet
  facet normal 0.986826 -0.161782 0
    outer loop
      vertex -0.0130935 -0.0508599 -0.005
      vertex -0.0130234 -0.0504325 -0.005
      vertex -0.0130935 -0.0508599 0.005
    endloop
  endfacet
  facet normal 0.986826 -0.161782 0
    outer loop
      vertex -0.0130935 -0.0508599 0.005
      vertex -0.0130234 -0.0504325 -0.005
      vertex -0.0130234 -0.0504325 0.005
    endloop
  endfacet
  facet normal 0.998533 -0.0541383 0
    outer loop
      vertex -0.0130234 -0.0504325 -0.005
      vertex -0.013 -0.05 -0.005
      vertex -0.0130234 -0.0504325 0.005
    endloop
  endfacet
  facet normal 0.998533 -0.0541383 0
    outer loop
      vertex -0.0130234 -0.0504325 0.005
      vertex -0.013 -0.05 -0.005
      vertex -0.013 -0.05 0.005
    endloop
  endfacet
  facet normal -0.998532 -0.0541559 0
    outer loop
      vertex -0.04065 -0.013 0
      vertex -0.04065 -0.013 0.012
      vertex -0.0406579 -0.012854 0
    endloop
  endfacet
  facet normal -0.998532 -0.0541559 0
    outer loop
      vertex -0.04065 -0.013 0.012
      vertex -0.0406579 -0.012854 0.012
      vertex -0.0406579 -0.012854 0
    endloop
  endfacet
  facet normal -0.986827 -0.161779 0
    outer loop
      vertex -0.0406579 -0.012854 0
      vertex -0.0406579 -0.012854 0.012
      vertex -0.0406816 -0.0127098 0
    endloop
  endfacet
  facet normal -0.986827 -0.161779 0
    outer loop
      vertex -0.0406579 -0.012854 0.012
      vertex -0.0406816 -0.0127098 0.012
      vertex -0.0406816 -0.0127098 0
    endloop
  endfacet
  facet normal -0.963553 -0.267519 0
    outer loop
      vertex -0.0406816 -0.0127098 0
      vertex -0.0406816 -0.0127098 0.012
      vertex -0.0407207 -0.0125689 0
    endloop
  endfacet
  facet normal -0.963553 -0.267519 0
    outer loop
      vertex -0.0406816 -0.0127098 0.012
      vertex -0.0407207 -0.0125689 0.012
      vertex -0.0407207 -0.0125689 0
    endloop
  endfacet
  facet normal -0.928974 -0.370145 0
    outer loop
      vertex -0.0407207 -0.0125689 0
      vertex -0.0407207 -0.0125689 0.012
      vertex -0.0407748 -0.0124331 0
    endloop
  endfacet
  facet normal -0.928974 -0.370145 0
    outer loop
      vertex -0.0407207 -0.0125689 0.012
      vertex -0.0407748 -0.0124331 0.012
      vertex -0.0407748 -0.0124331 0
    endloop
  endfacet
  facet normal -0.883509 -0.468415 0
    outer loop
      vertex -0.0407748 -0.0124331 0
      vertex -0.0407748 -0.0124331 0.012
      vertex -0.0408432 -0.012304 0
    endloop
  endfacet
  facet normal -0.883509 -0.468415 0
    outer loop
      vertex -0.0407748 -0.0124331 0.012
      vertex -0.0408432 -0.012304 0.012
      vertex -0.0408432 -0.012304 0
    endloop
  endfacet
  facet normal -0.82769 -0.561185 0
    outer loop
      vertex -0.0408432 -0.012304 0
      vertex -0.0408432 -0.012304 0.012
      vertex -0.0409253 -0.012183 0
    endloop
  endfacet
  facet normal -0.82769 -0.561185 0
    outer loop
      vertex -0.0408432 -0.012304 0.012
      vertex -0.0409253 -0.012183 0.012
      vertex -0.0409253 -0.012183 0
    endloop
  endfacet
  facet normal -0.76217 -0.647377 0
    outer loop
      vertex -0.0409253 -0.012183 0
      vertex -0.0409253 -0.012183 0.012
      vertex -0.0410199 -0.0120716 0
    endloop
  endfacet
  facet normal -0.76217 -0.647377 0
    outer loop
      vertex -0.0409253 -0.012183 0.012
      vertex -0.0410199 -0.0120716 0.012
      vertex -0.0410199 -0.0120716 0
    endloop
  endfacet
  facet normal -0.687699 -0.725996 0
    outer loop
      vertex -0.0410199 -0.0120716 0
      vertex -0.0410199 -0.0120716 0.012
      vertex -0.041126 -0.0119711 0
    endloop
  endfacet
  facet normal -0.687699 -0.725996 0
    outer loop
      vertex -0.0410199 -0.0120716 0.012
      vertex -0.041126 -0.0119711 0.012
      vertex -0.041126 -0.0119711 0
    endloop
  endfacet
  facet normal -0.60517 -0.796096 0
    outer loop
      vertex -0.041126 -0.0119711 0
      vertex -0.041126 -0.0119711 0.012
      vertex -0.0412424 -0.0118826 0
    endloop
  endfacet
  facet normal -0.60517 -0.796096 0
    outer loop
      vertex -0.041126 -0.0119711 0.012
      vertex -0.0412424 -0.0118826 0.012
      vertex -0.0412424 -0.0118826 0
    endloop
  endfacet
  facet normal -0.51555 -0.856859 0
    outer loop
      vertex -0.0412424 -0.0118826 0
      vertex -0.0412424 -0.0118826 0.012
      vertex -0.0413677 -0.0118073 0
    endloop
  endfacet
  facet normal -0.51555 -0.856859 0
    outer loop
      vertex -0.0412424 -0.0118826 0.012
      vertex -0.0413677 -0.0118073 0.012
      vertex -0.0413677 -0.0118073 0
    endloop
  endfacet
  facet normal -0.419892 -0.907574 0
    outer loop
      vertex -0.0413677 -0.0118073 0
      vertex -0.0413677 -0.0118073 0.012
      vertex -0.0415003 -0.0117459 0
    endloop
  endfacet
  facet normal -0.419892 -0.907574 0
    outer loop
      vertex -0.0413677 -0.0118073 0.012
      vertex -0.0415003 -0.0117459 0.012
      vertex -0.0415003 -0.0117459 0
    endloop
  endfacet
  facet normal -0.319302 -0.947653 0
    outer loop
      vertex -0.0415003 -0.0117459 0
      vertex -0.0415003 -0.0117459 0.012
      vertex -0.0416388 -0.0116992 0
    endloop
  endfacet
  facet normal -0.319302 -0.947653 0
    outer loop
      vertex -0.0415003 -0.0117459 0.012
      vertex -0.0416388 -0.0116992 0.012
      vertex -0.0416388 -0.0116992 0
    endloop
  endfacet
  facet normal -0.214974 -0.97662 0
    outer loop
      vertex -0.0416388 -0.0116992 0
      vertex -0.0416388 -0.0116992 0.012
      vertex -0.0417816 -0.0116678 0
    endloop
  endfacet
  facet normal -0.214974 -0.97662 0
    outer loop
      vertex -0.0416388 -0.0116992 0.012
      vertex -0.0417816 -0.0116678 0.012
      vertex -0.0417816 -0.0116678 0
    endloop
  endfacet
  facet normal -0.108119 -0.994138 0
    outer loop
      vertex -0.0417816 -0.0116678 0
      vertex -0.0417816 -0.0116678 0.012
      vertex -0.0419269 -0.011652 0
    endloop
  endfacet
  facet normal -0.108119 -0.994138 0
    outer loop
      vertex -0.0417816 -0.0116678 0.012
      vertex -0.0419269 -0.011652 0.012
      vertex -0.0419269 -0.011652 0
    endloop
  endfacet
  facet normal 0 -1 0
    outer loop
      vertex -0.0419269 -0.011652 0
      vertex -0.0419269 -0.011652 0.012
      vertex -0.0420731 -0.011652 0
    endloop
  endfacet
  facet normal 0 -1 0
    outer loop
      vertex -0.0419269 -0.011652 0.012
      vertex -0.0420731 -0.011652 0.012
      vertex -0.0420731 -0.011652 0
    endloop
  endfacet
  facet normal 0.108122 -0.994138 0
    outer loop
      vertex -0.0420731 -0.011652 0
      vertex -0.0420731 -0.011652 0.012
      vertex -0.0422184 -0.0116678 0
    endloop
  endfacet
  facet normal 0.108122 -0.994138 0
    outer loop
      vertex -0.0420731 -0.011652 0.012
      vertex -0.0422184 -0.0116678 0.012
      vertex -0.0422184 -0.0116678 0
    endloop
  endfacet
  facet normal 0.214974 -0.97662 0
    outer loop
      vertex -0.0422184 -0.0116678 0
      vertex -0.0422184 -0.0116678 0.012
      vertex -0.0423612 -0.0116992 0
    endloop
  endfacet
  facet normal 0.214974 -0.97662 0
    outer loop
      vertex -0.0422184 -0.0116678 0.012
      vertex -0.0423612 -0.0116992 0.012
      vertex -0.0423612 -0.0116992 0
    endloop
  endfacet
  facet normal 0.319294 -0.947656 0
    outer loop
      vertex -0.0423612 -0.0116992 0
      vertex -0.0423612 -0.0116992 0.012
      vertex -0.0424997 -0.0117459 0
    endloop
  endfacet
  facet normal 0.319294 -0.947656 0
    outer loop
      vertex -0.0423612 -0.0116992 0.012
      vertex -0.0424997 -0.0117459 0.012
      vertex -0.0424997 -0.0117459 0
    endloop
  endfacet
  facet normal 0.419892 -0.907574 0
    outer loop
      vertex -0.0424997 -0.0117459 0
      vertex -0.0424997 -0.0117459 0.012
      vertex -0.0426324 -0.0118073 0
    endloop
  endfacet
  facet normal 0.419892 -0.907574 0
    outer loop
      vertex -0.0424997 -0.0117459 0.012
      vertex -0.0426324 -0.0118073 0.012
      vertex -0.0426324 -0.0118073 0
    endloop
  endfacet
  facet normal 0.51555 -0.856859 0
    outer loop
      vertex -0.0426324 -0.0118073 0
      vertex -0.0426324 -0.0118073 0.012
      vertex -0.0427576 -0.0118826 0
    endloop
  endfacet
  facet normal 0.51555 -0.856859 0
    outer loop
      vertex -0.0426324 -0.0118073 0.012
      vertex -0.0427576 -0.0118826 0.012
      vertex -0.0427576 -0.0118826 0
    endloop
  endfacet
  facet normal 0.605182 -0.796087 0
    outer loop
      vertex -0.0427576 -0.0118826 0
      vertex -0.0427576 -0.0118826 0.012
      vertex -0.042874 -0.0119711 0
    endloop
  endfacet
  facet normal 0.605182 -0.796087 0
    outer loop
      vertex -0.0427576 -0.0118826 0.012
      vertex -0.042874 -0.0119711 0.012
      vertex -0.042874 -0.0119711 0
    endloop
  endfacet
  facet normal 0.687699 -0.725996 0
    outer loop
      vertex -0.042874 -0.0119711 0
      vertex -0.042874 -0.0119711 0.012
      vertex -0.0429801 -0.0120716 0
    endloop
  endfacet
  facet normal 0.687699 -0.725996 0
    outer loop
      vertex -0.042874 -0.0119711 0.012
      vertex -0.0429801 -0.0120716 0.012
      vertex -0.0429801 -0.0120716 0
    endloop
  endfacet
  facet normal 0.762157 -0.647392 0
    outer loop
      vertex -0.0429801 -0.0120716 0
      vertex -0.0429801 -0.0120716 0.012
      vertex -0.0430747 -0.012183 0
    endloop
  endfacet
  facet normal 0.762157 -0.647392 0
    outer loop
      vertex -0.0429801 -0.0120716 0.012
      vertex -0.0430747 -0.012183 0.012
      vertex -0.0430747 -0.012183 0
    endloop
  endfacet
  facet normal 0.82769 -0.561185 0
    outer loop
      vertex -0.0430747 -0.012183 0
      vertex -0.0430747 -0.012183 0.012
      vertex -0.0431568 -0.012304 0
    endloop
  endfacet
  facet normal 0.82769 -0.561185 0
    outer loop
      vertex -0.0430747 -0.012183 0.012
      vertex -0.0431568 -0.012304 0.012
      vertex -0.0431568 -0.012304 0
    endloop
  endfacet
  facet normal 0.883509 -0.468415 0
    outer loop
      vertex -0.0431568 -0.012304 0
      vertex -0.0431568 -0.012304 0.012
      vertex -0.0432252 -0.0124331 0
    endloop
  endfacet
  facet normal 0.883509 -0.468415 0
    outer loop
      vertex -0.0431568 -0.012304 0.012
      vertex -0.0432252 -0.0124331 0.012
      vertex -0.0432252 -0.0124331 0
    endloop
  endfacet
  facet normal 0.928983 -0.370123 0
    outer loop
      vertex -0.0432252 -0.0124331 0
      vertex -0.0432252 -0.0124331 0.012
      vertex -0.0432793 -0.0125689 0
    endloop
  endfacet
  facet normal 0.928983 -0.370123 0
    outer loop
      vertex -0.0432252 -0.0124331 0.012
      vertex -0.0432793 -0.0125689 0.012
      vertex -0.0432793 -0.0125689 0
    endloop
  endfacet
  facet normal 0.963546 -0.267542 0
    outer loop
      vertex -0.0432793 -0.0125689 0
      vertex -0.0432793 -0.0125689 0.012
      vertex -0.0433184 -0.0127098 0
    endloop
  endfacet
  facet normal 0.963546 -0.267542 0
    outer loop
      vertex -0.0432793 -0.0125689 0.012
      vertex -0.0433184 -0.0127098 0.012
      vertex -0.0433184 -0.0127098 0
    endloop
  endfacet
  facet normal 0.986827 -0.161779 0
    outer loop
      vertex -0.0433184 -0.0127098 0
      vertex -0.0433184 -0.0127098 0.012
      vertex -0.0433421 -0.012854 0
    endloop
  endfacet
  facet normal 0.986827 -0.161779 0
    outer loop
      vertex -0.0433184 -0.0127098 0.012
      vertex -0.0433421 -0.012854 0.012
      vertex -0.0433421 -0.012854 0
    endloop
  endfacet
  facet normal 0.998534 -0.0541305 0
    outer loop
      vertex -0.0433421 -0.012854 0
      vertex -0.0433421 -0.012854 0.012
      vertex -0.04335 -0.013 0
    endloop
  endfacet
  facet normal 0.998534 -0.0541305 0
    outer loop
      vertex -0.0433421 -0.012854 0.012
      vertex -0.04335 -0.013 0.012
      vertex -0.04335 -0.013 0
    endloop
  endfacet
  facet normal 0.998534 0.0541305 0
    outer loop
      vertex -0.04335 -0.013 0
      vertex -0.04335 -0.013 0.012
      vertex -0.0433421 -0.013146 0
    endloop
  endfacet
  facet normal 0.998534 0.0541305 0
    outer loop
      vertex -0.04335 -0.013 0.012
      vertex -0.0433421 -0.013146 0.012
      vertex -0.0433421 -0.013146 0
    endloop
  endfacet
  facet normal 0.986827 0.161779 0
    outer loop
      vertex -0.0433421 -0.013146 0
      vertex -0.0433421 -0.013146 0.012
      vertex -0.0433184 -0.0132902 0
    endloop
  endfacet
  facet normal 0.986827 0.161779 0
    outer loop
      vertex -0.0433421 -0.013146 0.012
      vertex -0.0433184 -0.0132902 0.012
      vertex -0.0433184 -0.0132902 0
    endloop
  endfacet
  facet normal 0.963546 0.267542 0
    outer loop
      vertex -0.0433184 -0.0132902 0
      vertex -0.0433184 -0.0132902 0.012
      vertex -0.0432793 -0.0134311 0
    endloop
  endfacet
  facet normal 0.963546 0.267542 0
    outer loop
      vertex -0.0433184 -0.0132902 0.012
      vertex -0.0432793 -0.0134311 0.012
      vertex -0.0432793 -0.0134311 0
    endloop
  endfacet
  facet normal 0.928983 0.370123 0
    outer loop
      vertex -0.0432793 -0.0134311 0
      vertex -0.0432793 -0.0134311 0.012
      vertex -0.0432252 -0.0135669 0
    endloop
  endfacet
  facet normal 0.928983 0.370123 0
    outer loop
      vertex -0.0432793 -0.0134311 0.012
      vertex -0.0432252 -0.0135669 0.012
      vertex -0.0432252 -0.0135669 0
    endloop
  endfacet
  facet normal 0.883509 0.468415 0
    outer loop
      vertex -0.0432252 -0.0135669 0
      vertex -0.0432252 -0.0135669 0.012
      vertex -0.0431568 -0.013696 0
    endloop
  endfacet
  facet normal 0.883509 0.468415 0
    outer loop
      vertex -0.0432252 -0.0135669 0.012
      vertex -0.0431568 -0.013696 0.012
      vertex -0.0431568 -0.013696 0
    endloop
  endfacet
  facet normal 0.82769 0.561185 0
    outer loop
      vertex -0.0431568 -0.013696 0
      vertex -0.0431568 -0.013696 0.012
      vertex -0.0430747 -0.013817 0
    endloop
  endfacet
  facet normal 0.82769 0.561185 0
    outer loop
      vertex -0.0431568 -0.013696 0.012
      vertex -0.0430747 -0.013817 0.012
      vertex -0.0430747 -0.013817 0
    endloop
  endfacet
  facet normal 0.762157 0.647392 0
    outer loop
      vertex -0.0430747 -0.013817 0
      vertex -0.0430747 -0.013817 0.012
      vertex -0.0429801 -0.0139284 0
    endloop
  endfacet
  facet normal 0.762157 0.647392 0
    outer loop
      vertex -0.0430747 -0.013817 0.012
      vertex -0.0429801 -0.0139284 0.012
      vertex -0.0429801 -0.0139284 0
    endloop
  endfacet
  facet normal 0.687699 0.725996 0
    outer loop
      vertex -0.0429801 -0.0139284 0
      vertex -0.0429801 -0.0139284 0.012
      vertex -0.042874 -0.0140289 0
    endloop
  endfacet
  facet normal 0.687699 0.725996 0
    outer loop
      vertex -0.0429801 -0.0139284 0.012
      vertex -0.042874 -0.0140289 0.012
      vertex -0.042874 -0.0140289 0
    endloop
  endfacet
  facet normal 0.605182 0.796087 0
    outer loop
      vertex -0.042874 -0.0140289 0
      vertex -0.042874 -0.0140289 0.012
      vertex -0.0427576 -0.0141174 0
    endloop
  endfacet
  facet normal 0.605182 0.796087 0
    outer loop
      vertex -0.042874 -0.0140289 0.012
      vertex -0.0427576 -0.0141174 0.012
      vertex -0.0427576 -0.0141174 0
    endloop
  endfacet
  facet normal 0.51555 0.856859 0
    outer loop
      vertex -0.0427576 -0.0141174 0
      vertex -0.0427576 -0.0141174 0.012
      vertex -0.0426324 -0.0141927 0
    endloop
  endfacet
  facet normal 0.51555 0.856859 0
    outer loop
      vertex -0.0427576 -0.0141174 0.012
      vertex -0.0426324 -0.0141927 0.012
      vertex -0.0426324 -0.0141927 0
    endloop
  endfacet
  facet normal 0.419887 0.907577 0
    outer loop
      vertex -0.0426324 -0.0141927 0
      vertex -0.0426324 -0.0141927 0.012
      vertex -0.0424997 -0.0142541 0
    endloop
  endfacet
  facet normal 0.419887 0.907577 0
    outer loop
      vertex -0.0426324 -0.0141927 0.012
      vertex -0.0424997 -0.0142541 0.012
      vertex -0.0424997 -0.0142541 0
    endloop
  endfacet
  facet normal 0.3193 0.947654 0
    outer loop
      vertex -0.0424997 -0.0142541 0
      vertex -0.0424997 -0.0142541 0.012
      vertex -0.0423612 -0.0143008 0
    endloop
  endfacet
  facet normal 0.3193 0.947654 0
    outer loop
      vertex -0.0424997 -0.0142541 0.012
      vertex -0.0423612 -0.0143008 0.012
      vertex -0.0423612 -0.0143008 0
    endloop
  endfacet
  facet normal 0.214974 0.97662 0
    outer loop
      vertex -0.0423612 -0.0143008 0
      vertex -0.0423612 -0.0143008 0.012
      vertex -0.0422184 -0.0143322 0
    endloop
  endfacet
  facet normal 0.214974 0.97662 0
    outer loop
      vertex -0.0423612 -0.0143008 0.012
      vertex -0.0422184 -0.0143322 0.012
      vertex -0.0422184 -0.0143322 0
    endloop
  endfacet
  facet normal 0.108116 0.994138 0
    outer loop
      vertex -0.0422184 -0.0143322 0
      vertex -0.0422184 -0.0143322 0.012
      vertex -0.0420731 -0.014348 0
    endloop
  endfacet
  facet normal 0.108116 0.994138 0
    outer loop
      vertex -0.0422184 -0.0143322 0.012
      vertex -0.0420731 -0.014348 0.012
      vertex -0.0420731 -0.014348 0
    endloop
  endfacet
  facet normal 0 1 0
    outer loop
      vertex -0.0420731 -0.014348 0
      vertex -0.0420731 -0.014348 0.012
      vertex -0.0419269 -0.014348 0
    endloop
  endfacet
  facet normal 0 1 0
    outer loop
      vertex -0.0420731 -0.014348 0.012
      vertex -0.0419269 -0.014348 0.012
      vertex -0.0419269 -0.014348 0
    endloop
  endfacet
  facet normal -0.108113 0.994139 0
    outer loop
      vertex -0.0419269 -0.014348 0
      vertex -0.0419269 -0.014348 0.012
      vertex -0.0417816 -0.0143322 0
    endloop
  endfacet
  facet normal -0.108113 0.994139 0
    outer loop
      vertex -0.0419269 -0.014348 0.012
      vertex -0.0417816 -0.0143322 0.012
      vertex -0.0417816 -0.0143322 0
    endloop
  endfacet
  facet normal -0.214974 0.97662 0
    outer loop
      vertex -0.0417816 -0.0143322 0
      vertex -0.0417816 -0.0143322 0.012
      vertex -0.0416388 -0.0143008 0
    endloop
  endfacet
  facet normal -0.214974 0.97662 0
    outer loop
      vertex -0.0417816 -0.0143322 0.012
      vertex -0.0416388 -0.0143008 0.012
      vertex -0.0416388 -0.0143008 0
    endloop
  endfacet
  facet normal -0.319307 0.947651 0
    outer loop
      vertex -0.0416388 -0.0143008 0
      vertex -0.0416388 -0.0143008 0.012
      vertex -0.0415003 -0.0142541 0
    endloop
  endfacet
  facet normal -0.319307 0.947651 0
    outer loop
      vertex -0.0416388 -0.0143008 0.012
      vertex -0.0415003 -0.0142541 0.012
      vertex -0.0415003 -0.0142541 0
    endloop
  endfacet
  facet normal -0.419887 0.907577 0
    outer loop
      vertex -0.0415003 -0.0142541 0
      vertex -0.0415003 -0.0142541 0.012
      vertex -0.0413677 -0.0141927 0
    endloop
  endfacet
  facet normal -0.419887 0.907577 0
    outer loop
      vertex -0.0415003 -0.0142541 0.012
      vertex -0.0413677 -0.0141927 0.012
      vertex -0.0413677 -0.0141927 0
    endloop
  endfacet
  facet normal -0.51555 0.856859 0
    outer loop
      vertex -0.0413677 -0.0141927 0
      vertex -0.0413677 -0.0141927 0.012
      vertex -0.0412424 -0.0141174 0
    endloop
  endfacet
  facet normal -0.51555 0.856859 0
    outer loop
      vertex -0.0413677 -0.0141927 0.012
      vertex -0.0412424 -0.0141174 0.012
      vertex -0.0412424 -0.0141174 0
    endloop
  endfacet
  facet normal -0.60517 0.796096 0
    outer loop
      vertex -0.0412424 -0.0141174 0
      vertex -0.0412424 -0.0141174 0.012
      vertex -0.041126 -0.0140289 0
    endloop
  endfacet
  facet normal -0.60517 0.796096 0
    outer loop
      vertex -0.0412424 -0.0141174 0.012
      vertex -0.041126 -0.0140289 0.012
      vertex -0.041126 -0.0140289 0
    endloop
  endfacet
  facet normal -0.687699 0.725996 0
    outer loop
      vertex -0.041126 -0.0140289 0
      vertex -0.041126 -0.0140289 0.012
      vertex -0.0410199 -0.0139284 0
    endloop
  endfacet
  facet normal -0.687699 0.725996 0
    outer loop
      vertex -0.041126 -0.0140289 0.012
      vertex -0.0410199 -0.0139284 0.012
      vertex -0.0410199 -0.0139284 0
    endloop
  endfacet
  facet normal -0.76217 0.647377 0
    outer loop
      vertex -0.0410199 -0.0139284 0
      vertex -0.0410199 -0.0139284 0.012
      vertex -0.0409253 -0.013817 0
    endloop
  endfacet
  facet normal -0.76217 0.647377 0
    outer loop
      vertex -0.0410199 -0.0139284 0.012
      vertex -0.0409253 -0.013817 0.012
      vertex -0.0409253 -0.013817 0
    endloop
  endfacet
  facet normal -0.82769 0.561185 0
    outer loop
      vertex -0.0409253 -0.013817 0
      vertex -0.0409253 -0.013817 0.012
      vertex -0.0408432 -0.013696 0
    endloop
  endfacet
  facet normal -0.82769 0.561185 0
    outer loop
      vertex -0.0409253 -0.013817 0.012
      vertex -0.0408432 -0.013696 0.012
      vertex -0.0408432 -0.013696 0
    endloop
  endfacet
  facet normal -0.883509 0.468415 0
    outer loop
      vertex -0.0408432 -0.013696 0
      vertex -0.0408432 -0.013696 0.012
      vertex -0.0407748 -0.0135669 0
    endloop
  endfacet
  facet normal -0.883509 0.468415 0
    outer loop
      vertex -0.0408432 -0.013696 0.012
      vertex -0.0407748 -0.0135669 0.012
      vertex -0.0407748 -0.0135669 0
    endloop
  endfacet
  facet normal -0.928974 0.370145 0
    outer loop
      vertex -0.0407748 -0.0135669 0
      vertex -0.0407748 -0.0135669 0.012
      vertex -0.0407207 -0.0134311 0
    endloop
  endfacet
  facet normal -0.928974 0.370145 0
    outer loop
      vertex -0.0407748 -0.0135669 0.012
      vertex -0.0407207 -0.0134311 0.012
      vertex -0.0407207 -0.0134311 0
    endloop
  endfacet
  facet normal -0.963553 0.267519 0
    outer loop
      vertex -0.0407207 -0.0134311 0
      vertex -0.0407207 -0.0134311 0.012
      vertex -0.0406816 -0.0132902 0
    endloop
  endfacet
  facet normal -0.963553 0.267519 0
    outer loop
      vertex -0.0407207 -0.0134311 0.012
      vertex -0.0406816 -0.0132902 0.012
      vertex -0.0406816 -0.0132902 0
    endloop
  endfacet
  facet normal -0.986827 0.161779 0
    outer loop
      vertex -0.0406816 -0.0132902 0
      vertex -0.0406816 -0.0132902 0.012
      vertex -0.0406579 -0.013146 0
    endloop
  endfacet
  facet normal -0.986827 0.161779 0
    outer loop
      vertex -0.0406816 -0.0132902 0.012
      vertex -0.0406579 -0.013146 0.012
      vertex -0.0406579 -0.013146 0
    endloop
  endfacet
  facet normal -0.998532 0.0541559 0
    outer loop
      vertex -0.0406579 -0.013146 0
      vertex -0.0406579 -0.013146 0.012
      vertex -0.04065 -0.013 0
    endloop
  endfacet
  facet normal -0.998532 0.0541559 0
    outer loop
      vertex -0.0406579 -0.013146 0.012
      vertex -0.04065 -0.013 0.012
      vertex -0.04065 -0.013 0
    endloop
  endfacet
  facet normal -0.998533 0.0541383 0
    outer loop
      vertex -0.013 -0.01 0.012
      vertex -0.013 -0.01 0.005
      vertex -0.0130234 -0.0104325 0.012
    endloop
  endfacet
  facet normal -0.998533 0.0541383 0
    outer loop
      vertex -0.013 -0.01 0.005
      vertex -0.0130234 -0.0104325 0.005
      vertex -0.0130234 -0.0104325 0.012
    endloop
  endfacet
  facet normal -0.986826 0.161783 0
    outer loop
      vertex -0.0130234 -0.0104325 0.012
      vertex -0.0130234 -0.0104325 0.005
      vertex -0.0130935 -0.0108599 0.012
    endloop
  endfacet
  facet normal -0.986826 0.161783 0
    outer loop
      vertex -0.0130234 -0.0104325 0.005
      vertex -0.0130935 -0.0108599 0.005
      vertex -0.0130935 -0.0108599 0.012
    endloop
  endfacet
  facet normal -0.96355 0.267528 0
    outer loop
      vertex -0.0130935 -0.0108599 0.012
      vertex -0.0130935 -0.0108599 0.005
      vertex -0.0132094 -0.0112772 0.012
    endloop
  endfacet
  facet normal -0.96355 0.267528 0
    outer loop
      vertex -0.0130935 -0.0108599 0.005
      vertex -0.0132094 -0.0112772 0.005
      vertex -0.0132094 -0.0112772 0.012
    endloop
  endfacet
  facet normal -0.928976 0.370139 0
    outer loop
      vertex -0.0132094 -0.0112772 0.012
      vertex -0.0132094 -0.0112772 0.005
      vertex -0.0133697 -0.0116796 0.012
    endloop
  endfacet
  facet normal -0.928976 0.370139 0
    outer loop
      vertex -0.0132094 -0.0112772 0.005
      vertex -0.0133697 -0.0116796 0.005
      vertex -0.0133697 -0.0116796 0.012
    endloop
  endfacet
  facet normal -0.883512 0.468408 0
    outer loop
      vertex -0.0133697 -0.0116796 0.012
      vertex -0.0133697 -0.0116796 0.005
      vertex -0.0135726 -0.0120622 0.012
    endloop
  endfacet
  facet normal -0.883512 0.468408 0
    outer loop
      vertex -0.0133697 -0.0116796 0.005
      vertex -0.0135726 -0.0120622 0.005
      vertex -0.0135726 -0.0120622 0.012
    endloop
  endfacet
  facet normal -0.827689 0.561187 0
    outer loop
      vertex -0.0135726 -0.0120622 0.012
      vertex -0.0135726 -0.0120622 0.005
      vertex -0.0138156 -0.0124207 0.012
    endloop
  endfacet
  facet normal -0.827689 0.561187 0
    outer loop
      vertex -0.0135726 -0.0120622 0.005
      vertex -0.0138156 -0.0124207 0.005
      vertex -0.0138156 -0.0124207 0.012
    endloop
  endfacet
  facet normal -0.762163 0.647386 0
    outer loop
      vertex -0.0138156 -0.0124207 0.012
      vertex -0.0138156 -0.0124207 0.005
      vertex -0.014096 -0.0127508 0.012
    endloop
  endfacet
  facet normal -0.762163 0.647386 0
    outer loop
      vertex -0.0138156 -0.0124207 0.005
      vertex -0.014096 -0.0127508 0.005
      vertex -0.014096 -0.0127508 0.012
    endloop
  endfacet
  facet normal -0.6877 0.725995 0
    outer loop
      vertex -0.014096 -0.0127508 0.012
      vertex -0.014096 -0.0127508 0.005
      vertex -0.0144105 -0.0130486 0.012
    endloop
  endfacet
  facet normal -0.6877 0.725995 0
    outer loop
      vertex -0.014096 -0.0127508 0.005
      vertex -0.0144105 -0.0130486 0.005
      vertex -0.0144105 -0.0130486 0.012
    endloop
  endfacet
  facet normal -0.605174 0.796093 0
    outer loop
      vertex -0.0144105 -0.0130486 0.012
      vertex -0.0144105 -0.0130486 0.005
      vertex -0.0147553 -0.0133108 0.012
    endloop
  endfacet
  facet normal -0.605174 0.796093 0
    outer loop
      vertex -0.0144105 -0.0130486 0.005
      vertex -0.0147553 -0.0133108 0.005
      vertex -0.0147553 -0.0133108 0.012
    endloop
  endfacet
  facet normal -0.515554 0.856857 0
    outer loop
      vertex -0.0147553 -0.0133108 0.012
      vertex -0.0147553 -0.0133108 0.005
      vertex -0.0151264 -0.013534 0.012
    endloop
  endfacet
  facet normal -0.515554 0.856857 0
    outer loop
      vertex -0.0147553 -0.0133108 0.005
      vertex -0.0151264 -0.013534 0.005
      vertex -0.0151264 -0.013534 0.012
    endloop
  endfacet
  facet normal -0.419888 0.907576 0
    outer loop
      vertex -0.0151264 -0.013534 0.012
      vertex -0.0151264 -0.013534 0.005
      vertex -0.0155194 -0.0137159 0.012
    endloop
  endfacet
  facet normal -0.419888 0.907576 0
    outer loop
      vertex -0.0151264 -0.013534 0.005
      vertex -0.0155194 -0.0137159 0.005
      vertex -0.0155194 -0.0137159 0.012
    endloop
  endfacet
  facet normal -0.319301 0.947653 0
    outer loop
      vertex -0.0155194 -0.0137159 0.012
      vertex -0.0155194 -0.0137159 0.005
      vertex -0.0159299 -0.0138542 0.012
    endloop
  endfacet
  facet normal -0.319301 0.947653 0
    outer loop
      vertex -0.0155194 -0.0137159 0.005
      vertex -0.0159299 -0.0138542 0.005
      vertex -0.0159299 -0.0138542 0.012
    endloop
  endfacet
  facet normal -0.214971 0.97662 0
    outer loop
      vertex -0.0159299 -0.0138542 0.012
      vertex -0.0159299 -0.0138542 0.005
      vertex -0.0163529 -0.0139473 0.012
    endloop
  endfacet
  facet normal -0.214971 0.97662 0
    outer loop
      vertex -0.0159299 -0.0138542 0.005
      vertex -0.0163529 -0.0139473 0.005
      vertex -0.0163529 -0.0139473 0.012
    endloop
  endfacet
  facet normal -0.10812 0.994138 0
    outer loop
      vertex -0.0163529 -0.0139473 0.012
      vertex -0.0163529 -0.0139473 0.005
      vertex -0.0167834 -0.0139941 0.012
    endloop
  endfacet
  facet normal -0.10812 0.994138 0
    outer loop
      vertex -0.0163529 -0.0139473 0.005
      vertex -0.0167834 -0.0139941 0.005
      vertex -0.0167834 -0.0139941 0.012
    endloop
  endfacet
  facet normal 0 1 0
    outer loop
      vertex -0.0167834 -0.0139941 0.012
      vertex -0.0167834 -0.0139941 0.005
      vertex -0.0172166 -0.0139941 0.012
    endloop
  endfacet
  facet normal 0 1 0
    outer loop
      vertex -0.0167834 -0.0139941 0.005
      vertex -0.0172166 -0.0139941 0.005
      vertex -0.0172166 -0.0139941 0.012
    endloop
  endfacet
  facet normal 0.10812 0.994138 0
    outer loop
      vertex -0.0172166 -0.0139941 0.012
      vertex -0.0172166 -0.0139941 0.005
      vertex -0.0176471 -0.0139473 0.012
    endloop
  endfacet
  facet normal 0.10812 0.994138 0
    outer loop
      vertex -0.0172166 -0.0139941 0.005
      vertex -0.0176471 -0.0139473 0.005
      vertex -0.0176471 -0.0139473 0.012
    endloop
  endfacet
  facet normal 0.214971 0.97662 0
    outer loop
      vertex -0.0176471 -0.0139473 0.012
      vertex -0.0176471 -0.0139473 0.005
      vertex -0.0180701 -0.0138542 0.012
    endloop
  endfacet
  facet normal 0.214971 0.97662 0
    outer loop
      vertex -0.0176471 -0.0139473 0.005
      vertex -0.0180701 -0.0138542 0.005
      vertex -0.0180701 -0.0138542 0.012
    endloop
  endfacet
  facet normal 0.319301 0.947653 0
    outer loop
      vertex -0.0180701 -0.0138542 0.012
      vertex -0.0180701 -0.0138542 0.005
      vertex -0.0184806 -0.0137159 0.012
    endloop
  endfacet
  facet normal 0.319301 0.947653 0
    outer loop
      vertex -0.0180701 -0.0138542 0.005
      vertex -0.0184806 -0.0137159 0.005
      vertex -0.0184806 -0.0137159 0.012
    endloop
  endfacet
  facet normal 0.419888 0.907576 0
    outer loop
      vertex -0.0184806 -0.0137159 0.012
      vertex -0.0184806 -0.0137159 0.005
      vertex -0.0188736 -0.013534 0.012
    endloop
  endfacet
  facet normal 0.419888 0.907576 0
    outer loop
      vertex -0.0184806 -0.0137159 0.005
      vertex -0.0188736 -0.013534 0.005
      vertex -0.0188736 -0.013534 0.012
    endloop
  endfacet
  facet normal 0.515553 0.856858 0
    outer loop
      vertex -0.0188736 -0.013534 0.012
      vertex -0.0188736 -0.013534 0.005
      vertex -0.0192447 -0.0133108 0.012
    endloop
  endfacet
  facet normal 0.515553 0.856858 0
    outer loop
      vertex -0.0188736 -0.013534 0.005
      vertex -0.0192447 -0.0133108 0.005
      vertex -0.0192447 -0.0133108 0.012
    endloop
  endfacet
  facet normal 0.605175 0.796092 0
    outer loop
      vertex -0.0192447 -0.0133108 0.012
      vertex -0.0192447 -0.0133108 0.005
      vertex -0.0195895 -0.0130486 0.012
    endloop
  endfacet
  facet normal 0.605175 0.796092 0
    outer loop
      vertex -0.0192447 -0.0133108 0.005
      vertex -0.0195895 -0.0130486 0.005
      vertex -0.0195895 -0.0130486 0.012
    endloop
  endfacet
  facet normal 0.6877 0.725995 0
    outer loop
      vertex -0.0195895 -0.0130486 0.012
      vertex -0.0195895 -0.0130486 0.005
      vertex -0.019904 -0.0127508 0.012
    endloop
  endfacet
  facet normal 0.6877 0.725995 0
    outer loop
      vertex -0.0195895 -0.0130486 0.005
      vertex -0.019904 -0.0127508 0.005
      vertex -0.019904 -0.0127508 0.012
    endloop
  endfacet
  facet normal 0.762161 0.647388 0
    outer loop
      vertex -0.019904 -0.0127508 0.012
      vertex -0.019904 -0.0127508 0.005
      vertex -0.0201844 -0.0124207 0.012
    endloop
  endfacet
  facet normal 0.762161 0.647388 0
    outer loop
      vertex -0.019904 -0.0127508 0.005
      vertex -0.0201844 -0.0124207 0.005
      vertex -0.0201844 -0.0124207 0.012
    endloop
  endfacet
  facet normal 0.827691 0.561184 0
    outer loop
      vertex -0.0201844 -0.0124207 0.012
      vertex -0.0201844 -0.0124207 0.005
      vertex -0.0204274 -0.0120622 0.012
    endloop
  endfacet
  facet normal 0.827691 0.561184 0
    outer loop
      vertex -0.0201844 -0.0124207 0.005
      vertex -0.0204274 -0.0120622 0.005
      vertex -0.0204274 -0.0120622 0.012
    endloop
  endfacet
  facet normal 0.883511 0.46841 0
    outer loop
      vertex -0.0204274 -0.0120622 0.012
      vertex -0.0204274 -0.0120622 0.005
      vertex -0.0206303 -0.0116796 0.012
    endloop
  endfacet
  facet normal 0.883511 0.46841 0
    outer loop
      vertex -0.0204274 -0.0120622 0.005
      vertex -0.0206303 -0.0116796 0.005
      vertex -0.0206303 -0.0116796 0.012
    endloop
  endfacet
  facet normal 0.928977 0.370137 0
    outer loop
      vertex -0.0206303 -0.0116796 0.012
      vertex -0.0206303 -0.0116796 0.005
      vertex -0.0207906 -0.0112772 0.012
    endloop
  endfacet
  facet normal 0.928977 0.370137 0
    outer loop
      vertex -0.0206303 -0.0116796 0.005
      vertex -0.0207906 -0.0112772 0.005
      vertex -0.0207906 -0.0112772 0.012
    endloop
  endfacet
  facet normal 0.96355 0.267528 0
    outer loop
      vertex -0.0207906 -0.0112772 0.012
      vertex -0.0207906 -0.0112772 0.005
      vertex -0.0209065 -0.0108599 0.012
    endloop
  endfacet
  facet normal 0.96355 0.267528 0
    outer loop
      vertex -0.0207906 -0.0112772 0.005
      vertex -0.0209065 -0.0108599 0.005
      vertex -0.0209065 -0.0108599 0.012
    endloop
  endfacet
  facet normal 0.986826 0.161785 0
    outer loop
      vertex -0.0209065 -0.0108599 0.012
      vertex -0.0209065 -0.0108599 0.005
      vertex -0.0209766 -0.0104325 0.012
    endloop
  endfacet
  facet normal 0.986826 0.161785 0
    outer loop
      vertex -0.0209065 -0.0108599 0.005
      vertex -0.0209766 -0.0104325 0.005
      vertex -0.0209766 -0.0104325 0.012
    endloop
  endfacet
  facet normal 0.998534 0.0541361 0
    outer loop
      vertex -0.0209766 -0.0104325 0.012
      vertex -0.0209766 -0.0104325 0.005
      vertex -0.021 -0.01 0.012
    endloop
  endfacet
  facet normal 0.998534 0.0541361 0
    outer loop
      vertex -0.0209766 -0.0104325 0.005
      vertex -0.021 -0.01 0.005
      vertex -0.021 -0.01 0.012
    endloop
  endfacet
  facet normal 0 0 1
    outer loop
      vertex -0.0148026 -0.00951632 0.005
      vertex -0.0130935 -0.00914012 0.005
      vertex -0.0148678 -0.00928157 0.005
    endloop
  endfacet
  facet normal 0 0 1
    outer loop
      vertex -0.0130935 -0.00914012 0.005
      vertex -0.0132094 -0.00872279 0.005
      vertex -0.0148678 -0.00928157 0.005
    endloop
  endfacet
  facet normal 0 0 1
    outer loop
      vertex -0.0148678 -0.00928157 0.005
      vertex -0.0132094 -0.00872279 0.005
      vertex -0.014958 -0.00905525 0.005
    endloop
  endfacet
  facet normal 0 0 1
    outer loop
      vertex -0.0132094 -0.00872279 0.005
      vertex -0.0133697 -0.00832044 0.005
      vertex -0.014958 -0.00905525 0.005
    endloop
  endfacet
  facet normal 0 0 1
    outer loop
      vertex -0.014958 -0.00905525 0.005
      vertex -0.0133697 -0.00832044 0.005
      vertex -0.0150721 -0.00884 0.005
    endloop
  endfacet
  facet normal 0 0 1
    outer loop
      vertex -0.0133697 -0.00832044 0.005
      vertex -0.0135726 -0.00793778 0.005
      vertex -0.0150721 -0.00884 0.005
    endloop
  endfacet
  facet normal 0 0 1
    outer loop
      vertex -0.0150721 -0.00884 0.005
      vertex -0.0135726 -0.00793778 0.005
      vertex -0.0152088 -0.00863836 0.005
    endloop
  endfacet
  facet normal 0 0 1
    outer loop
      vertex -0.0135726 -0.00793778 0.005
      vertex -0.0138156 -0.0075793 0.005
      vertex -0.0152088 -0.00863836 0.005
    endloop
  endfacet
  facet normal 0 0 1
    outer loop
      vertex -0.0152088 -0.00863836 0.005
      vertex -0.0138156 -0.0075793 0.005
      vertex -0.0153665 -0.00845268 0.005
    endloop
  endfacet
  facet normal 0 0 1
    outer loop
      vertex -0.0138156 -0.0075793 0.005
      vertex -0.014096 -0.0072492 0.005
      vertex -0.0153665 -0.00845268 0.005
    endloop
  endfacet
  facet normal 0 0 1
    outer loop
      vertex -0.0153665 -0.00845268 0.005
      vertex -0.014096 -0.0072492 0.005
      vertex -0.0155434 -0.00828514 0.005
    endloop
  endfacet
  facet normal 0 0 1
    outer loop
      vertex -0.014096 -0.0072492 0.005
      vertex -0.0144105 -0.00695135 0.005
      vertex -0.0155434 -0.00828514 0.005
    endloop
  endfacet
  facet normal 0 0 1
    outer loop
      vertex -0.0155434 -0.00828514 0.005
      vertex -0.0144105 -0.00695135 0.005
      vertex -0.0157373 -0.0081377 0.005
    endloop
  endfacet
  facet normal 0 0 1
    outer loop
      vertex -0.0144105 -0.00695135 0.005
      vertex -0.0147553 -0.00668924 0.005
      vertex -0.0157373 -0.0081377 0.005
    endloop
  endfacet
  facet normal 0 0 1
    outer loop
      vertex -0.0157373 -0.0081377 0.005
      vertex -0.0147553 -0.00668924 0.005
      vertex -0.0159461 -0.0080121 0.005
    endloop
  endfacet
  facet normal 0 0 1
    outer loop
      vertex -0.0147553 -0.00668924 0.005
      vertex -0.0151264 -0.00646595 0.005
      vertex -0.0159461 -0.0080121 0.005
    endloop
  endfacet
  facet normal 0 0 1
    outer loop
      vertex -0.0159461 -0.0080121 0.005
      vertex -0.0151264 -0.00646595 0.005
      vertex -0.0161672 -0.0079098 0.005
    endloop
  endfacet
  facet normal 0 0 1
    outer loop
      vertex -0.0151264 -0.00646595 0.005
      vertex -0.0155194 -0.00628409 0.005
      vertex -0.0161672 -0.0079098 0.005
    endloop
  endfacet
  facet normal 0 0 1
    outer loop
      vertex -0.0161672 -0.0079098 0.005
      vertex -0.0155194 -0.00628409 0.005
      vertex -0.0163981 -0.00783201 0.005
    endloop
  endfacet
  facet normal 0 0 1
    outer loop
      vertex -0.0155194 -0.00628409 0.005
      vertex -0.0159299 -0.0061458 0.005
      vertex -0.0163981 -0.00783201 0.005
    endloop
  endfacet
  facet normal 0 0 1
    outer loop
      vertex -0.0163981 -0.00783201 0.005
      vertex -0.0159299 -0.0061458 0.005
      vertex -0.016636 -0.00777964 0.005
    endloop
  endfacet
  facet normal 0 0 1
    outer loop
      vertex -0.0159299 -0.0061458 0.005
      vertex -0.0163529 -0.00605269 0.005
      vertex -0.016636 -0.00777964 0.005
    endloop
  endfacet
  facet normal 0 0 1
    outer loop
      vertex -0.016636 -0.00777964 0.005
      vertex -0.0163529 -0.00605269 0.005
      vertex -0.0168782 -0.0077533 0.005
    endloop
  endfacet
  facet normal 0 0 1
    outer loop
      vertex -0.0163529 -0.00605269 0.005
      vertex -0.0167834 -0.00600587 0.005
      vertex -0.0168782 -0.0077533 0.005
    endloop
  endfacet
  facet normal 0 0 1
    outer loop
      vertex -0.0168782 -0.0077533 0.005
      vertex -0.0167834 -0.00600587 0.005
      vertex -0.0171218 -0.0077533 0.005
    endloop
  endfacet
  facet normal 0 0 1
    outer loop
      vertex -0.0167834 -0.00600587 0.005
      vertex -0.0172166 -0.00600587 0.005
      vertex -0.0171218 -0.0077533 0.005
    endloop
  endfacet
  facet normal 0 0 1
    outer loop
      vertex -0.0171218 -0.0077533 0.005
      vertex -0.0172166 -0.00600587 0.005
      vertex -0.017364 -0.00777964 0.005
    endloop
  endfacet
  facet normal 0 0 1
    outer loop
      vertex -0.0172166 -0.00600587 0.005
      vertex -0.0176471 -0.00605269 0.005
      vertex -0.017364 -0.00777964 0.005
    endloop
  endfacet
  facet normal 0 0 1
    outer loop
      vertex -0.017364 -0.00777964 0.005
      vertex -0.0176471 -0.00605269 0.005
      vertex -0.0176019 -0.00783201 0.005
    endloop
  endfacet
  facet normal 0 0 1
    outer loop
      vertex -0.0176471 -0.00605269 0.005
      vertex -0.0180701 -0.0061458 0.005
      vertex -0.0176019 -0.00783201 0.005
    endloop
  endfacet
  facet normal 0 0 1
    outer loop
      vertex -0.0176019 -0.00783201 0.005
      vertex -0.0180701 -0.0061458 0.005
      vertex -0.0178328 -0.0079098 0.005
    endloop
  endfacet
  facet normal 0 0 1
    outer loop
      vertex -0.0180701 -0.0061458 0.005
      vertex -0.0184806 -0.00628409 0.005
      vertex -0.0178328 -0.0079098 0.005
    endloop
  endfacet
  facet normal 0 0 1
    outer loop
      vertex -0.0178328 -0.0079098 0.005
      vertex -0.0184806 -0.00628409 0.005
      vertex -0.0180539 -0.0080121 0.005
    endloop
  endfacet
  facet normal 0 0 1
    outer loop
      vertex -0.0184806 -0.00628409 0.005
      vertex -0.0188736 -0.00646595 0.005
      vertex -0.0180539 -0.0080121 0.005
    endloop
  endfacet
  facet normal 0 0 1
    outer loop
      vertex -0.0180539 -0.0080121 0.005
      vertex -0.0188736 -0.00646595 0.005
      vertex -0.0182627 -0.0081377 0.005
    endloop
  endfacet
  facet normal 0 0 1
    outer loop
      vertex -0.0188736 -0.00646595 0.005
      vertex -0.0192447 -0.00668924 0.005
      vertex -0.0182627 -0.0081377 0.005
    endloop
  endfacet
  facet normal 0 0 1
    outer loop
      vertex -0.0182627 -0.0081377 0.005
      vertex -0.0192447 -0.00668924 0.005
      vertex -0.0184566 -0.00828514 0.005
    endloop
  endfacet
  facet normal 0 0 1
    outer loop
      vertex -0.0192447 -0.00668924 0.005
      vertex -0.0195895 -0.00695135 0.005
      vertex -0.0184566 -0.00828514 0.005
    endloop
  endfacet
  facet normal 0 0 1
    outer loop
      vertex -0.0184566 -0.00828514 0.005
      vertex -0.0195895 -0.00695135 0.005
      vertex -0.0186335 -0.00845268 0.005
    endloop
  endfacet
  facet normal 0 0 1
    outer loop
      vertex -0.0195895 -0.00695135 0.005
      vertex -0.019904 -0.0072492 0.005
      vertex -0.0186335 -0.00845268 0.005
    endloop
  endfacet
  facet normal 0 0 1
    outer loop
      vertex -0.0186335 -0.00845268 0.005
      vertex -0.019904 -0.0072492 0.005
      vertex -0.0187912 -0.00863836 0.005
    endloop
  endfacet
  facet normal 0 0 1
    outer loop
      vertex -0.019904 -0.0072492 0.005
      vertex -0.0201844 -0.0075793 0.005
      vertex -0.0187912 -0.00863836 0.005
    endloop
  endfacet
  facet normal 0 0 1
    outer loop
      vertex -0.0187912 -0.00863836 0.005
      vertex -0.0201844 -0.0075793 0.005
      vertex -0.0189279 -0.00884 0.005
    endloop
  endfacet
  facet normal 0 0 1
    outer loop
      vertex -0.0201844 -0.0075793 0.005
      vertex -0.0204274 -0.00793778 0.005
      vertex -0.0189279 -0.00884 0.005
    endloop
  endfacet
  facet normal 0 0 1
    outer loop
      vertex -0.0189279 -0.00884 0.005
      vertex -0.0204274 -0.00793778 0.005
      vertex -0.019042 -0.00905525 0.005
    endloop
  endfacet
  facet normal 0 0 1
    outer loop
      vertex -0.0204274 -0.00793778 0.005
      vertex -0.0206303 -0.00832044 0.005
      vertex -0.019042 -0.00905525 0.005
    endloop
  endfacet
  facet normal 0 0 1
    outer loop
      vertex -0.019042 -0.00905525 0.005
      vertex -0.0206303 -0.00832044 0.005
      vertex -0.0191322 -0.00928157 0.005
    endloop
  endfacet
  facet normal 0 0 1
    outer loop
      vertex -0.0206303 -0.00832044 0.005
      vertex -0.0207906 -0.00872279 0.005
      vertex -0.0191322 -0.00928157 0.005
    endloop
  endfacet
  facet normal 0 0 1
    outer loop
      vertex -0.0191322 -0.00928157 0.005
      vertex -0.0207906 -0.00872279 0.005
      vertex -0.0191974 -0.00951632 0.005
    endloop
  endfacet
  facet normal 0 0 1
    outer loop
      vertex -0.0207906 -0.00872279 0.005
      vertex -0.0209065 -0.00914012 0.005
      vertex -0.0191974 -0.00951632 0.005
    endloop
  endfacet
  facet normal 0 0 1
    outer loop
      vertex -0.0191974 -0.00951632 0.005
      vertex -0.0209065 -0.00914012 0.005
      vertex -0.0192368 -0.00975673 0.005
    endloop
  endfacet
  facet normal 0 0 1
    outer loop
      vertex -0.0209065 -0.00914012 0.005
      vertex -0.0209766 -0.00956752 0.005
      vertex -0.0192368 -0.00975673 0.005
    endloop
  endfacet
  facet normal 0 0 1
    outer loop
      vertex -0.0192368 -0.00975673 0.005
      vertex -0.0209766 -0.00956752 0.005
      vertex -0.01925 -0.01 0.005
    endloop
  endfacet
  facet normal 0 0 1
    outer loop
      vertex -0.0209766 -0.00956752 0.005
      vertex -0.021 -0.01 0.005
      vertex -0.01925 -0.01 0.005
    endloop
  endfacet
  facet normal 0 0 1
    outer loop
      vertex -0.01925 -0.01 0.005
      vertex -0.021 -0.01 0.005
      vertex -0.0192368 -0.0102433 0.005
    endloop
  endfacet
  facet normal 0 0 1
    outer loop
      vertex -0.021 -0.01 0.005
      vertex -0.0209766 -0.0104325 0.005
      vertex -0.0192368 -0.0102433 0.005
    endloop
  endfacet
  facet normal 0 0 1
    outer loop
      vertex -0.0192368 -0.0102433 0.005
      vertex -0.0209766 -0.0104325 0.005
      vertex -0.0191974 -0.0104837 0.005
    endloop
  endfacet
  facet normal 0 0 1
    outer loop
      vertex -0.0209766 -0.0104325 0.005
      vertex -0.0209065 -0.0108599 0.005
      vertex -0.0191974 -0.0104837 0.005
    endloop
  endfacet
  facet normal 0 0 1
    outer loop
      vertex -0.0191974 -0.0104837 0.005
      vertex -0.0209065 -0.0108599 0.005
      vertex -0.0191322 -0.0107184 0.005
    endloop
  endfacet
  facet normal 0 0 1
    outer loop
      vertex -0.0209065 -0.0108599 0.005
      vertex -0.0207906 -0.0112772 0.005
      vertex -0.0191322 -0.0107184 0.005
    endloop
  endfacet
  facet normal 0 0 1
    outer loop
      vertex -0.0191322 -0.0107184 0.005
      vertex -0.0207906 -0.0112772 0.005
      vertex -0.019042 -0.0109448 0.005
    endloop
  endfacet
  facet normal 0 0 1
    outer loop
      vertex -0.0207906 -0.0112772 0.005
      vertex -0.0206303 -0.0116796 0.005
      vertex -0.019042 -0.0109448 0.005
    endloop
  endfacet
  facet normal 0 0 1
    outer loop
      vertex -0.019042 -0.0109448 0.005
      vertex -0.0206303 -0.0116796 0.005
      vertex -0.0189279 -0.01116 0.005
    endloop
  endfacet
  facet normal 0 0 1
    outer loop
      vertex -0.0206303 -0.0116796 0.005
      vertex -0.0204274 -0.0120622 0.005
      vertex -0.0189279 -0.01116 0.005
    endloop
  endfacet
  facet normal 0 0 1
    outer loop
      vertex -0.0189279 -0.01116 0.005
      vertex -0.0204274 -0.0120622 0.005
      vertex -0.0187912 -0.0113616 0.005
    endloop
  endfacet
  facet normal 0 0 1
    outer loop
      vertex -0.0204274 -0.0120622 0.005
      vertex -0.0201844 -0.0124207 0.005
      vertex -0.0187912 -0.0113616 0.005
    endloop
  endfacet
  facet normal 0 0 1
    outer loop
      vertex -0.0187912 -0.0113616 0.005
      vertex -0.0201844 -0.0124207 0.005
      vertex -0.0186335 -0.0115473 0.005
    endloop
  endfacet
  facet normal 0 0 1
    outer loop
      vertex -0.0201844 -0.0124207 0.005
      vertex -0.019904 -0.0127508 0.005
      vertex -0.0186335 -0.0115473 0.005
    endloop
  endfacet
  facet normal 0 0 1
    outer loop
      vertex -0.0186335 -0.0115473 0.005
      vertex -0.019904 -0.0127508 0.005
      vertex -0.0184566 -0.0117149 0.005
    endloop
  endfacet
  facet normal 0 0 1
    outer loop
      vertex -0.019904 -0.0127508 0.005
      vertex -0.0195895 -0.0130486 0.005
      vertex -0.0184566 -0.0117149 0.005
    endloop
  endfacet
  facet normal 0 0 1
    outer loop
      vertex -0.0184566 -0.0117149 0.005
      vertex -0.0195895 -0.0130486 0.005
      vertex -0.0182627 -0.0118623 0.005
    endloop
  endfacet
  facet normal 0 0 1
    outer loop
      vertex -0.0195895 -0.0130486 0.005
      vertex -0.0192447 -0.0133108 0.005
      vertex -0.0182627 -0.0118623 0.005
    endloop
  endfacet
  facet normal 0 0 1
    outer loop
      vertex -0.0182627 -0.0118623 0.005
      vertex -0.0192447 -0.0133108 0.005
      vertex -0.0180539 -0.0119879 0.005
    endloop
  endfacet
  facet normal 0 0 1
    outer loop
      vertex -0.0192447 -0.0133108 0.005
      vertex -0.0188736 -0.013534 0.005
      vertex -0.0180539 -0.0119879 0.005
    endloop
  endfacet
  facet normal 0 0 1
    outer loop
      vertex -0.0180539 -0.0119879 0.005
      vertex -0.0188736 -0.013534 0.005
      vertex -0.0178328 -0.0120902 0.005
    endloop
  endfacet
  facet normal 0 0 1
    outer loop
      vertex -0.0188736 -0.013534 0.005
      vertex -0.0184806 -0.0137159 0.005
      vertex -0.0178328 -0.0120902 0.005
    endloop
  endfacet
  facet normal 0 0 1
    outer loop
      vertex -0.0178328 -0.0120902 0.005
      vertex -0.0184806 -0.0137159 0.005
      vertex -0.0176019 -0.012168 0.005
    endloop
  endfacet
  facet normal 0 0 1
    outer loop
      vertex -0.0184806 -0.0137159 0.005
      vertex -0.0180701 -0.0138542 0.005
      vertex -0.0176019 -0.012168 0.005
    endloop
  endfacet
  facet normal 0 0 1
    outer loop
      vertex -0.0176019 -0.012168 0.005
      vertex -0.0180701 -0.0138542 0.005
      vertex -0.017364 -0.0122204 0.005
    endloop
  endfacet
  facet normal 0 0 1
    outer loop
      vertex -0.0180701 -0.0138542 0.005
      vertex -0.0176471 -0.0139473 0.005
      vertex -0.017364 -0.0122204 0.005
    endloop
  endfacet
  facet normal 0 0 1
    outer loop
      vertex -0.017364 -0.0122204 0.005
      vertex -0.0176471 -0.0139473 0.005
      vertex -0.0171218 -0.0122467 0.005
    endloop
  endfacet
  facet normal 0 0 1
    outer loop
      vertex -0.0176471 -0.0139473 0.005
      vertex -0.0172166 -0.0139941 0.005
      vertex -0.0171218 -0.0122467 0.005
    endloop
  endfacet
  facet normal 0 0 1
    outer loop
      vertex -0.0171218 -0.0122467 0.005
      vertex -0.0172166 -0.0139941 0.005
      vertex -0.0168782 -0.0122467 0.005
    endloop
  endfacet
  facet normal 0 0 1
    outer loop
      vertex -0.0172166 -0.0139941 0.005
      vertex -0.0167834 -0.0139941 0.005
      vertex -0.0168782 -0.0122467 0.005
    endloop
  endfacet
  facet normal 0 0 1
    outer loop
      vertex -0.0168782 -0.0122467 0.005
      vertex -0.0167834 -0.0139941 0.005
      vertex -0.016636 -0.0122204 0.005
    endloop
  endfacet
  facet normal 0 0 1
    outer loop
      vertex -0.0167834 -0.0139941 0.005
      vertex -0.0163529 -0.0139473 0.005
      vertex -0.016636 -0.0122204 0.005
    endloop
  endfacet
  facet normal 0 0 1
    outer loop
      vertex -0.016636 -0.0122204 0.005
      vertex -0.0163529 -0.0139473 0.005
      vertex -0.0163981 -0.012168 0.005
    endloop
  endfacet
  facet normal 0 0 1
    outer loop
      vertex -0.0163529 -0.0139473 0.005
      vertex -0.0159299 -0.0138542 0.005
      vertex -0.0163981 -0.012168 0.005
    endloop
  endfacet
  facet normal 0 0 1
    outer loop
      vertex -0.0163981 -0.012168 0.005
      vertex -0.0159299 -0.0138542 0.005
      vertex -0.0161672 -0.0120902 0.005
    endloop
  endfacet
  facet normal 0 0 1
    outer loop
      vertex -0.0159299 -0.0138542 0.005
      vertex -0.0155194 -0.0137159 0.005
      vertex -0.0161672 -0.0120902 0.005
    endloop
  endfacet
  facet normal 0 0 1
    outer loop
      vertex -0.0161672 -0.0120902 0.005
      vertex -0.0155194 -0.0137159 0.005
      vertex -0.0159461 -0.0119879 0.005
    endloop
  endfacet
  facet normal 0 0 1
    outer loop
      vertex -0.0155194 -0.0137159 0.005
      vertex -0.0151264 -0.013534 0.005
      vertex -0.0159461 -0.0119879 0.005
    endloop
  endfacet
  facet normal 0 0 1
    outer loop
      vertex -0.0159461 -0.0119879 0.005
      vertex -0.0151264 -0.013534 0.005
      vertex -0.0157373 -0.0118623 0.005
    endloop
  endfacet
  facet normal 0 0 1
    outer loop
      vertex -0.0151264 -0.013534 0.005
      vertex -0.0147553 -0.0133108 0.005
      vertex -0.0157373 -0.0118623 0.005
    endloop
  endfacet
  facet normal 0 0 1
    outer loop
      vertex -0.0157373 -0.0118623 0.005
      vertex -0.0147553 -0.0133108 0.005
      vertex -0.0155434 -0.0117149 0.005
    endloop
  endfacet
  facet normal 0 0 1
    outer loop
      vertex -0.0147553 -0.0133108 0.005
      vertex -0.0144105 -0.0130486 0.005
      vertex -0.0155434 -0.0117149 0.005
    endloop
  endfacet
  facet normal 0 0 1
    outer loop
      vertex -0.0155434 -0.0117149 0.005
      vertex -0.0144105 -0.0130486 0.005
      vertex -0.0153665 -0.0115473 0.005
    endloop
  endfacet
  facet normal 0 0 1
    outer loop
      vertex -0.0144105 -0.0130486 0.005
      vertex -0.014096 -0.0127508 0.005
      vertex -0.0153665 -0.0115473 0.005
    endloop
  endfacet
  facet normal 0 0 1
    outer loop
      vertex -0.0153665 -0.0115473 0.005
      vertex -0.014096 -0.0127508 0.005
      vertex -0.0152088 -0.0113616 0.005
    endloop
  endfacet
  facet normal 0 0 1
    outer loop
      vertex -0.014096 -0.0127508 0.005
      vertex -0.0138156 -0.0124207 0.005
      vertex -0.0152088 -0.0113616 0.005
    endloop
  endfacet
  facet normal 0 0 1
    outer loop
      vertex -0.0152088 -0.0113616 0.005
      vertex -0.0138156 -0.0124207 0.005
      vertex -0.0150721 -0.01116 0.005
    endloop
  endfacet
  facet normal 0 0 1
    outer loop
      vertex -0.0138156 -0.0124207 0.005
      vertex -0.0135726 -0.0120622 0.005
      vertex -0.0150721 -0.01116 0.005
    endloop
  endfacet
  facet normal 0 0 1
    outer loop
      vertex -0.0150721 -0.01116 0.005
      vertex -0.0135726 -0.0120622 0.005
      vertex -0.014958 -0.0109448 0.005
    endloop
  endfacet
  facet normal 0 0 1
    outer loop
      vertex -0.0135726 -0.0120622 0.005
      vertex -0.0133697 -0.0116796 0.005
      vertex -0.014958 -0.0109448 0.005
    endloop
  endfacet
  facet normal 0 0 1
    outer loop
      vertex -0.014958 -0.0109448 0.005
      vertex -0.0133697 -0.0116796 0.005
      vertex -0.0148678 -0.0107184 0.005
    endloop
  endfacet
  facet normal 0 0 1
    outer loop
      vertex -0.0133697 -0.0116796 0.005
      vertex -0.0132094 -0.0112772 0.005
      vertex -0.0148678 -0.0107184 0.005
    endloop
  endfacet
  facet normal 0 0 1
    outer loop
      vertex -0.0148678 -0.0107184 0.005
      vertex -0.0132094 -0.0112772 0.005
      vertex -0.0148026 -0.0104837 0.005
    endloop
  endfacet
  facet normal 0 0 1
    outer loop
      vertex -0.0132094 -0.0112772 0.005
      vertex -0.0130935 -0.0108599 0.005
      vertex -0.0148026 -0.0104837 0.005
    endloop
  endfacet
  facet normal 0 0 1
    outer loop
      vertex -0.0148026 -0.0104837 0.005
      vertex -0.0130935 -0.0108599 0.005
      vertex -0.0147632 -0.0102433 0.005
    endloop
  endfacet
  facet normal 0 0 1
    outer loop
      vertex -0.0130935 -0.0108599 0.005
      vertex -0.0130234 -0.0104325 0.005
      vertex -0.0147632 -0.0102433 0.005
    endloop
  endfacet
  facet normal 0 0 1
    outer loop
      vertex -0.0147632 -0.0102433 0.005
      vertex -0.0130234 -0.0104325 0.005
      vertex -0.01475 -0.01 0.005
    endloop
  endfacet
  facet normal 0 0 1
    outer loop
      vertex -0.0130234 -0.0104325 0.005
      vertex -0.013 -0.01 0.005
      vertex -0.01475 -0.01 0.005
    endloop
  endfacet
  facet normal 0 0 1
    outer loop
      vertex -0.01475 -0.01 0.005
      vertex -0.013 -0.01 0.005
      vertex -0.0147632 -0.00975673 0.005
    endloop
  endfacet
  facet normal 0 0 1
    outer loop
      vertex -0.013 -0.01 0.005
      vertex -0.0130234 -0.00956752 0.005
      vertex -0.0147632 -0.00975673 0.005
    endloop
  endfacet
  facet normal 0 0 1
    outer loop
      vertex -0.0147632 -0.00975673 0.005
      vertex -0.0130234 -0.00956752 0.005
      vertex -0.0148026 -0.00951632 0.005
    endloop
  endfacet
  facet normal 0 0 1
    outer loop
      vertex -0.0130234 -0.00956752 0.005
      vertex -0.0130935 -0.00914012 0.005
      vertex -0.0148026 -0.00951632 0.005
    endloop
  endfacet
  facet normal 0 0 1
    outer loop
      vertex -0.0184566 -0.0482851 0.005
      vertex -0.0195895 -0.0469514 0.005
      vertex -0.0186335 -0.0484527 0.005
    endloop
  endfacet
  facet normal 0 0 1
    outer loop
      vertex -0.0195895 -0.0469514 0.005
      vertex -0.019904 -0.0472492 0.005
      vertex -0.0186335 -0.0484527 0.005
    endloop
  endfacet
  facet normal 0 0 1
    outer loop
      vertex -0.0186335 -0.0484527 0.005
      vertex -0.019904 -0.0472492 0.005
      vertex -0.0187912 -0.0486384 0.005
    endloop
  endfacet
  facet normal 0 0 1
    outer loop
      vertex -0.019904 -0.0472492 0.005
      vertex -0.0201844 -0.0475793 0.005
      vertex -0.0187912 -0.0486384 0.005
    endloop
  endfacet
  facet normal 0 0 1
    outer loop
      vertex -0.0187912 -0.0486384 0.005
      vertex -0.0201844 -0.0475793 0.005
      vertex -0.0189279 -0.04884 0.005
    endloop
  endfacet
  facet normal 0 0 1
    outer loop
      vertex -0.0201844 -0.0475793 0.005
      vertex -0.0204274 -0.0479378 0.005
      vertex -0.0189279 -0.04884 0.005
    endloop
  endfacet
  facet normal 0 0 1
    outer loop
      vertex -0.0189279 -0.04884 0.005
      vertex -0.0204274 -0.0479378 0.005
      vertex -0.019042 -0.0490552 0.005
    endloop
  endfacet
  facet normal 0 0 1
    outer loop
      vertex -0.0204274 -0.0479378 0.005
      vertex -0.0206303 -0.0483204 0.005
      vertex -0.019042 -0.0490552 0.005
    endloop
  endfacet
  facet normal 0 0 1
    outer loop
      vertex -0.019042 -0.0490552 0.005
      vertex -0.0206303 -0.0483204 0.005
      vertex -0.0191322 -0.0492816 0.005
    endloop
  endfacet
  facet normal 0 0 1
    outer loop
      vertex -0.0206303 -0.0483204 0.005
      vertex -0.0207906 -0.0487228 0.005
      vertex -0.0191322 -0.0492816 0.005
    endloop
  endfacet
  facet normal 0 0 1
    outer loop
      vertex -0.0191322 -0.0492816 0.005
      vertex -0.0207906 -0.0487228 0.005
      vertex -0.0191974 -0.0495163 0.005
    endloop
  endfacet
  facet normal 0 0 1
    outer loop
      vertex -0.0207906 -0.0487228 0.005
      vertex -0.0209065 -0.0491401 0.005
      vertex -0.0191974 -0.0495163 0.005
    endloop
  endfacet
  facet normal 0 0 1
    outer loop
      vertex -0.0191974 -0.0495163 0.005
      vertex -0.0209065 -0.0491401 0.005
      vertex -0.0192368 -0.0497567 0.005
    endloop
  endfacet
  facet normal 0 0 1
    outer loop
      vertex -0.0209065 -0.0491401 0.005
      vertex -0.0209766 -0.0495675 0.005
      vertex -0.0192368 -0.0497567 0.005
    endloop
  endfacet
  facet normal 0 0 1
    outer loop
      vertex -0.0192368 -0.0497567 0.005
      vertex -0.0209766 -0.0495675 0.005
      vertex -0.01925 -0.05 0.005
    endloop
  endfacet
  facet normal 0 0 1
    outer loop
      vertex -0.0209766 -0.0495675 0.005
      vertex -0.021 -0.05 0.005
      vertex -0.01925 -0.05 0.005
    endloop
  endfacet
  facet normal 0 0 1
    outer loop
      vertex -0.01925 -0.05 0.005
      vertex -0.021 -0.05 0.005
      vertex -0.0192368 -0.0502433 0.005
    endloop
  endfacet
  facet normal 0 0 1
    outer loop
      vertex -0.021 -0.05 0.005
      vertex -0.0209766 -0.0504325 0.005
      vertex -0.0192368 -0.0502433 0.005
    endloop
  endfacet
  facet normal 0 0 1
    outer loop
      vertex -0.0192368 -0.0502433 0.005
      vertex -0.0209766 -0.0504325 0.005
      vertex -0.0191974 -0.0504837 0.005
    endloop
  endfacet
  facet normal 0 0 1
    outer loop
      vertex -0.0209766 -0.0504325 0.005
      vertex -0.0209065 -0.0508599 0.005
      vertex -0.0191974 -0.0504837 0.005
    endloop
  endfacet
  facet normal 0 0 1
    outer loop
      vertex -0.0191974 -0.0504837 0.005
      vertex -0.0209065 -0.0508599 0.005
      vertex -0.0191322 -0.0507184 0.005
    endloop
  endfacet
  facet normal 0 0 1
    outer loop
      vertex -0.0209065 -0.0508599 0.005
      vertex -0.0207906 -0.0512772 0.005
      vertex -0.0191322 -0.0507184 0.005
    endloop
  endfacet
  facet normal 0 0 1
    outer loop
      vertex -0.0191322 -0.0507184 0.005
      vertex -0.0207906 -0.0512772 0.005
      vertex -0.019042 -0.0509448 0.005
    endloop
  endfacet
  facet normal 0 0 1
    outer loop
      vertex -0.0207906 -0.0512772 0.005
      vertex -0.0206303 -0.0516796 0.005
      vertex -0.019042 -0.0509448 0.005
    endloop
  endfacet
  facet normal 0 0 1
    outer loop
      vertex -0.019042 -0.0509448 0.005
      vertex -0.0206303 -0.0516796 0.005
      vertex -0.0189279 -0.05116 0.005
    endloop
  endfacet
  facet normal 0 0 1
    outer loop
      vertex -0.0206303 -0.0516796 0.005
      vertex -0.0204274 -0.0520622 0.005
      vertex -0.0189279 -0.05116 0.005
    endloop
  endfacet
  facet normal 0 0 1
    outer loop
      vertex -0.0189279 -0.05116 0.005
      vertex -0.0204274 -0.0520622 0.005
      vertex -0.0187912 -0.0513616 0.005
    endloop
  endfacet
  facet normal 0 0 1
    outer loop
      vertex -0.0204274 -0.0520622 0.005
      vertex -0.0201844 -0.0524207 0.005
      vertex -0.0187912 -0.0513616 0.005
    endloop
  endfacet
  facet normal 0 0 1
    outer loop
      vertex -0.0187912 -0.0513616 0.005
      vertex -0.0201844 -0.0524207 0.005
      vertex -0.0186335 -0.0515473 0.005
    endloop
  endfacet
  facet normal 0 0 1
    outer loop
      vertex -0.0201844 -0.0524207 0.005
      vertex -0.019904 -0.0527508 0.005
      vertex -0.0186335 -0.0515473 0.005
    endloop
  endfacet
  facet normal 0 0 1
    outer loop
      vertex -0.0186335 -0.0515473 0.005
      vertex -0.019904 -0.0527508 0.005
      vertex -0.0184566 -0.0517149 0.005
    endloop
  endfacet
  facet normal 0 0 1
    outer loop
      vertex -0.019904 -0.0527508 0.005
      vertex -0.0195895 -0.0530486 0.005
      vertex -0.0184566 -0.0517149 0.005
    endloop
  endfacet
  facet normal 0 0 1
    outer loop
      vertex -0.0184566 -0.0517149 0.005
      vertex -0.0195895 -0.0530486 0.005
      vertex -0.0182627 -0.0518623 0.005
    endloop
  endfacet
  facet normal 0 0 1
    outer loop
      vertex -0.0195895 -0.0530486 0.005
      vertex -0.0192447 -0.0533108 0.005
      vertex -0.0182627 -0.0518623 0.005
    endloop
  endfacet
  facet normal 0 0 1
    outer loop
      vertex -0.0182627 -0.0518623 0.005
      vertex -0.0192447 -0.0533108 0.005
      vertex -0.0180539 -0.0519879 0.005
    endloop
  endfacet
  facet normal 0 0 1
    outer loop
      vertex -0.0192447 -0.0533108 0.005
      vertex -0.0188736 -0.053534 0.005
      vertex -0.0180539 -0.0519879 0.005
    endloop
  endfacet
  facet normal 0 0 1
    outer loop
      vertex -0.0180539 -0.0519879 0.005
      vertex -0.0188736 -0.053534 0.005
      vertex -0.0178328 -0.0520902 0.005
    endloop
  endfacet
  facet normal 0 0 1
    outer loop
      vertex -0.0188736 -0.053534 0.005
      vertex -0.0184806 -0.0537159 0.005
      vertex -0.0178328 -0.0520902 0.005
    endloop
  endfacet
  facet normal 0 0 1
    outer loop
      vertex -0.0178328 -0.0520902 0.005
      vertex -0.0184806 -0.0537159 0.005
      vertex -0.0176019 -0.052168 0.005
    endloop
  endfacet
  facet normal 0 0 1
    outer loop
      vertex -0.0184806 -0.0537159 0.005
      vertex -0.0180701 -0.0538542 0.005
      vertex -0.0176019 -0.052168 0.005
    endloop
  endfacet
  facet normal 0 0 1
    outer loop
      vertex -0.0176019 -0.052168 0.005
      vertex -0.0180701 -0.0538542 0.005
      vertex -0.017364 -0.0522204 0.005
    endloop
  endfacet
  facet normal 0 0 1
    outer loop
      vertex -0.0180701 -0.0538542 0.005
      vertex -0.0176471 -0.0539473 0.005
      vertex -0.017364 -0.0522204 0.005
    endloop
  endfacet
  facet normal 0 0 1
    outer loop
      vertex -0.017364 -0.0522204 0.005
      vertex -0.0176471 -0.0539473 0.005
      vertex -0.0171218 -0.0522467 0.005
    endloop
  endfacet
  facet normal 0 0 1
    outer loop
      vertex -0.0176471 -0.0539473 0.005
      vertex -0.0172166 -0.0539941 0.005
      vertex -0.0171218 -0.0522467 0.005
    endloop
  endfacet
  facet normal 0 0 1
    outer loop
      vertex -0.0171218 -0.0522467 0.005
      vertex -0.0172166 -0.0539941 0.005
      vertex -0.0168782 -0.0522467 0.005
    endloop
  endfacet
  facet normal 0 0 1
    outer loop
      vertex -0.0172166 -0.0539941 0.005
      vertex -0.0167834 -0.0539941 0.005
      vertex -0.0168782 -0.0522467 0.005
    endloop
  endfacet
  facet normal 0 0 1
    outer loop
      vertex -0.0168782 -0.0522467 0.005
      vertex -0.0167834 -0.0539941 0.005
      vertex -0.016636 -0.0522204 0.005
    endloop
  endfacet
  facet normal 0 0 1
    outer loop
      vertex -0.0167834 -0.0539941 0.005
      vertex -0.0163529 -0.0539473 0.005
      vertex -0.016636 -0.0522204 0.005
    endloop
  endfacet
  facet normal 0 0 1
    outer loop
      vertex -0.016636 -0.0522204 0.005
      vertex -0.0163529 -0.0539473 0.005
      vertex -0.0163981 -0.052168 0.005
    endloop
  endfacet
  facet normal 0 0 1
    outer loop
      vertex -0.0163529 -0.0539473 0.005
      vertex -0.0159299 -0.0538542 0.005
      vertex -0.0163981 -0.052168 0.005
    endloop
  endfacet
  facet normal 0 0 1
    outer loop
      vertex -0.0163981 -0.052168 0.005
      vertex -0.0159299 -0.0538542 0.005
      vertex -0.0161672 -0.0520902 0.005
    endloop
  endfacet
  facet normal 0 0 1
    outer loop
      vertex -0.0159299 -0.0538542 0.005
      vertex -0.0155194 -0.0537159 0.005
      vertex -0.0161672 -0.0520902 0.005
    endloop
  endfacet
  facet normal 0 0 1
    outer loop
      vertex -0.0161672 -0.0520902 0.005
      vertex -0.0155194 -0.0537159 0.005
      vertex -0.0159461 -0.0519879 0.005
    endloop
  endfacet
  facet normal 0 0 1
    outer loop
      vertex -0.0155194 -0.0537159 0.005
      vertex -0.0151264 -0.053534 0.005
      vertex -0.0159461 -0.0519879 0.005
    endloop
  endfacet
  facet normal 0 0 1
    outer loop
      vertex -0.0159461 -0.0519879 0.005
      vertex -0.0151264 -0.053534 0.005
      vertex -0.0157373 -0.0518623 0.005
    endloop
  endfacet
  facet normal 0 0 1
    outer loop
      vertex -0.0151264 -0.053534 0.005
      vertex -0.0147553 -0.0533108 0.005
      vertex -0.0157373 -0.0518623 0.005
    endloop
  endfacet
  facet normal 0 0 1
    outer loop
      vertex -0.0157373 -0.0518623 0.005
      vertex -0.0147553 -0.0533108 0.005
      vertex -0.0155434 -0.0517149 0.005
    endloop
  endfacet
  facet normal 0 0 1
    outer loop
      vertex -0.0147553 -0.0533108 0.005
      vertex -0.0144105 -0.0530486 0.005
      vertex -0.0155434 -0.0517149 0.005
    endloop
  endfacet
  facet normal 0 0 1
    outer loop
      vertex -0.0155434 -0.0517149 0.005
      vertex -0.0144105 -0.0530486 0.005
      vertex -0.0153665 -0.0515473 0.005
    endloop
  endfacet
  facet normal 0 0 1
    outer loop
      vertex -0.0144105 -0.0530486 0.005
      vertex -0.014096 -0.0527508 0.005
      vertex -0.0153665 -0.0515473 0.005
    endloop
  endfacet
  facet normal 0 0 1
    outer loop
      vertex -0.0153665 -0.0515473 0.005
      vertex -0.014096 -0.0527508 0.005
      vertex -0.0152088 -0.0513616 0.005
    endloop
  endfacet
  facet normal 0 0 1
    outer loop
      vertex -0.014096 -0.0527508 0.005
      vertex -0.0138156 -0.0524207 0.005
      vertex -0.0152088 -0.0513616 0.005
    endloop
  endfacet
  facet normal 0 0 1
    outer loop
      vertex -0.0152088 -0.0513616 0.005
      vertex -0.0138156 -0.0524207 0.005
      vertex -0.0150721 -0.05116 0.005
    endloop
  endfacet
  facet normal 0 0 1
    outer loop
      vertex -0.0138156 -0.0524207 0.005
      vertex -0.0135726 -0.0520622 0.005
      vertex -0.0150721 -0.05116 0.005
    endloop
  endfacet
  facet normal 0 0 1
    outer loop
      vertex -0.0150721 -0.05116 0.005
      vertex -0.0135726 -0.0520622 0.005
      vertex -0.014958 -0.0509448 0.005
    endloop
  endfacet
  facet normal 0 0 1
    outer loop
      vertex -0.0135726 -0.0520622 0.005
      vertex -0.0133697 -0.0516796 0.005
      vertex -0.014958 -0.0509448 0.005
    endloop
  endfacet
  facet normal 0 0 1
    outer loop
      vertex -0.014958 -0.0509448 0.005
      vertex -0.0133697 -0.0516796 0.005
      vertex -0.0148678 -0.0507184 0.005
    endloop
  endfacet
  facet normal 0 0 1
    outer loop
      vertex -0.0133697 -0.0516796 0.005
      vertex -0.0132094 -0.0512772 0.005
      vertex -0.0148678 -0.0507184 0.005
    endloop
  endfacet
  facet normal 0 0 1
    outer loop
      vertex -0.0148678 -0.0507184 0.005
      vertex -0.0132094 -0.0512772 0.005
      vertex -0.0148026 -0.0504837 0.005
    endloop
  endfacet
  facet normal 0 0 1
    outer loop
      vertex -0.0132094 -0.0512772 0.005
      vertex -0.0130935 -0.0508599 0.005
      vertex -0.0148026 -0.0504837 0.005
    endloop
  endfacet
  facet normal 0 0 1
    outer loop
      vertex -0.0148026 -0.0504837 0.005
      vertex -0.0130935 -0.0508599 0.005
      vertex -0.0147632 -0.0502433 0.005
    endloop
  endfacet
  facet normal 0 0 1
    outer loop
      vertex -0.0130935 -0.0508599 0.005
      vertex -0.0130234 -0.0504325 0.005
      vertex -0.0147632 -0.0502433 0.005
    endloop
  endfacet
  facet normal 0 0 1
    outer loop
      vertex -0.0147632 -0.0502433 0.005
      vertex -0.0130234 -0.0504325 0.005
      vertex -0.01475 -0.05 0.005
    endloop
  endfacet
  facet normal 0 0 1
    outer loop
      vertex -0.0130234 -0.0504325 0.005
      vertex -0.013 -0.05 0.005
      vertex -0.01475 -0.05 0.005
    endloop
  endfacet
  facet normal 0 0 1
    outer loop
      vertex -0.01475 -0.05 0.005
      vertex -0.013 -0.05 0.005
      vertex -0.0147632 -0.0497567 0.005
    endloop
  endfacet
  facet normal 0 0 1
    outer loop
      vertex -0.013 -0.05 0.005
      vertex -0.0130234 -0.0495675 0.005
      vertex -0.0147632 -0.0497567 0.005
    endloop
  endfacet
  facet normal 0 0 1
    outer loop
      vertex -0.0147632 -0.0497567 0.005
      vertex -0.0130234 -0.0495675 0.005
      vertex -0.0148026 -0.0495163 0.005
    endloop
  endfacet
  facet normal 0 0 1
    outer loop
      vertex -0.0130234 -0.0495675 0.005
      vertex -0.0130935 -0.0491401 0.005
      vertex -0.0148026 -0.0495163 0.005
    endloop
  endfacet
  facet normal 0 0 1
    outer loop
      vertex -0.0148026 -0.0495163 0.005
      vertex -0.0130935 -0.0491401 0.005
      vertex -0.0148678 -0.0492816 0.005
    endloop
  endfacet
  facet normal 0 0 1
    outer loop
      vertex -0.0130935 -0.0491401 0.005
      vertex -0.0132094 -0.0487228 0.005
      vertex -0.0148678 -0.0492816 0.005
    endloop
  endfacet
  facet normal 0 0 1
    outer loop
      vertex -0.0148678 -0.0492816 0.005
      vertex -0.0132094 -0.0487228 0.005
      vertex -0.014958 -0.0490552 0.005
    endloop
  endfacet
  facet normal 0 0 1
    outer loop
      vertex -0.0132094 -0.0487228 0.005
      vertex -0.0133697 -0.0483204 0.005
      vertex -0.014958 -0.0490552 0.005
    endloop
  endfacet
  facet normal 0 0 1
    outer loop
      vertex -0.014958 -0.0490552 0.005
      vertex -0.0133697 -0.0483204 0.005
      vertex -0.0150721 -0.04884 0.005
    endloop
  endfacet
  facet normal 0 0 1
    outer loop
      vertex -0.0133697 -0.0483204 0.005
      vertex -0.0135726 -0.0479378 0.005
      vertex -0.0150721 -0.04884 0.005
    endloop
  endfacet
  facet normal 0 0 1
    outer loop
      vertex -0.0150721 -0.04884 0.005
      vertex -0.0135726 -0.0479378 0.005
      vertex -0.0152088 -0.0486384 0.005
    endloop
  endfacet
  facet normal 0 0 1
    outer loop
      vertex -0.0135726 -0.0479378 0.005
      vertex -0.0138156 -0.0475793 0.005
      vertex -0.0152088 -0.0486384 0.005
    endloop
  endfacet
  facet normal 0 0 1
    outer loop
      vertex -0.0152088 -0.0486384 0.005
      vertex -0.0138156 -0.0475793 0.005
      vertex -0.0153665 -0.0484527 0.005
    endloop
  endfacet
  facet normal 0 0 1
    outer loop
      vertex -0.0138156 -0.0475793 0.005
      vertex -0.014096 -0.0472492 0.005
      vertex -0.0153665 -0.0484527 0.005
    endloop
  endfacet
  facet normal 0 0 1
    outer loop
      vertex -0.0153665 -0.0484527 0.005
      vertex -0.014096 -0.0472492 0.005
      vertex -0.0155434 -0.0482851 0.005
    endloop
  endfacet
  facet normal 0 0 1
    outer loop
      vertex -0.014096 -0.0472492 0.005
      vertex -0.0144105 -0.0469514 0.005
      vertex -0.0155434 -0.0482851 0.005
    endloop
  endfacet
  facet normal 0 0 1
    outer loop
      vertex -0.0155434 -0.0482851 0.005
      vertex -0.0144105 -0.0469514 0.005
      vertex -0.0157373 -0.0481377 0.005
    endloop
  endfacet
  facet normal 0 0 1
    outer loop
      vertex -0.0144105 -0.0469514 0.005
      vertex -0.0147553 -0.0466892 0.005
      vertex -0.0157373 -0.0481377 0.005
    endloop
  endfacet
  facet normal 0 0 1
    outer loop
      vertex -0.0157373 -0.0481377 0.005
      vertex -0.0147553 -0.0466892 0.005
      vertex -0.0159461 -0.0480121 0.005
    endloop
  endfacet
  facet normal 0 0 1
    outer loop
      vertex -0.0147553 -0.0466892 0.005
      vertex -0.0151264 -0.046466 0.005
      vertex -0.0159461 -0.0480121 0.005
    endloop
  endfacet
  facet normal 0 0 1
    outer loop
      vertex -0.0159461 -0.0480121 0.005
      vertex -0.0151264 -0.046466 0.005
      vertex -0.0161672 -0.0479098 0.005
    endloop
  endfacet
  facet normal 0 0 1
    outer loop
      vertex -0.0151264 -0.046466 0.005
      vertex -0.0155194 -0.0462841 0.005
      vertex -0.0161672 -0.0479098 0.005
    endloop
  endfacet
  facet normal 0 0 1
    outer loop
      vertex -0.0161672 -0.0479098 0.005
      vertex -0.0155194 -0.0462841 0.005
      vertex -0.0163981 -0.047832 0.005
    endloop
  endfacet
  facet normal 0 0 1
    outer loop
      vertex -0.0155194 -0.0462841 0.005
      vertex -0.0159299 -0.0461458 0.005
      vertex -0.0163981 -0.047832 0.005
    endloop
  endfacet
  facet normal 0 0 1
    outer loop
      vertex -0.0163981 -0.047832 0.005
      vertex -0.0159299 -0.0461458 0.005
      vertex -0.016636 -0.0477796 0.005
    endloop
  endfacet
  facet normal 0 0 1
    outer loop
      vertex -0.0159299 -0.0461458 0.005
      vertex -0.0163529 -0.0460527 0.005
      vertex -0.016636 -0.0477796 0.005
    endloop
  endfacet
  facet normal 0 0 1
    outer loop
      vertex -0.016636 -0.0477796 0.005
      vertex -0.0163529 -0.0460527 0.005
      vertex -0.0168782 -0.0477533 0.005
    endloop
  endfacet
  facet normal 0 0 1
    outer loop
      vertex -0.0163529 -0.0460527 0.005
      vertex -0.0167834 -0.0460059 0.005
      vertex -0.0168782 -0.0477533 0.005
    endloop
  endfacet
  facet normal 0 0 1
    outer loop
      vertex -0.0168782 -0.0477533 0.005
      vertex -0.0167834 -0.0460059 0.005
      vertex -0.0171218 -0.0477533 0.005
    endloop
  endfacet
  facet normal 0 0 1
    outer loop
      vertex -0.0167834 -0.0460059 0.005
      vertex -0.0172166 -0.0460059 0.005
      vertex -0.0171218 -0.0477533 0.005
    endloop
  endfacet
  facet normal 0 0 1
    outer loop
      vertex -0.0171218 -0.0477533 0.005
      vertex -0.0172166 -0.0460059 0.005
      vertex -0.017364 -0.0477796 0.005
    endloop
  endfacet
  facet normal 0 0 1
    outer loop
      vertex -0.0172166 -0.0460059 0.005
      vertex -0.0176471 -0.0460527 0.005
      vertex -0.017364 -0.0477796 0.005
    endloop
  endfacet
  facet normal 0 0 1
    outer loop
      vertex -0.017364 -0.0477796 0.005
      vertex -0.0176471 -0.0460527 0.005
      vertex -0.0176019 -0.047832 0.005
    endloop
  endfacet
  facet normal 0 0 1
    outer loop
      vertex -0.0176471 -0.0460527 0.005
      vertex -0.0180701 -0.0461458 0.005
      vertex -0.0176019 -0.047832 0.005
    endloop
  endfacet
  facet normal 0 0 1
    outer loop
      vertex -0.0176019 -0.047832 0.005
      vertex -0.0180701 -0.0461458 0.005
      vertex -0.0178328 -0.0479098 0.005
    endloop
  endfacet
  facet normal 0 0 1
    outer loop
      vertex -0.0180701 -0.0461458 0.005
      vertex -0.0184806 -0.0462841 0.005
      vertex -0.0178328 -0.0479098 0.005
    endloop
  endfacet
  facet normal 0 0 1
    outer loop
      vertex -0.0178328 -0.0479098 0.005
      vertex -0.0184806 -0.0462841 0.005
      vertex -0.0180539 -0.0480121 0.005
    endloop
  endfacet
  facet normal 0 0 1
    outer loop
      vertex -0.0184806 -0.0462841 0.005
      vertex -0.0188736 -0.046466 0.005
      vertex -0.0180539 -0.0480121 0.005
    endloop
  endfacet
  facet normal 0 0 1
    outer loop
      vertex -0.0180539 -0.0480121 0.005
      vertex -0.0188736 -0.046466 0.005
      vertex -0.0182627 -0.0481377 0.005
    endloop
  endfacet
  facet normal 0 0 1
    outer loop
      vertex -0.0188736 -0.046466 0.005
      vertex -0.0192447 -0.0466892 0.005
      vertex -0.0182627 -0.0481377 0.005
    endloop
  endfacet
  facet normal 0 0 1
    outer loop
      vertex -0.0182627 -0.0481377 0.005
      vertex -0.0192447 -0.0466892 0.005
      vertex -0.0184566 -0.0482851 0.005
    endloop
  endfacet
  facet normal 0 0 1
    outer loop
      vertex -0.0192447 -0.0466892 0.005
      vertex -0.0195895 -0.0469514 0.005
      vertex -0.0184566 -0.0482851 0.005
    endloop
  endfacet
  facet normal 0 0 -1
    outer loop
      vertex 0.011 -0.044 0.01
      vertex 0.004 -0.044 0.01
      vertex 0.00420906 -0.043989 0.01
    endloop
  endfacet
  facet normal 0 0 -1
    outer loop
      vertex 0.00420906 -0.043989 0.01
      vertex 0.00441582 -0.0439563 0.01
      vertex 0.011 -0.044 0.01
    endloop
  endfacet
  facet normal 0 0 -1
    outer loop
      vertex 0.00441582 -0.0439563 0.01
      vertex 0.00461803 -0.0439021 0.01
      vertex 0.011 -0.044 0.01
    endloop
  endfacet
  facet normal 0 0 -1
    outer loop
      vertex 0.011 -0.044 0.01
      vertex 0.00461803 -0.0439021 0.01
      vertex 0.00481347 -0.0438271 0.01
    endloop
  endfacet
  facet normal 0 0 -1
    outer loop
      vertex 0.00517557 -0.015382 0.01
      vertex 0.005 -0.0152679 0.01
      vertex 0.011 -0.015 0.01
    endloop
  endfacet
  facet normal 0 0 -1
    outer loop
      vertex 0.005 -0.0152679 0.01
      vertex 0.00481347 -0.0151729 0.01
      vertex 0.011 -0.015 0.01
    endloop
  endfacet
  facet normal 0 0 -1
    outer loop
      vertex 0.011 -0.015 0.01
      vertex 0.00481347 -0.0151729 0.01
      vertex 0.00461803 -0.0150979 0.01
    endloop
  endfacet
  facet normal 0 0 -1
    outer loop
      vertex 0.00461803 -0.0150979 0.01
      vertex 0.00441582 -0.0150437 0.01
      vertex 0.011 -0.015 0.01
    endloop
  endfacet
  facet normal 0 0 -1
    outer loop
      vertex 0.00441582 -0.0150437 0.01
      vertex 0.00420906 -0.015011 0.01
      vertex 0.011 -0.015 0.01
    endloop
  endfacet
  facet normal 0 0 -1
    outer loop
      vertex 0.011 -0.015 0.01
      vertex 0.00420906 -0.015011 0.01
      vertex 0.004 -0.015 0.01
    endloop
  endfacet
  facet normal 0 0 -1
    outer loop
      vertex 0.00481347 -0.0438271 0.01
      vertex 0.005 -0.0437321 0.01
      vertex 0.011 -0.044 0.01
    endloop
  endfacet
  facet normal 0 0 -1
    outer loop
      vertex 0.005 -0.0437321 0.01
      vertex 0.00517557 -0.043618 0.01
      vertex 0.011 -0.044 0.01
    endloop
  endfacet
  facet normal 0 0 -1
    outer loop
      vertex 0.011 -0.044 0.01
      vertex 0.00517557 -0.043618 0.01
      vertex 0.00533826 -0.0434863 0.01
    endloop
  endfacet
  facet normal 0 0 -1
    outer loop
      vertex 0.00533826 -0.0434863 0.01
      vertex 0.00548629 -0.0433383 0.01
      vertex 0.011 -0.044 0.01
    endloop
  endfacet
  facet normal 0 0 -1
    outer loop
      vertex 0.00548629 -0.0433383 0.01
      vertex 0.00561803 -0.0431756 0.01
      vertex 0.011 -0.044 0.01
    endloop
  endfacet
  facet normal 0 0 -1
    outer loop
      vertex 0.011 -0.044 0.01
      vertex 0.00561803 -0.0431756 0.01
      vertex 0.00573205 -0.043 0.01
    endloop
  endfacet
  facet normal 0 0 -1
    outer loop
      vertex 0.00598904 -0.0167909 0.01
      vertex 0.0059563 -0.0165842 0.01
      vertex 0.011 -0.015 0.01
    endloop
  endfacet
  facet normal 0 0 -1
    outer loop
      vertex 0.0059563 -0.0165842 0.01
      vertex 0.00590211 -0.016382 0.01
      vertex 0.011 -0.015 0.01
    endloop
  endfacet
  facet normal 0 0 -1
    outer loop
      vertex 0.00573205 -0.043 0.01
      vertex 0.00582709 -0.0428135 0.01
      vertex 0.011 -0.044 0.01
    endloop
  endfacet
  facet normal 0 0 -1
    outer loop
      vertex 0.00582709 -0.0428135 0.01
      vertex 0.00590211 -0.042618 0.01
      vertex 0.011 -0.044 0.01
    endloop
  endfacet
  facet normal 0 0 -1
    outer loop
      vertex 0.011 -0.044 0.01
      vertex 0.00590211 -0.042618 0.01
      vertex 0.0059563 -0.0424158 0.01
    endloop
  endfacet
  facet normal 0 0 -1
    outer loop
      vertex 0.00590211 -0.016382 0.01
      vertex 0.00582709 -0.0161865 0.01
      vertex 0.011 -0.015 0.01
    endloop
  endfacet
  facet normal 0 0 -1
    outer loop
      vertex 0.00582709 -0.0161865 0.01
      vertex 0.00573205 -0.016 0.01
      vertex 0.011 -0.015 0.01
    endloop
  endfacet
  facet normal 0 0 -1
    outer loop
      vertex 0.011 -0.015 0.01
      vertex 0.00573205 -0.016 0.01
      vertex 0.00561803 -0.0158244 0.01
    endloop
  endfacet
  facet normal 0 0 -1
    outer loop
      vertex 0.00561803 -0.0158244 0.01
      vertex 0.00548629 -0.0156617 0.01
      vertex 0.011 -0.015 0.01
    endloop
  endfacet
  facet normal 0 0 -1
    outer loop
      vertex 0.00548629 -0.0156617 0.01
      vertex 0.00533826 -0.0155137 0.01
      vertex 0.011 -0.015 0.01
    endloop
  endfacet
  facet normal 0 0 -1
    outer loop
      vertex 0.011 -0.015 0.01
      vertex 0.00533826 -0.0155137 0.01
      vertex 0.00517557 -0.015382 0.01
    endloop
  endfacet
  facet normal 0 0 -1
    outer loop
      vertex 0.0059563 -0.0424158 0.01
      vertex 0.00598904 -0.0422091 0.01
      vertex 0.011 -0.044 0.01
    endloop
  endfacet
  facet normal 0 0 -1
    outer loop
      vertex 0.00598904 -0.0422091 0.01
      vertex 0.006 -0.042 0.01
      vertex 0.011 -0.044 0.01
    endloop
  endfacet
  facet normal 0 0 -1
    outer loop
      vertex 0.011 -0.044 0.01
      vertex 0.006 -0.042 0.01
      vertex 0.011 -0.015 0.01
    endloop
  endfacet
  facet normal 0 0 -1
    outer loop
      vertex 0.006 -0.042 0.01
      vertex 0.006 -0.017 0.01
      vertex 0.011 -0.015 0.01
    endloop
  endfacet
  facet normal 0 0 -1
    outer loop
      vertex 0.011 -0.015 0.01
      vertex 0.006 -0.017 0.01
      vertex 0.00598904 -0.0167909 0.01
    endloop
  endfacet
  facet normal 0 0 -1
    outer loop
      vertex -0.038 -0.015 0.01
      vertex -0.0382091 -0.015011 0.01
      vertex -0.045 -0.015 0.01
    endloop
  endfacet
  facet normal 0 0 -1
    outer loop
      vertex -0.0382091 -0.015011 0.01
      vertex -0.0384158 -0.0150437 0.01
      vertex -0.045 -0.015 0.01
    endloop
  endfacet
  facet normal 0 0 -1
    outer loop
      vertex -0.045 -0.015 0.01
      vertex -0.0384158 -0.0150437 0.01
      vertex -0.038618 -0.0150979 0.01
    endloop
  endfacet
  facet normal 0 0 -1
    outer loop
      vertex -0.0393383 -0.0434863 0.01
      vertex -0.0391756 -0.043618 0.01
      vertex -0.045 -0.044 0.01
    endloop
  endfacet
  facet normal 0 0 -1
    outer loop
      vertex -0.045 -0.015 0.01
      vertex -0.0391756 -0.015382 0.01
      vertex -0.0393383 -0.0155137 0.01
    endloop
  endfacet
  facet normal 0 0 -1
    outer loop
      vertex -0.038618 -0.0150979 0.01
      vertex -0.0388135 -0.0151729 0.01
      vertex -0.045 -0.015 0.01
    endloop
  endfacet
  facet normal 0 0 -1
    outer loop
      vertex -0.0388135 -0.0151729 0.01
      vertex -0.039 -0.0152679 0.01
      vertex -0.045 -0.015 0.01
    endloop
  endfacet
  facet normal 0 0 -1
    outer loop
      vertex -0.045 -0.015 0.01
      vertex -0.039 -0.0152679 0.01
      vertex -0.0391756 -0.015382 0.01
    endloop
  endfacet
  facet normal 0 0 -1
    outer loop
      vertex -0.0393383 -0.0155137 0.01
      vertex -0.0394863 -0.0156617 0.01
      vertex -0.045 -0.015 0.01
    endloop
  endfacet
  facet normal 0 0 -1
    outer loop
      vertex -0.0394863 -0.0156617 0.01
      vertex -0.039618 -0.0158244 0.01
      vertex -0.045 -0.015 0.01
    endloop
  endfacet
  facet normal 0 0 -1
    outer loop
      vertex -0.045 -0.015 0.01
      vertex -0.039618 -0.0158244 0.01
      vertex -0.0397321 -0.016 0.01
    endloop
  endfacet
  facet normal 0 0 -1
    outer loop
      vertex -0.045 -0.044 0.01
      vertex -0.0398271 -0.0428135 0.01
      vertex -0.0397321 -0.043 0.01
    endloop
  endfacet
  facet normal 0 0 -1
    outer loop
      vertex -0.0391756 -0.043618 0.01
      vertex -0.039 -0.0437321 0.01
      vertex -0.045 -0.044 0.01
    endloop
  endfacet
  facet normal 0 0 -1
    outer loop
      vertex -0.039 -0.0437321 0.01
      vertex -0.0388135 -0.0438271 0.01
      vertex -0.045 -0.044 0.01
    endloop
  endfacet
  facet normal 0 0 -1
    outer loop
      vertex -0.045 -0.044 0.01
      vertex -0.0388135 -0.0438271 0.01
      vertex -0.038618 -0.0439021 0.01
    endloop
  endfacet
  facet normal 0 0 -1
    outer loop
      vertex -0.038618 -0.0439021 0.01
      vertex -0.0384158 -0.0439563 0.01
      vertex -0.045 -0.044 0.01
    endloop
  endfacet
  facet normal 0 0 -1
    outer loop
      vertex -0.0384158 -0.0439563 0.01
      vertex -0.0382091 -0.043989 0.01
      vertex -0.045 -0.044 0.01
    endloop
  endfacet
  facet normal 0 0 -1
    outer loop
      vertex -0.045 -0.044 0.01
      vertex -0.0382091 -0.043989 0.01
      vertex -0.038 -0.044 0.01
    endloop
  endfacet
  facet normal 0 0 -1
    outer loop
      vertex -0.0397321 -0.043 0.01
      vertex -0.039618 -0.0431756 0.01
      vertex -0.045 -0.044 0.01
    endloop
  endfacet
  facet normal 0 0 -1
    outer loop
      vertex -0.039618 -0.0431756 0.01
      vertex -0.0394863 -0.0433383 0.01
      vertex -0.045 -0.044 0.01
    endloop
  endfacet
  facet normal 0 0 -1
    outer loop
      vertex -0.045 -0.044 0.01
      vertex -0.0394863 -0.0433383 0.01
      vertex -0.0393383 -0.0434863 0.01
    endloop
  endfacet
  facet normal 0 0 -1
    outer loop
      vertex -0.0397321 -0.016 0.01
      vertex -0.0398271 -0.0161865 0.01
      vertex -0.045 -0.015 0.01
    endloop
  endfacet
  facet normal 0 0 -1
    outer loop
      vertex -0.0398271 -0.0161865 0.01
      vertex -0.0399021 -0.016382 0.01
      vertex -0.045 -0.015 0.01
    endloop
  endfacet
  facet normal 0 0 -1
    outer loop
      vertex -0.045 -0.015 0.01
      vertex -0.0399021 -0.016382 0.01
      vertex -0.0399563 -0.0165842 0.01
    endloop
  endfacet
  facet normal 0 0 -1
    outer loop
      vertex -0.039989 -0.0422091 0.01
      vertex -0.0399563 -0.0424158 0.01
      vertex -0.045 -0.044 0.01
    endloop
  endfacet
  facet normal 0 0 -1
    outer loop
      vertex -0.0399563 -0.0424158 0.01
      vertex -0.0399021 -0.042618 0.01
      vertex -0.045 -0.044 0.01
    endloop
  endfacet
  facet normal 0 0 -1
    outer loop
      vertex -0.045 -0.044 0.01
      vertex -0.0399021 -0.042618 0.01
      vertex -0.0398271 -0.0428135 0.01
    endloop
  endfacet
  facet normal 0 0 -1
    outer loop
      vertex -0.0399563 -0.0165842 0.01
      vertex -0.039989 -0.0167909 0.01
      vertex -0.045 -0.015 0.01
    endloop
  endfacet
  facet normal 0 0 -1
    outer loop
      vertex -0.039989 -0.0167909 0.01
      vertex -0.04 -0.017 0.01
      vertex -0.045 -0.015 0.01
    endloop
  endfacet
  facet normal 0 0 -1
    outer loop
      vertex -0.045 -0.015 0.01
      vertex -0.04 -0.017 0.01
      vertex -0.045 -0.044 0.01
    endloop
  endfacet
  facet normal 0 0 -1
    outer loop
      vertex -0.04 -0.017 0.01
      vertex -0.04 -0.042 0.01
      vertex -0.045 -0.044 0.01
    endloop
  endfacet
  facet normal 0 0 -1
    outer loop
      vertex -0.045 -0.044 0.01
      vertex -0.04 -0.042 0.01
      vertex -0.039989 -0.0422091 0.01
    endloop
  endfacet
  facet normal 0 0 1
    outer loop
      vertex 0.00481347 -0.0438271 0.003
      vertex 0.00461803 -0.0439021 0.003
      vertex 0.011 -0.044 0.003
    endloop
  endfacet
  facet normal 0 0 1
    outer loop
      vertex 0.00461803 -0.0439021 0.003
      vertex 0.00441582 -0.0439563 0.003
      vertex 0.011 -0.044 0.003
    endloop
  endfacet
  facet normal 0 0 1
    outer loop
      vertex 0.00441582 -0.0439563 0.003
      vertex 0.00420906 -0.043989 0.003
      vertex 0.011 -0.044 0.003
    endloop
  endfacet
  facet normal 0 0 1
    outer loop
      vertex 0.011 -0.044 0.003
      vertex 0.00420906 -0.043989 0.003
      vertex 0.004 -0.044 0.003
    endloop
  endfacet
  facet normal 0 0 1
    outer loop
      vertex 0.011 -0.015 0.003
      vertex 0.004 -0.015 0.003
      vertex 0.00420906 -0.015011 0.003
    endloop
  endfacet
  facet normal 0 0 1
    outer loop
      vertex 0.00533826 -0.0434863 0.003
      vertex 0.00517557 -0.043618 0.003
      vertex 0.011 -0.044 0.003
    endloop
  endfacet
  facet normal 0 0 1
    outer loop
      vertex 0.00517557 -0.043618 0.003
      vertex 0.005 -0.0437321 0.003
      vertex 0.011 -0.044 0.003
    endloop
  endfacet
  facet normal 0 0 1
    outer loop
      vertex 0.011 -0.044 0.003
      vertex 0.005 -0.0437321 0.003
      vertex 0.00481347 -0.0438271 0.003
    endloop
  endfacet
  facet normal 0 0 1
    outer loop
      vertex 0.00420906 -0.015011 0.003
      vertex 0.00441582 -0.0150437 0.003
      vertex 0.011 -0.015 0.003
    endloop
  endfacet
  facet normal 0 0 1
    outer loop
      vertex 0.00441582 -0.0150437 0.003
      vertex 0.00461803 -0.0150979 0.003
      vertex 0.011 -0.015 0.003
    endloop
  endfacet
  facet normal 0 0 1
    outer loop
      vertex 0.011 -0.015 0.003
      vertex 0.00461803 -0.0150979 0.003
      vertex 0.00481347 -0.0151729 0.003
    endloop
  endfacet
  facet normal 0 0 1
    outer loop
      vertex 0.00481347 -0.0151729 0.003
      vertex 0.005 -0.0152679 0.003
      vertex 0.011 -0.015 0.003
    endloop
  endfacet
  facet normal 0 0 1
    outer loop
      vertex 0.005 -0.0152679 0.003
      vertex 0.00517557 -0.015382 0.003
      vertex 0.011 -0.015 0.003
    endloop
  endfacet
  facet normal 0 0 1
    outer loop
      vertex 0.011 -0.015 0.003
      vertex 0.00517557 -0.015382 0.003
      vertex 0.00533826 -0.0155137 0.003
    endloop
  endfacet
  facet normal 0 0 1
    outer loop
      vertex 0.00533826 -0.0155137 0.003
      vertex 0.00548629 -0.0156617 0.003
      vertex 0.011 -0.015 0.003
    endloop
  endfacet
  facet normal 0 0 1
    outer loop
      vertex 0.00548629 -0.0156617 0.003
      vertex 0.00561803 -0.0158244 0.003
      vertex 0.011 -0.015 0.003
    endloop
  endfacet
  facet normal 0 0 1
    outer loop
      vertex 0.011 -0.015 0.003
      vertex 0.00561803 -0.0158244 0.003
      vertex 0.00573205 -0.016 0.003
    endloop
  endfacet
  facet normal 0 0 1
    outer loop
      vertex 0.00573205 -0.016 0.003
      vertex 0.00582709 -0.0161865 0.003
      vertex 0.011 -0.015 0.003
    endloop
  endfacet
  facet normal 0 0 1
    outer loop
      vertex 0.00582709 -0.0161865 0.003
      vertex 0.00590211 -0.016382 0.003
      vertex 0.011 -0.015 0.003
    endloop
  endfacet
  facet normal 0 0 1
    outer loop
      vertex 0.011 -0.015 0.003
      vertex 0.00590211 -0.016382 0.003
      vertex 0.0059563 -0.0165842 0.003
    endloop
  endfacet
  facet normal 0 0 1
    outer loop
      vertex 0.00598904 -0.0422091 0.003
      vertex 0.0059563 -0.0424158 0.003
      vertex 0.011 -0.044 0.003
    endloop
  endfacet
  facet normal 0 0 1
    outer loop
      vertex 0.00573205 -0.043 0.003
      vertex 0.00561803 -0.0431756 0.003
      vertex 0.011 -0.044 0.003
    endloop
  endfacet
  facet normal 0 0 1
    outer loop
      vertex 0.00561803 -0.0431756 0.003
      vertex 0.00548629 -0.0433383 0.003
      vertex 0.011 -0.044 0.003
    endloop
  endfacet
  facet normal 0 0 1
    outer loop
      vertex 0.011 -0.044 0.003
      vertex 0.00548629 -0.0433383 0.003
      vertex 0.00533826 -0.0434863 0.003
    endloop
  endfacet
  facet normal 0 0 1
    outer loop
      vertex 0.0059563 -0.0424158 0.003
      vertex 0.00590211 -0.042618 0.003
      vertex 0.011 -0.044 0.003
    endloop
  endfacet
  facet normal 0 0 1
    outer loop
      vertex 0.00590211 -0.042618 0.003
      vertex 0.00582709 -0.0428135 0.003
      vertex 0.011 -0.044 0.003
    endloop
  endfacet
  facet normal 0 0 1
    outer loop
      vertex 0.011 -0.044 0.003
      vertex 0.00582709 -0.0428135 0.003
      vertex 0.00573205 -0.043 0.003
    endloop
  endfacet
  facet normal 0 0 1
    outer loop
      vertex 0.0059563 -0.0165842 0.003
      vertex 0.00598904 -0.0167909 0.003
      vertex 0.011 -0.015 0.003
    endloop
  endfacet
  facet normal 0 0 1
    outer loop
      vertex 0.00598904 -0.0167909 0.003
      vertex 0.006 -0.017 0.003
      vertex 0.011 -0.015 0.003
    endloop
  endfacet
  facet normal 0 0 1
    outer loop
      vertex 0.011 -0.015 0.003
      vertex 0.006 -0.017 0.003
      vertex 0.011 -0.044 0.003
    endloop
  endfacet
  facet normal 0 0 1
    outer loop
      vertex 0.006 -0.017 0.003
      vertex 0.006 -0.042 0.003
      vertex 0.011 -0.044 0.003
    endloop
  endfacet
  facet normal 0 0 1
    outer loop
      vertex 0.011 -0.044 0.003
      vertex 0.006 -0.042 0.003
      vertex 0.00598904 -0.0422091 0.003
    endloop
  endfacet
  facet normal 0 0 1
    outer loop
      vertex -0.039618 -0.0158244 0.003
      vertex -0.045 -0.015 0.003
      vertex -0.0397321 -0.016 0.003
    endloop
  endfacet
  facet normal 0 0 1
    outer loop
      vertex -0.045 -0.015 0.003
      vertex -0.0398271 -0.0161865 0.003
      vertex -0.0397321 -0.016 0.003
    endloop
  endfacet
  facet normal 0 0 1
    outer loop
      vertex -0.039618 -0.0158244 0.003
      vertex -0.0394863 -0.0156617 0.003
      vertex -0.045 -0.015 0.003
    endloop
  endfacet
  facet normal 0 0 1
    outer loop
      vertex -0.0394863 -0.0156617 0.003
      vertex -0.0393383 -0.0155137 0.003
      vertex -0.045 -0.015 0.003
    endloop
  endfacet
  facet normal 0 0 1
    outer loop
      vertex -0.045 -0.015 0.003
      vertex -0.0393383 -0.0155137 0.003
      vertex -0.0391756 -0.015382 0.003
    endloop
  endfacet
  facet normal 0 0 1
    outer loop
      vertex -0.038 -0.044 0.003
      vertex -0.0382091 -0.043989 0.003
      vertex -0.045 -0.044 0.003
    endloop
  endfacet
  facet normal 0 0 1
    outer loop
      vertex -0.0382091 -0.043989 0.003
      vertex -0.0384158 -0.0439563 0.003
      vertex -0.045 -0.044 0.003
    endloop
  endfacet
  facet normal 0 0 1
    outer loop
      vertex -0.045 -0.044 0.003
      vertex -0.0384158 -0.0439563 0.003
      vertex -0.038618 -0.0439021 0.003
    endloop
  endfacet
  facet normal 0 0 1
    outer loop
      vertex -0.045 -0.044 0.003
      vertex -0.0391756 -0.043618 0.003
      vertex -0.0393383 -0.0434863 0.003
    endloop
  endfacet
  facet normal 0 0 1
    outer loop
      vertex -0.0391756 -0.015382 0.003
      vertex -0.039 -0.0152679 0.003
      vertex -0.045 -0.015 0.003
    endloop
  endfacet
  facet normal 0 0 1
    outer loop
      vertex -0.039 -0.0152679 0.003
      vertex -0.0388135 -0.0151729 0.003
      vertex -0.045 -0.015 0.003
    endloop
  endfacet
  facet normal 0 0 1
    outer loop
      vertex -0.045 -0.015 0.003
      vertex -0.0388135 -0.0151729 0.003
      vertex -0.038618 -0.0150979 0.003
    endloop
  endfacet
  facet normal 0 0 1
    outer loop
      vertex -0.038618 -0.0150979 0.003
      vertex -0.0384158 -0.0150437 0.003
      vertex -0.045 -0.015 0.003
    endloop
  endfacet
  facet normal 0 0 1
    outer loop
      vertex -0.0384158 -0.0150437 0.003
      vertex -0.0382091 -0.015011 0.003
      vertex -0.045 -0.015 0.003
    endloop
  endfacet
  facet normal 0 0 1
    outer loop
      vertex -0.045 -0.015 0.003
      vertex -0.0382091 -0.015011 0.003
      vertex -0.038 -0.015 0.003
    endloop
  endfacet
  facet normal 0 0 1
    outer loop
      vertex -0.038618 -0.0439021 0.003
      vertex -0.0388135 -0.0438271 0.003
      vertex -0.045 -0.044 0.003
    endloop
  endfacet
  facet normal 0 0 1
    outer loop
      vertex -0.0388135 -0.0438271 0.003
      vertex -0.039 -0.0437321 0.003
      vertex -0.045 -0.044 0.003
    endloop
  endfacet
  facet normal 0 0 1
    outer loop
      vertex -0.045 -0.044 0.003
      vertex -0.039 -0.0437321 0.003
      vertex -0.0391756 -0.043618 0.003
    endloop
  endfacet
  facet normal 0 0 1
    outer loop
      vertex -0.0393383 -0.0434863 0.003
      vertex -0.0394863 -0.0433383 0.003
      vertex -0.045 -0.044 0.003
    endloop
  endfacet
  facet normal 0 0 1
    outer loop
      vertex -0.0394863 -0.0433383 0.003
      vertex -0.039618 -0.0431756 0.003
      vertex -0.045 -0.044 0.003
    endloop
  endfacet
  facet normal 0 0 1
    outer loop
      vertex -0.045 -0.044 0.003
      vertex -0.039618 -0.0431756 0.003
      vertex -0.0397321 -0.043 0.003
    endloop
  endfacet
  facet normal 0 0 1
    outer loop
      vertex -0.0397321 -0.043 0.003
      vertex -0.0398271 -0.0428135 0.003
      vertex -0.045 -0.044 0.003
    endloop
  endfacet
  facet normal 0 0 1
    outer loop
      vertex -0.0398271 -0.0428135 0.003
      vertex -0.0399021 -0.042618 0.003
      vertex -0.045 -0.044 0.003
    endloop
  endfacet
  facet normal 0 0 1
    outer loop
      vertex -0.045 -0.044 0.003
      vertex -0.0399021 -0.042618 0.003
      vertex -0.0399563 -0.0424158 0.003
    endloop
  endfacet
  facet normal 0 0 1
    outer loop
      vertex -0.039989 -0.0167909 0.003
      vertex -0.0399563 -0.0165842 0.003
      vertex -0.045 -0.015 0.003
    endloop
  endfacet
  facet normal 0 0 1
    outer loop
      vertex -0.0399563 -0.0165842 0.003
      vertex -0.0399021 -0.016382 0.003
      vertex -0.045 -0.015 0.003
    endloop
  endfacet
  facet normal 0 0 1
    outer loop
      vertex -0.045 -0.015 0.003
      vertex -0.0399021 -0.016382 0.003
      vertex -0.0398271 -0.0161865 0.003
    endloop
  endfacet
  facet normal 0 0 1
    outer loop
      vertex -0.0399563 -0.0424158 0.003
      vertex -0.039989 -0.0422091 0.003
      vertex -0.045 -0.044 0.003
    endloop
  endfacet
  facet normal 0 0 1
    outer loop
      vertex -0.039989 -0.0422091 0.003
      vertex -0.04 -0.042 0.003
      vertex -0.045 -0.044 0.003
    endloop
  endfacet
  facet normal 0 0 1
    outer loop
      vertex -0.045 -0.044 0.003
      vertex -0.04 -0.042 0.003
      vertex -0.045 -0.015 0.003
    endloop
  endfacet
  facet normal 0 0 1
    outer loop
      vertex -0.04 -0.042 0.003
      vertex -0.04 -0.017 0.003
      vertex -0.045 -0.015 0.003
    endloop
  endfacet
  facet normal 0 0 1
    outer loop
      vertex -0.045 -0.015 0.003
      vertex -0.04 -0.017 0.003
      vertex -0.039989 -0.0167909 0.003
    endloop
  endfacet
  facet normal 0.0523398 0.998629 0
    outer loop
      vertex 0.009 -0.01 -0.005
      vertex 0.009 -0.01 0.012
      vertex 0.00920906 -0.010011 0.012
    endloop
  endfacet
  facet normal 0.0523398 0.998629 0
    outer loop
      vertex 0.009 -0.01 -0.005
      vertex 0.00920906 -0.010011 0.012
      vertex 0.00920906 -0.010011 -0.005
    endloop
  endfacet
  facet normal 0.156433 0.987689 0
    outer loop
      vertex 0.00920906 -0.010011 0.012
      vertex 0.00941582 -0.0100437 0.012
      vertex 0.00920906 -0.010011 -0.005
    endloop
  endfacet
  facet normal 0.156433 0.987689 0
    outer loop
      vertex 0.00920906 -0.010011 -0.005
      vertex 0.00941582 -0.0100437 0.012
      vertex 0.00941582 -0.0100437 -0.005
    endloop
  endfacet
  facet normal 0.25882 0.965925 0
    outer loop
      vertex 0.00941582 -0.0100437 0.012
      vertex 0.00961803 -0.0100979 0.012
      vertex 0.00941582 -0.0100437 -0.005
    endloop
  endfacet
  facet normal 0.25882 0.965925 0
    outer loop
      vertex 0.00941582 -0.0100437 -0.005
      vertex 0.00961803 -0.0100979 0.012
      vertex 0.00961803 -0.0100979 -0.005
    endloop
  endfacet
  facet normal 0.358365 0.933581 0
    outer loop
      vertex 0.00961803 -0.0100979 0.012
      vertex 0.00981347 -0.0101729 0.012
      vertex 0.00961803 -0.0100979 -0.005
    endloop
  endfacet
  facet normal 0.358365 0.933581 0
    outer loop
      vertex 0.00961803 -0.0100979 -0.005
      vertex 0.00981347 -0.0101729 0.012
      vertex 0.00981347 -0.0101729 -0.005
    endloop
  endfacet
  facet normal 0.453993 0.891005 0
    outer loop
      vertex 0.00981347 -0.0101729 0.012
      vertex 0.01 -0.0102679 0.012
      vertex 0.00981347 -0.0101729 -0.005
    endloop
  endfacet
  facet normal 0.453993 0.891005 0
    outer loop
      vertex 0.00981347 -0.0101729 -0.005
      vertex 0.01 -0.0102679 0.012
      vertex 0.01 -0.0102679 -0.005
    endloop
  endfacet
  facet normal 0.544636 0.838673 0
    outer loop
      vertex 0.01 -0.0102679 0.012
      vertex 0.0101756 -0.010382 0.012
      vertex 0.01 -0.0102679 -0.005
    endloop
  endfacet
  facet normal 0.544636 0.838673 0
    outer loop
      vertex 0.01 -0.0102679 -0.005
      vertex 0.0101756 -0.010382 0.012
      vertex 0.0101756 -0.010382 -0.005
    endloop
  endfacet
  facet normal 0.629322 0.777145 0
    outer loop
      vertex 0.0101756 -0.010382 0.012
      vertex 0.0103383 -0.0105137 0.012
      vertex 0.0101756 -0.010382 -0.005
    endloop
  endfacet
  facet normal 0.629322 0.777145 0
    outer loop
      vertex 0.0101756 -0.010382 -0.005
      vertex 0.0103383 -0.0105137 0.012
      vertex 0.0103383 -0.0105137 -0.005
    endloop
  endfacet
  facet normal 0.707107 0.707107 0
    outer loop
      vertex 0.0103383 -0.0105137 0.012
      vertex 0.0104863 -0.0106617 0.012
      vertex 0.0103383 -0.0105137 -0.005
    endloop
  endfacet
  facet normal 0.707107 0.707107 0
    outer loop
      vertex 0.0103383 -0.0105137 -0.005
      vertex 0.0104863 -0.0106617 0.012
      vertex 0.0104863 -0.0106617 -0.005
    endloop
  endfacet
  facet normal 0.777147 0.629319 0
    outer loop
      vertex 0.0104863 -0.0106617 0.012
      vertex 0.010618 -0.0108244 0.012
      vertex 0.0104863 -0.0106617 -0.005
    endloop
  endfacet
  facet normal 0.777147 0.629319 0
    outer loop
      vertex 0.0104863 -0.0106617 -0.005
      vertex 0.010618 -0.0108244 0.012
      vertex 0.010618 -0.0108244 -0.005
    endloop
  endfacet
  facet normal 0.838669 0.544641 0
    outer loop
      vertex 0.010618 -0.0108244 0.012
      vertex 0.0107321 -0.011 0.012
      vertex 0.010618 -0.0108244 -0.005
    endloop
  endfacet
  facet normal 0.838669 0.544641 0
    outer loop
      vertex 0.010618 -0.0108244 -0.005
      vertex 0.0107321 -0.011 0.012
      vertex 0.0107321 -0.011 -0.005
    endloop
  endfacet
  facet normal 0.891008 0.453988 0
    outer loop
      vertex 0.0107321 -0.011 0.012
      vertex 0.0108271 -0.0111865 0.012
      vertex 0.0107321 -0.011 -0.005
    endloop
  endfacet
  facet normal 0.891008 0.453988 0
    outer loop
      vertex 0.0107321 -0.011 -0.005
      vertex 0.0108271 -0.0111865 0.012
      vertex 0.0108271 -0.0111865 -0.005
    endloop
  endfacet
  facet normal 0.933579 0.358371 0
    outer loop
      vertex 0.0108271 -0.0111865 0.012
      vertex 0.0109021 -0.011382 0.012
      vertex 0.0108271 -0.0111865 -0.005
    endloop
  endfacet
  facet normal 0.933579 0.358371 0
    outer loop
      vertex 0.0108271 -0.0111865 -0.005
      vertex 0.0109021 -0.011382 0.012
      vertex 0.0109021 -0.011382 -0.005
    endloop
  endfacet
  facet normal 0.965927 0.258816 0
    outer loop
      vertex 0.0109021 -0.011382 0.012
      vertex 0.0109563 -0.0115842 0.012
      vertex 0.0109021 -0.011382 -0.005
    endloop
  endfacet
  facet normal 0.965927 0.258816 0
    outer loop
      vertex 0.0109021 -0.011382 -0.005
      vertex 0.0109563 -0.0115842 0.012
      vertex 0.0109563 -0.0115842 -0.005
    endloop
  endfacet
  facet normal 0.987688 0.156436 0
    outer loop
      vertex 0.0109563 -0.0115842 0.012
      vertex 0.010989 -0.0117909 0.012
      vertex 0.0109563 -0.0115842 -0.005
    endloop
  endfacet
  facet normal 0.987688 0.156436 0
    outer loop
      vertex 0.0109563 -0.0115842 -0.005
      vertex 0.010989 -0.0117909 0.012
      vertex 0.010989 -0.0117909 -0.005
    endloop
  endfacet
  facet normal 0.99863 0.0523354 0
    outer loop
      vertex 0.010989 -0.0117909 0.012
      vertex 0.011 -0.012 0.012
      vertex 0.010989 -0.0117909 -0.005
    endloop
  endfacet
  facet normal 0.99863 0.0523354 0
    outer loop
      vertex 0.010989 -0.0117909 -0.005
      vertex 0.011 -0.012 0.012
      vertex 0.011 -0.012 -0.005
    endloop
  endfacet
  facet normal 1 0 0
    outer loop
      vertex 0.011 -0.015 0.01
      vertex 0.011 -0.012 0.012
      vertex 0.011 -0.044 0.01
    endloop
  endfacet
  facet normal 1 0 0
    outer loop
      vertex 0.011 -0.012 0.012
      vertex 0.011 -0.048 0.012
      vertex 0.011 -0.044 0.01
    endloop
  endfacet
  facet normal 1 0 0
    outer loop
      vertex 0.011 -0.044 0.01
      vertex 0.011 -0.048 0.012
      vertex 0.011 -0.044 0.003
    endloop
  endfacet
  facet normal 1 0 0
    outer loop
      vertex 0.011 -0.048 0.012
      vertex 0.011 -0.048 -0.005
      vertex 0.011 -0.044 0.003
    endloop
  endfacet
  facet normal 1 0 0
    outer loop
      vertex 0.011 -0.044 0.003
      vertex 0.011 -0.048 -0.005
      vertex 0.011 -0.015 0.003
    endloop
  endfacet
  facet normal 1 0 0
    outer loop
      vertex 0.011 -0.048 -0.005
      vertex 0.011 -0.012 -0.005
      vertex 0.011 -0.015 0.003
    endloop
  endfacet
  facet normal 1 0 0
    outer loop
      vertex 0.011 -0.015 0.003
      vertex 0.011 -0.012 -0.005
      vertex 0.011 -0.015 0.01
    endloop
  endfacet
  facet normal 1 0 0
    outer loop
      vertex 0.011 -0.012 -0.005
      vertex 0.011 -0.012 0.012
      vertex 0.011 -0.015 0.01
    endloop
  endfacet
  facet normal 0.99863 -0.0523356 0
    outer loop
      vertex 0.011 -0.048 -0.005
      vertex 0.011 -0.048 0.012
      vertex 0.010989 -0.0482091 0.012
    endloop
  endfacet
  facet normal 0.99863 -0.0523356 0
    outer loop
      vertex 0.011 -0.048 -0.005
      vertex 0.010989 -0.0482091 0.012
      vertex 0.010989 -0.0482091 -0.005
    endloop
  endfacet
  facet normal 0.987688 -0.156435 0
    outer loop
      vertex 0.010989 -0.0482091 0.012
      vertex 0.0109563 -0.0484158 0.012
      vertex 0.010989 -0.0482091 -0.005
    endloop
  endfacet
  facet normal 0.987688 -0.156435 0
    outer loop
      vertex 0.010989 -0.0482091 -0.005
      vertex 0.0109563 -0.0484158 0.012
      vertex 0.0109563 -0.0484158 -0.005
    endloop
  endfacet
  facet normal 0.965926 -0.258819 0
    outer loop
      vertex 0.0109563 -0.0484158 0.012
      vertex 0.0109021 -0.048618 0.012
      vertex 0.0109563 -0.0484158 -0.005
    endloop
  endfacet
  facet normal 0.965926 -0.258819 0
    outer loop
      vertex 0.0109563 -0.0484158 -0.005
      vertex 0.0109021 -0.048618 0.012
      vertex 0.0109021 -0.048618 -0.005
    endloop
  endfacet
  facet normal 0.93358 -0.358369 0
    outer loop
      vertex 0.0109021 -0.048618 0.012
      vertex 0.0108271 -0.0488135 0.012
      vertex 0.0109021 -0.048618 -0.005
    endloop
  endfacet
  facet normal 0.93358 -0.358369 0
    outer loop
      vertex 0.0109021 -0.048618 -0.005
      vertex 0.0108271 -0.0488135 0.012
      vertex 0.0108271 -0.0488135 -0.005
    endloop
  endfacet
  facet normal 0.89101 -0.453984 0
    outer loop
      vertex 0.0108271 -0.0488135 0.012
      vertex 0.0107321 -0.049 0.012
      vertex 0.0108271 -0.0488135 -0.005
    endloop
  endfacet
  facet normal 0.89101 -0.453984 0
    outer loop
      vertex 0.0108271 -0.0488135 -0.005
      vertex 0.0107321 -0.049 0.012
      vertex 0.0107321 -0.049 -0.005
    endloop
  endfacet
  facet normal 0.838668 -0.544643 0
    outer loop
      vertex 0.0107321 -0.049 0.012
      vertex 0.010618 -0.0491756 0.012
      vertex 0.0107321 -0.049 -0.005
    endloop
  endfacet
  facet normal 0.838668 -0.544643 0
    outer loop
      vertex 0.0107321 -0.049 -0.005
      vertex 0.010618 -0.0491756 0.012
      vertex 0.010618 -0.0491756 -0.005
    endloop
  endfacet
  facet normal 0.777147 -0.629319 0
    outer loop
      vertex 0.010618 -0.0491756 0.012
      vertex 0.0104863 -0.0493383 0.012
      vertex 0.010618 -0.0491756 -0.005
    endloop
  endfacet
  facet normal 0.777147 -0.629319 0
    outer loop
      vertex 0.010618 -0.0491756 -0.005
      vertex 0.0104863 -0.0493383 0.012
      vertex 0.0104863 -0.0493383 -0.005
    endloop
  endfacet
  facet normal 0.707107 -0.707107 0
    outer loop
      vertex 0.0104863 -0.0493383 0.012
      vertex 0.0103383 -0.0494863 0.012
      vertex 0.0104863 -0.0493383 -0.005
    endloop
  endfacet
  facet normal 0.707107 -0.707107 0
    outer loop
      vertex 0.0104863 -0.0493383 -0.005
      vertex 0.0103383 -0.0494863 0.012
      vertex 0.0103383 -0.0494863 -0.005
    endloop
  endfacet
  facet normal 0.629322 -0.777145 0
    outer loop
      vertex 0.0103383 -0.0494863 0.012
      vertex 0.0101756 -0.049618 0.012
      vertex 0.0103383 -0.0494863 -0.005
    endloop
  endfacet
  facet normal 0.629322 -0.777145 0
    outer loop
      vertex 0.0103383 -0.0494863 -0.005
      vertex 0.0101756 -0.049618 0.012
      vertex 0.0101756 -0.049618 -0.005
    endloop
  endfacet
  facet normal 0.544636 -0.838673 0
    outer loop
      vertex 0.0101756 -0.049618 0.012
      vertex 0.01 -0.0497321 0.012
      vertex 0.0101756 -0.049618 -0.005
    endloop
  endfacet
  facet normal 0.544636 -0.838673 0
    outer loop
      vertex 0.0101756 -0.049618 -0.005
      vertex 0.01 -0.0497321 0.012
      vertex 0.01 -0.0497321 -0.005
    endloop
  endfacet
  facet normal 0.45399 -0.891007 0
    outer loop
      vertex 0.01 -0.0497321 0.012
      vertex 0.00981347 -0.0498271 0.012
      vertex 0.01 -0.0497321 -0.005
    endloop
  endfacet
  facet normal 0.45399 -0.891007 0
    outer loop
      vertex 0.01 -0.0497321 -0.005
      vertex 0.00981347 -0.0498271 0.012
      vertex 0.00981347 -0.0498271 -0.005
    endloop
  endfacet
  facet normal 0.358373 -0.933578 0
    outer loop
      vertex 0.00981347 -0.0498271 0.012
      vertex 0.00961803 -0.0499021 0.012
      vertex 0.00981347 -0.0498271 -0.005
    endloop
  endfacet
  facet normal 0.358373 -0.933578 0
    outer loop
      vertex 0.00981347 -0.0498271 -0.005
      vertex 0.00961803 -0.0499021 0.012
      vertex 0.00961803 -0.0499021 -0.005
    endloop
  endfacet
  facet normal 0.258812 -0.965928 0
    outer loop
      vertex 0.00961803 -0.0499021 0.012
      vertex 0.00941582 -0.0499563 0.012
      vertex 0.00961803 -0.0499021 -0.005
    endloop
  endfacet
  facet normal 0.258812 -0.965928 0
    outer loop
      vertex 0.00961803 -0.0499021 -0.005
      vertex 0.00941582 -0.0499563 0.012
      vertex 0.00941582 -0.0499563 -0.005
    endloop
  endfacet
  facet normal 0.156437 -0.987688 0
    outer loop
      vertex 0.00941582 -0.0499563 0.012
      vertex 0.00920906 -0.049989 0.012
      vertex 0.00941582 -0.0499563 -0.005
    endloop
  endfacet
  facet normal 0.156437 -0.987688 0
    outer loop
      vertex 0.00941582 -0.0499563 -0.005
      vertex 0.00920906 -0.049989 0.012
      vertex 0.00920906 -0.049989 -0.005
    endloop
  endfacet
  facet normal 0.0523354 -0.99863 0
    outer loop
      vertex 0.00920906 -0.049989 0.012
      vertex 0.009 -0.05 0.012
      vertex 0.00920906 -0.049989 -0.005
    endloop
  endfacet
  facet normal 0.0523354 -0.99863 0
    outer loop
      vertex 0.00920906 -0.049989 -0.005
      vertex 0.009 -0.05 0.012
      vertex 0.009 -0.05 -0.005
    endloop
  endfacet
  facet normal -0.0523356 -0.99863 0
    outer loop
      vertex -0.043 -0.05 -0.005
      vertex -0.043 -0.05 0.012
      vertex -0.0432091 -0.049989 0.012
    endloop
  endfacet
  facet normal -0.0523356 -0.99863 0
    outer loop
      vertex -0.043 -0.05 -0.005
      vertex -0.0432091 -0.049989 0.012
      vertex -0.0432091 -0.049989 -0.005
    endloop
  endfacet
  facet normal -0.156435 -0.987688 0
    outer loop
      vertex -0.0432091 -0.049989 0.012
      vertex -0.0434158 -0.0499563 0.012
      vertex -0.0432091 -0.049989 -0.005
    endloop
  endfacet
  facet normal -0.156435 -0.987688 0
    outer loop
      vertex -0.0432091 -0.049989 -0.005
      vertex -0.0434158 -0.0499563 0.012
      vertex -0.0434158 -0.0499563 -0.005
    endloop
  endfacet
  facet normal -0.258814 -0.965927 0
    outer loop
      vertex -0.0434158 -0.0499563 0.012
      vertex -0.043618 -0.0499021 0.012
      vertex -0.0434158 -0.0499563 -0.005
    endloop
  endfacet
  facet normal -0.258814 -0.965927 0
    outer loop
      vertex -0.0434158 -0.0499563 -0.005
      vertex -0.043618 -0.0499021 0.012
      vertex -0.043618 -0.0499021 -0.005
    endloop
  endfacet
  facet normal -0.358373 -0.933578 0
    outer loop
      vertex -0.043618 -0.0499021 0.012
      vertex -0.0438135 -0.0498271 0.012
      vertex -0.043618 -0.0499021 -0.005
    endloop
  endfacet
  facet normal -0.358373 -0.933578 0
    outer loop
      vertex -0.043618 -0.0499021 -0.005
      vertex -0.0438135 -0.0498271 0.012
      vertex -0.0438135 -0.0498271 -0.005
    endloop
  endfacet
  facet normal -0.453991 -0.891006 0
    outer loop
      vertex -0.0438135 -0.0498271 0.012
      vertex -0.044 -0.0497321 0.012
      vertex -0.0438135 -0.0498271 -0.005
    endloop
  endfacet
  facet normal -0.453991 -0.891006 0
    outer loop
      vertex -0.0438135 -0.0498271 -0.005
      vertex -0.044 -0.0497321 0.012
      vertex -0.044 -0.0497321 -0.005
    endloop
  endfacet
  facet normal -0.544632 -0.838675 0
    outer loop
      vertex -0.044 -0.0497321 0.012
      vertex -0.0441756 -0.049618 0.012
      vertex -0.044 -0.0497321 -0.005
    endloop
  endfacet
  facet normal -0.544632 -0.838675 0
    outer loop
      vertex -0.044 -0.0497321 -0.005
      vertex -0.0441756 -0.049618 0.012
      vertex -0.0441756 -0.049618 -0.005
    endloop
  endfacet
  facet normal -0.629322 -0.777145 0
    outer loop
      vertex -0.0441756 -0.049618 0.012
      vertex -0.0443383 -0.0494863 0.012
      vertex -0.0441756 -0.049618 -0.005
    endloop
  endfacet
  facet normal -0.629322 -0.777145 0
    outer loop
      vertex -0.0441756 -0.049618 -0.005
      vertex -0.0443383 -0.0494863 0.012
      vertex -0.0443383 -0.0494863 -0.005
    endloop
  endfacet
  facet normal -0.707107 -0.707107 0
    outer loop
      vertex -0.0443383 -0.0494863 0.012
      vertex -0.0444863 -0.0493383 0.012
      vertex -0.0443383 -0.0494863 -0.005
    endloop
  endfacet
  facet normal -0.707107 -0.707107 0
    outer loop
      vertex -0.0443383 -0.0494863 -0.005
      vertex -0.0444863 -0.0493383 0.012
      vertex -0.0444863 -0.0493383 -0.005
    endloop
  endfacet
  facet normal -0.777154 -0.629311 0
    outer loop
      vertex -0.0444863 -0.0493383 0.012
      vertex -0.044618 -0.0491756 0.012
      vertex -0.0444863 -0.0493383 -0.005
    endloop
  endfacet
  facet normal -0.777154 -0.629311 0
    outer loop
      vertex -0.0444863 -0.0493383 -0.005
      vertex -0.044618 -0.0491756 0.012
      vertex -0.044618 -0.0491756 -0.005
    endloop
  endfacet
  facet normal -0.838662 -0.544652 0
    outer loop
      vertex -0.044618 -0.0491756 0.012
      vertex -0.0447321 -0.049 0.012
      vertex -0.044618 -0.0491756 -0.005
    endloop
  endfacet
  facet normal -0.838662 -0.544652 0
    outer loop
      vertex -0.044618 -0.0491756 -0.005
      vertex -0.0447321 -0.049 0.012
      vertex -0.0447321 -0.049 -0.005
    endloop
  endfacet
  facet normal -0.89101 -0.453984 0
    outer loop
      vertex -0.0447321 -0.049 0.012
      vertex -0.0448271 -0.0488135 0.012
      vertex -0.0447321 -0.049 -0.005
    endloop
  endfacet
  facet normal -0.89101 -0.453984 0
    outer loop
      vertex -0.0447321 -0.049 -0.005
      vertex -0.0448271 -0.0488135 0.012
      vertex -0.0448271 -0.0488135 -0.005
    endloop
  endfacet
  facet normal -0.933584 -0.358358 0
    outer loop
      vertex -0.0448271 -0.0488135 0.012
      vertex -0.0449021 -0.048618 0.012
      vertex -0.0448271 -0.0488135 -0.005
    endloop
  endfacet
  facet normal -0.933584 -0.358358 0
    outer loop
      vertex -0.0448271 -0.0488135 -0.005
      vertex -0.0449021 -0.048618 0.012
      vertex -0.0449021 -0.048618 -0.005
    endloop
  endfacet
  facet normal -0.965923 -0.258831 0
    outer loop
      vertex -0.0449021 -0.048618 0.012
      vertex -0.0449563 -0.0484158 0.012
      vertex -0.0449021 -0.048618 -0.005
    endloop
  endfacet
  facet normal -0.965923 -0.258831 0
    outer loop
      vertex -0.0449021 -0.048618 -0.005
      vertex -0.0449563 -0.0484158 0.012
      vertex -0.0449563 -0.0484158 -0.005
    endloop
  endfacet
  facet normal -0.987688 -0.156435 0
    outer loop
      vertex -0.0449563 -0.0484158 0.012
      vertex -0.044989 -0.0482091 0.012
      vertex -0.0449563 -0.0484158 -0.005
    endloop
  endfacet
  facet normal -0.987688 -0.156435 0
    outer loop
      vertex -0.0449563 -0.0484158 -0.005
      vertex -0.044989 -0.0482091 0.012
      vertex -0.044989 -0.0482091 -0.005
    endloop
  endfacet
  facet normal -0.99863 -0.0523356 0
    outer loop
      vertex -0.044989 -0.0482091 0.012
      vertex -0.045 -0.048 0.012
      vertex -0.044989 -0.0482091 -0.005
    endloop
  endfacet
  facet normal -0.99863 -0.0523356 0
    outer loop
      vertex -0.044989 -0.0482091 -0.005
      vertex -0.045 -0.048 0.012
      vertex -0.045 -0.048 -0.005
    endloop
  endfacet
  facet normal 0.0523347 -0.99863 0
    outer loop
      vertex -0.038 -0.015 0.01
      vertex -0.038 -0.015 0.012
      vertex -0.0382091 -0.015011 0.01
    endloop
  endfacet
  facet normal 0.0523347 -0.99863 0
    outer loop
      vertex -0.038 -0.015 0.012
      vertex -0.0382091 -0.015011 0.012
      vertex -0.0382091 -0.015011 0.01
    endloop
  endfacet
  facet normal 0.156433 -0.987689 0
    outer loop
      vertex -0.0382091 -0.015011 0.01
      vertex -0.0382091 -0.015011 0.012
      vertex -0.0384158 -0.0150437 0.01
    endloop
  endfacet
  facet normal 0.156433 -0.987689 0
    outer loop
      vertex -0.0382091 -0.015011 0.012
      vertex -0.0384158 -0.0150437 0.012
      vertex -0.0384158 -0.0150437 0.01
    endloop
  endfacet
  facet normal 0.258818 -0.965926 0
    outer loop
      vertex -0.0384158 -0.0150437 0.01
      vertex -0.0384158 -0.0150437 0.012
      vertex -0.038618 -0.0150979 0.01
    endloop
  endfacet
  facet normal 0.258818 -0.965926 0
    outer loop
      vertex -0.0384158 -0.0150437 0.012
      vertex -0.038618 -0.0150979 0.012
      vertex -0.038618 -0.0150979 0.01
    endloop
  endfacet
  facet normal 0.358365 -0.933581 0
    outer loop
      vertex -0.038618 -0.0150979 0.01
      vertex -0.038618 -0.0150979 0.012
      vertex -0.0388135 -0.0151729 0.01
    endloop
  endfacet
  facet normal 0.358365 -0.933581 0
    outer loop
      vertex -0.038618 -0.0150979 0.012
      vertex -0.0388135 -0.0151729 0.012
      vertex -0.0388135 -0.0151729 0.01
    endloop
  endfacet
  facet normal 0.453995 -0.891004 0
    outer loop
      vertex -0.0388135 -0.0151729 0.01
      vertex -0.0388135 -0.0151729 0.012
      vertex -0.039 -0.0152679 0.01
    endloop
  endfacet
  facet normal 0.453995 -0.891004 0
    outer loop
      vertex -0.0388135 -0.0151729 0.012
      vertex -0.039 -0.0152679 0.012
      vertex -0.039 -0.0152679 0.01
    endloop
  endfacet
  facet normal 0.54464 -0.83867 0
    outer loop
      vertex -0.039 -0.0152679 0.01
      vertex -0.039 -0.0152679 0.012
      vertex -0.0391756 -0.015382 0.01
    endloop
  endfacet
  facet normal 0.54464 -0.83867 0
    outer loop
      vertex -0.039 -0.0152679 0.012
      vertex -0.0391756 -0.015382 0.012
      vertex -0.0391756 -0.015382 0.01
    endloop
  endfacet
  facet normal 0.629322 -0.777145 0
    outer loop
      vertex -0.0391756 -0.015382 0.01
      vertex -0.0391756 -0.015382 0.012
      vertex -0.0393383 -0.0155137 0.01
    endloop
  endfacet
  facet normal 0.629322 -0.777145 0
    outer loop
      vertex -0.0391756 -0.015382 0.012
      vertex -0.0393383 -0.0155137 0.012
      vertex -0.0393383 -0.0155137 0.01
    endloop
  endfacet
  facet normal 0.707107 -0.707107 0
    outer loop
      vertex -0.0393383 -0.0155137 0.01
      vertex -0.0393383 -0.0155137 0.012
      vertex -0.0394863 -0.0156617 0.01
    endloop
  endfacet
  facet normal 0.707107 -0.707107 0
    outer loop
      vertex -0.0393383 -0.0155137 0.012
      vertex -0.0394863 -0.0156617 0.012
      vertex -0.0394863 -0.0156617 0.01
    endloop
  endfacet
  facet normal 0.777145 -0.629322 0
    outer loop
      vertex -0.0394863 -0.0156617 0.01
      vertex -0.0394863 -0.0156617 0.012
      vertex -0.039618 -0.0158244 0.01
    endloop
  endfacet
  facet normal 0.777145 -0.629322 0
    outer loop
      vertex -0.0394863 -0.0156617 0.012
      vertex -0.039618 -0.0158244 0.012
      vertex -0.039618 -0.0158244 0.01
    endloop
  endfacet
  facet normal 0.838673 -0.544636 0
    outer loop
      vertex -0.039618 -0.0158244 0.01
      vertex -0.039618 -0.0158244 0.012
      vertex -0.0397321 -0.016 0.01
    endloop
  endfacet
  facet normal 0.838673 -0.544636 0
    outer loop
      vertex -0.039618 -0.0158244 0.012
      vertex -0.0397321 -0.016 0.012
      vertex -0.0397321 -0.016 0.01
    endloop
  endfacet
  facet normal 0.891006 -0.453991 0
    outer loop
      vertex -0.0397321 -0.016 0.01
      vertex -0.0397321 -0.016 0.012
      vertex -0.0398271 -0.0161865 0.01
    endloop
  endfacet
  facet normal 0.891006 -0.453991 0
    outer loop
      vertex -0.0397321 -0.016 0.012
      vertex -0.0398271 -0.0161865 0.012
      vertex -0.0398271 -0.0161865 0.01
    endloop
  endfacet
  facet normal 0.933578 -0.358373 0
    outer loop
      vertex -0.0398271 -0.0161865 0.01
      vertex -0.0398271 -0.0161865 0.012
      vertex -0.0399021 -0.016382 0.01
    endloop
  endfacet
  facet normal 0.933578 -0.358373 0
    outer loop
      vertex -0.0398271 -0.0161865 0.012
      vertex -0.0399021 -0.016382 0.012
      vertex -0.0399021 -0.016382 0.01
    endloop
  endfacet
  facet normal 0.965928 -0.258812 0
    outer loop
      vertex -0.0399021 -0.016382 0.01
      vertex -0.0399021 -0.016382 0.012
      vertex -0.0399563 -0.0165842 0.01
    endloop
  endfacet
  facet normal 0.965928 -0.258812 0
    outer loop
      vertex -0.0399021 -0.016382 0.012
      vertex -0.0399563 -0.0165842 0.012
      vertex -0.0399563 -0.0165842 0.01
    endloop
  endfacet
  facet normal 0.987688 -0.156436 0
    outer loop
      vertex -0.0399563 -0.0165842 0.01
      vertex -0.0399563 -0.0165842 0.012
      vertex -0.039989 -0.0167909 0.01
    endloop
  endfacet
  facet normal 0.987688 -0.156436 0
    outer loop
      vertex -0.0399563 -0.0165842 0.012
      vertex -0.039989 -0.0167909 0.012
      vertex -0.039989 -0.0167909 0.01
    endloop
  endfacet
  facet normal 0.99863 -0.0523351 0
    outer loop
      vertex -0.039989 -0.0167909 0.01
      vertex -0.039989 -0.0167909 0.012
      vertex -0.04 -0.017 0.01
    endloop
  endfacet
  facet normal 0.99863 -0.0523351 0
    outer loop
      vertex -0.039989 -0.0167909 0.012
      vertex -0.04 -0.017 0.012
      vertex -0.04 -0.017 0.01
    endloop
  endfacet
  facet normal 1 0 0
    outer loop
      vertex -0.04 -0.017 0
      vertex -0.04 -0.017 0.003
      vertex -0.04 -0.042 0
    endloop
  endfacet
  facet normal 1 0 0
    outer loop
      vertex -0.04 -0.017 0.003
      vertex -0.04 -0.042 0.003
      vertex -0.04 -0.042 0
    endloop
  endfacet
  facet normal 0.0523347 -0.99863 0
    outer loop
      vertex -0.038 -0.015 0
      vertex -0.038 -0.015 0.003
      vertex -0.0382091 -0.015011 0
    endloop
  endfacet
  facet normal 0.0523347 -0.99863 0
    outer loop
      vertex -0.038 -0.015 0.003
      vertex -0.0382091 -0.015011 0.003
      vertex -0.0382091 -0.015011 0
    endloop
  endfacet
  facet normal 0.156433 -0.987689 0
    outer loop
      vertex -0.0382091 -0.015011 0
      vertex -0.0382091 -0.015011 0.003
      vertex -0.0384158 -0.0150437 0
    endloop
  endfacet
  facet normal 0.156433 -0.987689 0
    outer loop
      vertex -0.0382091 -0.015011 0.003
      vertex -0.0384158 -0.0150437 0.003
      vertex -0.0384158 -0.0150437 0
    endloop
  endfacet
  facet normal 0.258818 -0.965926 0
    outer loop
      vertex -0.0384158 -0.0150437 0
      vertex -0.0384158 -0.0150437 0.003
      vertex -0.038618 -0.0150979 0
    endloop
  endfacet
  facet normal 0.258818 -0.965926 0
    outer loop
      vertex -0.0384158 -0.0150437 0.003
      vertex -0.038618 -0.0150979 0.003
      vertex -0.038618 -0.0150979 0
    endloop
  endfacet
  facet normal 0.358365 -0.933581 0
    outer loop
      vertex -0.038618 -0.0150979 0
      vertex -0.038618 -0.0150979 0.003
      vertex -0.0388135 -0.0151729 0
    endloop
  endfacet
  facet normal 0.358365 -0.933581 0
    outer loop
      vertex -0.038618 -0.0150979 0.003
      vertex -0.0388135 -0.0151729 0.003
      vertex -0.0388135 -0.0151729 0
    endloop
  endfacet
  facet normal 0.453995 -0.891004 0
    outer loop
      vertex -0.0388135 -0.0151729 0
      vertex -0.0388135 -0.0151729 0.003
      vertex -0.039 -0.0152679 0
    endloop
  endfacet
  facet normal 0.453995 -0.891004 0
    outer loop
      vertex -0.0388135 -0.0151729 0.003
      vertex -0.039 -0.0152679 0.003
      vertex -0.039 -0.0152679 0
    endloop
  endfacet
  facet normal 0.54464 -0.83867 0
    outer loop
      vertex -0.039 -0.0152679 0
      vertex -0.039 -0.0152679 0.003
      vertex -0.0391756 -0.015382 0
    endloop
  endfacet
  facet normal 0.54464 -0.83867 0
    outer loop
      vertex -0.039 -0.0152679 0.003
      vertex -0.0391756 -0.015382 0.003
      vertex -0.0391756 -0.015382 0
    endloop
  endfacet
  facet normal 0.629322 -0.777145 0
    outer loop
      vertex -0.0391756 -0.015382 0
      vertex -0.0391756 -0.015382 0.003
      vertex -0.0393383 -0.0155137 0
    endloop
  endfacet
  facet normal 0.629322 -0.777145 0
    outer loop
      vertex -0.0391756 -0.015382 0.003
      vertex -0.0393383 -0.0155137 0.003
      vertex -0.0393383 -0.0155137 0
    endloop
  endfacet
  facet normal 0.707107 -0.707107 0
    outer loop
      vertex -0.0393383 -0.0155137 0
      vertex -0.0393383 -0.0155137 0.003
      vertex -0.0394863 -0.0156617 0
    endloop
  endfacet
  facet normal 0.707107 -0.707107 0
    outer loop
      vertex -0.0393383 -0.0155137 0.003
      vertex -0.0394863 -0.0156617 0.003
      vertex -0.0394863 -0.0156617 0
    endloop
  endfacet
  facet normal 0.777145 -0.629322 0
    outer loop
      vertex -0.0394863 -0.0156617 0
      vertex -0.0394863 -0.0156617 0.003
      vertex -0.039618 -0.0158244 0
    endloop
  endfacet
  facet normal 0.777145 -0.629322 0
    outer loop
      vertex -0.0394863 -0.0156617 0.003
      vertex -0.039618 -0.0158244 0.003
      vertex -0.039618 -0.0158244 0
    endloop
  endfacet
  facet normal 0.838673 -0.544636 0
    outer loop
      vertex -0.039618 -0.0158244 0
      vertex -0.039618 -0.0158244 0.003
      vertex -0.0397321 -0.016 0
    endloop
  endfacet
  facet normal 0.838673 -0.544636 0
    outer loop
      vertex -0.039618 -0.0158244 0.003
      vertex -0.0397321 -0.016 0.003
      vertex -0.0397321 -0.016 0
    endloop
  endfacet
  facet normal 0.891006 -0.453991 0
    outer loop
      vertex -0.0397321 -0.016 0
      vertex -0.0397321 -0.016 0.003
      vertex -0.0398271 -0.0161865 0
    endloop
  endfacet
  facet normal 0.891006 -0.453991 0
    outer loop
      vertex -0.0397321 -0.016 0.003
      vertex -0.0398271 -0.0161865 0.003
      vertex -0.0398271 -0.0161865 0
    endloop
  endfacet
  facet normal 0.933578 -0.358373 0
    outer loop
      vertex -0.0398271 -0.0161865 0
      vertex -0.0398271 -0.0161865 0.003
      vertex -0.0399021 -0.016382 0
    endloop
  endfacet
  facet normal 0.933578 -0.358373 0
    outer loop
      vertex -0.0398271 -0.0161865 0.003
      vertex -0.0399021 -0.016382 0.003
      vertex -0.0399021 -0.016382 0
    endloop
  endfacet
  facet normal 0.965928 -0.258812 0
    outer loop
      vertex -0.0399021 -0.016382 0
      vertex -0.0399021 -0.016382 0.003
      vertex -0.0399563 -0.0165842 0
    endloop
  endfacet
  facet normal 0.965928 -0.258812 0
    outer loop
      vertex -0.0399021 -0.016382 0.003
      vertex -0.0399563 -0.0165842 0.003
      vertex -0.0399563 -0.0165842 0
    endloop
  endfacet
  facet normal 0.987688 -0.156436 0
    outer loop
      vertex -0.0399563 -0.0165842 0
      vertex -0.0399563 -0.0165842 0.003
      vertex -0.039989 -0.0167909 0
    endloop
  endfacet
  facet normal 0.987688 -0.156436 0
    outer loop
      vertex -0.0399563 -0.0165842 0.003
      vertex -0.039989 -0.0167909 0.003
      vertex -0.039989 -0.0167909 0
    endloop
  endfacet
  facet normal 0.99863 -0.0523351 0
    outer loop
      vertex -0.039989 -0.0167909 0
      vertex -0.039989 -0.0167909 0.003
      vertex -0.04 -0.017 0
    endloop
  endfacet
  facet normal 0.99863 -0.0523351 0
    outer loop
      vertex -0.039989 -0.0167909 0.003
      vertex -0.04 -0.017 0.003
      vertex -0.04 -0.017 0
    endloop
  endfacet
  facet normal -1 0 0
    outer loop
      vertex -0.045 -0.015 0.003
      vertex -0.045 -0.012 -0.005
      vertex -0.045 -0.044 0.003
    endloop
  endfacet
  facet normal -1 0 0
    outer loop
      vertex -0.045 -0.012 -0.005
      vertex -0.045 -0.048 -0.005
      vertex -0.045 -0.044 0.003
    endloop
  endfacet
  facet normal -1 0 0
    outer loop
      vertex -0.045 -0.044 0.003
      vertex -0.045 -0.048 -0.005
      vertex -0.045 -0.044 0.01
    endloop
  endfacet
  facet normal -1 0 0
    outer loop
      vertex -0.045 -0.048 -0.005
      vertex -0.045 -0.048 0.012
      vertex -0.045 -0.044 0.01
    endloop
  endfacet
  facet normal -1 0 0
    outer loop
      vertex -0.045 -0.044 0.01
      vertex -0.045 -0.048 0.012
      vertex -0.045 -0.015 0.01
    endloop
  endfacet
  facet normal -1 0 0
    outer loop
      vertex -0.045 -0.048 0.012
      vertex -0.045 -0.012 0.012
      vertex -0.045 -0.015 0.01
    endloop
  endfacet
  facet normal -1 0 0
    outer loop
      vertex -0.045 -0.015 0.01
      vertex -0.045 -0.012 0.012
      vertex -0.045 -0.015 0.003
    endloop
  endfacet
  facet normal -1 0 0
    outer loop
      vertex -0.045 -0.012 0.012
      vertex -0.045 -0.012 -0.005
      vertex -0.045 -0.015 0.003
    endloop
  endfacet
  facet normal 0 0 1
    outer loop
      vertex 0.00934209 -0.045854 0.012
      vertex 0.00935 -0.046 0.012
      vertex 0.011 -0.048 0.012
    endloop
  endfacet
  facet normal 0 0 1
    outer loop
      vertex 0.00935 -0.046 0.012
      vertex 0.00934209 -0.046146 0.012
      vertex 0.011 -0.048 0.012
    endloop
  endfacet
  facet normal 0 0 1
    outer loop
      vertex 0.00934209 -0.046146 0.012
      vertex 0.00931844 -0.0462902 0.012
      vertex 0.011 -0.048 0.012
    endloop
  endfacet
  facet normal 0 0 1
    outer loop
      vertex 0.011 -0.048 0.012
      vertex 0.00931844 -0.0462902 0.012
      vertex 0.00927933 -0.0464311 0.012
    endloop
  endfacet
  facet normal 0 0 1
    outer loop
      vertex 0.00863235 -0.0448073 0.012
      vertex 0.0087576 -0.0448826 0.012
      vertex 0.011 -0.012 0.012
    endloop
  endfacet
  facet normal 0 0 1
    outer loop
      vertex 0.00981347 -0.0498271 0.012
      vertex 0.00863235 -0.0471927 0.012
      vertex 0.00849969 -0.0472541 0.012
    endloop
  endfacet
  facet normal 0 0 1
    outer loop
      vertex 0.009 -0.05 0.012
      vertex 0.00792691 -0.047348 0.012
      vertex 0.00778159 -0.0473322 0.012
    endloop
  endfacet
  facet normal 0 0 1
    outer loop
      vertex 0.00778159 -0.0446678 0.012
      vertex 0.00792691 -0.044652 0.012
      vertex 0.006 -0.017 0.012
    endloop
  endfacet
  facet normal 0 0 1
    outer loop
      vertex 0.00907473 -0.045183 0.012
      vertex 0.00915676 -0.045304 0.012
      vertex 0.011 -0.012 0.012
    endloop
  endfacet
  facet normal 0 0 1
    outer loop
      vertex 0.00981347 -0.0498271 0.012
      vertex 0.01 -0.0497321 0.012
      vertex 0.00863235 -0.0471927 0.012
    endloop
  endfacet
  facet normal 0 0 1
    outer loop
      vertex 0.01 -0.0497321 0.012
      vertex 0.0101756 -0.049618 0.012
      vertex 0.00863235 -0.0471927 0.012
    endloop
  endfacet
  facet normal 0 0 1
    outer loop
      vertex 0.00863235 -0.0471927 0.012
      vertex 0.0101756 -0.049618 0.012
      vertex 0.0087576 -0.0471174 0.012
    endloop
  endfacet
  facet normal 0 0 1
    outer loop
      vertex 0.00836116 -0.0473008 0.012
      vertex 0.00821841 -0.0473322 0.012
      vertex 0.009 -0.05 0.012
    endloop
  endfacet
  facet normal 0 0 1
    outer loop
      vertex 0.00821841 -0.0473322 0.012
      vertex 0.00807309 -0.047348 0.012
      vertex 0.009 -0.05 0.012
    endloop
  endfacet
  facet normal 0 0 1
    outer loop
      vertex 0.009 -0.05 0.012
      vertex 0.00807309 -0.047348 0.012
      vertex 0.00792691 -0.047348 0.012
    endloop
  endfacet
  facet normal 0 0 1
    outer loop
      vertex 0.00915676 -0.045304 0.012
      vertex 0.00922523 -0.0454331 0.012
      vertex 0.011 -0.012 0.012
    endloop
  endfacet
  facet normal 0 0 1
    outer loop
      vertex 0.00922523 -0.0454331 0.012
      vertex 0.00927933 -0.0455689 0.012
      vertex 0.011 -0.012 0.012
    endloop
  endfacet
  facet normal 0 0 1
    outer loop
      vertex 0.011 -0.012 0.012
      vertex 0.00927933 -0.0455689 0.012
      vertex 0.011 -0.048 0.012
    endloop
  endfacet
  facet normal 0 0 1
    outer loop
      vertex 0.00927933 -0.0455689 0.012
      vertex 0.00931844 -0.0457098 0.012
      vertex 0.011 -0.048 0.012
    endloop
  endfacet
  facet normal 0 0 1
    outer loop
      vertex 0.011 -0.048 0.012
      vertex 0.00931844 -0.0457098 0.012
      vertex 0.00934209 -0.045854 0.012
    endloop
  endfacet
  facet normal 0 0 1
    outer loop
      vertex 0.00821841 -0.0446678 0.012
      vertex 0.00836116 -0.0446992 0.012
      vertex 0.011 -0.012 0.012
    endloop
  endfacet
  facet normal 0 0 1
    outer loop
      vertex 0.00836116 -0.0446992 0.012
      vertex 0.00849969 -0.0447459 0.012
      vertex 0.011 -0.012 0.012
    endloop
  endfacet
  facet normal 0 0 1
    outer loop
      vertex 0.011 -0.012 0.012
      vertex 0.00849969 -0.0447459 0.012
      vertex 0.00863235 -0.0448073 0.012
    endloop
  endfacet
  facet normal 0 0 1
    outer loop
      vertex 0.00927933 -0.0464311 0.012
      vertex 0.00922523 -0.0465669 0.012
      vertex 0.011 -0.048 0.012
    endloop
  endfacet
  facet normal 0 0 1
    outer loop
      vertex 0.00922523 -0.0465669 0.012
      vertex 0.00915676 -0.046696 0.012
      vertex 0.011 -0.048 0.012
    endloop
  endfacet
  facet normal 0 0 1
    outer loop
      vertex 0.011 -0.048 0.012
      vertex 0.00915676 -0.046696 0.012
      vertex 0.010989 -0.0482091 0.012
    endloop
  endfacet
  facet normal 0 0 1
    outer loop
      vertex 0.00915676 -0.046696 0.012
      vertex 0.00907473 -0.046817 0.012
      vertex 0.010989 -0.0482091 0.012
    endloop
  endfacet
  facet normal 0 0 1
    outer loop
      vertex 0.010989 -0.0482091 0.012
      vertex 0.00907473 -0.046817 0.012
      vertex 0.0109563 -0.0484158 0.012
    endloop
  endfacet
  facet normal 0 0 1
    outer loop
      vertex 0.00907473 -0.046817 0.012
      vertex 0.00898009 -0.0469284 0.012
      vertex 0.0109563 -0.0484158 0.012
    endloop
  endfacet
  facet normal 0 0 1
    outer loop
      vertex 0.0109563 -0.0484158 0.012
      vertex 0.00898009 -0.0469284 0.012
      vertex 0.0109021 -0.048618 0.012
    endloop
  endfacet
  facet normal 0 0 1
    outer loop
      vertex 0.0109021 -0.048618 0.012
      vertex 0.00898009 -0.0469284 0.012
      vertex 0.0108271 -0.0488135 0.012
    endloop
  endfacet
  facet normal 0 0 1
    outer loop
      vertex 0.00898009 -0.0469284 0.012
      vertex 0.00887397 -0.0470289 0.012
      vertex 0.0108271 -0.0488135 0.012
    endloop
  endfacet
  facet normal 0 0 1
    outer loop
      vertex 0.0108271 -0.0488135 0.012
      vertex 0.00887397 -0.0470289 0.012
      vertex 0.0107321 -0.049 0.012
    endloop
  endfacet
  facet normal 0 0 1
    outer loop
      vertex 0.0101756 -0.049618 0.012
      vertex 0.0103383 -0.0494863 0.012
      vertex 0.0087576 -0.0471174 0.012
    endloop
  endfacet
  facet normal 0 0 1
    outer loop
      vertex 0.0103383 -0.0494863 0.012
      vertex 0.0104863 -0.0493383 0.012
      vertex 0.0087576 -0.0471174 0.012
    endloop
  endfacet
  facet normal 0 0 1
    outer loop
      vertex 0.0087576 -0.0471174 0.012
      vertex 0.0104863 -0.0493383 0.012
      vertex 0.00887397 -0.0470289 0.012
    endloop
  endfacet
  facet normal 0 0 1
    outer loop
      vertex 0.0104863 -0.0493383 0.012
      vertex 0.010618 -0.0491756 0.012
      vertex 0.00887397 -0.0470289 0.012
    endloop
  endfacet
  facet normal 0 0 1
    outer loop
      vertex 0.00887397 -0.0470289 0.012
      vertex 0.010618 -0.0491756 0.012
      vertex 0.0107321 -0.049 0.012
    endloop
  endfacet
  facet normal 0 0 1
    outer loop
      vertex 0.009 -0.05 0.012
      vertex 0.00920906 -0.049989 0.012
      vertex 0.00836116 -0.0473008 0.012
    endloop
  endfacet
  facet normal 0 0 1
    outer loop
      vertex 0.00920906 -0.049989 0.012
      vertex 0.00941582 -0.0499563 0.012
      vertex 0.00836116 -0.0473008 0.012
    endloop
  endfacet
  facet normal 0 0 1
    outer loop
      vertex 0.00836116 -0.0473008 0.012
      vertex 0.00941582 -0.0499563 0.012
      vertex 0.00849969 -0.0472541 0.012
    endloop
  endfacet
  facet normal 0 0 1
    outer loop
      vertex 0.00941582 -0.0499563 0.012
      vertex 0.00961803 -0.0499021 0.012
      vertex 0.00849969 -0.0472541 0.012
    endloop
  endfacet
  facet normal 0 0 1
    outer loop
      vertex 0.00849969 -0.0472541 0.012
      vertex 0.00961803 -0.0499021 0.012
      vertex 0.00981347 -0.0498271 0.012
    endloop
  endfacet
  facet normal 0 0 1
    outer loop
      vertex -0.0409253 -0.012183 0.012
      vertex -0.0408432 -0.012304 0.012
      vertex -0.021 -0.01 0.012
    endloop
  endfacet
  facet normal 0 0 1
    outer loop
      vertex 0.006 -0.017 0.012
      vertex 0.00792691 -0.044652 0.012
      vertex 0.011 -0.012 0.012
    endloop
  endfacet
  facet normal 0 0 1
    outer loop
      vertex 0.00792691 -0.044652 0.012
      vertex 0.00807309 -0.044652 0.012
      vertex 0.011 -0.012 0.012
    endloop
  endfacet
  facet normal 0 0 1
    outer loop
      vertex 0.011 -0.012 0.012
      vertex 0.00807309 -0.044652 0.012
      vertex 0.00821841 -0.0446678 0.012
    endloop
  endfacet
  facet normal 0 0 1
    outer loop
      vertex 0.0087576 -0.0448826 0.012
      vertex 0.00887397 -0.0449711 0.012
      vertex 0.011 -0.012 0.012
    endloop
  endfacet
  facet normal 0 0 1
    outer loop
      vertex 0.00887397 -0.0449711 0.012
      vertex 0.00898009 -0.0450716 0.012
      vertex 0.011 -0.012 0.012
    endloop
  endfacet
  facet normal 0 0 1
    outer loop
      vertex 0.011 -0.012 0.012
      vertex 0.00898009 -0.0450716 0.012
      vertex 0.00907473 -0.045183 0.012
    endloop
  endfacet
  facet normal 0 0 1
    outer loop
      vertex 0.011 -0.012 0.012
      vertex -0.0135726 -0.0120622 0.012
      vertex -0.0138156 -0.0124207 0.012
    endloop
  endfacet
  facet normal 0 0 1
    outer loop
      vertex -0.0147553 -0.0133108 0.012
      vertex -0.0151264 -0.013534 0.012
      vertex 0.011 -0.012 0.012
    endloop
  endfacet
  facet normal 0 0 1
    outer loop
      vertex -0.0151264 -0.013534 0.012
      vertex -0.0155194 -0.0137159 0.012
      vertex 0.011 -0.012 0.012
    endloop
  endfacet
  facet normal 0 0 1
    outer loop
      vertex 0.011 -0.012 0.012
      vertex -0.0155194 -0.0137159 0.012
      vertex -0.0159299 -0.0138542 0.012
    endloop
  endfacet
  facet normal 0 0 1
    outer loop
      vertex -0.0382091 -0.015011 0.012
      vertex -0.038 -0.015 0.012
      vertex -0.0407748 -0.0135669 0.012
    endloop
  endfacet
  facet normal 0 0 1
    outer loop
      vertex -0.038 -0.015 0.012
      vertex -0.0407207 -0.0134311 0.012
      vertex -0.0407748 -0.0135669 0.012
    endloop
  endfacet
  facet normal 0 0 1
    outer loop
      vertex 0.00672067 -0.0464311 0.012
      vertex 0.00668156 -0.0462902 0.012
      vertex -0.013 -0.05 0.012
    endloop
  endfacet
  facet normal 0 0 1
    outer loop
      vertex -0.0209065 -0.0108599 0.012
      vertex -0.0209766 -0.0104325 0.012
      vertex -0.0407207 -0.0125689 0.012
    endloop
  endfacet
  facet normal 0 0 1
    outer loop
      vertex -0.0209766 -0.0104325 0.012
      vertex -0.021 -0.01 0.012
      vertex -0.0407207 -0.0125689 0.012
    endloop
  endfacet
  facet normal 0 0 1
    outer loop
      vertex -0.0407207 -0.0125689 0.012
      vertex -0.021 -0.01 0.012
      vertex -0.0407748 -0.0124331 0.012
    endloop
  endfacet
  facet normal 0 0 1
    outer loop
      vertex -0.021 -0.01 0.012
      vertex -0.0408432 -0.012304 0.012
      vertex -0.0407748 -0.0124331 0.012
    endloop
  endfacet
  facet normal 0 0 1
    outer loop
      vertex -0.0130935 -0.0108599 0.012
      vertex -0.0132094 -0.0112772 0.012
      vertex 0.011 -0.012 0.012
    endloop
  endfacet
  facet normal 0 0 1
    outer loop
      vertex -0.0132094 -0.0112772 0.012
      vertex -0.0133697 -0.0116796 0.012
      vertex 0.011 -0.012 0.012
    endloop
  endfacet
  facet normal 0 0 1
    outer loop
      vertex 0.011 -0.012 0.012
      vertex -0.0133697 -0.0116796 0.012
      vertex -0.0135726 -0.0120622 0.012
    endloop
  endfacet
  facet normal 0 0 1
    outer loop
      vertex -0.0408432 -0.013696 0.012
      vertex -0.0409253 -0.013817 0.012
      vertex -0.039 -0.0152679 0.012
    endloop
  endfacet
  facet normal 0 0 1
    outer loop
      vertex -0.039 -0.0152679 0.012
      vertex -0.0409253 -0.013817 0.012
      vertex -0.0391756 -0.015382 0.012
    endloop
  endfacet
  facet normal 0 0 1
    outer loop
      vertex -0.045 -0.012 0.012
      vertex -0.0432793 -0.0134311 0.012
      vertex -0.0433184 -0.0132902 0.012
    endloop
  endfacet
  facet normal 0 0 1
    outer loop
      vertex -0.0138156 -0.0124207 0.012
      vertex -0.014096 -0.0127508 0.012
      vertex 0.011 -0.012 0.012
    endloop
  endfacet
  facet normal 0 0 1
    outer loop
      vertex -0.014096 -0.0127508 0.012
      vertex -0.0144105 -0.0130486 0.012
      vertex 0.011 -0.012 0.012
    endloop
  endfacet
  facet normal 0 0 1
    outer loop
      vertex 0.011 -0.012 0.012
      vertex -0.0144105 -0.0130486 0.012
      vertex -0.0147553 -0.0133108 0.012
    endloop
  endfacet
  facet normal 0 0 1
    outer loop
      vertex -0.039 -0.0152679 0.012
      vertex -0.0388135 -0.0151729 0.012
      vertex -0.0408432 -0.013696 0.012
    endloop
  endfacet
  facet normal 0 0 1
    outer loop
      vertex -0.0388135 -0.0151729 0.012
      vertex -0.038618 -0.0150979 0.012
      vertex -0.0408432 -0.013696 0.012
    endloop
  endfacet
  facet normal 0 0 1
    outer loop
      vertex -0.0408432 -0.013696 0.012
      vertex -0.038618 -0.0150979 0.012
      vertex -0.0407748 -0.0135669 0.012
    endloop
  endfacet
  facet normal 0 0 1
    outer loop
      vertex -0.038618 -0.0150979 0.012
      vertex -0.0384158 -0.0150437 0.012
      vertex -0.0407748 -0.0135669 0.012
    endloop
  endfacet
  facet normal 0 0 1
    outer loop
      vertex -0.0407748 -0.0135669 0.012
      vertex -0.0384158 -0.0150437 0.012
      vertex -0.0382091 -0.015011 0.012
    endloop
  endfacet
  facet normal 0 0 1
    outer loop
      vertex 0.00441582 -0.0150437 0.012
      vertex 0.00461803 -0.0150979 0.012
      vertex 0.011 -0.012 0.012
    endloop
  endfacet
  facet normal 0 0 1
    outer loop
      vertex 0.00517557 -0.015382 0.012
      vertex 0.00533826 -0.0155137 0.012
      vertex 0.011 -0.012 0.012
    endloop
  endfacet
  facet normal 0 0 1
    outer loop
      vertex 0.00533826 -0.0155137 0.012
      vertex 0.00548629 -0.0156617 0.012
      vertex 0.011 -0.012 0.012
    endloop
  endfacet
  facet normal 0 0 1
    outer loop
      vertex 0.011 -0.012 0.012
      vertex 0.00548629 -0.0156617 0.012
      vertex 0.00561803 -0.0158244 0.012
    endloop
  endfacet
  facet normal 0 0 1
    outer loop
      vertex 0.00561803 -0.0158244 0.012
      vertex 0.00573205 -0.016 0.012
      vertex 0.011 -0.012 0.012
    endloop
  endfacet
  facet normal 0 0 1
    outer loop
      vertex 0.00573205 -0.016 0.012
      vertex 0.00582709 -0.0161865 0.012
      vertex 0.011 -0.012 0.012
    endloop
  endfacet
  facet normal 0 0 1
    outer loop
      vertex 0.011 -0.012 0.012
      vertex 0.00582709 -0.0161865 0.012
      vertex 0.00590211 -0.016382 0.012
    endloop
  endfacet
  facet normal 0 0 1
    outer loop
      vertex -0.0159299 -0.0138542 0.012
      vertex -0.0163529 -0.0139473 0.012
      vertex 0.004 -0.015 0.012
    endloop
  endfacet
  facet normal 0 0 1
    outer loop
      vertex -0.0163529 -0.0139473 0.012
      vertex -0.0167834 -0.0139941 0.012
      vertex 0.004 -0.015 0.012
    endloop
  endfacet
  facet normal 0 0 1
    outer loop
      vertex 0.004 -0.015 0.012
      vertex -0.0167834 -0.0139941 0.012
      vertex -0.038 -0.015 0.012
    endloop
  endfacet
  facet normal 0 0 1
    outer loop
      vertex -0.0167834 -0.0139941 0.012
      vertex -0.0172166 -0.0139941 0.012
      vertex -0.038 -0.015 0.012
    endloop
  endfacet
  facet normal 0 0 1
    outer loop
      vertex -0.038 -0.015 0.012
      vertex -0.0172166 -0.0139941 0.012
      vertex -0.0407207 -0.0134311 0.012
    endloop
  endfacet
  facet normal 0 0 1
    outer loop
      vertex -0.0172166 -0.0139941 0.012
      vertex -0.0406816 -0.0132902 0.012
      vertex -0.0407207 -0.0134311 0.012
    endloop
  endfacet
  facet normal 0 0 1
    outer loop
      vertex -0.0391756 -0.015382 0.012
      vertex -0.0409253 -0.013817 0.012
      vertex -0.0393383 -0.0155137 0.012
    endloop
  endfacet
  facet normal 0 0 1
    outer loop
      vertex -0.0409253 -0.013817 0.012
      vertex -0.0410199 -0.0139284 0.012
      vertex -0.0393383 -0.0155137 0.012
    endloop
  endfacet
  facet normal 0 0 1
    outer loop
      vertex -0.0393383 -0.0155137 0.012
      vertex -0.0410199 -0.0139284 0.012
      vertex -0.0394863 -0.0156617 0.012
    endloop
  endfacet
  facet normal 0 0 1
    outer loop
      vertex -0.0410199 -0.0139284 0.012
      vertex -0.041126 -0.0140289 0.012
      vertex -0.0394863 -0.0156617 0.012
    endloop
  endfacet
  facet normal 0 0 1
    outer loop
      vertex -0.0394863 -0.0156617 0.012
      vertex -0.041126 -0.0140289 0.012
      vertex -0.039618 -0.0158244 0.012
    endloop
  endfacet
  facet normal 0 0 1
    outer loop
      vertex -0.013 -0.05 0.012
      vertex 0.00668156 -0.0462902 0.012
      vertex -0.0130234 -0.0495675 0.012
    endloop
  endfacet
  facet normal 0 0 1
    outer loop
      vertex -0.0406816 -0.0127098 0.012
      vertex -0.0406579 -0.012854 0.012
      vertex -0.0176471 -0.0139473 0.012
    endloop
  endfacet
  facet normal 0 0 1
    outer loop
      vertex -0.0406579 -0.012854 0.012
      vertex -0.04065 -0.013 0.012
      vertex -0.0176471 -0.0139473 0.012
    endloop
  endfacet
  facet normal 0 0 1
    outer loop
      vertex -0.0176471 -0.0139473 0.012
      vertex -0.04065 -0.013 0.012
      vertex -0.0172166 -0.0139941 0.012
    endloop
  endfacet
  facet normal 0 0 1
    outer loop
      vertex -0.04065 -0.013 0.012
      vertex -0.0406579 -0.013146 0.012
      vertex -0.0172166 -0.0139941 0.012
    endloop
  endfacet
  facet normal 0 0 1
    outer loop
      vertex -0.0172166 -0.0139941 0.012
      vertex -0.0406579 -0.013146 0.012
      vertex -0.0406816 -0.0132902 0.012
    endloop
  endfacet
  facet normal 0 0 1
    outer loop
      vertex -0.0406816 -0.0127098 0.012
      vertex -0.0176471 -0.0139473 0.012
      vertex -0.0407207 -0.0125689 0.012
    endloop
  endfacet
  facet normal 0 0 1
    outer loop
      vertex -0.0176471 -0.0139473 0.012
      vertex -0.0180701 -0.0138542 0.012
      vertex -0.0407207 -0.0125689 0.012
    endloop
  endfacet
  facet normal 0 0 1
    outer loop
      vertex -0.0407207 -0.0125689 0.012
      vertex -0.0180701 -0.0138542 0.012
      vertex -0.0184806 -0.0137159 0.012
    endloop
  endfacet
  facet normal 0 0 1
    outer loop
      vertex -0.0159299 -0.0138542 0.012
      vertex 0.004 -0.015 0.012
      vertex 0.011 -0.012 0.012
    endloop
  endfacet
  facet normal 0 0 1
    outer loop
      vertex 0.004 -0.015 0.012
      vertex 0.00420906 -0.015011 0.012
      vertex 0.011 -0.012 0.012
    endloop
  endfacet
  facet normal 0 0 1
    outer loop
      vertex 0.011 -0.012 0.012
      vertex 0.00420906 -0.015011 0.012
      vertex 0.00441582 -0.0150437 0.012
    endloop
  endfacet
  facet normal 0 0 1
    outer loop
      vertex 0.00461803 -0.0150979 0.012
      vertex 0.00481347 -0.0151729 0.012
      vertex 0.011 -0.012 0.012
    endloop
  endfacet
  facet normal 0 0 1
    outer loop
      vertex 0.00481347 -0.0151729 0.012
      vertex 0.005 -0.0152679 0.012
      vertex 0.011 -0.012 0.012
    endloop
  endfacet
  facet normal 0 0 1
    outer loop
      vertex 0.011 -0.012 0.012
      vertex 0.005 -0.0152679 0.012
      vertex 0.00517557 -0.015382 0.012
    endloop
  endfacet
  facet normal 0 0 1
    outer loop
      vertex 0.00590211 -0.016382 0.012
      vertex 0.0059563 -0.0165842 0.012
      vertex 0.011 -0.012 0.012
    endloop
  endfacet
  facet normal 0 0 1
    outer loop
      vertex 0.0059563 -0.0165842 0.012
      vertex 0.00598904 -0.0167909 0.012
      vertex 0.011 -0.012 0.012
    endloop
  endfacet
  facet normal 0 0 1
    outer loop
      vertex 0.011 -0.012 0.012
      vertex 0.00598904 -0.0167909 0.012
      vertex 0.006 -0.017 0.012
    endloop
  endfacet
  facet normal 0 0 1
    outer loop
      vertex 0.00778159 -0.0473322 0.012
      vertex 0.00763884 -0.0473008 0.012
      vertex 0.009 -0.05 0.012
    endloop
  endfacet
  facet normal 0 0 1
    outer loop
      vertex 0.00763884 -0.0473008 0.012
      vertex 0.00750031 -0.0472541 0.012
      vertex 0.009 -0.05 0.012
    endloop
  endfacet
  facet normal 0 0 1
    outer loop
      vertex 0.009 -0.05 0.012
      vertex 0.00750031 -0.0472541 0.012
      vertex -0.013 -0.05 0.012
    endloop
  endfacet
  facet normal 0 0 1
    outer loop
      vertex 0.00750031 -0.0472541 0.012
      vertex 0.00736765 -0.0471927 0.012
      vertex -0.013 -0.05 0.012
    endloop
  endfacet
  facet normal 0 0 1
    outer loop
      vertex -0.013 -0.05 0.012
      vertex 0.00736765 -0.0471927 0.012
      vertex 0.0072424 -0.0471174 0.012
    endloop
  endfacet
  facet normal 0 0 1
    outer loop
      vertex 0.00692527 -0.046817 0.012
      vertex 0.00684324 -0.046696 0.012
      vertex -0.013 -0.05 0.012
    endloop
  endfacet
  facet normal 0 0 1
    outer loop
      vertex 0.00684324 -0.046696 0.012
      vertex 0.00677477 -0.0465669 0.012
      vertex -0.013 -0.05 0.012
    endloop
  endfacet
  facet normal 0 0 1
    outer loop
      vertex -0.013 -0.05 0.012
      vertex 0.00677477 -0.0465669 0.012
      vertex 0.00672067 -0.0464311 0.012
    endloop
  endfacet
  facet normal 0 0 1
    outer loop
      vertex -0.0424997 -0.0142541 0.012
      vertex -0.0426324 -0.0141927 0.012
      vertex -0.045 -0.048 0.012
    endloop
  endfacet
  facet normal 0 0 1
    outer loop
      vertex -0.0429801 -0.0139284 0.012
      vertex -0.0430747 -0.013817 0.012
      vertex -0.045 -0.048 0.012
    endloop
  endfacet
  facet normal 0 0 1
    outer loop
      vertex -0.0430747 -0.013817 0.012
      vertex -0.0431568 -0.013696 0.012
      vertex -0.045 -0.048 0.012
    endloop
  endfacet
  facet normal 0 0 1
    outer loop
      vertex -0.045 -0.048 0.012
      vertex -0.0431568 -0.013696 0.012
      vertex -0.045 -0.012 0.012
    endloop
  endfacet
  facet normal 0 0 1
    outer loop
      vertex -0.0431568 -0.013696 0.012
      vertex -0.0432252 -0.0135669 0.012
      vertex -0.045 -0.012 0.012
    endloop
  endfacet
  facet normal 0 0 1
    outer loop
      vertex -0.045 -0.012 0.012
      vertex -0.0432252 -0.0135669 0.012
      vertex -0.0432793 -0.0134311 0.012
    endloop
  endfacet
  facet normal 0 0 1
    outer loop
      vertex -0.0433184 -0.0132902 0.012
      vertex -0.0433421 -0.013146 0.012
      vertex -0.045 -0.012 0.012
    endloop
  endfacet
  facet normal 0 0 1
    outer loop
      vertex -0.0433421 -0.013146 0.012
      vertex -0.04335 -0.013 0.012
      vertex -0.045 -0.012 0.012
    endloop
  endfacet
  facet normal 0 0 1
    outer loop
      vertex -0.045 -0.012 0.012
      vertex -0.04335 -0.013 0.012
      vertex -0.0433421 -0.012854 0.012
    endloop
  endfacet
  facet normal 0 0 1
    outer loop
      vertex -0.0441756 -0.010382 0.012
      vertex -0.0443383 -0.0105137 0.012
      vertex -0.042874 -0.0119711 0.012
    endloop
  endfacet
  facet normal 0 0 1
    outer loop
      vertex -0.0443383 -0.0105137 0.012
      vertex -0.0429801 -0.0120716 0.012
      vertex -0.042874 -0.0119711 0.012
    endloop
  endfacet
  facet normal 0 0 1
    outer loop
      vertex -0.0441756 -0.010382 0.012
      vertex -0.042874 -0.0119711 0.012
      vertex -0.044 -0.0102679 0.012
    endloop
  endfacet
  facet normal 0 0 1
    outer loop
      vertex -0.042874 -0.0119711 0.012
      vertex -0.0427576 -0.0118826 0.012
      vertex -0.044 -0.0102679 0.012
    endloop
  endfacet
  facet normal 0 0 1
    outer loop
      vertex -0.044 -0.0102679 0.012
      vertex -0.0427576 -0.0118826 0.012
      vertex -0.0438135 -0.0101729 0.012
    endloop
  endfacet
  facet normal 0 0 1
    outer loop
      vertex -0.0438135 -0.0101729 0.012
      vertex -0.0427576 -0.0118826 0.012
      vertex -0.043618 -0.0100979 0.012
    endloop
  endfacet
  facet normal 0 0 1
    outer loop
      vertex -0.0427576 -0.0118826 0.012
      vertex -0.0426324 -0.0118073 0.012
      vertex -0.043618 -0.0100979 0.012
    endloop
  endfacet
  facet normal 0 0 1
    outer loop
      vertex -0.043618 -0.0100979 0.012
      vertex -0.0426324 -0.0118073 0.012
      vertex -0.0434158 -0.0100437 0.012
    endloop
  endfacet
  facet normal 0 0 1
    outer loop
      vertex -0.0426324 -0.0118073 0.012
      vertex -0.0424997 -0.0117459 0.012
      vertex -0.0434158 -0.0100437 0.012
    endloop
  endfacet
  facet normal 0 0 1
    outer loop
      vertex -0.0434158 -0.0100437 0.012
      vertex -0.0424997 -0.0117459 0.012
      vertex -0.0432091 -0.010011 0.012
    endloop
  endfacet
  facet normal 0 0 1
    outer loop
      vertex -0.0432091 -0.010011 0.012
      vertex -0.0424997 -0.0117459 0.012
      vertex -0.043 -0.01 0.012
    endloop
  endfacet
  facet normal 0 0 1
    outer loop
      vertex -0.0424997 -0.0117459 0.012
      vertex -0.0423612 -0.0116992 0.012
      vertex -0.043 -0.01 0.012
    endloop
  endfacet
  facet normal 0 0 1
    outer loop
      vertex -0.043 -0.01 0.012
      vertex -0.0423612 -0.0116992 0.012
      vertex -0.0422184 -0.0116678 0.012
    endloop
  endfacet
  facet normal 0 0 1
    outer loop
      vertex -0.0412424 -0.0118826 0.012
      vertex -0.041126 -0.0119711 0.012
      vertex -0.021 -0.01 0.012
    endloop
  endfacet
  facet normal 0 0 1
    outer loop
      vertex -0.041126 -0.0119711 0.012
      vertex -0.0410199 -0.0120716 0.012
      vertex -0.021 -0.01 0.012
    endloop
  endfacet
  facet normal 0 0 1
    outer loop
      vertex -0.021 -0.01 0.012
      vertex -0.0410199 -0.0120716 0.012
      vertex -0.0409253 -0.012183 0.012
    endloop
  endfacet
  facet normal 0 0 1
    outer loop
      vertex -0.0184806 -0.0137159 0.012
      vertex -0.0188736 -0.013534 0.012
      vertex -0.0407207 -0.0125689 0.012
    endloop
  endfacet
  facet normal 0 0 1
    outer loop
      vertex -0.0188736 -0.013534 0.012
      vertex -0.0192447 -0.0133108 0.012
      vertex -0.0407207 -0.0125689 0.012
    endloop
  endfacet
  facet normal 0 0 1
    outer loop
      vertex -0.0407207 -0.0125689 0.012
      vertex -0.0192447 -0.0133108 0.012
      vertex -0.0195895 -0.0130486 0.012
    endloop
  endfacet
  facet normal 0 0 1
    outer loop
      vertex -0.0195895 -0.0130486 0.012
      vertex -0.019904 -0.0127508 0.012
      vertex -0.0407207 -0.0125689 0.012
    endloop
  endfacet
  facet normal 0 0 1
    outer loop
      vertex -0.019904 -0.0127508 0.012
      vertex -0.0201844 -0.0124207 0.012
      vertex -0.0407207 -0.0125689 0.012
    endloop
  endfacet
  facet normal 0 0 1
    outer loop
      vertex -0.0407207 -0.0125689 0.012
      vertex -0.0201844 -0.0124207 0.012
      vertex -0.0204274 -0.0120622 0.012
    endloop
  endfacet
  facet normal 0 0 1
    outer loop
      vertex 0.009 -0.01 0.012
      vertex 0.011 -0.012 0.012
      vertex 0.010989 -0.0117909 0.012
    endloop
  endfacet
  facet normal 0 0 1
    outer loop
      vertex -0.0130935 -0.0108599 0.012
      vertex 0.011 -0.012 0.012
      vertex -0.0130234 -0.0104325 0.012
    endloop
  endfacet
  facet normal 0 0 1
    outer loop
      vertex 0.011 -0.012 0.012
      vertex 0.009 -0.01 0.012
      vertex -0.0130234 -0.0104325 0.012
    endloop
  endfacet
  facet normal 0 0 1
    outer loop
      vertex -0.0130234 -0.0104325 0.012
      vertex 0.009 -0.01 0.012
      vertex -0.013 -0.01 0.012
    endloop
  endfacet
  facet normal 0 0 1
    outer loop
      vertex 0.0072424 -0.0471174 0.012
      vertex 0.00712603 -0.0470289 0.012
      vertex -0.013 -0.05 0.012
    endloop
  endfacet
  facet normal 0 0 1
    outer loop
      vertex 0.00712603 -0.0470289 0.012
      vertex 0.00701991 -0.0469284 0.012
      vertex -0.013 -0.05 0.012
    endloop
  endfacet
  facet normal 0 0 1
    outer loop
      vertex -0.013 -0.05 0.012
      vertex 0.00701991 -0.0469284 0.012
      vertex 0.00692527 -0.046817 0.012
    endloop
  endfacet
  facet normal 0 0 1
    outer loop
      vertex -0.0416388 -0.0143008 0.012
      vertex -0.0417816 -0.0143322 0.012
      vertex -0.04 -0.042 0.012
    endloop
  endfacet
  facet normal 0 0 1
    outer loop
      vertex -0.0417816 -0.0143322 0.012
      vertex -0.039989 -0.0422091 0.012
      vertex -0.04 -0.042 0.012
    endloop
  endfacet
  facet normal 0 0 1
    outer loop
      vertex -0.0424997 -0.0142541 0.012
      vertex -0.045 -0.048 0.012
      vertex -0.0423612 -0.0143008 0.012
    endloop
  endfacet
  facet normal 0 0 1
    outer loop
      vertex -0.0426324 -0.0141927 0.012
      vertex -0.0427576 -0.0141174 0.012
      vertex -0.045 -0.048 0.012
    endloop
  endfacet
  facet normal 0 0 1
    outer loop
      vertex -0.0427576 -0.0141174 0.012
      vertex -0.042874 -0.0140289 0.012
      vertex -0.045 -0.048 0.012
    endloop
  endfacet
  facet normal 0 0 1
    outer loop
      vertex -0.045 -0.048 0.012
      vertex -0.042874 -0.0140289 0.012
      vertex -0.0429801 -0.0139284 0.012
    endloop
  endfacet
  facet normal 0 0 1
    outer loop
      vertex 0.00668156 -0.0457098 0.012
      vertex 0.00672067 -0.0455689 0.012
      vertex 0.004 -0.044 0.012
    endloop
  endfacet
  facet normal 0 0 1
    outer loop
      vertex 0.00672067 -0.0455689 0.012
      vertex 0.00677477 -0.0454331 0.012
      vertex 0.004 -0.044 0.012
    endloop
  endfacet
  facet normal 0 0 1
    outer loop
      vertex 0.004 -0.044 0.012
      vertex 0.00677477 -0.0454331 0.012
      vertex 0.00420906 -0.043989 0.012
    endloop
  endfacet
  facet normal 0 0 1
    outer loop
      vertex 0.00598904 -0.0422091 0.012
      vertex 0.00736765 -0.0448073 0.012
      vertex 0.006 -0.042 0.012
    endloop
  endfacet
  facet normal 0 0 1
    outer loop
      vertex 0.00736765 -0.0448073 0.012
      vertex 0.00750031 -0.0447459 0.012
      vertex 0.006 -0.042 0.012
    endloop
  endfacet
  facet normal 0 0 1
    outer loop
      vertex 0.006 -0.042 0.012
      vertex 0.00750031 -0.0447459 0.012
      vertex 0.006 -0.017 0.012
    endloop
  endfacet
  facet normal 0 0 1
    outer loop
      vertex 0.00750031 -0.0447459 0.012
      vertex 0.00763884 -0.0446992 0.012
      vertex 0.006 -0.017 0.012
    endloop
  endfacet
  facet normal 0 0 1
    outer loop
      vertex 0.006 -0.017 0.012
      vertex 0.00763884 -0.0446992 0.012
      vertex 0.00778159 -0.0446678 0.012
    endloop
  endfacet
  facet normal 0 0 1
    outer loop
      vertex -0.0433421 -0.012854 0.012
      vertex -0.0433184 -0.0127098 0.012
      vertex -0.045 -0.012 0.012
    endloop
  endfacet
  facet normal 0 0 1
    outer loop
      vertex -0.0433184 -0.0127098 0.012
      vertex -0.0432793 -0.0125689 0.012
      vertex -0.045 -0.012 0.012
    endloop
  endfacet
  facet normal 0 0 1
    outer loop
      vertex -0.045 -0.012 0.012
      vertex -0.0432793 -0.0125689 0.012
      vertex -0.044989 -0.0117909 0.012
    endloop
  endfacet
  facet normal 0 0 1
    outer loop
      vertex -0.0432793 -0.0125689 0.012
      vertex -0.0432252 -0.0124331 0.012
      vertex -0.044989 -0.0117909 0.012
    endloop
  endfacet
  facet normal 0 0 1
    outer loop
      vertex -0.0431568 -0.012304 0.012
      vertex -0.0449021 -0.011382 0.012
      vertex -0.0432252 -0.0124331 0.012
    endloop
  endfacet
  facet normal 0 0 1
    outer loop
      vertex -0.0449021 -0.011382 0.012
      vertex -0.0449563 -0.0115842 0.012
      vertex -0.0432252 -0.0124331 0.012
    endloop
  endfacet
  facet normal 0 0 1
    outer loop
      vertex -0.0432252 -0.0124331 0.012
      vertex -0.0449563 -0.0115842 0.012
      vertex -0.044989 -0.0117909 0.012
    endloop
  endfacet
  facet normal 0 0 1
    outer loop
      vertex -0.0443383 -0.0105137 0.012
      vertex -0.0444863 -0.0106617 0.012
      vertex -0.0429801 -0.0120716 0.012
    endloop
  endfacet
  facet normal 0 0 1
    outer loop
      vertex -0.0444863 -0.0106617 0.012
      vertex -0.044618 -0.0108244 0.012
      vertex -0.0429801 -0.0120716 0.012
    endloop
  endfacet
  facet normal 0 0 1
    outer loop
      vertex -0.0429801 -0.0120716 0.012
      vertex -0.044618 -0.0108244 0.012
      vertex -0.0430747 -0.012183 0.012
    endloop
  endfacet
  facet normal 0 0 1
    outer loop
      vertex -0.044618 -0.0108244 0.012
      vertex -0.0447321 -0.011 0.012
      vertex -0.0430747 -0.012183 0.012
    endloop
  endfacet
  facet normal 0 0 1
    outer loop
      vertex -0.0430747 -0.012183 0.012
      vertex -0.0447321 -0.011 0.012
      vertex -0.0431568 -0.012304 0.012
    endloop
  endfacet
  facet normal 0 0 1
    outer loop
      vertex -0.0447321 -0.011 0.012
      vertex -0.0448271 -0.0111865 0.012
      vertex -0.0431568 -0.012304 0.012
    endloop
  endfacet
  facet normal 0 0 1
    outer loop
      vertex -0.0431568 -0.012304 0.012
      vertex -0.0448271 -0.0111865 0.012
      vertex -0.0449021 -0.011382 0.012
    endloop
  endfacet
  facet normal 0 0 1
    outer loop
      vertex -0.0422184 -0.0116678 0.012
      vertex -0.0420731 -0.011652 0.012
      vertex -0.043 -0.01 0.012
    endloop
  endfacet
  facet normal 0 0 1
    outer loop
      vertex -0.0420731 -0.011652 0.012
      vertex -0.0419269 -0.011652 0.012
      vertex -0.043 -0.01 0.012
    endloop
  endfacet
  facet normal 0 0 1
    outer loop
      vertex -0.043 -0.01 0.012
      vertex -0.0419269 -0.011652 0.012
      vertex -0.0417816 -0.0116678 0.012
    endloop
  endfacet
  facet normal 0 0 1
    outer loop
      vertex -0.0417816 -0.0116678 0.012
      vertex -0.0416388 -0.0116992 0.012
      vertex -0.043 -0.01 0.012
    endloop
  endfacet
  facet normal 0 0 1
    outer loop
      vertex -0.0416388 -0.0116992 0.012
      vertex -0.0415003 -0.0117459 0.012
      vertex -0.043 -0.01 0.012
    endloop
  endfacet
  facet normal 0 0 1
    outer loop
      vertex -0.043 -0.01 0.012
      vertex -0.0415003 -0.0117459 0.012
      vertex -0.021 -0.01 0.012
    endloop
  endfacet
  facet normal 0 0 1
    outer loop
      vertex -0.0415003 -0.0117459 0.012
      vertex -0.0413677 -0.0118073 0.012
      vertex -0.021 -0.01 0.012
    endloop
  endfacet
  facet normal 0 0 1
    outer loop
      vertex -0.021 -0.01 0.012
      vertex -0.0413677 -0.0118073 0.012
      vertex -0.0412424 -0.0118826 0.012
    endloop
  endfacet
  facet normal 0 0 1
    outer loop
      vertex -0.0204274 -0.0120622 0.012
      vertex -0.0206303 -0.0116796 0.012
      vertex -0.0407207 -0.0125689 0.012
    endloop
  endfacet
  facet normal 0 0 1
    outer loop
      vertex -0.0206303 -0.0116796 0.012
      vertex -0.0207906 -0.0112772 0.012
      vertex -0.0407207 -0.0125689 0.012
    endloop
  endfacet
  facet normal 0 0 1
    outer loop
      vertex -0.0407207 -0.0125689 0.012
      vertex -0.0207906 -0.0112772 0.012
      vertex -0.0209065 -0.0108599 0.012
    endloop
  endfacet
  facet normal 0 0 1
    outer loop
      vertex -0.039618 -0.0158244 0.012
      vertex -0.041126 -0.0140289 0.012
      vertex -0.0397321 -0.016 0.012
    endloop
  endfacet
  facet normal 0 0 1
    outer loop
      vertex -0.041126 -0.0140289 0.012
      vertex -0.0412424 -0.0141174 0.012
      vertex -0.0397321 -0.016 0.012
    endloop
  endfacet
  facet normal 0 0 1
    outer loop
      vertex -0.0397321 -0.016 0.012
      vertex -0.0412424 -0.0141174 0.012
      vertex -0.0398271 -0.0161865 0.012
    endloop
  endfacet
  facet normal 0 0 1
    outer loop
      vertex -0.0398271 -0.0161865 0.012
      vertex -0.0412424 -0.0141174 0.012
      vertex -0.0399021 -0.016382 0.012
    endloop
  endfacet
  facet normal 0 0 1
    outer loop
      vertex -0.0412424 -0.0141174 0.012
      vertex -0.0413677 -0.0141927 0.012
      vertex -0.0399021 -0.016382 0.012
    endloop
  endfacet
  facet normal 0 0 1
    outer loop
      vertex -0.0399021 -0.016382 0.012
      vertex -0.0413677 -0.0141927 0.012
      vertex -0.0399563 -0.0165842 0.012
    endloop
  endfacet
  facet normal 0 0 1
    outer loop
      vertex -0.0416388 -0.0143008 0.012
      vertex -0.04 -0.042 0.012
      vertex -0.0415003 -0.0142541 0.012
    endloop
  endfacet
  facet normal 0 0 1
    outer loop
      vertex -0.04 -0.042 0.012
      vertex -0.04 -0.017 0.012
      vertex -0.0415003 -0.0142541 0.012
    endloop
  endfacet
  facet normal 0 0 1
    outer loop
      vertex -0.0415003 -0.0142541 0.012
      vertex -0.04 -0.017 0.012
      vertex -0.0413677 -0.0141927 0.012
    endloop
  endfacet
  facet normal 0 0 1
    outer loop
      vertex -0.04 -0.017 0.012
      vertex -0.039989 -0.0167909 0.012
      vertex -0.0413677 -0.0141927 0.012
    endloop
  endfacet
  facet normal 0 0 1
    outer loop
      vertex -0.0413677 -0.0141927 0.012
      vertex -0.039989 -0.0167909 0.012
      vertex -0.0399563 -0.0165842 0.012
    endloop
  endfacet
  facet normal 0 0 1
    outer loop
      vertex -0.0432091 -0.049989 0.012
      vertex -0.043 -0.05 0.012
      vertex -0.045 -0.048 0.012
    endloop
  endfacet
  facet normal 0 0 1
    outer loop
      vertex 0.00684324 -0.045304 0.012
      vertex 0.00692527 -0.045183 0.012
      vertex 0.005 -0.0437321 0.012
    endloop
  endfacet
  facet normal 0 0 1
    outer loop
      vertex 0.00598904 -0.0422091 0.012
      vertex 0.0059563 -0.0424158 0.012
      vertex 0.00736765 -0.0448073 0.012
    endloop
  endfacet
  facet normal 0 0 1
    outer loop
      vertex 0.0059563 -0.0424158 0.012
      vertex 0.00590211 -0.042618 0.012
      vertex 0.00736765 -0.0448073 0.012
    endloop
  endfacet
  facet normal 0 0 1
    outer loop
      vertex 0.00736765 -0.0448073 0.012
      vertex 0.00590211 -0.042618 0.012
      vertex 0.0072424 -0.0448826 0.012
    endloop
  endfacet
  facet normal 0 0 1
    outer loop
      vertex 0.010989 -0.0117909 0.012
      vertex 0.0109563 -0.0115842 0.012
      vertex 0.009 -0.01 0.012
    endloop
  endfacet
  facet normal 0 0 1
    outer loop
      vertex 0.0109563 -0.0115842 0.012
      vertex 0.0109021 -0.011382 0.012
      vertex 0.009 -0.01 0.012
    endloop
  endfacet
  facet normal 0 0 1
    outer loop
      vertex 0.009 -0.01 0.012
      vertex 0.0109021 -0.011382 0.012
      vertex 0.0108271 -0.0111865 0.012
    endloop
  endfacet
  facet normal 0 0 1
    outer loop
      vertex -0.0159299 -0.0461458 0.012
      vertex -0.0155194 -0.0462841 0.012
      vertex 0.004 -0.044 0.012
    endloop
  endfacet
  facet normal 0 0 1
    outer loop
      vertex -0.0155194 -0.0462841 0.012
      vertex -0.0151264 -0.046466 0.012
      vertex 0.004 -0.044 0.012
    endloop
  endfacet
  facet normal 0 0 1
    outer loop
      vertex -0.0151264 -0.046466 0.012
      vertex -0.0147553 -0.0466892 0.012
      vertex 0.004 -0.044 0.012
    endloop
  endfacet
  facet normal 0 0 1
    outer loop
      vertex 0.004 -0.044 0.012
      vertex -0.0147553 -0.0466892 0.012
      vertex -0.0144105 -0.0469514 0.012
    endloop
  endfacet
  facet normal 0 0 1
    outer loop
      vertex 0.005 -0.0437321 0.012
      vertex 0.00481347 -0.0438271 0.012
      vertex 0.00684324 -0.045304 0.012
    endloop
  endfacet
  facet normal 0 0 1
    outer loop
      vertex 0.00481347 -0.0438271 0.012
      vertex 0.00461803 -0.0439021 0.012
      vertex 0.00684324 -0.045304 0.012
    endloop
  endfacet
  facet normal 0 0 1
    outer loop
      vertex 0.00684324 -0.045304 0.012
      vertex 0.00461803 -0.0439021 0.012
      vertex 0.00677477 -0.0454331 0.012
    endloop
  endfacet
  facet normal 0 0 1
    outer loop
      vertex 0.00461803 -0.0439021 0.012
      vertex 0.00441582 -0.0439563 0.012
      vertex 0.00677477 -0.0454331 0.012
    endloop
  endfacet
  facet normal 0 0 1
    outer loop
      vertex 0.00677477 -0.0454331 0.012
      vertex 0.00441582 -0.0439563 0.012
      vertex 0.00420906 -0.043989 0.012
    endloop
  endfacet
  facet normal 0 0 1
    outer loop
      vertex 0.00712603 -0.0449711 0.012
      vertex 0.00548629 -0.0433383 0.012
      vertex 0.00701991 -0.0450716 0.012
    endloop
  endfacet
  facet normal 0 0 1
    outer loop
      vertex 0.00548629 -0.0433383 0.012
      vertex 0.00533826 -0.0434863 0.012
      vertex 0.00701991 -0.0450716 0.012
    endloop
  endfacet
  facet normal 0 0 1
    outer loop
      vertex 0.00701991 -0.0450716 0.012
      vertex 0.00533826 -0.0434863 0.012
      vertex 0.00692527 -0.045183 0.012
    endloop
  endfacet
  facet normal 0 0 1
    outer loop
      vertex 0.00533826 -0.0434863 0.012
      vertex 0.00517557 -0.043618 0.012
      vertex 0.00692527 -0.045183 0.012
    endloop
  endfacet
  facet normal 0 0 1
    outer loop
      vertex 0.00692527 -0.045183 0.012
      vertex 0.00517557 -0.043618 0.012
      vertex 0.005 -0.0437321 0.012
    endloop
  endfacet
  facet normal 0 0 1
    outer loop
      vertex 0.00590211 -0.042618 0.012
      vertex 0.00582709 -0.0428135 0.012
      vertex 0.0072424 -0.0448826 0.012
    endloop
  endfacet
  facet normal 0 0 1
    outer loop
      vertex 0.00582709 -0.0428135 0.012
      vertex 0.00573205 -0.043 0.012
      vertex 0.0072424 -0.0448826 0.012
    endloop
  endfacet
  facet normal 0 0 1
    outer loop
      vertex 0.0072424 -0.0448826 0.012
      vertex 0.00573205 -0.043 0.012
      vertex 0.00712603 -0.0449711 0.012
    endloop
  endfacet
  facet normal 0 0 1
    outer loop
      vertex 0.00573205 -0.043 0.012
      vertex 0.00561803 -0.0431756 0.012
      vertex 0.00712603 -0.0449711 0.012
    endloop
  endfacet
  facet normal 0 0 1
    outer loop
      vertex 0.00712603 -0.0449711 0.012
      vertex 0.00561803 -0.0431756 0.012
      vertex 0.00548629 -0.0433383 0.012
    endloop
  endfacet
  facet normal 0 0 1
    outer loop
      vertex 0.01 -0.0102679 0.012
      vertex 0.00981347 -0.0101729 0.012
      vertex 0.009 -0.01 0.012
    endloop
  endfacet
  facet normal 0 0 1
    outer loop
      vertex 0.00981347 -0.0101729 0.012
      vertex 0.00961803 -0.0100979 0.012
      vertex 0.009 -0.01 0.012
    endloop
  endfacet
  facet normal 0 0 1
    outer loop
      vertex 0.009 -0.01 0.012
      vertex 0.00961803 -0.0100979 0.012
      vertex 0.00920906 -0.010011 0.012
    endloop
  endfacet
  facet normal 0 0 1
    outer loop
      vertex 0.00961803 -0.0100979 0.012
      vertex 0.00941582 -0.0100437 0.012
      vertex 0.00920906 -0.010011 0.012
    endloop
  endfacet
  facet normal 0 0 1
    outer loop
      vertex -0.044 -0.0497321 0.012
      vertex -0.0438135 -0.0498271 0.012
      vertex -0.045 -0.048 0.012
    endloop
  endfacet
  facet normal 0 0 1
    outer loop
      vertex -0.0209065 -0.0491401 0.012
      vertex -0.0382091 -0.043989 0.012
      vertex -0.0384158 -0.0439563 0.012
    endloop
  endfacet
  facet normal 0 0 1
    outer loop
      vertex -0.0206303 -0.0483204 0.012
      vertex -0.0204274 -0.0479378 0.012
      vertex -0.038 -0.044 0.012
    endloop
  endfacet
  facet normal 0 0 1
    outer loop
      vertex -0.0184806 -0.0462841 0.012
      vertex -0.0180701 -0.0461458 0.012
      vertex -0.038 -0.044 0.012
    endloop
  endfacet
  facet normal 0 0 1
    outer loop
      vertex -0.0180701 -0.0461458 0.012
      vertex -0.0176471 -0.0460527 0.012
      vertex -0.038 -0.044 0.012
    endloop
  endfacet
  facet normal 0 0 1
    outer loop
      vertex -0.0144105 -0.0469514 0.012
      vertex -0.014096 -0.0472492 0.012
      vertex 0.004 -0.044 0.012
    endloop
  endfacet
  facet normal 0 0 1
    outer loop
      vertex -0.014096 -0.0472492 0.012
      vertex -0.0138156 -0.0475793 0.012
      vertex 0.004 -0.044 0.012
    endloop
  endfacet
  facet normal 0 0 1
    outer loop
      vertex 0.004 -0.044 0.012
      vertex -0.0138156 -0.0475793 0.012
      vertex -0.0135726 -0.0479378 0.012
    endloop
  endfacet
  facet normal 0 0 1
    outer loop
      vertex 0.0108271 -0.0111865 0.012
      vertex 0.0107321 -0.011 0.012
      vertex 0.009 -0.01 0.012
    endloop
  endfacet
  facet normal 0 0 1
    outer loop
      vertex 0.0107321 -0.011 0.012
      vertex 0.010618 -0.0108244 0.012
      vertex 0.009 -0.01 0.012
    endloop
  endfacet
  facet normal 0 0 1
    outer loop
      vertex 0.009 -0.01 0.012
      vertex 0.010618 -0.0108244 0.012
      vertex 0.0104863 -0.0106617 0.012
    endloop
  endfacet
  facet normal 0 0 1
    outer loop
      vertex -0.044618 -0.0491756 0.012
      vertex -0.0444863 -0.0493383 0.012
      vertex -0.0449563 -0.0484158 0.012
    endloop
  endfacet
  facet normal 0 0 1
    outer loop
      vertex -0.0444863 -0.0493383 0.012
      vertex -0.0443383 -0.0494863 0.012
      vertex -0.0449563 -0.0484158 0.012
    endloop
  endfacet
  facet normal 0 0 1
    outer loop
      vertex -0.0449563 -0.0484158 0.012
      vertex -0.0443383 -0.0494863 0.012
      vertex -0.044989 -0.0482091 0.012
    endloop
  endfacet
  facet normal 0 0 1
    outer loop
      vertex -0.0438135 -0.0498271 0.012
      vertex -0.043618 -0.0499021 0.012
      vertex -0.045 -0.048 0.012
    endloop
  endfacet
  facet normal 0 0 1
    outer loop
      vertex -0.043618 -0.0499021 0.012
      vertex -0.0434158 -0.0499563 0.012
      vertex -0.045 -0.048 0.012
    endloop
  endfacet
  facet normal 0 0 1
    outer loop
      vertex -0.045 -0.048 0.012
      vertex -0.0434158 -0.0499563 0.012
      vertex -0.0432091 -0.049989 0.012
    endloop
  endfacet
  facet normal 0 0 1
    outer loop
      vertex -0.0388135 -0.0438271 0.012
      vertex -0.039 -0.0437321 0.012
      vertex -0.045 -0.048 0.012
    endloop
  endfacet
  facet normal 0 0 1
    outer loop
      vertex -0.0382091 -0.043989 0.012
      vertex -0.0209065 -0.0491401 0.012
      vertex -0.038 -0.044 0.012
    endloop
  endfacet
  facet normal 0 0 1
    outer loop
      vertex -0.0209065 -0.0491401 0.012
      vertex -0.0207906 -0.0487228 0.012
      vertex -0.038 -0.044 0.012
    endloop
  endfacet
  facet normal 0 0 1
    outer loop
      vertex -0.038 -0.044 0.012
      vertex -0.0207906 -0.0487228 0.012
      vertex -0.0206303 -0.0483204 0.012
    endloop
  endfacet
  facet normal 0 0 1
    outer loop
      vertex -0.0204274 -0.0479378 0.012
      vertex -0.0201844 -0.0475793 0.012
      vertex -0.038 -0.044 0.012
    endloop
  endfacet
  facet normal 0 0 1
    outer loop
      vertex -0.0201844 -0.0475793 0.012
      vertex -0.019904 -0.0472492 0.012
      vertex -0.038 -0.044 0.012
    endloop
  endfacet
  facet normal 0 0 1
    outer loop
      vertex -0.038 -0.044 0.012
      vertex -0.019904 -0.0472492 0.012
      vertex -0.0195895 -0.0469514 0.012
    endloop
  endfacet
  facet normal 0 0 1
    outer loop
      vertex -0.0195895 -0.0469514 0.012
      vertex -0.0192447 -0.0466892 0.012
      vertex -0.038 -0.044 0.012
    endloop
  endfacet
  facet normal 0 0 1
    outer loop
      vertex -0.0192447 -0.0466892 0.012
      vertex -0.0188736 -0.046466 0.012
      vertex -0.038 -0.044 0.012
    endloop
  endfacet
  facet normal 0 0 1
    outer loop
      vertex -0.038 -0.044 0.012
      vertex -0.0188736 -0.046466 0.012
      vertex -0.0184806 -0.0462841 0.012
    endloop
  endfacet
  facet normal 0 0 1
    outer loop
      vertex -0.0176471 -0.0460527 0.012
      vertex -0.0172166 -0.0460059 0.012
      vertex -0.038 -0.044 0.012
    endloop
  endfacet
  facet normal 0 0 1
    outer loop
      vertex -0.0172166 -0.0460059 0.012
      vertex -0.0167834 -0.0460059 0.012
      vertex -0.038 -0.044 0.012
    endloop
  endfacet
  facet normal 0 0 1
    outer loop
      vertex -0.038 -0.044 0.012
      vertex -0.0167834 -0.0460059 0.012
      vertex 0.004 -0.044 0.012
    endloop
  endfacet
  facet normal 0 0 1
    outer loop
      vertex -0.0167834 -0.0460059 0.012
      vertex -0.0163529 -0.0460527 0.012
      vertex 0.004 -0.044 0.012
    endloop
  endfacet
  facet normal 0 0 1
    outer loop
      vertex 0.004 -0.044 0.012
      vertex -0.0163529 -0.0460527 0.012
      vertex -0.0159299 -0.0461458 0.012
    endloop
  endfacet
  facet normal 0 0 1
    outer loop
      vertex 0.0104863 -0.0106617 0.012
      vertex 0.0103383 -0.0105137 0.012
      vertex 0.009 -0.01 0.012
    endloop
  endfacet
  facet normal 0 0 1
    outer loop
      vertex 0.0103383 -0.0105137 0.012
      vertex 0.0101756 -0.010382 0.012
      vertex 0.009 -0.01 0.012
    endloop
  endfacet
  facet normal 0 0 1
    outer loop
      vertex 0.009 -0.01 0.012
      vertex 0.0101756 -0.010382 0.012
      vertex 0.01 -0.0102679 0.012
    endloop
  endfacet
  facet normal 0 0 1
    outer loop
      vertex -0.044618 -0.0491756 0.012
      vertex -0.0449563 -0.0484158 0.012
      vertex -0.0447321 -0.049 0.012
    endloop
  endfacet
  facet normal 0 0 1
    outer loop
      vertex -0.0449563 -0.0484158 0.012
      vertex -0.0449021 -0.048618 0.012
      vertex -0.0447321 -0.049 0.012
    endloop
  endfacet
  facet normal 0 0 1
    outer loop
      vertex -0.0447321 -0.049 0.012
      vertex -0.0449021 -0.048618 0.012
      vertex -0.0448271 -0.0488135 0.012
    endloop
  endfacet
  facet normal 0 0 1
    outer loop
      vertex -0.044989 -0.0482091 0.012
      vertex -0.0443383 -0.0494863 0.012
      vertex -0.045 -0.048 0.012
    endloop
  endfacet
  facet normal 0 0 1
    outer loop
      vertex -0.0443383 -0.0494863 0.012
      vertex -0.0441756 -0.049618 0.012
      vertex -0.045 -0.048 0.012
    endloop
  endfacet
  facet normal 0 0 1
    outer loop
      vertex -0.045 -0.048 0.012
      vertex -0.0441756 -0.049618 0.012
      vertex -0.044 -0.0497321 0.012
    endloop
  endfacet
  facet normal 0 0 1
    outer loop
      vertex -0.0388135 -0.0438271 0.012
      vertex -0.045 -0.048 0.012
      vertex -0.038618 -0.0439021 0.012
    endloop
  endfacet
  facet normal 0 0 1
    outer loop
      vertex -0.0384158 -0.0439563 0.012
      vertex -0.038618 -0.0439021 0.012
      vertex -0.0209065 -0.0491401 0.012
    endloop
  endfacet
  facet normal 0 0 1
    outer loop
      vertex -0.038618 -0.0439021 0.012
      vertex -0.045 -0.048 0.012
      vertex -0.0209065 -0.0491401 0.012
    endloop
  endfacet
  facet normal 0 0 1
    outer loop
      vertex -0.0209065 -0.0491401 0.012
      vertex -0.045 -0.048 0.012
      vertex -0.0209766 -0.0495675 0.012
    endloop
  endfacet
  facet normal 0 0 1
    outer loop
      vertex -0.045 -0.048 0.012
      vertex -0.043 -0.05 0.012
      vertex -0.0209766 -0.0495675 0.012
    endloop
  endfacet
  facet normal 0 0 1
    outer loop
      vertex -0.0209766 -0.0495675 0.012
      vertex -0.043 -0.05 0.012
      vertex -0.021 -0.05 0.012
    endloop
  endfacet
  facet normal 0 0 1
    outer loop
      vertex -0.0394863 -0.0433383 0.012
      vertex -0.039618 -0.0431756 0.012
      vertex -0.045 -0.048 0.012
    endloop
  endfacet
  facet normal 0 0 1
    outer loop
      vertex -0.039618 -0.0431756 0.012
      vertex -0.0397321 -0.043 0.012
      vertex -0.045 -0.048 0.012
    endloop
  endfacet
  facet normal 0 0 1
    outer loop
      vertex -0.045 -0.048 0.012
      vertex -0.0397321 -0.043 0.012
      vertex -0.0398271 -0.0428135 0.012
    endloop
  endfacet
  facet normal 0 0 1
    outer loop
      vertex -0.0135726 -0.0479378 0.012
      vertex -0.0133697 -0.0483204 0.012
      vertex 0.004 -0.044 0.012
    endloop
  endfacet
  facet normal 0 0 1
    outer loop
      vertex -0.0133697 -0.0483204 0.012
      vertex -0.0132094 -0.0487228 0.012
      vertex 0.004 -0.044 0.012
    endloop
  endfacet
  facet normal 0 0 1
    outer loop
      vertex 0.004 -0.044 0.012
      vertex -0.0132094 -0.0487228 0.012
      vertex 0.00668156 -0.0457098 0.012
    endloop
  endfacet
  facet normal 0 0 1
    outer loop
      vertex -0.0132094 -0.0487228 0.012
      vertex -0.0130935 -0.0491401 0.012
      vertex 0.00668156 -0.0457098 0.012
    endloop
  endfacet
  facet normal 0 0 1
    outer loop
      vertex 0.00668156 -0.0457098 0.012
      vertex -0.0130935 -0.0491401 0.012
      vertex 0.00665791 -0.045854 0.012
    endloop
  endfacet
  facet normal 0 0 1
    outer loop
      vertex -0.0130935 -0.0491401 0.012
      vertex 0.00665 -0.046 0.012
      vertex 0.00665791 -0.045854 0.012
    endloop
  endfacet
  facet normal 0 0 1
    outer loop
      vertex -0.039 -0.0437321 0.012
      vertex -0.0391756 -0.043618 0.012
      vertex -0.045 -0.048 0.012
    endloop
  endfacet
  facet normal 0 0 1
    outer loop
      vertex -0.0391756 -0.043618 0.012
      vertex -0.0393383 -0.0434863 0.012
      vertex -0.045 -0.048 0.012
    endloop
  endfacet
  facet normal 0 0 1
    outer loop
      vertex -0.045 -0.048 0.012
      vertex -0.0393383 -0.0434863 0.012
      vertex -0.0394863 -0.0433383 0.012
    endloop
  endfacet
  facet normal 0 0 1
    outer loop
      vertex -0.0130234 -0.0495675 0.012
      vertex 0.00668156 -0.0462902 0.012
      vertex -0.0130935 -0.0491401 0.012
    endloop
  endfacet
  facet normal 0 0 1
    outer loop
      vertex 0.00668156 -0.0462902 0.012
      vertex 0.00665791 -0.046146 0.012
      vertex -0.0130935 -0.0491401 0.012
    endloop
  endfacet
  facet normal 0 0 1
    outer loop
      vertex -0.0130935 -0.0491401 0.012
      vertex 0.00665791 -0.046146 0.012
      vertex 0.00665 -0.046 0.012
    endloop
  endfacet
  facet normal 0 0 1
    outer loop
      vertex -0.0398271 -0.0428135 0.012
      vertex -0.0399021 -0.042618 0.012
      vertex -0.045 -0.048 0.012
    endloop
  endfacet
  facet normal 0 0 1
    outer loop
      vertex -0.0399021 -0.042618 0.012
      vertex -0.0399563 -0.0424158 0.012
      vertex -0.045 -0.048 0.012
    endloop
  endfacet
  facet normal 0 0 1
    outer loop
      vertex -0.045 -0.048 0.012
      vertex -0.0399563 -0.0424158 0.012
      vertex -0.039989 -0.0422091 0.012
    endloop
  endfacet
  facet normal 0 0 1
    outer loop
      vertex -0.0417816 -0.0143322 0.012
      vertex -0.0419269 -0.014348 0.012
      vertex -0.039989 -0.0422091 0.012
    endloop
  endfacet
  facet normal 0 0 1
    outer loop
      vertex -0.0419269 -0.014348 0.012
      vertex -0.0420731 -0.014348 0.012
      vertex -0.039989 -0.0422091 0.012
    endloop
  endfacet
  facet normal 0 0 1
    outer loop
      vertex -0.039989 -0.0422091 0.012
      vertex -0.0420731 -0.014348 0.012
      vertex -0.045 -0.048 0.012
    endloop
  endfacet
  facet normal 0 0 1
    outer loop
      vertex -0.0420731 -0.014348 0.012
      vertex -0.0422184 -0.0143322 0.012
      vertex -0.045 -0.048 0.012
    endloop
  endfacet
  facet normal 0 0 1
    outer loop
      vertex -0.045 -0.048 0.012
      vertex -0.0422184 -0.0143322 0.012
      vertex -0.0423612 -0.0143008 0.012
    endloop
  endfacet
  facet normal -0.99863 0.0523354 0
    outer loop
      vertex -0.045 -0.012 -0.005
      vertex -0.045 -0.012 0.012
      vertex -0.044989 -0.0117909 0.012
    endloop
  endfacet
  facet normal -0.99863 0.0523354 0
    outer loop
      vertex -0.045 -0.012 -0.005
      vertex -0.044989 -0.0117909 0.012
      vertex -0.044989 -0.0117909 -0.005
    endloop
  endfacet
  facet normal -0.987688 0.156436 0
    outer loop
      vertex -0.044989 -0.0117909 0.012
      vertex -0.0449563 -0.0115842 0.012
      vertex -0.044989 -0.0117909 -0.005
    endloop
  endfacet
  facet normal -0.987688 0.156436 0
    outer loop
      vertex -0.044989 -0.0117909 -0.005
      vertex -0.0449563 -0.0115842 0.012
      vertex -0.0449563 -0.0115842 -0.005
    endloop
  endfacet
  facet normal -0.965923 0.258829 0
    outer loop
      vertex -0.0449563 -0.0115842 0.012
      vertex -0.0449021 -0.011382 0.012
      vertex -0.0449563 -0.0115842 -0.005
    endloop
  endfacet
  facet normal -0.965923 0.258829 0
    outer loop
      vertex -0.0449563 -0.0115842 -0.005
      vertex -0.0449021 -0.011382 0.012
      vertex -0.0449021 -0.011382 -0.005
    endloop
  endfacet
  facet normal -0.933584 0.358359 0
    outer loop
      vertex -0.0449021 -0.011382 0.012
      vertex -0.0448271 -0.0111865 0.012
      vertex -0.0449021 -0.011382 -0.005
    endloop
  endfacet
  facet normal -0.933584 0.358359 0
    outer loop
      vertex -0.0449021 -0.011382 -0.005
      vertex -0.0448271 -0.0111865 0.012
      vertex -0.0448271 -0.0111865 -0.005
    endloop
  endfacet
  facet normal -0.891008 0.453988 0
    outer loop
      vertex -0.0448271 -0.0111865 0.012
      vertex -0.0447321 -0.011 0.012
      vertex -0.0448271 -0.0111865 -0.005
    endloop
  endfacet
  facet normal -0.891008 0.453988 0
    outer loop
      vertex -0.0448271 -0.0111865 -0.005
      vertex -0.0447321 -0.011 0.012
      vertex -0.0447321 -0.011 -0.005
    endloop
  endfacet
  facet normal -0.838663 0.54465 0
    outer loop
      vertex -0.0447321 -0.011 0.012
      vertex -0.044618 -0.0108244 0.012
      vertex -0.0447321 -0.011 -0.005
    endloop
  endfacet
  facet normal -0.838663 0.54465 0
    outer loop
      vertex -0.0447321 -0.011 -0.005
      vertex -0.044618 -0.0108244 0.012
      vertex -0.044618 -0.0108244 -0.005
    endloop
  endfacet
  facet normal -0.777154 0.629311 0
    outer loop
      vertex -0.044618 -0.0108244 0.012
      vertex -0.0444863 -0.0106617 0.012
      vertex -0.044618 -0.0108244 -0.005
    endloop
  endfacet
  facet normal -0.777154 0.629311 0
    outer loop
      vertex -0.044618 -0.0108244 -0.005
      vertex -0.0444863 -0.0106617 0.012
      vertex -0.0444863 -0.0106617 -0.005
    endloop
  endfacet
  facet normal -0.707107 0.707107 0
    outer loop
      vertex -0.0444863 -0.0106617 0.012
      vertex -0.0443383 -0.0105137 0.012
      vertex -0.0444863 -0.0106617 -0.005
    endloop
  endfacet
  facet normal -0.707107 0.707107 0
    outer loop
      vertex -0.0444863 -0.0106617 -0.005
      vertex -0.0443383 -0.0105137 0.012
      vertex -0.0443383 -0.0105137 -0.005
    endloop
  endfacet
  facet normal -0.629322 0.777145 0
    outer loop
      vertex -0.0443383 -0.0105137 0.012
      vertex -0.0441756 -0.010382 0.012
      vertex -0.0443383 -0.0105137 -0.005
    endloop
  endfacet
  facet normal -0.629322 0.777145 0
    outer loop
      vertex -0.0443383 -0.0105137 -0.005
      vertex -0.0441756 -0.010382 0.012
      vertex -0.0441756 -0.010382 -0.005
    endloop
  endfacet
  facet normal -0.544632 0.838675 0
    outer loop
      vertex -0.0441756 -0.010382 0.012
      vertex -0.044 -0.0102679 0.012
      vertex -0.0441756 -0.010382 -0.005
    endloop
  endfacet
  facet normal -0.544632 0.838675 0
    outer loop
      vertex -0.0441756 -0.010382 -0.005
      vertex -0.044 -0.0102679 0.012
      vertex -0.044 -0.0102679 -0.005
    endloop
  endfacet
  facet normal -0.453995 0.891004 0
    outer loop
      vertex -0.044 -0.0102679 0.012
      vertex -0.0438135 -0.0101729 0.012
      vertex -0.044 -0.0102679 -0.005
    endloop
  endfacet
  facet normal -0.453995 0.891004 0
    outer loop
      vertex -0.044 -0.0102679 -0.005
      vertex -0.0438135 -0.0101729 0.012
      vertex -0.0438135 -0.0101729 -0.005
    endloop
  endfacet
  facet normal -0.358365 0.933581 0
    outer loop
      vertex -0.0438135 -0.0101729 0.012
      vertex -0.043618 -0.0100979 0.012
      vertex -0.0438135 -0.0101729 -0.005
    endloop
  endfacet
  facet normal -0.358365 0.933581 0
    outer loop
      vertex -0.0438135 -0.0101729 -0.005
      vertex -0.043618 -0.0100979 0.012
      vertex -0.043618 -0.0100979 -0.005
    endloop
  endfacet
  facet normal -0.258823 0.965925 0
    outer loop
      vertex -0.043618 -0.0100979 0.012
      vertex -0.0434158 -0.0100437 0.012
      vertex -0.043618 -0.0100979 -0.005
    endloop
  endfacet
  facet normal -0.258823 0.965925 0
    outer loop
      vertex -0.043618 -0.0100979 -0.005
      vertex -0.0434158 -0.0100437 0.012
      vertex -0.0434158 -0.0100437 -0.005
    endloop
  endfacet
  facet normal -0.156431 0.987689 0
    outer loop
      vertex -0.0434158 -0.0100437 0.012
      vertex -0.0432091 -0.010011 0.012
      vertex -0.0434158 -0.0100437 -0.005
    endloop
  endfacet
  facet normal -0.156431 0.987689 0
    outer loop
      vertex -0.0434158 -0.0100437 -0.005
      vertex -0.0432091 -0.010011 0.012
      vertex -0.0432091 -0.010011 -0.005
    endloop
  endfacet
  facet normal -0.05234 0.998629 0
    outer loop
      vertex -0.0432091 -0.010011 0.012
      vertex -0.043 -0.01 0.012
      vertex -0.0432091 -0.010011 -0.005
    endloop
  endfacet
  facet normal -0.05234 0.998629 0
    outer loop
      vertex -0.0432091 -0.010011 -0.005
      vertex -0.043 -0.01 0.012
      vertex -0.043 -0.01 -0.005
    endloop
  endfacet
  facet normal 1 0 0
    outer loop
      vertex -0.04 -0.017 0.01
      vertex -0.04 -0.017 0.012
      vertex -0.04 -0.042 0.01
    endloop
  endfacet
  facet normal 1 0 0
    outer loop
      vertex -0.04 -0.017 0.012
      vertex -0.04 -0.042 0.012
      vertex -0.04 -0.042 0.01
    endloop
  endfacet
  facet normal 0.99863 0.0523347 0
    outer loop
      vertex -0.04 -0.042 0.01
      vertex -0.04 -0.042 0.012
      vertex -0.039989 -0.0422091 0.01
    endloop
  endfacet
  facet normal 0.99863 0.0523347 0
    outer loop
      vertex -0.04 -0.042 0.012
      vertex -0.039989 -0.0422091 0.012
      vertex -0.039989 -0.0422091 0.01
    endloop
  endfacet
  facet normal 0.987688 0.156438 0
    outer loop
      vertex -0.039989 -0.0422091 0.01
      vertex -0.039989 -0.0422091 0.012
      vertex -0.0399563 -0.0424158 0.01
    endloop
  endfacet
  facet normal 0.987688 0.156438 0
    outer loop
      vertex -0.039989 -0.0422091 0.012
      vertex -0.0399563 -0.0424158 0.012
      vertex -0.0399563 -0.0424158 0.01
    endloop
  endfacet
  facet normal 0.965928 0.25881 0
    outer loop
      vertex -0.0399563 -0.0424158 0.01
      vertex -0.0399563 -0.0424158 0.012
      vertex -0.0399021 -0.042618 0.01
    endloop
  endfacet
  facet normal 0.965928 0.25881 0
    outer loop
      vertex -0.0399563 -0.0424158 0.012
      vertex -0.0399021 -0.042618 0.012
      vertex -0.0399021 -0.042618 0.01
    endloop
  endfacet
  facet normal 0.933576 0.358379 0
    outer loop
      vertex -0.0399021 -0.042618 0.01
      vertex -0.0399021 -0.042618 0.012
      vertex -0.0398271 -0.0428135 0.01
    endloop
  endfacet
  facet normal 0.933576 0.358379 0
    outer loop
      vertex -0.0399021 -0.042618 0.012
      vertex -0.0398271 -0.0428135 0.012
      vertex -0.0398271 -0.0428135 0.01
    endloop
  endfacet
  facet normal 0.89101 0.453984 0
    outer loop
      vertex -0.0398271 -0.0428135 0.01
      vertex -0.0398271 -0.0428135 0.012
      vertex -0.0397321 -0.043 0.01
    endloop
  endfacet
  facet normal 0.89101 0.453984 0
    outer loop
      vertex -0.0398271 -0.0428135 0.012
      vertex -0.0397321 -0.043 0.012
      vertex -0.0397321 -0.043 0.01
    endloop
  endfacet
  facet normal 0.83867 0.54464 0
    outer loop
      vertex -0.0397321 -0.043 0.01
      vertex -0.0397321 -0.043 0.012
      vertex -0.039618 -0.0431756 0.01
    endloop
  endfacet
  facet normal 0.83867 0.54464 0
    outer loop
      vertex -0.0397321 -0.043 0.012
      vertex -0.039618 -0.0431756 0.012
      vertex -0.039618 -0.0431756 0.01
    endloop
  endfacet
  facet normal 0.777145 0.629322 0
    outer loop
      vertex -0.039618 -0.0431756 0.01
      vertex -0.039618 -0.0431756 0.012
      vertex -0.0394863 -0.0433383 0.01
    endloop
  endfacet
  facet normal 0.777145 0.629322 0
    outer loop
      vertex -0.039618 -0.0431756 0.012
      vertex -0.0394863 -0.0433383 0.012
      vertex -0.0394863 -0.0433383 0.01
    endloop
  endfacet
  facet normal 0.707107 0.707107 0
    outer loop
      vertex -0.0394863 -0.0433383 0.01
      vertex -0.0394863 -0.0433383 0.012
      vertex -0.0393383 -0.0434863 0.01
    endloop
  endfacet
  facet normal 0.707107 0.707107 0
    outer loop
      vertex -0.0394863 -0.0433383 0.012
      vertex -0.0393383 -0.0434863 0.012
      vertex -0.0393383 -0.0434863 0.01
    endloop
  endfacet
  facet normal 0.629322 0.777145 0
    outer loop
      vertex -0.0393383 -0.0434863 0.01
      vertex -0.0393383 -0.0434863 0.012
      vertex -0.0391756 -0.043618 0.01
    endloop
  endfacet
  facet normal 0.629322 0.777145 0
    outer loop
      vertex -0.0393383 -0.0434863 0.012
      vertex -0.0391756 -0.043618 0.012
      vertex -0.0391756 -0.043618 0.01
    endloop
  endfacet
  facet normal 0.54464 0.83867 0
    outer loop
      vertex -0.0391756 -0.043618 0.01
      vertex -0.0391756 -0.043618 0.012
      vertex -0.039 -0.0437321 0.01
    endloop
  endfacet
  facet normal 0.54464 0.83867 0
    outer loop
      vertex -0.0391756 -0.043618 0.012
      vertex -0.039 -0.0437321 0.012
      vertex -0.039 -0.0437321 0.01
    endloop
  endfacet
  facet normal 0.453991 0.891006 0
    outer loop
      vertex -0.039 -0.0437321 0.01
      vertex -0.039 -0.0437321 0.012
      vertex -0.0388135 -0.0438271 0.01
    endloop
  endfacet
  facet normal 0.453991 0.891006 0
    outer loop
      vertex -0.039 -0.0437321 0.012
      vertex -0.0388135 -0.0438271 0.012
      vertex -0.0388135 -0.0438271 0.01
    endloop
  endfacet
  facet normal 0.358373 0.933578 0
    outer loop
      vertex -0.0388135 -0.0438271 0.01
      vertex -0.0388135 -0.0438271 0.012
      vertex -0.038618 -0.0439021 0.01
    endloop
  endfacet
  facet normal 0.358373 0.933578 0
    outer loop
      vertex -0.0388135 -0.0438271 0.012
      vertex -0.038618 -0.0439021 0.012
      vertex -0.038618 -0.0439021 0.01
    endloop
  endfacet
  facet normal 0.25881 0.965928 0
    outer loop
      vertex -0.038618 -0.0439021 0.01
      vertex -0.038618 -0.0439021 0.012
      vertex -0.0384158 -0.0439563 0.01
    endloop
  endfacet
  facet normal 0.25881 0.965928 0
    outer loop
      vertex -0.038618 -0.0439021 0.012
      vertex -0.0384158 -0.0439563 0.012
      vertex -0.0384158 -0.0439563 0.01
    endloop
  endfacet
  facet normal 0.156438 0.987688 0
    outer loop
      vertex -0.0384158 -0.0439563 0.01
      vertex -0.0384158 -0.0439563 0.012
      vertex -0.0382091 -0.043989 0.01
    endloop
  endfacet
  facet normal 0.156438 0.987688 0
    outer loop
      vertex -0.0384158 -0.0439563 0.012
      vertex -0.0382091 -0.043989 0.012
      vertex -0.0382091 -0.043989 0.01
    endloop
  endfacet
  facet normal 0.0523347 0.99863 0
    outer loop
      vertex -0.0382091 -0.043989 0.01
      vertex -0.0382091 -0.043989 0.012
      vertex -0.038 -0.044 0.01
    endloop
  endfacet
  facet normal 0.0523347 0.99863 0
    outer loop
      vertex -0.0382091 -0.043989 0.012
      vertex -0.038 -0.044 0.012
      vertex -0.038 -0.044 0.01
    endloop
  endfacet
endsolid Mesh
