ISO-10303-21;
HEADER;
/* Generated by software containing ST-Developer
 * from STEP Tools, Inc. (www.steptools.com) 
 */
/* OPTION: using custom renumber hook */

FILE_DESCRIPTION(
/* description */ ('STEP AP242 Edition 2',
'CAx-IF Rec.Pracs.---Representation and Presentation of Product Manufa
cturing Information (PMI)---4.0---2014-10-13',
'CAx-IF Rec.Pracs.---3D Tessellated Geometry---0.4---2014-09-14','2;1',
'CAx-IF Rec.Pracs.---User Defined Attributes---1.5---2016-08-15'),
/* implementation_level */ '2;1');

FILE_NAME(
/* name */ 'VESC Box V2 - Part 2',
/* time_stamp */ '2026-06-05T01:49:34Z',
/* author */ (''),
/* organization */ (''),
/* preprocessor_version */ 'ST-DEVELOPER v20',
/* originating_system */ 'ONSHAPE BY PTC INC, 1.215',
/* authorisation */ '  ');

FILE_SCHEMA (('AP242_MANAGED_MODEL_BASED_3D_ENGINEERING_MIM_LF { 1 0 10303 442 3 1 4 }'));
ENDSEC;

DATA;
#10=SHAPE_REPRESENTATION_RELATIONSHIP('','',#1532,#11);
#11=ADVANCED_BREP_SHAPE_REPRESENTATION('',(#1530),#2551);
#12=ELLIPSE('',#1574,0.001000004715001,0.001);
#13=ELLIPSE('',#1575,0.00141421356237309,0.001);
#14=ELLIPSE('',#1577,0.001000004715001,0.001);
#15=ELLIPSE('',#1578,0.00141421356237309,0.001);
#16=ELLIPSE('',#1637,0.001000004715001,0.001);
#17=ELLIPSE('',#1638,0.00141421356237309,0.001);
#18=ELLIPSE('',#1640,0.001000004715001,0.001);
#19=ELLIPSE('',#1641,0.00141421356237309,0.001);
#20=CIRCLE('',#1537,0.002);
#21=CIRCLE('',#1538,0.002);
#22=CIRCLE('',#1543,0.002);
#23=CIRCLE('',#1544,0.002);
#24=CIRCLE('',#1546,0.002);
#25=CIRCLE('',#1547,0.002);
#26=CIRCLE('',#1548,0.002);
#27=CIRCLE('',#1549,0.002);
#28=CIRCLE('',#1550,0.002);
#29=CIRCLE('',#1551,0.002);
#30=CIRCLE('',#1552,0.002);
#31=CIRCLE('',#1555,0.002);
#32=CIRCLE('',#1560,0.001);
#33=CIRCLE('',#1561,0.001);
#34=CIRCLE('',#1564,0.002);
#35=CIRCLE('',#1565,0.00268700576850888);
#36=CIRCLE('',#1566,0.002);
#37=CIRCLE('',#1567,0.002);
#38=CIRCLE('',#1568,0.0016);
#39=CIRCLE('',#1571,0.001);
#40=CIRCLE('',#1572,0.001);
#41=CIRCLE('',#1580,0.002);
#42=CIRCLE('',#1582,0.002);
#43=CIRCLE('',#1583,0.00268700576850888);
#44=CIRCLE('',#1584,0.002);
#45=CIRCLE('',#1585,0.0016);
#46=CIRCLE('',#1587,0.002);
#47=CIRCLE('',#1588,0.00268700576850888);
#48=CIRCLE('',#1589,0.002);
#49=CIRCLE('',#1590,0.0016);
#50=CIRCLE('',#1592,0.002);
#51=CIRCLE('',#1598,0.00268700576850888);
#52=CIRCLE('',#1602,0.0016);
#53=CIRCLE('',#1604,0.002);
#54=CIRCLE('',#1605,0.002);
#55=CIRCLE('',#1606,0.002);
#56=CIRCLE('',#1634,0.002);
#57=B_SPLINE_CURVE_WITH_KNOTS('',3,(#2089,#2090,#2091,#2092,#2093),
 .UNSPECIFIED.,.F.,.F.,(4,1,4),(0.00193757952330783,0.00308791623910891,
0.00423825295490999),.UNSPECIFIED.);
#58=B_SPLINE_CURVE_WITH_KNOTS('',3,(#2211,#2212,#2213,#2214,#2215,#2216,
#2217),.UNSPECIFIED.,.F.,.F.,(4,1,1,1,4),(0.,0.0010595632387275,0.00211912647745499,
0.00317868971618249,0.00423825295490998),.UNSPECIFIED.);
#59=B_SPLINE_CURVE_WITH_KNOTS('',3,(#2341,#2342,#2343,#2344),
 .UNSPECIFIED.,.F.,.F.,(4,4),(0.,0.00030156729749181),.UNSPECIFIED.);
#60=B_SPLINE_CURVE_WITH_KNOTS('',3,(#2420,#2421,#2422,#2423),
 .UNSPECIFIED.,.F.,.F.,(4,4),(0.,0.000301567297491878),.UNSPECIFIED.);
#61=B_SPLINE_CURVE_WITH_KNOTS('',3,(#2428,#2429,#2430,#2431),
 .UNSPECIFIED.,.F.,.F.,(4,4),(0.,0.000301567297491814),.UNSPECIFIED.);
#62=B_SPLINE_CURVE_WITH_KNOTS('',3,(#2433,#2434,#2435,#2436),
 .UNSPECIFIED.,.F.,.F.,(4,4),(0.,0.00030156729749188),.UNSPECIFIED.);
#63=B_SPLINE_CURVE_WITH_KNOTS('',3,(#2486,#2487,#2488,#2489,#2490,#2491,
#2492),.UNSPECIFIED.,.F.,.F.,(4,1,1,1,4),(0.,0.0010595632387275,0.002119126477455,
0.00317868971618251,0.00423825295491001),.UNSPECIFIED.);
#64=B_SPLINE_CURVE_WITH_KNOTS('',3,(#2495,#2496,#2497,#2498,#2499,#2500,
#2501),.UNSPECIFIED.,.F.,.F.,(4,1,1,1,4),(0.,0.00105956323872748,0.00211912647745496,
0.00317868971618244,0.00423825295490993),.UNSPECIFIED.);
#65=B_SPLINE_CURVE_WITH_KNOTS('',3,(#2507,#2508,#2509,#2510,#2511,#2512,
#2513),.UNSPECIFIED.,.F.,.F.,(4,1,1,1,4),(0.,0.00105956323872749,0.00211912647745497,
0.00317868971618246,0.00423825295490994),.UNSPECIFIED.);
#66=CYLINDRICAL_SURFACE('',#1536,0.002);
#67=CYLINDRICAL_SURFACE('',#1553,0.002);
#68=CYLINDRICAL_SURFACE('',#1554,0.002);
#69=CYLINDRICAL_SURFACE('',#1573,0.001);
#70=CYLINDRICAL_SURFACE('',#1576,0.001);
#71=CYLINDRICAL_SURFACE('',#1596,0.00268700576850888);
#72=CYLINDRICAL_SURFACE('',#1597,0.00268700576850888);
#73=CYLINDRICAL_SURFACE('',#1600,0.0016);
#74=CYLINDRICAL_SURFACE('',#1601,0.0016);
#75=CYLINDRICAL_SURFACE('',#1620,0.002);
#76=CYLINDRICAL_SURFACE('',#1621,0.002);
#77=CYLINDRICAL_SURFACE('',#1622,0.002);
#78=CYLINDRICAL_SURFACE('',#1623,0.002);
#79=CYLINDRICAL_SURFACE('',#1624,0.002);
#80=CYLINDRICAL_SURFACE('',#1625,0.002);
#81=CYLINDRICAL_SURFACE('',#1626,0.002);
#82=CYLINDRICAL_SURFACE('',#1627,0.002);
#83=CYLINDRICAL_SURFACE('',#1628,0.002);
#84=CYLINDRICAL_SURFACE('',#1629,0.002);
#85=CYLINDRICAL_SURFACE('',#1630,0.002);
#86=CYLINDRICAL_SURFACE('',#1631,0.002);
#87=CYLINDRICAL_SURFACE('',#1632,0.002);
#88=CYLINDRICAL_SURFACE('',#1633,0.002);
#89=CYLINDRICAL_SURFACE('',#1635,0.001);
#90=CYLINDRICAL_SURFACE('',#1636,0.001);
#91=CYLINDRICAL_SURFACE('',#1639,0.001);
#92=CYLINDRICAL_SURFACE('',#1642,0.001);
#93=CYLINDRICAL_SURFACE('',#1645,0.001);
#94=CYLINDRICAL_SURFACE('',#1647,0.001);
#95=ORIENTED_EDGE('',*,*,#537,.T.);
#96=ORIENTED_EDGE('',*,*,#538,.T.);
#97=ORIENTED_EDGE('',*,*,#539,.T.);
#98=ORIENTED_EDGE('',*,*,#540,.T.);
#99=ORIENTED_EDGE('',*,*,#541,.F.);
#100=ORIENTED_EDGE('',*,*,#542,.T.);
#101=ORIENTED_EDGE('',*,*,#543,.T.);
#102=ORIENTED_EDGE('',*,*,#544,.F.);
#103=ORIENTED_EDGE('',*,*,#545,.F.);
#104=ORIENTED_EDGE('',*,*,#546,.T.);
#105=ORIENTED_EDGE('',*,*,#547,.F.);
#106=ORIENTED_EDGE('',*,*,#548,.T.);
#107=ORIENTED_EDGE('',*,*,#540,.F.);
#108=ORIENTED_EDGE('',*,*,#549,.T.);
#109=ORIENTED_EDGE('',*,*,#550,.T.);
#110=ORIENTED_EDGE('',*,*,#551,.T.);
#111=ORIENTED_EDGE('',*,*,#552,.F.);
#112=ORIENTED_EDGE('',*,*,#553,.T.);
#113=ORIENTED_EDGE('',*,*,#554,.T.);
#114=ORIENTED_EDGE('',*,*,#555,.F.);
#115=ORIENTED_EDGE('',*,*,#556,.T.);
#116=ORIENTED_EDGE('',*,*,#557,.T.);
#117=ORIENTED_EDGE('',*,*,#558,.T.);
#118=ORIENTED_EDGE('',*,*,#559,.T.);
#119=ORIENTED_EDGE('',*,*,#560,.T.);
#120=ORIENTED_EDGE('',*,*,#561,.T.);
#121=ORIENTED_EDGE('',*,*,#562,.F.);
#122=ORIENTED_EDGE('',*,*,#563,.F.);
#123=ORIENTED_EDGE('',*,*,#564,.F.);
#124=ORIENTED_EDGE('',*,*,#565,.T.);
#125=ORIENTED_EDGE('',*,*,#566,.F.);
#126=ORIENTED_EDGE('',*,*,#565,.F.);
#127=ORIENTED_EDGE('',*,*,#567,.T.);
#128=ORIENTED_EDGE('',*,*,#568,.T.);
#129=ORIENTED_EDGE('',*,*,#552,.T.);
#130=ORIENTED_EDGE('',*,*,#569,.T.);
#131=ORIENTED_EDGE('',*,*,#570,.T.);
#132=ORIENTED_EDGE('',*,*,#571,.T.);
#133=ORIENTED_EDGE('',*,*,#572,.F.);
#134=ORIENTED_EDGE('',*,*,#573,.T.);
#135=ORIENTED_EDGE('',*,*,#574,.T.);
#136=ORIENTED_EDGE('',*,*,#575,.T.);
#137=ORIENTED_EDGE('',*,*,#576,.T.);
#138=ORIENTED_EDGE('',*,*,#577,.T.);
#139=ORIENTED_EDGE('',*,*,#578,.T.);
#140=ORIENTED_EDGE('',*,*,#579,.T.);
#141=ORIENTED_EDGE('',*,*,#580,.F.);
#142=ORIENTED_EDGE('',*,*,#581,.T.);
#143=ORIENTED_EDGE('',*,*,#547,.T.);
#144=ORIENTED_EDGE('',*,*,#582,.T.);
#145=ORIENTED_EDGE('',*,*,#538,.F.);
#146=ORIENTED_EDGE('',*,*,#583,.F.);
#147=ORIENTED_EDGE('',*,*,#584,.T.);
#148=ORIENTED_EDGE('',*,*,#585,.F.);
#149=ORIENTED_EDGE('',*,*,#586,.F.);
#150=ORIENTED_EDGE('',*,*,#587,.T.);
#151=ORIENTED_EDGE('',*,*,#588,.F.);
#152=ORIENTED_EDGE('',*,*,#589,.T.);
#153=ORIENTED_EDGE('',*,*,#590,.F.);
#154=ORIENTED_EDGE('',*,*,#591,.T.);
#155=ORIENTED_EDGE('',*,*,#592,.F.);
#156=ORIENTED_EDGE('',*,*,#593,.F.);
#157=ORIENTED_EDGE('',*,*,#594,.F.);
#158=ORIENTED_EDGE('',*,*,#595,.T.);
#159=ORIENTED_EDGE('',*,*,#596,.F.);
#160=ORIENTED_EDGE('',*,*,#597,.T.);
#161=ORIENTED_EDGE('',*,*,#598,.T.);
#162=ORIENTED_EDGE('',*,*,#599,.T.);
#163=ORIENTED_EDGE('',*,*,#600,.F.);
#164=ORIENTED_EDGE('',*,*,#562,.T.);
#165=ORIENTED_EDGE('',*,*,#601,.F.);
#166=ORIENTED_EDGE('',*,*,#602,.F.);
#167=ORIENTED_EDGE('',*,*,#603,.F.);
#168=ORIENTED_EDGE('',*,*,#545,.T.);
#169=ORIENTED_EDGE('',*,*,#539,.F.);
#170=ORIENTED_EDGE('',*,*,#582,.F.);
#171=ORIENTED_EDGE('',*,*,#571,.F.);
#172=ORIENTED_EDGE('',*,*,#604,.T.);
#173=ORIENTED_EDGE('',*,*,#549,.F.);
#174=ORIENTED_EDGE('',*,*,#605,.F.);
#175=ORIENTED_EDGE('',*,*,#606,.F.);
#176=ORIENTED_EDGE('',*,*,#607,.T.);
#177=ORIENTED_EDGE('',*,*,#608,.F.);
#178=ORIENTED_EDGE('',*,*,#609,.F.);
#179=ORIENTED_EDGE('',*,*,#610,.F.);
#180=ORIENTED_EDGE('',*,*,#611,.T.);
#181=ORIENTED_EDGE('',*,*,#612,.T.);
#182=ORIENTED_EDGE('',*,*,#613,.T.);
#183=ORIENTED_EDGE('',*,*,#614,.F.);
#184=ORIENTED_EDGE('',*,*,#615,.T.);
#185=ORIENTED_EDGE('',*,*,#616,.F.);
#186=ORIENTED_EDGE('',*,*,#617,.T.);
#187=ORIENTED_EDGE('',*,*,#618,.T.);
#188=ORIENTED_EDGE('',*,*,#619,.T.);
#189=ORIENTED_EDGE('',*,*,#620,.F.);
#190=ORIENTED_EDGE('',*,*,#621,.T.);
#191=ORIENTED_EDGE('',*,*,#622,.F.);
#192=ORIENTED_EDGE('',*,*,#623,.F.);
#193=ORIENTED_EDGE('',*,*,#624,.T.);
#194=ORIENTED_EDGE('',*,*,#625,.T.);
#195=ORIENTED_EDGE('',*,*,#626,.F.);
#196=ORIENTED_EDGE('',*,*,#627,.T.);
#197=ORIENTED_EDGE('',*,*,#628,.F.);
#198=ORIENTED_EDGE('',*,*,#629,.F.);
#199=ORIENTED_EDGE('',*,*,#630,.F.);
#200=ORIENTED_EDGE('',*,*,#631,.F.);
#201=ORIENTED_EDGE('',*,*,#632,.F.);
#202=ORIENTED_EDGE('',*,*,#633,.T.);
#203=ORIENTED_EDGE('',*,*,#634,.T.);
#204=ORIENTED_EDGE('',*,*,#635,.T.);
#205=ORIENTED_EDGE('',*,*,#636,.T.);
#206=ORIENTED_EDGE('',*,*,#637,.T.);
#207=ORIENTED_EDGE('',*,*,#638,.F.);
#208=ORIENTED_EDGE('',*,*,#639,.F.);
#209=ORIENTED_EDGE('',*,*,#640,.T.);
#210=ORIENTED_EDGE('',*,*,#641,.T.);
#211=ORIENTED_EDGE('',*,*,#642,.T.);
#212=ORIENTED_EDGE('',*,*,#643,.T.);
#213=ORIENTED_EDGE('',*,*,#644,.F.);
#214=ORIENTED_EDGE('',*,*,#645,.T.);
#215=ORIENTED_EDGE('',*,*,#646,.F.);
#216=ORIENTED_EDGE('',*,*,#626,.T.);
#217=ORIENTED_EDGE('',*,*,#647,.T.);
#218=ORIENTED_EDGE('',*,*,#648,.F.);
#219=ORIENTED_EDGE('',*,*,#649,.T.);
#220=ORIENTED_EDGE('',*,*,#555,.T.);
#221=ORIENTED_EDGE('',*,*,#650,.T.);
#222=ORIENTED_EDGE('',*,*,#644,.T.);
#223=ORIENTED_EDGE('',*,*,#651,.F.);
#224=ORIENTED_EDGE('',*,*,#652,.T.);
#225=ORIENTED_EDGE('',*,*,#653,.T.);
#226=ORIENTED_EDGE('',*,*,#654,.T.);
#227=ORIENTED_EDGE('',*,*,#655,.T.);
#228=ORIENTED_EDGE('',*,*,#656,.F.);
#229=ORIENTED_EDGE('',*,*,#617,.F.);
#230=ORIENTED_EDGE('',*,*,#657,.F.);
#231=ORIENTED_EDGE('',*,*,#658,.F.);
#232=ORIENTED_EDGE('',*,*,#659,.F.);
#233=ORIENTED_EDGE('',*,*,#658,.T.);
#234=ORIENTED_EDGE('',*,*,#660,.T.);
#235=ORIENTED_EDGE('',*,*,#593,.T.);
#236=ORIENTED_EDGE('',*,*,#661,.F.);
#237=ORIENTED_EDGE('',*,*,#662,.T.);
#238=ORIENTED_EDGE('',*,*,#663,.T.);
#239=ORIENTED_EDGE('',*,*,#664,.T.);
#240=ORIENTED_EDGE('',*,*,#665,.T.);
#241=ORIENTED_EDGE('',*,*,#666,.T.);
#242=ORIENTED_EDGE('',*,*,#619,.F.);
#243=ORIENTED_EDGE('',*,*,#667,.T.);
#244=ORIENTED_EDGE('',*,*,#655,.F.);
#245=ORIENTED_EDGE('',*,*,#668,.F.);
#246=ORIENTED_EDGE('',*,*,#669,.T.);
#247=ORIENTED_EDGE('',*,*,#652,.F.);
#248=ORIENTED_EDGE('',*,*,#670,.T.);
#249=ORIENTED_EDGE('',*,*,#625,.F.);
#250=ORIENTED_EDGE('',*,*,#671,.T.);
#251=ORIENTED_EDGE('',*,*,#634,.F.);
#252=ORIENTED_EDGE('',*,*,#672,.T.);
#253=ORIENTED_EDGE('',*,*,#610,.T.);
#254=ORIENTED_EDGE('',*,*,#673,.T.);
#255=ORIENTED_EDGE('',*,*,#674,.F.);
#256=ORIENTED_EDGE('',*,*,#675,.F.);
#257=ORIENTED_EDGE('',*,*,#676,.T.);
#258=ORIENTED_EDGE('',*,*,#677,.F.);
#259=ORIENTED_EDGE('',*,*,#621,.F.);
#260=ORIENTED_EDGE('',*,*,#678,.F.);
#261=ORIENTED_EDGE('',*,*,#679,.T.);
#262=ORIENTED_EDGE('',*,*,#557,.F.);
#263=ORIENTED_EDGE('',*,*,#680,.T.);
#264=ORIENTED_EDGE('',*,*,#681,.T.);
#265=ORIENTED_EDGE('',*,*,#682,.T.);
#266=ORIENTED_EDGE('',*,*,#640,.F.);
#267=ORIENTED_EDGE('',*,*,#683,.F.);
#268=ORIENTED_EDGE('',*,*,#684,.F.);
#269=ORIENTED_EDGE('',*,*,#614,.T.);
#270=ORIENTED_EDGE('',*,*,#685,.T.);
#271=ORIENTED_EDGE('',*,*,#686,.T.);
#272=ORIENTED_EDGE('',*,*,#687,.T.);
#273=ORIENTED_EDGE('',*,*,#542,.F.);
#274=ORIENTED_EDGE('',*,*,#688,.F.);
#275=ORIENTED_EDGE('',*,*,#689,.T.);
#276=ORIENTED_EDGE('',*,*,#690,.F.);
#277=ORIENTED_EDGE('',*,*,#691,.F.);
#278=ORIENTED_EDGE('',*,*,#642,.F.);
#279=ORIENTED_EDGE('',*,*,#692,.T.);
#280=ORIENTED_EDGE('',*,*,#553,.F.);
#281=ORIENTED_EDGE('',*,*,#568,.F.);
#282=ORIENTED_EDGE('',*,*,#693,.F.);
#283=ORIENTED_EDGE('',*,*,#623,.T.);
#284=ORIENTED_EDGE('',*,*,#694,.T.);
#285=ORIENTED_EDGE('',*,*,#695,.F.);
#286=ORIENTED_EDGE('',*,*,#696,.T.);
#287=ORIENTED_EDGE('',*,*,#675,.T.);
#288=ORIENTED_EDGE('',*,*,#697,.T.);
#289=ORIENTED_EDGE('',*,*,#698,.T.);
#290=ORIENTED_EDGE('',*,*,#620,.T.);
#291=ORIENTED_EDGE('',*,*,#699,.T.);
#292=ORIENTED_EDGE('',*,*,#624,.F.);
#293=ORIENTED_EDGE('',*,*,#693,.T.);
#294=ORIENTED_EDGE('',*,*,#700,.T.);
#295=ORIENTED_EDGE('',*,*,#678,.T.);
#296=ORIENTED_EDGE('',*,*,#689,.F.);
#297=ORIENTED_EDGE('',*,*,#701,.T.);
#298=ORIENTED_EDGE('',*,*,#702,.T.);
#299=ORIENTED_EDGE('',*,*,#703,.F.);
#300=ORIENTED_EDGE('',*,*,#681,.F.);
#301=ORIENTED_EDGE('',*,*,#704,.T.);
#302=ORIENTED_EDGE('',*,*,#648,.T.);
#303=ORIENTED_EDGE('',*,*,#705,.T.);
#304=ORIENTED_EDGE('',*,*,#686,.F.);
#305=ORIENTED_EDGE('',*,*,#706,.T.);
#306=ORIENTED_EDGE('',*,*,#707,.T.);
#307=ORIENTED_EDGE('',*,*,#708,.T.);
#308=ORIENTED_EDGE('',*,*,#703,.T.);
#309=ORIENTED_EDGE('',*,*,#709,.T.);
#310=ORIENTED_EDGE('',*,*,#697,.F.);
#311=ORIENTED_EDGE('',*,*,#674,.T.);
#312=ORIENTED_EDGE('',*,*,#710,.T.);
#313=ORIENTED_EDGE('',*,*,#690,.T.);
#314=ORIENTED_EDGE('',*,*,#683,.T.);
#315=ORIENTED_EDGE('',*,*,#711,.T.);
#316=ORIENTED_EDGE('',*,*,#668,.T.);
#317=ORIENTED_EDGE('',*,*,#654,.F.);
#318=ORIENTED_EDGE('',*,*,#691,.T.);
#319=ORIENTED_EDGE('',*,*,#712,.F.);
#320=ORIENTED_EDGE('',*,*,#713,.T.);
#321=ORIENTED_EDGE('',*,*,#714,.T.);
#322=ORIENTED_EDGE('',*,*,#632,.T.);
#323=ORIENTED_EDGE('',*,*,#715,.T.);
#324=ORIENTED_EDGE('',*,*,#716,.T.);
#325=ORIENTED_EDGE('',*,*,#717,.T.);
#326=ORIENTED_EDGE('',*,*,#712,.T.);
#327=ORIENTED_EDGE('',*,*,#718,.T.);
#328=ORIENTED_EDGE('',*,*,#719,.T.);
#329=ORIENTED_EDGE('',*,*,#544,.T.);
#330=ORIENTED_EDGE('',*,*,#720,.T.);
#331=ORIENTED_EDGE('',*,*,#707,.F.);
#332=ORIENTED_EDGE('',*,*,#721,.T.);
#333=ORIENTED_EDGE('',*,*,#612,.F.);
#334=ORIENTED_EDGE('',*,*,#722,.T.);
#335=ORIENTED_EDGE('',*,*,#700,.F.);
#336=ORIENTED_EDGE('',*,*,#567,.F.);
#337=ORIENTED_EDGE('',*,*,#564,.T.);
#338=ORIENTED_EDGE('',*,*,#723,.T.);
#339=ORIENTED_EDGE('',*,*,#563,.T.);
#340=ORIENTED_EDGE('',*,*,#600,.T.);
#341=ORIENTED_EDGE('',*,*,#558,.F.);
#342=ORIENTED_EDGE('',*,*,#679,.F.);
#343=ORIENTED_EDGE('',*,*,#723,.F.);
#344=ORIENTED_EDGE('',*,*,#710,.F.);
#345=ORIENTED_EDGE('',*,*,#724,.T.);
#346=ORIENTED_EDGE('',*,*,#725,.F.);
#347=ORIENTED_EDGE('',*,*,#726,.F.);
#348=ORIENTED_EDGE('',*,*,#727,.T.);
#349=ORIENTED_EDGE('',*,*,#728,.T.);
#350=ORIENTED_EDGE('',*,*,#615,.F.);
#351=ORIENTED_EDGE('',*,*,#684,.T.);
#352=ORIENTED_EDGE('',*,*,#726,.T.);
#353=ORIENTED_EDGE('',*,*,#609,.T.);
#354=ORIENTED_EDGE('',*,*,#586,.T.);
#355=ORIENTED_EDGE('',*,*,#729,.F.);
#356=ORIENTED_EDGE('',*,*,#724,.F.);
#357=ORIENTED_EDGE('',*,*,#673,.F.);
#358=ORIENTED_EDGE('',*,*,#585,.T.);
#359=ORIENTED_EDGE('',*,*,#730,.T.);
#360=ORIENTED_EDGE('',*,*,#731,.T.);
#361=ORIENTED_EDGE('',*,*,#727,.F.);
#362=ORIENTED_EDGE('',*,*,#725,.T.);
#363=ORIENTED_EDGE('',*,*,#729,.T.);
#364=ORIENTED_EDGE('',*,*,#696,.F.);
#365=ORIENTED_EDGE('',*,*,#732,.T.);
#366=ORIENTED_EDGE('',*,*,#662,.F.);
#367=ORIENTED_EDGE('',*,*,#733,.T.);
#368=ORIENTED_EDGE('',*,*,#661,.T.);
#369=ORIENTED_EDGE('',*,*,#592,.T.);
#370=ORIENTED_EDGE('',*,*,#635,.F.);
#371=ORIENTED_EDGE('',*,*,#676,.F.);
#372=ORIENTED_EDGE('',*,*,#733,.F.);
#373=ORIENTED_EDGE('',*,*,#639,.T.);
#374=ORIENTED_EDGE('',*,*,#594,.T.);
#375=ORIENTED_EDGE('',*,*,#660,.F.);
#376=ORIENTED_EDGE('',*,*,#657,.T.);
#377=ORIENTED_EDGE('',*,*,#677,.T.);
#378=ORIENTED_EDGE('',*,*,#572,.T.);
#379=ORIENTED_EDGE('',*,*,#734,.T.);
#380=ORIENTED_EDGE('',*,*,#598,.F.);
#381=ORIENTED_EDGE('',*,*,#735,.T.);
#382=ORIENTED_EDGE('',*,*,#588,.T.);
#383=ORIENTED_EDGE('',*,*,#736,.T.);
#384=ORIENTED_EDGE('',*,*,#578,.F.);
#385=ORIENTED_EDGE('',*,*,#737,.T.);
#386=ORIENTED_EDGE('',*,*,#596,.T.);
#387=ORIENTED_EDGE('',*,*,#738,.T.);
#388=ORIENTED_EDGE('',*,*,#574,.F.);
#389=ORIENTED_EDGE('',*,*,#739,.T.);
#390=ORIENTED_EDGE('',*,*,#590,.T.);
#391=ORIENTED_EDGE('',*,*,#740,.T.);
#392=ORIENTED_EDGE('',*,*,#576,.F.);
#393=ORIENTED_EDGE('',*,*,#741,.T.);
#394=ORIENTED_EDGE('',*,*,#608,.T.);
#395=ORIENTED_EDGE('',*,*,#742,.T.);
#396=ORIENTED_EDGE('',*,*,#736,.F.);
#397=ORIENTED_EDGE('',*,*,#587,.F.);
#398=ORIENTED_EDGE('',*,*,#577,.F.);
#399=ORIENTED_EDGE('',*,*,#740,.F.);
#400=ORIENTED_EDGE('',*,*,#589,.F.);
#401=ORIENTED_EDGE('',*,*,#737,.F.);
#402=ORIENTED_EDGE('',*,*,#741,.F.);
#403=ORIENTED_EDGE('',*,*,#743,.T.);
#404=ORIENTED_EDGE('',*,*,#636,.F.);
#405=ORIENTED_EDGE('',*,*,#591,.F.);
#406=ORIENTED_EDGE('',*,*,#672,.F.);
#407=ORIENTED_EDGE('',*,*,#633,.F.);
#408=ORIENTED_EDGE('',*,*,#722,.F.);
#409=ORIENTED_EDGE('',*,*,#611,.F.);
#410=ORIENTED_EDGE('',*,*,#680,.F.);
#411=ORIENTED_EDGE('',*,*,#556,.F.);
#412=ORIENTED_EDGE('',*,*,#649,.F.);
#413=ORIENTED_EDGE('',*,*,#704,.F.);
#414=ORIENTED_EDGE('',*,*,#682,.F.);
#415=ORIENTED_EDGE('',*,*,#705,.F.);
#416=ORIENTED_EDGE('',*,*,#647,.F.);
#417=ORIENTED_EDGE('',*,*,#641,.F.);
#418=ORIENTED_EDGE('',*,*,#734,.F.);
#419=ORIENTED_EDGE('',*,*,#605,.T.);
#420=ORIENTED_EDGE('',*,*,#559,.F.);
#421=ORIENTED_EDGE('',*,*,#599,.F.);
#422=ORIENTED_EDGE('',*,*,#638,.T.);
#423=ORIENTED_EDGE('',*,*,#744,.T.);
#424=ORIENTED_EDGE('',*,*,#738,.F.);
#425=ORIENTED_EDGE('',*,*,#595,.F.);
#426=ORIENTED_EDGE('',*,*,#573,.F.);
#427=ORIENTED_EDGE('',*,*,#735,.F.);
#428=ORIENTED_EDGE('',*,*,#597,.F.);
#429=ORIENTED_EDGE('',*,*,#739,.F.);
#430=ORIENTED_EDGE('',*,*,#685,.F.);
#431=ORIENTED_EDGE('',*,*,#613,.F.);
#432=ORIENTED_EDGE('',*,*,#721,.F.);
#433=ORIENTED_EDGE('',*,*,#706,.F.);
#434=ORIENTED_EDGE('',*,*,#687,.F.);
#435=ORIENTED_EDGE('',*,*,#708,.F.);
#436=ORIENTED_EDGE('',*,*,#720,.F.);
#437=ORIENTED_EDGE('',*,*,#543,.F.);
#438=ORIENTED_EDGE('',*,*,#692,.F.);
#439=ORIENTED_EDGE('',*,*,#645,.F.);
#440=ORIENTED_EDGE('',*,*,#650,.F.);
#441=ORIENTED_EDGE('',*,*,#554,.F.);
#442=ORIENTED_EDGE('',*,*,#744,.F.);
#443=ORIENTED_EDGE('',*,*,#637,.F.);
#444=ORIENTED_EDGE('',*,*,#743,.F.);
#445=ORIENTED_EDGE('',*,*,#575,.F.);
#446=ORIENTED_EDGE('',*,*,#745,.F.);
#447=ORIENTED_EDGE('',*,*,#579,.F.);
#448=ORIENTED_EDGE('',*,*,#742,.F.);
#449=ORIENTED_EDGE('',*,*,#607,.F.);
#450=ORIENTED_EDGE('',*,*,#671,.F.);
#451=ORIENTED_EDGE('',*,*,#699,.F.);
#452=ORIENTED_EDGE('',*,*,#669,.F.);
#453=ORIENTED_EDGE('',*,*,#711,.F.);
#454=ORIENTED_EDGE('',*,*,#653,.F.);
#455=ORIENTED_EDGE('',*,*,#746,.F.);
#456=ORIENTED_EDGE('',*,*,#698,.F.);
#457=ORIENTED_EDGE('',*,*,#747,.F.);
#458=ORIENTED_EDGE('',*,*,#716,.F.);
#459=ORIENTED_EDGE('',*,*,#748,.F.);
#460=ORIENTED_EDGE('',*,*,#718,.F.);
#461=ORIENTED_EDGE('',*,*,#714,.F.);
#462=ORIENTED_EDGE('',*,*,#749,.F.);
#463=ORIENTED_EDGE('',*,*,#702,.F.);
#464=ORIENTED_EDGE('',*,*,#747,.T.);
#465=ORIENTED_EDGE('',*,*,#709,.F.);
#466=ORIENTED_EDGE('',*,*,#749,.T.);
#467=ORIENTED_EDGE('',*,*,#713,.F.);
#468=ORIENTED_EDGE('',*,*,#717,.F.);
#469=ORIENTED_EDGE('',*,*,#701,.F.);
#470=ORIENTED_EDGE('',*,*,#688,.T.);
#471=ORIENTED_EDGE('',*,*,#541,.T.);
#472=ORIENTED_EDGE('',*,*,#719,.F.);
#473=ORIENTED_EDGE('',*,*,#748,.T.);
#474=ORIENTED_EDGE('',*,*,#694,.F.);
#475=ORIENTED_EDGE('',*,*,#622,.T.);
#476=ORIENTED_EDGE('',*,*,#670,.F.);
#477=ORIENTED_EDGE('',*,*,#651,.T.);
#478=ORIENTED_EDGE('',*,*,#643,.F.);
#479=ORIENTED_EDGE('',*,*,#750,.T.);
#480=ORIENTED_EDGE('',*,*,#630,.T.);
#481=ORIENTED_EDGE('',*,*,#751,.F.);
#482=ORIENTED_EDGE('',*,*,#664,.F.);
#483=ORIENTED_EDGE('',*,*,#751,.T.);
#484=ORIENTED_EDGE('',*,*,#629,.T.);
#485=ORIENTED_EDGE('',*,*,#752,.F.);
#486=ORIENTED_EDGE('',*,*,#665,.F.);
#487=ORIENTED_EDGE('',*,*,#752,.T.);
#488=ORIENTED_EDGE('',*,*,#628,.T.);
#489=ORIENTED_EDGE('',*,*,#753,.F.);
#490=ORIENTED_EDGE('',*,*,#666,.F.);
#491=ORIENTED_EDGE('',*,*,#659,.T.);
#492=ORIENTED_EDGE('',*,*,#753,.T.);
#493=ORIENTED_EDGE('',*,*,#627,.F.);
#494=ORIENTED_EDGE('',*,*,#646,.T.);
#495=ORIENTED_EDGE('',*,*,#667,.F.);
#496=ORIENTED_EDGE('',*,*,#618,.F.);
#497=ORIENTED_EDGE('',*,*,#656,.T.);
#498=ORIENTED_EDGE('',*,*,#732,.F.);
#499=ORIENTED_EDGE('',*,*,#695,.T.);
#500=ORIENTED_EDGE('',*,*,#746,.T.);
#501=ORIENTED_EDGE('',*,*,#715,.F.);
#502=ORIENTED_EDGE('',*,*,#631,.T.);
#503=ORIENTED_EDGE('',*,*,#750,.F.);
#504=ORIENTED_EDGE('',*,*,#663,.F.);
#505=ORIENTED_EDGE('',*,*,#754,.T.);
#506=ORIENTED_EDGE('',*,*,#616,.T.);
#507=ORIENTED_EDGE('',*,*,#728,.F.);
#508=ORIENTED_EDGE('',*,*,#731,.F.);
#509=ORIENTED_EDGE('',*,*,#584,.F.);
#510=ORIENTED_EDGE('',*,*,#755,.F.);
#511=ORIENTED_EDGE('',*,*,#580,.T.);
#512=ORIENTED_EDGE('',*,*,#745,.T.);
#513=ORIENTED_EDGE('',*,*,#606,.T.);
#514=ORIENTED_EDGE('',*,*,#754,.F.);
#515=ORIENTED_EDGE('',*,*,#730,.F.);
#516=ORIENTED_EDGE('',*,*,#583,.T.);
#517=ORIENTED_EDGE('',*,*,#537,.F.);
#518=ORIENTED_EDGE('',*,*,#548,.F.);
#519=ORIENTED_EDGE('',*,*,#581,.F.);
#520=ORIENTED_EDGE('',*,*,#755,.T.);
#521=ORIENTED_EDGE('',*,*,#756,.T.);
#522=ORIENTED_EDGE('',*,*,#550,.F.);
#523=ORIENTED_EDGE('',*,*,#604,.F.);
#524=ORIENTED_EDGE('',*,*,#570,.F.);
#525=ORIENTED_EDGE('',*,*,#757,.T.);
#526=ORIENTED_EDGE('',*,*,#601,.T.);
#527=ORIENTED_EDGE('',*,*,#561,.F.);
#528=ORIENTED_EDGE('',*,*,#566,.T.);
#529=ORIENTED_EDGE('',*,*,#551,.F.);
#530=ORIENTED_EDGE('',*,*,#756,.F.);
#531=ORIENTED_EDGE('',*,*,#560,.F.);
#532=ORIENTED_EDGE('',*,*,#546,.F.);
#533=ORIENTED_EDGE('',*,*,#603,.T.);
#534=ORIENTED_EDGE('',*,*,#602,.T.);
#535=ORIENTED_EDGE('',*,*,#757,.F.);
#536=ORIENTED_EDGE('',*,*,#569,.F.);
#537=EDGE_CURVE('',#758,#759,#900,.T.);
#538=EDGE_CURVE('',#759,#760,#901,.T.);
#539=EDGE_CURVE('',#760,#761,#902,.T.);
#540=EDGE_CURVE('',#761,#758,#903,.F.);
#541=EDGE_CURVE('',#762,#763,#904,.T.);
#542=EDGE_CURVE('',#762,#764,#905,.T.);
#543=EDGE_CURVE('',#764,#765,#906,.T.);
#544=EDGE_CURVE('',#763,#765,#907,.T.);
#545=EDGE_CURVE('',#766,#761,#57,.T.);
#546=EDGE_CURVE('',#766,#767,#20,.F.);
#547=EDGE_CURVE('',#768,#767,#908,.T.);
#548=EDGE_CURVE('',#768,#758,#21,.F.);
#549=EDGE_CURVE('',#769,#770,#909,.F.);
#550=EDGE_CURVE('',#770,#771,#910,.T.);
#551=EDGE_CURVE('',#771,#772,#911,.T.);
#552=EDGE_CURVE('',#773,#772,#912,.T.);
#553=EDGE_CURVE('',#773,#774,#913,.T.);
#554=EDGE_CURVE('',#774,#775,#914,.T.);
#555=EDGE_CURVE('',#776,#775,#915,.T.);
#556=EDGE_CURVE('',#776,#777,#916,.F.);
#557=EDGE_CURVE('',#777,#778,#917,.T.);
#558=EDGE_CURVE('',#778,#779,#918,.T.);
#559=EDGE_CURVE('',#779,#769,#919,.T.);
#560=EDGE_CURVE('',#780,#781,#920,.T.);
#561=EDGE_CURVE('',#781,#782,#921,.T.);
#562=EDGE_CURVE('',#783,#782,#922,.T.);
#563=EDGE_CURVE('',#784,#783,#923,.T.);
#564=EDGE_CURVE('',#785,#784,#924,.T.);
#565=EDGE_CURVE('',#785,#780,#925,.T.);
#566=EDGE_CURVE('',#780,#772,#926,.T.);
#567=EDGE_CURVE('',#785,#786,#927,.T.);
#568=EDGE_CURVE('',#786,#773,#928,.T.);
#569=EDGE_CURVE('',#767,#787,#929,.T.);
#570=EDGE_CURVE('',#787,#788,#930,.T.);
#571=EDGE_CURVE('',#788,#789,#931,.T.);
#572=EDGE_CURVE('',#790,#789,#932,.T.);
#573=EDGE_CURVE('',#790,#791,#22,.T.);
#574=EDGE_CURVE('',#791,#792,#933,.T.);
#575=EDGE_CURVE('',#792,#793,#934,.T.);
#576=EDGE_CURVE('',#793,#794,#935,.T.);
#577=EDGE_CURVE('',#794,#795,#23,.T.);
#578=EDGE_CURVE('',#795,#796,#936,.T.);
#579=EDGE_CURVE('',#796,#797,#937,.T.);
#580=EDGE_CURVE('',#798,#797,#938,.T.);
#581=EDGE_CURVE('',#798,#768,#939,.T.);
#582=EDGE_CURVE('',#799,#760,#24,.T.);
#583=EDGE_CURVE('',#800,#759,#940,.T.);
#584=EDGE_CURVE('',#800,#801,#941,.T.);
#585=EDGE_CURVE('',#802,#801,#942,.T.);
#586=EDGE_CURVE('',#803,#802,#943,.T.);
#587=EDGE_CURVE('',#803,#804,#25,.T.);
#588=EDGE_CURVE('',#805,#804,#944,.T.);
#589=EDGE_CURVE('',#805,#806,#26,.F.);
#590=EDGE_CURVE('',#807,#806,#945,.T.);
#591=EDGE_CURVE('',#807,#808,#27,.T.);
#592=EDGE_CURVE('',#809,#808,#946,.T.);
#593=EDGE_CURVE('',#810,#809,#947,.T.);
#594=EDGE_CURVE('',#811,#810,#948,.T.);
#595=EDGE_CURVE('',#811,#812,#28,.T.);
#596=EDGE_CURVE('',#813,#812,#949,.T.);
#597=EDGE_CURVE('',#813,#814,#29,.F.);
#598=EDGE_CURVE('',#814,#815,#950,.T.);
#599=EDGE_CURVE('',#815,#779,#30,.T.);
#600=EDGE_CURVE('',#783,#779,#951,.T.);
#601=EDGE_CURVE('',#816,#782,#952,.T.);
#602=EDGE_CURVE('',#799,#816,#953,.T.);
#603=EDGE_CURVE('',#766,#799,#954,.F.);
#604=EDGE_CURVE('',#788,#770,#31,.F.);
#605=EDGE_CURVE('',#789,#769,#58,.T.);
#606=EDGE_CURVE('',#817,#818,#955,.T.);
#607=EDGE_CURVE('',#817,#819,#956,.F.);
#608=EDGE_CURVE('',#803,#819,#957,.T.);
#609=EDGE_CURVE('',#820,#803,#958,.T.);
#610=EDGE_CURVE('',#821,#820,#959,.T.);
#611=EDGE_CURVE('',#821,#822,#960,.T.);
#612=EDGE_CURVE('',#822,#823,#961,.T.);
#613=EDGE_CURVE('',#823,#824,#962,.T.);
#614=EDGE_CURVE('',#825,#824,#963,.T.);
#615=EDGE_CURVE('',#825,#826,#964,.T.);
#616=EDGE_CURVE('',#818,#826,#965,.T.);
#617=EDGE_CURVE('',#827,#828,#966,.T.);
#618=EDGE_CURVE('',#828,#829,#967,.T.);
#619=EDGE_CURVE('',#829,#830,#968,.F.);
#620=EDGE_CURVE('',#831,#830,#969,.T.);
#621=EDGE_CURVE('',#831,#827,#970,.T.);
#622=EDGE_CURVE('',#832,#833,#971,.T.);
#623=EDGE_CURVE('',#834,#832,#972,.T.);
#624=EDGE_CURVE('',#834,#835,#973,.T.);
#625=EDGE_CURVE('',#835,#833,#974,.T.);
#626=EDGE_CURVE('',#836,#837,#975,.T.);
#627=EDGE_CURVE('',#836,#838,#976,.T.);
#628=EDGE_CURVE('',#839,#838,#32,.T.);
#629=EDGE_CURVE('',#840,#839,#977,.T.);
#630=EDGE_CURVE('',#841,#840,#33,.T.);
#631=EDGE_CURVE('',#842,#841,#978,.T.);
#632=EDGE_CURVE('',#843,#842,#979,.T.);
#633=EDGE_CURVE('',#843,#844,#980,.F.);
#634=EDGE_CURVE('',#844,#845,#981,.T.);
#635=EDGE_CURVE('',#845,#808,#982,.T.);
#636=EDGE_CURVE('',#808,#846,#983,.T.);
#637=EDGE_CURVE('',#846,#847,#984,.F.);
#638=EDGE_CURVE('',#811,#847,#985,.T.);
#639=EDGE_CURVE('',#848,#811,#986,.T.);
#640=EDGE_CURVE('',#848,#849,#987,.T.);
#641=EDGE_CURVE('',#849,#837,#988,.T.);
#642=EDGE_CURVE('',#850,#851,#989,.T.);
#643=EDGE_CURVE('',#851,#852,#990,.T.);
#644=EDGE_CURVE('',#853,#852,#991,.T.);
#645=EDGE_CURVE('',#853,#850,#992,.F.);
#646=EDGE_CURVE('',#836,#854,#993,.T.);
#647=EDGE_CURVE('',#837,#855,#34,.T.);
#648=EDGE_CURVE('',#856,#855,#35,.T.);
#649=EDGE_CURVE('',#856,#776,#36,.T.);
#650=EDGE_CURVE('',#775,#853,#37,.F.);
#651=EDGE_CURVE('',#857,#852,#994,.T.);
#652=EDGE_CURVE('',#857,#858,#995,.F.);
#653=EDGE_CURVE('',#858,#859,#996,.T.);
#654=EDGE_CURVE('',#859,#860,#38,.T.);
#655=EDGE_CURVE('',#860,#854,#997,.T.);
#656=EDGE_CURVE('',#828,#861,#998,.T.);
#657=EDGE_CURVE('',#862,#827,#999,.T.);
#658=EDGE_CURVE('',#861,#862,#1000,.T.);
#659=EDGE_CURVE('',#861,#863,#1001,.T.);
#660=EDGE_CURVE('',#862,#810,#1002,.T.);
#661=EDGE_CURVE('',#864,#809,#1003,.T.);
#662=EDGE_CURVE('',#864,#865,#1004,.T.);
#663=EDGE_CURVE('',#865,#866,#1005,.T.);
#664=EDGE_CURVE('',#866,#867,#39,.T.);
#665=EDGE_CURVE('',#867,#868,#1006,.T.);
#666=EDGE_CURVE('',#868,#863,#40,.T.);
#667=EDGE_CURVE('',#829,#854,#12,.F.);
#668=EDGE_CURVE('',#869,#860,#59,.T.);
#669=EDGE_CURVE('',#869,#830,#13,.F.);
#670=EDGE_CURVE('',#857,#833,#14,.F.);
#671=EDGE_CURVE('',#835,#858,#15,.T.);
#672=EDGE_CURVE('',#844,#821,#41,.T.);
#673=EDGE_CURVE('',#820,#870,#1007,.T.);
#674=EDGE_CURVE('',#871,#870,#1008,.T.);
#675=EDGE_CURVE('',#872,#871,#1009,.T.);
#676=EDGE_CURVE('',#872,#845,#1010,.T.);
#677=EDGE_CURVE('',#827,#848,#1011,.T.);
#678=EDGE_CURVE('',#873,#831,#1012,.T.);
#679=EDGE_CURVE('',#873,#778,#1013,.T.);
#680=EDGE_CURVE('',#777,#874,#42,.F.);
#681=EDGE_CURVE('',#874,#875,#43,.T.);
#682=EDGE_CURVE('',#875,#849,#44,.F.);
#683=EDGE_CURVE('',#876,#876,#45,.T.);
#684=EDGE_CURVE('',#825,#877,#1014,.T.);
#685=EDGE_CURVE('',#824,#878,#46,.F.);
#686=EDGE_CURVE('',#878,#879,#47,.T.);
#687=EDGE_CURVE('',#879,#764,#48,.F.);
#688=EDGE_CURVE('',#880,#762,#1015,.T.);
#689=EDGE_CURVE('',#880,#881,#1016,.T.);
#690=EDGE_CURVE('',#877,#881,#1017,.T.);
#691=EDGE_CURVE('',#882,#882,#49,.T.);
#692=EDGE_CURVE('',#850,#774,#50,.T.);
#693=EDGE_CURVE('',#834,#786,#1018,.T.);
#694=EDGE_CURVE('',#832,#851,#1019,.T.);
#695=EDGE_CURVE('',#883,#884,#1020,.T.);
#696=EDGE_CURVE('',#883,#872,#1021,.T.);
#697=EDGE_CURVE('',#871,#885,#1022,.T.);
#698=EDGE_CURVE('',#885,#884,#1023,.F.);
#699=EDGE_CURVE('',#830,#835,#1024,.F.);
#700=EDGE_CURVE('',#786,#873,#1025,.T.);
#701=EDGE_CURVE('',#880,#886,#1026,.T.);
#702=EDGE_CURVE('',#886,#887,#1027,.T.);
#703=EDGE_CURVE('',#881,#887,#1028,.T.);
#704=EDGE_CURVE('',#874,#856,#1029,.T.);
#705=EDGE_CURVE('',#855,#875,#1030,.F.);
#706=EDGE_CURVE('',#878,#888,#1031,.T.);
#707=EDGE_CURVE('',#888,#889,#51,.T.);
#708=EDGE_CURVE('',#889,#879,#1032,.F.);
#709=EDGE_CURVE('',#887,#885,#1033,.F.);
#710=EDGE_CURVE('',#870,#877,#1034,.T.);
#711=EDGE_CURVE('',#859,#869,#60,.T.);
#712=EDGE_CURVE('',#890,#891,#52,.T.);
#713=EDGE_CURVE('',#890,#892,#61,.T.);
#714=EDGE_CURVE('',#892,#891,#62,.T.);
#715=EDGE_CURVE('',#842,#893,#1035,.T.);
#716=EDGE_CURVE('',#893,#894,#1036,.T.);
#717=EDGE_CURVE('',#894,#890,#1037,.T.);
#718=EDGE_CURVE('',#891,#895,#1038,.F.);
#719=EDGE_CURVE('',#895,#763,#1039,.T.);
#720=EDGE_CURVE('',#765,#889,#53,.T.);
#721=EDGE_CURVE('',#888,#823,#54,.T.);
#722=EDGE_CURVE('',#822,#843,#55,.F.);
#723=EDGE_CURVE('',#784,#873,#1040,.T.);
#724=EDGE_CURVE('',#870,#896,#1041,.T.);
#725=EDGE_CURVE('',#897,#896,#1042,.T.);
#726=EDGE_CURVE('',#877,#897,#1043,.T.);
#727=EDGE_CURVE('',#897,#898,#1044,.T.);
#728=EDGE_CURVE('',#898,#826,#1045,.T.);
#729=EDGE_CURVE('',#896,#802,#1046,.T.);
#730=EDGE_CURVE('',#801,#899,#1047,.T.);
#731=EDGE_CURVE('',#899,#898,#1048,.T.);
#732=EDGE_CURVE('',#883,#865,#1049,.T.);
#733=EDGE_CURVE('',#864,#872,#1050,.T.);
#734=EDGE_CURVE('',#789,#815,#1051,.F.);
#735=EDGE_CURVE('',#814,#790,#1052,.F.);
#736=EDGE_CURVE('',#804,#796,#1053,.T.);
#737=EDGE_CURVE('',#795,#805,#1054,.T.);
#738=EDGE_CURVE('',#812,#792,#1055,.T.);
#739=EDGE_CURVE('',#791,#813,#1056,.T.);
#740=EDGE_CURVE('',#806,#794,#1057,.F.);
#741=EDGE_CURVE('',#793,#807,#1058,.F.);
#742=EDGE_CURVE('',#819,#796,#63,.T.);
#743=EDGE_CURVE('',#793,#846,#64,.T.);
#744=EDGE_CURVE('',#847,#792,#65,.T.);
#745=EDGE_CURVE('',#797,#817,#56,.F.);
#746=EDGE_CURVE('',#884,#893,#16,.F.);
#747=EDGE_CURVE('',#894,#885,#17,.F.);
#748=EDGE_CURVE('',#895,#886,#18,.F.);
#749=EDGE_CURVE('',#887,#892,#19,.T.);
#750=EDGE_CURVE('',#866,#841,#1059,.T.);
#751=EDGE_CURVE('',#867,#840,#1060,.T.);
#752=EDGE_CURVE('',#868,#839,#1061,.T.);
#753=EDGE_CURVE('',#863,#838,#1062,.T.);
#754=EDGE_CURVE('',#899,#818,#1063,.T.);
#755=EDGE_CURVE('',#798,#800,#1064,.T.);
#756=EDGE_CURVE('',#781,#771,#1065,.T.);
#757=EDGE_CURVE('',#787,#816,#1066,.T.);
#758=VERTEX_POINT('',#2072);
#759=VERTEX_POINT('',#2073);
#760=VERTEX_POINT('',#2075);
#761=VERTEX_POINT('',#2077);
#762=VERTEX_POINT('',#2081);
#763=VERTEX_POINT('',#2082);
#764=VERTEX_POINT('',#2084);
#765=VERTEX_POINT('',#2086);
#766=VERTEX_POINT('',#2094);
#767=VERTEX_POINT('',#2096);
#768=VERTEX_POINT('',#2098);
#769=VERTEX_POINT('',#2102);
#770=VERTEX_POINT('',#2103);
#771=VERTEX_POINT('',#2105);
#772=VERTEX_POINT('',#2107);
#773=VERTEX_POINT('',#2109);
#774=VERTEX_POINT('',#2111);
#775=VERTEX_POINT('',#2113);
#776=VERTEX_POINT('',#2115);
#777=VERTEX_POINT('',#2117);
#778=VERTEX_POINT('',#2119);
#779=VERTEX_POINT('',#2121);
#780=VERTEX_POINT('',#2125);
#781=VERTEX_POINT('',#2126);
#782=VERTEX_POINT('',#2128);
#783=VERTEX_POINT('',#2130);
#784=VERTEX_POINT('',#2132);
#785=VERTEX_POINT('',#2134);
#786=VERTEX_POINT('',#2139);
#787=VERTEX_POINT('',#2143);
#788=VERTEX_POINT('',#2145);
#789=VERTEX_POINT('',#2147);
#790=VERTEX_POINT('',#2149);
#791=VERTEX_POINT('',#2151);
#792=VERTEX_POINT('',#2153);
#793=VERTEX_POINT('',#2155);
#794=VERTEX_POINT('',#2157);
#795=VERTEX_POINT('',#2159);
#796=VERTEX_POINT('',#2161);
#797=VERTEX_POINT('',#2163);
#798=VERTEX_POINT('',#2165);
#799=VERTEX_POINT('',#2169);
#800=VERTEX_POINT('',#2171);
#801=VERTEX_POINT('',#2173);
#802=VERTEX_POINT('',#2175);
#803=VERTEX_POINT('',#2177);
#804=VERTEX_POINT('',#2179);
#805=VERTEX_POINT('',#2181);
#806=VERTEX_POINT('',#2183);
#807=VERTEX_POINT('',#2185);
#808=VERTEX_POINT('',#2187);
#809=VERTEX_POINT('',#2189);
#810=VERTEX_POINT('',#2191);
#811=VERTEX_POINT('',#2193);
#812=VERTEX_POINT('',#2195);
#813=VERTEX_POINT('',#2197);
#814=VERTEX_POINT('',#2199);
#815=VERTEX_POINT('',#2201);
#816=VERTEX_POINT('',#2205);
#817=VERTEX_POINT('',#2220);
#818=VERTEX_POINT('',#2221);
#819=VERTEX_POINT('',#2223);
#820=VERTEX_POINT('',#2226);
#821=VERTEX_POINT('',#2228);
#822=VERTEX_POINT('',#2230);
#823=VERTEX_POINT('',#2232);
#824=VERTEX_POINT('',#2234);
#825=VERTEX_POINT('',#2236);
#826=VERTEX_POINT('',#2238);
#827=VERTEX_POINT('',#2242);
#828=VERTEX_POINT('',#2243);
#829=VERTEX_POINT('',#2245);
#830=VERTEX_POINT('',#2247);
#831=VERTEX_POINT('',#2249);
#832=VERTEX_POINT('',#2253);
#833=VERTEX_POINT('',#2254);
#834=VERTEX_POINT('',#2256);
#835=VERTEX_POINT('',#2258);
#836=VERTEX_POINT('',#2262);
#837=VERTEX_POINT('',#2263);
#838=VERTEX_POINT('',#2265);
#839=VERTEX_POINT('',#2267);
#840=VERTEX_POINT('',#2269);
#841=VERTEX_POINT('',#2271);
#842=VERTEX_POINT('',#2273);
#843=VERTEX_POINT('',#2275);
#844=VERTEX_POINT('',#2277);
#845=VERTEX_POINT('',#2279);
#846=VERTEX_POINT('',#2282);
#847=VERTEX_POINT('',#2284);
#848=VERTEX_POINT('',#2287);
#849=VERTEX_POINT('',#2289);
#850=VERTEX_POINT('',#2293);
#851=VERTEX_POINT('',#2294);
#852=VERTEX_POINT('',#2296);
#853=VERTEX_POINT('',#2298);
#854=VERTEX_POINT('',#2302);
#855=VERTEX_POINT('',#2304);
#856=VERTEX_POINT('',#2306);
#857=VERTEX_POINT('',#2310);
#858=VERTEX_POINT('',#2312);
#859=VERTEX_POINT('',#2314);
#860=VERTEX_POINT('',#2316);
#861=VERTEX_POINT('',#2320);
#862=VERTEX_POINT('',#2322);
#863=VERTEX_POINT('',#2326);
#864=VERTEX_POINT('',#2329);
#865=VERTEX_POINT('',#2331);
#866=VERTEX_POINT('',#2333);
#867=VERTEX_POINT('',#2335);
#868=VERTEX_POINT('',#2337);
#869=VERTEX_POINT('',#2345);
#870=VERTEX_POINT('',#2353);
#871=VERTEX_POINT('',#2355);
#872=VERTEX_POINT('',#2357);
#873=VERTEX_POINT('',#2362);
#874=VERTEX_POINT('',#2365);
#875=VERTEX_POINT('',#2367);
#876=VERTEX_POINT('',#2370);
#877=VERTEX_POINT('',#2373);
#878=VERTEX_POINT('',#2375);
#879=VERTEX_POINT('',#2377);
#880=VERTEX_POINT('',#2380);
#881=VERTEX_POINT('',#2382);
#882=VERTEX_POINT('',#2385);
#883=VERTEX_POINT('',#2392);
#884=VERTEX_POINT('',#2393);
#885=VERTEX_POINT('',#2396);
#886=VERTEX_POINT('',#2403);
#887=VERTEX_POINT('',#2405);
#888=VERTEX_POINT('',#2412);
#889=VERTEX_POINT('',#2414);
#890=VERTEX_POINT('',#2426);
#891=VERTEX_POINT('',#2427);
#892=VERTEX_POINT('',#2432);
#893=VERTEX_POINT('',#2439);
#894=VERTEX_POINT('',#2441);
#895=VERTEX_POINT('',#2444);
#896=VERTEX_POINT('',#2454);
#897=VERTEX_POINT('',#2456);
#898=VERTEX_POINT('',#2460);
#899=VERTEX_POINT('',#2466);
#900=LINE('',#2071,#1067);
#901=LINE('',#2074,#1068);
#902=LINE('',#2076,#1069);
#903=LINE('',#2078,#1070);
#904=LINE('',#2080,#1071);
#905=LINE('',#2083,#1072);
#906=LINE('',#2085,#1073);
#907=LINE('',#2087,#1074);
#908=LINE('',#2097,#1075);
#909=LINE('',#2101,#1076);
#910=LINE('',#2104,#1077);
#911=LINE('',#2106,#1078);
#912=LINE('',#2108,#1079);
#913=LINE('',#2110,#1080);
#914=LINE('',#2112,#1081);
#915=LINE('',#2114,#1082);
#916=LINE('',#2116,#1083);
#917=LINE('',#2118,#1084);
#918=LINE('',#2120,#1085);
#919=LINE('',#2122,#1086);
#920=LINE('',#2124,#1087);
#921=LINE('',#2127,#1088);
#922=LINE('',#2129,#1089);
#923=LINE('',#2131,#1090);
#924=LINE('',#2133,#1091);
#925=LINE('',#2135,#1092);
#926=LINE('',#2137,#1093);
#927=LINE('',#2138,#1094);
#928=LINE('',#2140,#1095);
#929=LINE('',#2142,#1096);
#930=LINE('',#2144,#1097);
#931=LINE('',#2146,#1098);
#932=LINE('',#2148,#1099);
#933=LINE('',#2152,#1100);
#934=LINE('',#2154,#1101);
#935=LINE('',#2156,#1102);
#936=LINE('',#2160,#1103);
#937=LINE('',#2162,#1104);
#938=LINE('',#2164,#1105);
#939=LINE('',#2166,#1106);
#940=LINE('',#2170,#1107);
#941=LINE('',#2172,#1108);
#942=LINE('',#2174,#1109);
#943=LINE('',#2176,#1110);
#944=LINE('',#2180,#1111);
#945=LINE('',#2184,#1112);
#946=LINE('',#2188,#1113);
#947=LINE('',#2190,#1114);
#948=LINE('',#2192,#1115);
#949=LINE('',#2196,#1116);
#950=LINE('',#2200,#1117);
#951=LINE('',#2203,#1118);
#952=LINE('',#2204,#1119);
#953=LINE('',#2206,#1120);
#954=LINE('',#2208,#1121);
#955=LINE('',#2219,#1122);
#956=LINE('',#2222,#1123);
#957=LINE('',#2224,#1124);
#958=LINE('',#2225,#1125);
#959=LINE('',#2227,#1126);
#960=LINE('',#2229,#1127);
#961=LINE('',#2231,#1128);
#962=LINE('',#2233,#1129);
#963=LINE('',#2235,#1130);
#964=LINE('',#2237,#1131);
#965=LINE('',#2239,#1132);
#966=LINE('',#2241,#1133);
#967=LINE('',#2244,#1134);
#968=LINE('',#2246,#1135);
#969=LINE('',#2248,#1136);
#970=LINE('',#2250,#1137);
#971=LINE('',#2252,#1138);
#972=LINE('',#2255,#1139);
#973=LINE('',#2257,#1140);
#974=LINE('',#2259,#1141);
#975=LINE('',#2261,#1142);
#976=LINE('',#2264,#1143);
#977=LINE('',#2268,#1144);
#978=LINE('',#2272,#1145);
#979=LINE('',#2274,#1146);
#980=LINE('',#2276,#1147);
#981=LINE('',#2278,#1148);
#982=LINE('',#2280,#1149);
#983=LINE('',#2281,#1150);
#984=LINE('',#2283,#1151);
#985=LINE('',#2285,#1152);
#986=LINE('',#2286,#1153);
#987=LINE('',#2288,#1154);
#988=LINE('',#2290,#1155);
#989=LINE('',#2292,#1156);
#990=LINE('',#2295,#1157);
#991=LINE('',#2297,#1158);
#992=LINE('',#2299,#1159);
#993=LINE('',#2301,#1160);
#994=LINE('',#2309,#1161);
#995=LINE('',#2311,#1162);
#996=LINE('',#2313,#1163);
#997=LINE('',#2317,#1164);
#998=LINE('',#2319,#1165);
#999=LINE('',#2321,#1166);
#1000=LINE('',#2323,#1167);
#1001=LINE('',#2325,#1168);
#1002=LINE('',#2327,#1169);
#1003=LINE('',#2328,#1170);
#1004=LINE('',#2330,#1171);
#1005=LINE('',#2332,#1172);
#1006=LINE('',#2336,#1173);
#1007=LINE('',#2352,#1174);
#1008=LINE('',#2354,#1175);
#1009=LINE('',#2356,#1176);
#1010=LINE('',#2358,#1177);
#1011=LINE('',#2360,#1178);
#1012=LINE('',#2361,#1179);
#1013=LINE('',#2363,#1180);
#1014=LINE('',#2372,#1181);
#1015=LINE('',#2379,#1182);
#1016=LINE('',#2381,#1183);
#1017=LINE('',#2383,#1184);
#1018=LINE('',#2388,#1185);
#1019=LINE('',#2389,#1186);
#1020=LINE('',#2391,#1187);
#1021=LINE('',#2394,#1188);
#1022=LINE('',#2395,#1189);
#1023=LINE('',#2397,#1190);
#1024=LINE('',#2399,#1191);
#1025=LINE('',#2400,#1192);
#1026=LINE('',#2402,#1193);
#1027=LINE('',#2404,#1194);
#1028=LINE('',#2406,#1195);
#1029=LINE('',#2408,#1196);
#1030=LINE('',#2409,#1197);
#1031=LINE('',#2411,#1198);
#1032=LINE('',#2415,#1199);
#1033=LINE('',#2417,#1200);
#1034=LINE('',#2418,#1201);
#1035=LINE('',#2438,#1202);
#1036=LINE('',#2440,#1203);
#1037=LINE('',#2442,#1204);
#1038=LINE('',#2443,#1205);
#1039=LINE('',#2445,#1206);
#1040=LINE('',#2450,#1207);
#1041=LINE('',#2453,#1208);
#1042=LINE('',#2455,#1209);
#1043=LINE('',#2457,#1210);
#1044=LINE('',#2459,#1211);
#1045=LINE('',#2461,#1212);
#1046=LINE('',#2463,#1213);
#1047=LINE('',#2465,#1214);
#1048=LINE('',#2467,#1215);
#1049=LINE('',#2469,#1216);
#1050=LINE('',#2470,#1217);
#1051=LINE('',#2474,#1218);
#1052=LINE('',#2475,#1219);
#1053=LINE('',#2477,#1220);
#1054=LINE('',#2478,#1221);
#1055=LINE('',#2480,#1222);
#1056=LINE('',#2481,#1223);
#1057=LINE('',#2483,#1224);
#1058=LINE('',#2484,#1225);
#1059=LINE('',#2532,#1226);
#1060=LINE('',#2533,#1227);
#1061=LINE('',#2535,#1228);
#1062=LINE('',#2537,#1229);
#1063=LINE('',#2541,#1230);
#1064=LINE('',#2543,#1231);
#1065=LINE('',#2546,#1232);
#1066=LINE('',#2547,#1233);
#1067=VECTOR('',#1660,1.);
#1068=VECTOR('',#1661,1.);
#1069=VECTOR('',#1662,1.);
#1070=VECTOR('',#1663,1.);
#1071=VECTOR('',#1666,1.);
#1072=VECTOR('',#1667,1.);
#1073=VECTOR('',#1668,1.);
#1074=VECTOR('',#1669,1.);
#1075=VECTOR('',#1674,1.);
#1076=VECTOR('',#1679,1.);
#1077=VECTOR('',#1680,1.);
#1078=VECTOR('',#1681,1.);
#1079=VECTOR('',#1682,1.);
#1080=VECTOR('',#1683,1.);
#1081=VECTOR('',#1684,1.);
#1082=VECTOR('',#1685,1.);
#1083=VECTOR('',#1686,1.);
#1084=VECTOR('',#1687,1.);
#1085=VECTOR('',#1688,1.);
#1086=VECTOR('',#1689,1.);
#1087=VECTOR('',#1692,1.);
#1088=VECTOR('',#1693,1.);
#1089=VECTOR('',#1694,1.);
#1090=VECTOR('',#1695,1.);
#1091=VECTOR('',#1696,1.);
#1092=VECTOR('',#1697,1.);
#1093=VECTOR('',#1700,1.);
#1094=VECTOR('',#1701,1.);
#1095=VECTOR('',#1702,1.);
#1096=VECTOR('',#1705,1.);
#1097=VECTOR('',#1706,1.);
#1098=VECTOR('',#1707,1.);
#1099=VECTOR('',#1708,1.);
#1100=VECTOR('',#1711,1.);
#1101=VECTOR('',#1712,1.);
#1102=VECTOR('',#1713,1.);
#1103=VECTOR('',#1716,1.);
#1104=VECTOR('',#1717,1.);
#1105=VECTOR('',#1718,1.);
#1106=VECTOR('',#1719,1.);
#1107=VECTOR('',#1724,1.);
#1108=VECTOR('',#1725,1.);
#1109=VECTOR('',#1726,1.);
#1110=VECTOR('',#1727,1.);
#1111=VECTOR('',#1730,1.);
#1112=VECTOR('',#1733,1.);
#1113=VECTOR('',#1736,1.);
#1114=VECTOR('',#1737,1.);
#1115=VECTOR('',#1738,1.);
#1116=VECTOR('',#1741,1.);
#1117=VECTOR('',#1744,1.);
#1118=VECTOR('',#1747,1.);
#1119=VECTOR('',#1748,1.);
#1120=VECTOR('',#1749,1.);
#1121=VECTOR('',#1752,1.);
#1122=VECTOR('',#1759,1.);
#1123=VECTOR('',#1760,1.);
#1124=VECTOR('',#1761,1.);
#1125=VECTOR('',#1762,1.);
#1126=VECTOR('',#1763,1.);
#1127=VECTOR('',#1764,1.);
#1128=VECTOR('',#1765,1.);
#1129=VECTOR('',#1766,1.);
#1130=VECTOR('',#1767,1.);
#1131=VECTOR('',#1768,1.);
#1132=VECTOR('',#1769,1.);
#1133=VECTOR('',#1772,1.);
#1134=VECTOR('',#1773,1.);
#1135=VECTOR('',#1774,1.);
#1136=VECTOR('',#1775,1.);
#1137=VECTOR('',#1776,1.);
#1138=VECTOR('',#1779,1.);
#1139=VECTOR('',#1780,1.);
#1140=VECTOR('',#1781,1.);
#1141=VECTOR('',#1782,1.);
#1142=VECTOR('',#1785,1.);
#1143=VECTOR('',#1786,1.);
#1144=VECTOR('',#1789,1.);
#1145=VECTOR('',#1792,1.);
#1146=VECTOR('',#1793,1.);
#1147=VECTOR('',#1794,1.);
#1148=VECTOR('',#1795,1.);
#1149=VECTOR('',#1796,1.);
#1150=VECTOR('',#1797,1.);
#1151=VECTOR('',#1798,1.);
#1152=VECTOR('',#1799,1.);
#1153=VECTOR('',#1800,1.);
#1154=VECTOR('',#1801,1.);
#1155=VECTOR('',#1802,1.);
#1156=VECTOR('',#1805,1.);
#1157=VECTOR('',#1806,1.);
#1158=VECTOR('',#1807,1.);
#1159=VECTOR('',#1808,1.);
#1160=VECTOR('',#1811,1.);
#1161=VECTOR('',#1820,1.);
#1162=VECTOR('',#1821,1.);
#1163=VECTOR('',#1822,1.);
#1164=VECTOR('',#1825,1.);
#1165=VECTOR('',#1828,1.);
#1166=VECTOR('',#1829,1.);
#1167=VECTOR('',#1830,1.);
#1168=VECTOR('',#1833,1.);
#1169=VECTOR('',#1834,1.);
#1170=VECTOR('',#1835,1.);
#1171=VECTOR('',#1836,1.);
#1172=VECTOR('',#1837,1.);
#1173=VECTOR('',#1840,1.);
#1174=VECTOR('',#1859,1.);
#1175=VECTOR('',#1860,1.);
#1176=VECTOR('',#1861,1.);
#1177=VECTOR('',#1862,1.);
#1178=VECTOR('',#1865,1.);
#1179=VECTOR('',#1866,1.);
#1180=VECTOR('',#1867,1.);
#1181=VECTOR('',#1878,1.);
#1182=VECTOR('',#1885,1.);
#1183=VECTOR('',#1886,1.);
#1184=VECTOR('',#1887,1.);
#1185=VECTOR('',#1894,1.);
#1186=VECTOR('',#1895,1.);
#1187=VECTOR('',#1898,1.);
#1188=VECTOR('',#1899,1.);
#1189=VECTOR('',#1900,1.);
#1190=VECTOR('',#1901,1.);
#1191=VECTOR('',#1904,1.);
#1192=VECTOR('',#1905,1.);
#1193=VECTOR('',#1908,1.);
#1194=VECTOR('',#1909,1.);
#1195=VECTOR('',#1910,1.);
#1196=VECTOR('',#1913,1.);
#1197=VECTOR('',#1914,1.);
#1198=VECTOR('',#1917,1.);
#1199=VECTOR('',#1920,1.);
#1200=VECTOR('',#1923,1.);
#1201=VECTOR('',#1924,1.);
#1202=VECTOR('',#1933,1.);
#1203=VECTOR('',#1934,1.);
#1204=VECTOR('',#1935,1.);
#1205=VECTOR('',#1936,1.);
#1206=VECTOR('',#1937,1.);
#1207=VECTOR('',#1946,1.);
#1208=VECTOR('',#1951,1.);
#1209=VECTOR('',#1952,1.);
#1210=VECTOR('',#1953,1.);
#1211=VECTOR('',#1956,1.);
#1212=VECTOR('',#1957,1.);
#1213=VECTOR('',#1960,1.);
#1214=VECTOR('',#1963,1.);
#1215=VECTOR('',#1964,1.);
#1216=VECTOR('',#1967,1.);
#1217=VECTOR('',#1968,1.);
#1218=VECTOR('',#1975,1.);
#1219=VECTOR('',#1976,1.);
#1220=VECTOR('',#1979,1.);
#1221=VECTOR('',#1980,1.);
#1222=VECTOR('',#1983,1.);
#1223=VECTOR('',#1984,1.);
#1224=VECTOR('',#1987,1.);
#1225=VECTOR('',#1988,1.);
#1226=VECTOR('',#2041,1.);
#1227=VECTOR('',#2042,1.);
#1228=VECTOR('',#2045,1.);
#1229=VECTOR('',#2048,1.);
#1230=VECTOR('',#2055,1.);
#1231=VECTOR('',#2058,1.);
#1232=VECTOR('',#2063,1.);
#1233=VECTOR('',#2064,1.);
#1234=EDGE_LOOP('',(#95,#96,#97,#98));
#1235=EDGE_LOOP('',(#99,#100,#101,#102));
#1236=EDGE_LOOP('',(#103,#104,#105,#106,#107));
#1237=EDGE_LOOP('',(#108,#109,#110,#111,#112,#113,#114,#115,#116,#117,#118));
#1238=EDGE_LOOP('',(#119,#120,#121,#122,#123,#124));
#1239=EDGE_LOOP('',(#125,#126,#127,#128,#129));
#1240=EDGE_LOOP('',(#130,#131,#132,#133,#134,#135,#136,#137,#138,#139,#140,
#141,#142,#143));
#1241=EDGE_LOOP('',(#144,#145,#146,#147,#148,#149,#150,#151,#152,#153,#154,
#155,#156,#157,#158,#159,#160,#161,#162,#163,#164,#165,#166));
#1242=EDGE_LOOP('',(#167,#168,#169,#170));
#1243=EDGE_LOOP('',(#171,#172,#173,#174));
#1244=EDGE_LOOP('',(#175,#176,#177,#178,#179,#180,#181,#182,#183,#184,#185));
#1245=EDGE_LOOP('',(#186,#187,#188,#189,#190));
#1246=EDGE_LOOP('',(#191,#192,#193,#194));
#1247=EDGE_LOOP('',(#195,#196,#197,#198,#199,#200,#201,#202,#203,#204,#205,
#206,#207,#208,#209,#210));
#1248=EDGE_LOOP('',(#211,#212,#213,#214));
#1249=EDGE_LOOP('',(#215,#216,#217,#218,#219,#220,#221,#222,#223,#224,#225,
#226,#227));
#1250=EDGE_LOOP('',(#228,#229,#230,#231));
#1251=EDGE_LOOP('',(#232,#233,#234,#235,#236,#237,#238,#239,#240,#241));
#1252=EDGE_LOOP('',(#242,#243,#244,#245,#246));
#1253=EDGE_LOOP('',(#247,#248,#249,#250));
#1254=EDGE_LOOP('',(#251,#252,#253,#254,#255,#256,#257));
#1255=EDGE_LOOP('',(#258,#259,#260,#261,#262,#263,#264,#265,#266));
#1256=EDGE_LOOP('',(#267));
#1257=EDGE_LOOP('',(#268,#269,#270,#271,#272,#273,#274,#275,#276));
#1258=EDGE_LOOP('',(#277));
#1259=EDGE_LOOP('',(#278,#279,#280,#281,#282,#283,#284));
#1260=EDGE_LOOP('',(#285,#286,#287,#288,#289));
#1261=EDGE_LOOP('',(#290,#291,#292,#293,#294,#295));
#1262=EDGE_LOOP('',(#296,#297,#298,#299));
#1263=EDGE_LOOP('',(#300,#301,#302,#303));
#1264=EDGE_LOOP('',(#304,#305,#306,#307));
#1265=EDGE_LOOP('',(#308,#309,#310,#311,#312,#313));
#1266=EDGE_LOOP('',(#314));
#1267=EDGE_LOOP('',(#315,#316,#317));
#1268=EDGE_LOOP('',(#318));
#1269=EDGE_LOOP('',(#319,#320,#321));
#1270=EDGE_LOOP('',(#322,#323,#324,#325,#326,#327,#328,#329,#330,#331,#332,
#333,#334));
#1271=EDGE_LOOP('',(#335,#336,#337,#338));
#1272=EDGE_LOOP('',(#339,#340,#341,#342,#343));
#1273=EDGE_LOOP('',(#344,#345,#346,#347));
#1274=EDGE_LOOP('',(#348,#349,#350,#351,#352));
#1275=EDGE_LOOP('',(#353,#354,#355,#356,#357));
#1276=EDGE_LOOP('',(#358,#359,#360,#361,#362,#363));
#1277=EDGE_LOOP('',(#364,#365,#366,#367));
#1278=EDGE_LOOP('',(#368,#369,#370,#371,#372));
#1279=EDGE_LOOP('',(#373,#374,#375,#376,#377));
#1280=EDGE_LOOP('',(#378,#379,#380,#381));
#1281=EDGE_LOOP('',(#382,#383,#384,#385));
#1282=EDGE_LOOP('',(#386,#387,#388,#389));
#1283=EDGE_LOOP('',(#390,#391,#392,#393));
#1284=EDGE_LOOP('',(#394,#395,#396,#397));
#1285=EDGE_LOOP('',(#398,#399,#400,#401));
#1286=EDGE_LOOP('',(#402,#403,#404,#405));
#1287=EDGE_LOOP('',(#406,#407,#408,#409));
#1288=EDGE_LOOP('',(#410,#411,#412,#413));
#1289=EDGE_LOOP('',(#414,#415,#416,#417));
#1290=EDGE_LOOP('',(#418,#419,#420,#421));
#1291=EDGE_LOOP('',(#422,#423,#424,#425));
#1292=EDGE_LOOP('',(#426,#427,#428,#429));
#1293=EDGE_LOOP('',(#430,#431,#432,#433));
#1294=EDGE_LOOP('',(#434,#435,#436,#437));
#1295=EDGE_LOOP('',(#438,#439,#440,#441));
#1296=EDGE_LOOP('',(#442,#443,#444,#445));
#1297=EDGE_LOOP('',(#446,#447,#448,#449));
#1298=EDGE_LOOP('',(#450,#451,#452,#453,#454));
#1299=EDGE_LOOP('',(#455,#456,#457,#458));
#1300=EDGE_LOOP('',(#459,#460,#461,#462,#463));
#1301=EDGE_LOOP('',(#464,#465,#466,#467,#468));
#1302=EDGE_LOOP('',(#469,#470,#471,#472,#473));
#1303=EDGE_LOOP('',(#474,#475,#476,#477,#478));
#1304=EDGE_LOOP('',(#479,#480,#481,#482));
#1305=EDGE_LOOP('',(#483,#484,#485,#486));
#1306=EDGE_LOOP('',(#487,#488,#489,#490));
#1307=EDGE_LOOP('',(#491,#492,#493,#494,#495,#496,#497));
#1308=EDGE_LOOP('',(#498,#499,#500,#501,#502,#503,#504));
#1309=EDGE_LOOP('',(#505,#506,#507,#508));
#1310=EDGE_LOOP('',(#509,#510,#511,#512,#513,#514,#515));
#1311=EDGE_LOOP('',(#516,#517,#518,#519,#520));
#1312=EDGE_LOOP('',(#521,#522,#523,#524,#525,#526,#527));
#1313=EDGE_LOOP('',(#528,#529,#530,#531));
#1314=EDGE_LOOP('',(#532,#533,#534,#535,#536));
#1315=FACE_BOUND('',#1234,.T.);
#1316=FACE_BOUND('',#1235,.T.);
#1317=FACE_BOUND('',#1236,.T.);
#1318=FACE_BOUND('',#1237,.T.);
#1319=FACE_BOUND('',#1238,.T.);
#1320=FACE_BOUND('',#1239,.T.);
#1321=FACE_BOUND('',#1240,.T.);
#1322=FACE_BOUND('',#1241,.T.);
#1323=FACE_BOUND('',#1242,.T.);
#1324=FACE_BOUND('',#1243,.T.);
#1325=FACE_BOUND('',#1244,.T.);
#1326=FACE_BOUND('',#1245,.T.);
#1327=FACE_BOUND('',#1246,.T.);
#1328=FACE_BOUND('',#1247,.T.);
#1329=FACE_BOUND('',#1248,.T.);
#1330=FACE_BOUND('',#1249,.T.);
#1331=FACE_BOUND('',#1250,.T.);
#1332=FACE_BOUND('',#1251,.T.);
#1333=FACE_BOUND('',#1252,.T.);
#1334=FACE_BOUND('',#1253,.T.);
#1335=FACE_BOUND('',#1254,.T.);
#1336=FACE_BOUND('',#1255,.T.);
#1337=FACE_BOUND('',#1256,.T.);
#1338=FACE_BOUND('',#1257,.T.);
#1339=FACE_BOUND('',#1258,.T.);
#1340=FACE_BOUND('',#1259,.T.);
#1341=FACE_BOUND('',#1260,.T.);
#1342=FACE_BOUND('',#1261,.T.);
#1343=FACE_BOUND('',#1262,.T.);
#1344=FACE_BOUND('',#1263,.T.);
#1345=FACE_BOUND('',#1264,.T.);
#1346=FACE_BOUND('',#1265,.T.);
#1347=FACE_BOUND('',#1266,.T.);
#1348=FACE_BOUND('',#1267,.T.);
#1349=FACE_BOUND('',#1268,.T.);
#1350=FACE_BOUND('',#1269,.T.);
#1351=FACE_BOUND('',#1270,.T.);
#1352=FACE_BOUND('',#1271,.T.);
#1353=FACE_BOUND('',#1272,.T.);
#1354=FACE_BOUND('',#1273,.T.);
#1355=FACE_BOUND('',#1274,.T.);
#1356=FACE_BOUND('',#1275,.T.);
#1357=FACE_BOUND('',#1276,.T.);
#1358=FACE_BOUND('',#1277,.T.);
#1359=FACE_BOUND('',#1278,.T.);
#1360=FACE_BOUND('',#1279,.T.);
#1361=FACE_BOUND('',#1280,.T.);
#1362=FACE_BOUND('',#1281,.T.);
#1363=FACE_BOUND('',#1282,.T.);
#1364=FACE_BOUND('',#1283,.T.);
#1365=FACE_BOUND('',#1284,.T.);
#1366=FACE_BOUND('',#1285,.T.);
#1367=FACE_BOUND('',#1286,.T.);
#1368=FACE_BOUND('',#1287,.T.);
#1369=FACE_BOUND('',#1288,.T.);
#1370=FACE_BOUND('',#1289,.T.);
#1371=FACE_BOUND('',#1290,.T.);
#1372=FACE_BOUND('',#1291,.T.);
#1373=FACE_BOUND('',#1292,.T.);
#1374=FACE_BOUND('',#1293,.T.);
#1375=FACE_BOUND('',#1294,.T.);
#1376=FACE_BOUND('',#1295,.T.);
#1377=FACE_BOUND('',#1296,.T.);
#1378=FACE_BOUND('',#1297,.T.);
#1379=FACE_BOUND('',#1298,.T.);
#1380=FACE_BOUND('',#1299,.T.);
#1381=FACE_BOUND('',#1300,.T.);
#1382=FACE_BOUND('',#1301,.T.);
#1383=FACE_BOUND('',#1302,.T.);
#1384=FACE_BOUND('',#1303,.T.);
#1385=FACE_BOUND('',#1304,.T.);
#1386=FACE_BOUND('',#1305,.T.);
#1387=FACE_BOUND('',#1306,.T.);
#1388=FACE_BOUND('',#1307,.T.);
#1389=FACE_BOUND('',#1308,.T.);
#1390=FACE_BOUND('',#1309,.T.);
#1391=FACE_BOUND('',#1310,.T.);
#1392=FACE_BOUND('',#1311,.T.);
#1393=FACE_BOUND('',#1312,.T.);
#1394=FACE_BOUND('',#1313,.T.);
#1395=FACE_BOUND('',#1314,.T.);
#1396=PLANE('',#1534);
#1397=PLANE('',#1535);
#1398=PLANE('',#1539);
#1399=PLANE('',#1540);
#1400=PLANE('',#1541);
#1401=PLANE('',#1542);
#1402=PLANE('',#1545);
#1403=PLANE('',#1556);
#1404=PLANE('',#1557);
#1405=PLANE('',#1558);
#1406=PLANE('',#1559);
#1407=PLANE('',#1562);
#1408=PLANE('',#1563);
#1409=PLANE('',#1569);
#1410=PLANE('',#1570);
#1411=PLANE('',#1579);
#1412=PLANE('',#1581);
#1413=PLANE('',#1586);
#1414=PLANE('',#1591);
#1415=PLANE('',#1593);
#1416=PLANE('',#1594);
#1417=PLANE('',#1595);
#1418=PLANE('',#1599);
#1419=PLANE('',#1603);
#1420=PLANE('',#1607);
#1421=PLANE('',#1608);
#1422=PLANE('',#1609);
#1423=PLANE('',#1610);
#1424=PLANE('',#1611);
#1425=PLANE('',#1612);
#1426=PLANE('',#1613);
#1427=PLANE('',#1614);
#1428=PLANE('',#1615);
#1429=PLANE('',#1616);
#1430=PLANE('',#1617);
#1431=PLANE('',#1618);
#1432=PLANE('',#1619);
#1433=PLANE('',#1643);
#1434=PLANE('',#1644);
#1435=PLANE('',#1646);
#1436=PLANE('',#1648);
#1437=PLANE('',#1649);
#1438=PLANE('',#1650);
#1439=PLANE('',#1651);
#1440=PLANE('',#1652);
#1441=PLANE('',#1653);
#1442=PLANE('',#1654);
#1443=PLANE('',#1655);
#1444=ADVANCED_FACE('',(#1315),#1396,.T.);
#1445=ADVANCED_FACE('',(#1316),#1397,.T.);
#1446=ADVANCED_FACE('',(#1317),#66,.T.);
#1447=ADVANCED_FACE('',(#1318),#1398,.T.);
#1448=ADVANCED_FACE('',(#1319),#1399,.T.);
#1449=ADVANCED_FACE('',(#1320),#1400,.F.);
#1450=ADVANCED_FACE('',(#1321),#1401,.T.);
#1451=ADVANCED_FACE('',(#1322),#1402,.F.);
#1452=ADVANCED_FACE('',(#1323),#67,.F.);
#1453=ADVANCED_FACE('',(#1324),#68,.T.);
#1454=ADVANCED_FACE('',(#1325),#1403,.F.);
#1455=ADVANCED_FACE('',(#1326),#1404,.T.);
#1456=ADVANCED_FACE('',(#1327),#1405,.F.);
#1457=ADVANCED_FACE('',(#1328),#1406,.T.);
#1458=ADVANCED_FACE('',(#1329),#1407,.T.);
#1459=ADVANCED_FACE('',(#1330),#1408,.F.);
#1460=ADVANCED_FACE('',(#1331),#1409,.F.);
#1461=ADVANCED_FACE('',(#1332),#1410,.F.);
#1462=ADVANCED_FACE('',(#1333),#69,.T.);
#1463=ADVANCED_FACE('',(#1334),#70,.T.);
#1464=ADVANCED_FACE('',(#1335),#1411,.T.);
#1465=ADVANCED_FACE('',(#1336,#1337),#1412,.T.);
#1466=ADVANCED_FACE('',(#1338,#1339),#1413,.T.);
#1467=ADVANCED_FACE('',(#1340),#1414,.T.);
#1468=ADVANCED_FACE('',(#1341),#1415,.T.);
#1469=ADVANCED_FACE('',(#1342),#1416,.T.);
#1470=ADVANCED_FACE('',(#1343),#1417,.F.);
#1471=ADVANCED_FACE('',(#1344),#71,.T.);
#1472=ADVANCED_FACE('',(#1345),#72,.T.);
#1473=ADVANCED_FACE('',(#1346),#1418,.T.);
#1474=ADVANCED_FACE('',(#1347,#1348),#73,.F.);
#1475=ADVANCED_FACE('',(#1349,#1350),#74,.F.);
#1476=ADVANCED_FACE('',(#1351),#1419,.F.);
#1477=ADVANCED_FACE('',(#1352),#1420,.F.);
#1478=ADVANCED_FACE('',(#1353),#1421,.T.);
#1479=ADVANCED_FACE('',(#1354),#1422,.F.);
#1480=ADVANCED_FACE('',(#1355),#1423,.F.);
#1481=ADVANCED_FACE('',(#1356),#1424,.T.);
#1482=ADVANCED_FACE('',(#1357),#1425,.F.);
#1483=ADVANCED_FACE('',(#1358),#1426,.F.);
#1484=ADVANCED_FACE('',(#1359),#1427,.T.);
#1485=ADVANCED_FACE('',(#1360),#1428,.F.);
#1486=ADVANCED_FACE('',(#1361),#1429,.T.);
#1487=ADVANCED_FACE('',(#1362),#1430,.F.);
#1488=ADVANCED_FACE('',(#1363),#1431,.F.);
#1489=ADVANCED_FACE('',(#1364),#1432,.F.);
#1490=ADVANCED_FACE('',(#1365),#75,.F.);
#1491=ADVANCED_FACE('',(#1366),#76,.T.);
#1492=ADVANCED_FACE('',(#1367),#77,.F.);
#1493=ADVANCED_FACE('',(#1368),#78,.T.);
#1494=ADVANCED_FACE('',(#1369),#79,.F.);
#1495=ADVANCED_FACE('',(#1370),#80,.F.);
#1496=ADVANCED_FACE('',(#1371),#81,.F.);
#1497=ADVANCED_FACE('',(#1372),#82,.F.);
#1498=ADVANCED_FACE('',(#1373),#83,.T.);
#1499=ADVANCED_FACE('',(#1374),#84,.F.);
#1500=ADVANCED_FACE('',(#1375),#85,.F.);
#1501=ADVANCED_FACE('',(#1376),#86,.T.);
#1502=ADVANCED_FACE('',(#1377),#87,.T.);
#1503=ADVANCED_FACE('',(#1378),#88,.T.);
#1504=ADVANCED_FACE('',(#1379),#89,.T.);
#1505=ADVANCED_FACE('',(#1380),#90,.T.);
#1506=ADVANCED_FACE('',(#1381),#91,.T.);
#1507=ADVANCED_FACE('',(#1382),#92,.T.);
#1508=ADVANCED_FACE('',(#1383),#1433,.F.);
#1509=ADVANCED_FACE('',(#1384),#1434,.T.);
#1510=ADVANCED_FACE('',(#1385),#93,.F.);
#1511=ADVANCED_FACE('',(#1386),#1435,.F.);
#1512=ADVANCED_FACE('',(#1387),#94,.F.);
#1513=ADVANCED_FACE('',(#1388),#1436,.T.);
#1514=ADVANCED_FACE('',(#1389),#1437,.F.);
#1515=ADVANCED_FACE('',(#1390),#1438,.F.);
#1516=ADVANCED_FACE('',(#1391),#1439,.F.);
#1517=ADVANCED_FACE('',(#1392),#1440,.T.);
#1518=ADVANCED_FACE('',(#1393),#1441,.T.);
#1519=ADVANCED_FACE('',(#1394),#1442,.T.);
#1520=ADVANCED_FACE('',(#1395),#1443,.T.);
#1521=CLOSED_SHELL('',(#1444,#1445,#1446,#1447,#1448,#1449,#1450,#1451,
#1452,#1453,#1454,#1455,#1456,#1457,#1458,#1459,#1460,#1461,#1462,#1463,
#1464,#1465,#1466,#1467,#1468,#1469,#1470,#1471,#1472,#1473,#1474,#1475,
#1476,#1477,#1478,#1479,#1480,#1481,#1482,#1483,#1484,#1485,#1486,#1487,
#1488,#1489,#1490,#1491,#1492,#1493,#1494,#1495,#1496,#1497,#1498,#1499,
#1500,#1501,#1502,#1503,#1504,#1505,#1506,#1507,#1508,#1509,#1510,#1511,
#1512,#1513,#1514,#1515,#1516,#1517,#1518,#1519,#1520));
#1522=STYLED_ITEM('',(#1523),#1530);
#1523=PRESENTATION_STYLE_ASSIGNMENT((#1524));
#1524=SURFACE_STYLE_USAGE(.BOTH.,#1525);
#1525=SURFACE_SIDE_STYLE('',(#1526));
#1526=SURFACE_STYLE_FILL_AREA(#1527);
#1527=FILL_AREA_STYLE('',(#1528));
#1528=FILL_AREA_STYLE_COLOUR('',#1529);
#1529=COLOUR_RGB('',0.615686274509804,0.811764705882353,0.929411764705882);
#1530=MANIFOLD_SOLID_BREP('Part 2',#1521);
#1531=SHAPE_DEFINITION_REPRESENTATION(#2556,#1532);
#1532=SHAPE_REPRESENTATION('Part 2',(#1533),#2551);
#1533=AXIS2_PLACEMENT_3D('',#2069,#1656,#1657);
#1534=AXIS2_PLACEMENT_3D('',#2070,#1658,#1659);
#1535=AXIS2_PLACEMENT_3D('',#2079,#1664,#1665);
#1536=AXIS2_PLACEMENT_3D('',#2088,#1670,#1671);
#1537=AXIS2_PLACEMENT_3D('',#2095,#1672,#1673);
#1538=AXIS2_PLACEMENT_3D('',#2099,#1675,#1676);
#1539=AXIS2_PLACEMENT_3D('',#2100,#1677,#1678);
#1540=AXIS2_PLACEMENT_3D('',#2123,#1690,#1691);
#1541=AXIS2_PLACEMENT_3D('',#2136,#1698,#1699);
#1542=AXIS2_PLACEMENT_3D('',#2141,#1703,#1704);
#1543=AXIS2_PLACEMENT_3D('',#2150,#1709,#1710);
#1544=AXIS2_PLACEMENT_3D('',#2158,#1714,#1715);
#1545=AXIS2_PLACEMENT_3D('',#2167,#1720,#1721);
#1546=AXIS2_PLACEMENT_3D('',#2168,#1722,#1723);
#1547=AXIS2_PLACEMENT_3D('',#2178,#1728,#1729);
#1548=AXIS2_PLACEMENT_3D('',#2182,#1731,#1732);
#1549=AXIS2_PLACEMENT_3D('',#2186,#1734,#1735);
#1550=AXIS2_PLACEMENT_3D('',#2194,#1739,#1740);
#1551=AXIS2_PLACEMENT_3D('',#2198,#1742,#1743);
#1552=AXIS2_PLACEMENT_3D('',#2202,#1745,#1746);
#1553=AXIS2_PLACEMENT_3D('',#2207,#1750,#1751);
#1554=AXIS2_PLACEMENT_3D('',#2209,#1753,#1754);
#1555=AXIS2_PLACEMENT_3D('',#2210,#1755,#1756);
#1556=AXIS2_PLACEMENT_3D('',#2218,#1757,#1758);
#1557=AXIS2_PLACEMENT_3D('',#2240,#1770,#1771);
#1558=AXIS2_PLACEMENT_3D('',#2251,#1777,#1778);
#1559=AXIS2_PLACEMENT_3D('',#2260,#1783,#1784);
#1560=AXIS2_PLACEMENT_3D('',#2266,#1787,#1788);
#1561=AXIS2_PLACEMENT_3D('',#2270,#1790,#1791);
#1562=AXIS2_PLACEMENT_3D('',#2291,#1803,#1804);
#1563=AXIS2_PLACEMENT_3D('',#2300,#1809,#1810);
#1564=AXIS2_PLACEMENT_3D('',#2303,#1812,#1813);
#1565=AXIS2_PLACEMENT_3D('',#2305,#1814,#1815);
#1566=AXIS2_PLACEMENT_3D('',#2307,#1816,#1817);
#1567=AXIS2_PLACEMENT_3D('',#2308,#1818,#1819);
#1568=AXIS2_PLACEMENT_3D('',#2315,#1823,#1824);
#1569=AXIS2_PLACEMENT_3D('',#2318,#1826,#1827);
#1570=AXIS2_PLACEMENT_3D('',#2324,#1831,#1832);
#1571=AXIS2_PLACEMENT_3D('',#2334,#1838,#1839);
#1572=AXIS2_PLACEMENT_3D('',#2338,#1841,#1842);
#1573=AXIS2_PLACEMENT_3D('',#2339,#1843,#1844);
#1574=AXIS2_PLACEMENT_3D('',#2340,#1845,#1846);
#1575=AXIS2_PLACEMENT_3D('',#2346,#1847,#1848);
#1576=AXIS2_PLACEMENT_3D('',#2347,#1849,#1850);
#1577=AXIS2_PLACEMENT_3D('',#2348,#1851,#1852);
#1578=AXIS2_PLACEMENT_3D('',#2349,#1853,#1854);
#1579=AXIS2_PLACEMENT_3D('',#2350,#1855,#1856);
#1580=AXIS2_PLACEMENT_3D('',#2351,#1857,#1858);
#1581=AXIS2_PLACEMENT_3D('',#2359,#1863,#1864);
#1582=AXIS2_PLACEMENT_3D('',#2364,#1868,#1869);
#1583=AXIS2_PLACEMENT_3D('',#2366,#1870,#1871);
#1584=AXIS2_PLACEMENT_3D('',#2368,#1872,#1873);
#1585=AXIS2_PLACEMENT_3D('',#2369,#1874,#1875);
#1586=AXIS2_PLACEMENT_3D('',#2371,#1876,#1877);
#1587=AXIS2_PLACEMENT_3D('',#2374,#1879,#1880);
#1588=AXIS2_PLACEMENT_3D('',#2376,#1881,#1882);
#1589=AXIS2_PLACEMENT_3D('',#2378,#1883,#1884);
#1590=AXIS2_PLACEMENT_3D('',#2384,#1888,#1889);
#1591=AXIS2_PLACEMENT_3D('',#2386,#1890,#1891);
#1592=AXIS2_PLACEMENT_3D('',#2387,#1892,#1893);
#1593=AXIS2_PLACEMENT_3D('',#2390,#1896,#1897);
#1594=AXIS2_PLACEMENT_3D('',#2398,#1902,#1903);
#1595=AXIS2_PLACEMENT_3D('',#2401,#1906,#1907);
#1596=AXIS2_PLACEMENT_3D('',#2407,#1911,#1912);
#1597=AXIS2_PLACEMENT_3D('',#2410,#1915,#1916);
#1598=AXIS2_PLACEMENT_3D('',#2413,#1918,#1919);
#1599=AXIS2_PLACEMENT_3D('',#2416,#1921,#1922);
#1600=AXIS2_PLACEMENT_3D('',#2419,#1925,#1926);
#1601=AXIS2_PLACEMENT_3D('',#2424,#1927,#1928);
#1602=AXIS2_PLACEMENT_3D('',#2425,#1929,#1930);
#1603=AXIS2_PLACEMENT_3D('',#2437,#1931,#1932);
#1604=AXIS2_PLACEMENT_3D('',#2446,#1938,#1939);
#1605=AXIS2_PLACEMENT_3D('',#2447,#1940,#1941);
#1606=AXIS2_PLACEMENT_3D('',#2448,#1942,#1943);
#1607=AXIS2_PLACEMENT_3D('',#2449,#1944,#1945);
#1608=AXIS2_PLACEMENT_3D('',#2451,#1947,#1948);
#1609=AXIS2_PLACEMENT_3D('',#2452,#1949,#1950);
#1610=AXIS2_PLACEMENT_3D('',#2458,#1954,#1955);
#1611=AXIS2_PLACEMENT_3D('',#2462,#1958,#1959);
#1612=AXIS2_PLACEMENT_3D('',#2464,#1961,#1962);
#1613=AXIS2_PLACEMENT_3D('',#2468,#1965,#1966);
#1614=AXIS2_PLACEMENT_3D('',#2471,#1969,#1970);
#1615=AXIS2_PLACEMENT_3D('',#2472,#1971,#1972);
#1616=AXIS2_PLACEMENT_3D('',#2473,#1973,#1974);
#1617=AXIS2_PLACEMENT_3D('',#2476,#1977,#1978);
#1618=AXIS2_PLACEMENT_3D('',#2479,#1981,#1982);
#1619=AXIS2_PLACEMENT_3D('',#2482,#1985,#1986);
#1620=AXIS2_PLACEMENT_3D('',#2485,#1989,#1990);
#1621=AXIS2_PLACEMENT_3D('',#2493,#1991,#1992);
#1622=AXIS2_PLACEMENT_3D('',#2494,#1993,#1994);
#1623=AXIS2_PLACEMENT_3D('',#2502,#1995,#1996);
#1624=AXIS2_PLACEMENT_3D('',#2503,#1997,#1998);
#1625=AXIS2_PLACEMENT_3D('',#2504,#1999,#2000);
#1626=AXIS2_PLACEMENT_3D('',#2505,#2001,#2002);
#1627=AXIS2_PLACEMENT_3D('',#2506,#2003,#2004);
#1628=AXIS2_PLACEMENT_3D('',#2514,#2005,#2006);
#1629=AXIS2_PLACEMENT_3D('',#2515,#2007,#2008);
#1630=AXIS2_PLACEMENT_3D('',#2516,#2009,#2010);
#1631=AXIS2_PLACEMENT_3D('',#2517,#2011,#2012);
#1632=AXIS2_PLACEMENT_3D('',#2518,#2013,#2014);
#1633=AXIS2_PLACEMENT_3D('',#2519,#2015,#2016);
#1634=AXIS2_PLACEMENT_3D('',#2520,#2017,#2018);
#1635=AXIS2_PLACEMENT_3D('',#2521,#2019,#2020);
#1636=AXIS2_PLACEMENT_3D('',#2522,#2021,#2022);
#1637=AXIS2_PLACEMENT_3D('',#2523,#2023,#2024);
#1638=AXIS2_PLACEMENT_3D('',#2524,#2025,#2026);
#1639=AXIS2_PLACEMENT_3D('',#2525,#2027,#2028);
#1640=AXIS2_PLACEMENT_3D('',#2526,#2029,#2030);
#1641=AXIS2_PLACEMENT_3D('',#2527,#2031,#2032);
#1642=AXIS2_PLACEMENT_3D('',#2528,#2033,#2034);
#1643=AXIS2_PLACEMENT_3D('',#2529,#2035,#2036);
#1644=AXIS2_PLACEMENT_3D('',#2530,#2037,#2038);
#1645=AXIS2_PLACEMENT_3D('',#2531,#2039,#2040);
#1646=AXIS2_PLACEMENT_3D('',#2534,#2043,#2044);
#1647=AXIS2_PLACEMENT_3D('',#2536,#2046,#2047);
#1648=AXIS2_PLACEMENT_3D('',#2538,#2049,#2050);
#1649=AXIS2_PLACEMENT_3D('',#2539,#2051,#2052);
#1650=AXIS2_PLACEMENT_3D('',#2540,#2053,#2054);
#1651=AXIS2_PLACEMENT_3D('',#2542,#2056,#2057);
#1652=AXIS2_PLACEMENT_3D('',#2544,#2059,#2060);
#1653=AXIS2_PLACEMENT_3D('',#2545,#2061,#2062);
#1654=AXIS2_PLACEMENT_3D('',#2548,#2065,#2066);
#1655=AXIS2_PLACEMENT_3D('',#2549,#2067,#2068);
#1656=DIRECTION('',(0.,0.,1.));
#1657=DIRECTION('',(1.,0.,0.));
#1658=DIRECTION('',(1.,0.,0.));
#1659=DIRECTION('',(0.,0.,-1.));
#1660=DIRECTION('',(0.,0.,-1.));
#1661=DIRECTION('',(0.,1.,0.));
#1662=DIRECTION('',(0.,0.,1.));
#1663=DIRECTION('',(0.,1.,0.));
#1664=DIRECTION('',(1.,0.,0.));
#1665=DIRECTION('',(0.,0.,-1.));
#1666=DIRECTION('',(0.,0.00307081997454892,-0.999995285021227));
#1667=DIRECTION('',(0.,-1.,0.));
#1668=DIRECTION('',(0.,0.,-1.));
#1669=DIRECTION('',(0.,-1.,0.));
#1670=DIRECTION('',(0.,1.,0.));
#1671=DIRECTION('',(0.,0.,1.));
#1672=DIRECTION('',(0.,1.,0.));
#1673=DIRECTION('',(0.,0.,1.));
#1674=DIRECTION('',(0.,1.,0.));
#1675=DIRECTION('',(0.,-1.,0.));
#1676=DIRECTION('',(0.,0.,-1.));
#1677=DIRECTION('',(0.,1.,0.));
#1678=DIRECTION('',(0.,0.,1.));
#1679=DIRECTION('',(-1.,0.,0.));
#1680=DIRECTION('',(0.,0.,-1.));
#1681=DIRECTION('',(1.,0.,0.));
#1682=DIRECTION('',(0.,0.,1.));
#1683=DIRECTION('',(1.,0.,0.));
#1684=DIRECTION('',(0.,0.,-1.));
#1685=DIRECTION('',(1.,0.,0.));
#1686=DIRECTION('',(0.,0.,-1.));
#1687=DIRECTION('',(1.,0.,0.));
#1688=DIRECTION('',(0.,0.,1.));
#1689=DIRECTION('',(0.,0.,1.));
#1690=DIRECTION('',(0.,-1.,0.));
#1691=DIRECTION('',(0.,0.,-1.));
#1692=DIRECTION('',(-1.,0.,0.));
#1693=DIRECTION('',(0.,0.,1.));
#1694=DIRECTION('',(1.,0.,0.));
#1695=DIRECTION('',(0.,0.,1.));
#1696=DIRECTION('',(-1.,0.,0.));
#1697=DIRECTION('',(0.,0.,1.));
#1698=DIRECTION('',(-1.,0.,0.));
#1699=DIRECTION('',(0.,0.,1.));
#1700=DIRECTION('',(0.,1.,0.));
#1701=DIRECTION('',(0.,1.,0.));
#1702=DIRECTION('',(0.,1.,0.));
#1703=DIRECTION('',(0.,0.,1.));
#1704=DIRECTION('',(1.,0.,0.));
#1705=DIRECTION('',(-1.,0.,0.));
#1706=DIRECTION('',(0.,1.,0.));
#1707=DIRECTION('',(-1.,0.,0.));
#1708=DIRECTION('',(1.,0.,0.));
#1709=DIRECTION('',(0.,0.,1.));
#1710=DIRECTION('',(1.,0.,0.));
#1711=DIRECTION('',(0.,-1.,0.));
#1712=DIRECTION('',(0.,-1.,0.));
#1713=DIRECTION('',(0.,-1.,0.));
#1714=DIRECTION('',(0.,0.,1.));
#1715=DIRECTION('',(1.,0.,0.));
#1716=DIRECTION('',(1.,0.,0.));
#1717=DIRECTION('',(1.,0.,0.));
#1718=DIRECTION('',(0.,-1.,0.));
#1719=DIRECTION('',(1.,0.,0.));
#1720=DIRECTION('',(0.,0.,1.));
#1721=DIRECTION('',(1.,0.,0.));
#1722=DIRECTION('',(0.,0.,1.));
#1723=DIRECTION('',(1.,0.,0.));
#1724=DIRECTION('',(1.,0.,0.));
#1725=DIRECTION('',(0.,-1.,0.));
#1726=DIRECTION('',(1.,0.,0.));
#1727=DIRECTION('',(0.,1.,0.));
#1728=DIRECTION('',(0.,0.,1.));
#1729=DIRECTION('',(1.,0.,0.));
#1730=DIRECTION('',(1.,0.,0.));
#1731=DIRECTION('',(0.,0.,1.));
#1732=DIRECTION('',(1.,0.,0.));
#1733=DIRECTION('',(0.,-1.,0.));
#1734=DIRECTION('',(0.,0.,1.));
#1735=DIRECTION('',(1.,0.,0.));
#1736=DIRECTION('',(-1.,0.,0.));
#1737=DIRECTION('',(0.,-1.,0.));
#1738=DIRECTION('',(1.,0.,0.));
#1739=DIRECTION('',(0.,0.,1.));
#1740=DIRECTION('',(1.,0.,0.));
#1741=DIRECTION('',(0.,-1.,0.));
#1742=DIRECTION('',(0.,0.,1.));
#1743=DIRECTION('',(1.,0.,0.));
#1744=DIRECTION('',(1.,0.,0.));
#1745=DIRECTION('',(0.,0.,1.));
#1746=DIRECTION('',(1.,0.,0.));
#1747=DIRECTION('',(0.,1.,0.));
#1748=DIRECTION('',(0.,1.,0.));
#1749=DIRECTION('',(-1.,0.,0.));
#1750=DIRECTION('',(0.,0.,1.));
#1751=DIRECTION('',(1.,0.,0.));
#1752=DIRECTION('',(0.,0.,1.));
#1753=DIRECTION('',(-1.,0.,0.));
#1754=DIRECTION('',(0.,0.,1.));
#1755=DIRECTION('',(1.,0.,0.));
#1756=DIRECTION('',(0.,0.,-1.));
#1757=DIRECTION('',(0.,1.,0.));
#1758=DIRECTION('',(0.,0.,1.));
#1759=DIRECTION('',(0.,0.,-1.));
#1760=DIRECTION('',(1.,0.,0.));
#1761=DIRECTION('',(0.,0.,1.));
#1762=DIRECTION('',(0.,0.,1.));
#1763=DIRECTION('',(1.,0.,0.));
#1764=DIRECTION('',(0.,0.,-1.));
#1765=DIRECTION('',(1.,0.,0.));
#1766=DIRECTION('',(0.,0.,1.));
#1767=DIRECTION('',(1.,0.,0.));
#1768=DIRECTION('',(0.,0.,1.));
#1769=DIRECTION('',(1.,0.,0.));
#1770=DIRECTION('',(1.,0.,0.));
#1771=DIRECTION('',(0.,0.,-1.));
#1772=DIRECTION('',(0.,-1.,0.));
#1773=DIRECTION('',(0.,0.00307081997454892,-0.999995285021227));
#1774=DIRECTION('',(0.,-1.,0.));
#1775=DIRECTION('',(0.,0.,-1.));
#1776=DIRECTION('',(0.,-1.,0.));
#1777=DIRECTION('',(1.,0.,0.));
#1778=DIRECTION('',(0.,0.,-1.));
#1779=DIRECTION('',(0.,0.00307081997454892,-0.999995285021227));
#1780=DIRECTION('',(0.,-1.,0.));
#1781=DIRECTION('',(0.,0.,-1.));
#1782=DIRECTION('',(0.,-1.,0.));
#1783=DIRECTION('',(-1.,0.,0.));
#1784=DIRECTION('',(0.,0.,1.));
#1785=DIRECTION('',(0.,1.,0.));
#1786=DIRECTION('',(0.,-0.00307081997454892,0.999995285021226));
#1787=DIRECTION('',(-1.,0.,0.));
#1788=DIRECTION('',(0.,0.,1.));
#1789=DIRECTION('',(0.,0.999995285021226,0.00307081997454904));
#1790=DIRECTION('',(-1.,0.,0.));
#1791=DIRECTION('',(0.,0.,1.));
#1792=DIRECTION('',(0.,-0.00307081997454892,0.999995285021226));
#1793=DIRECTION('',(0.,1.,0.));
#1794=DIRECTION('',(0.,0.,-1.));
#1795=DIRECTION('',(0.,1.,0.));
#1796=DIRECTION('',(0.,0.,1.));
#1797=DIRECTION('',(0.,0.,1.));
#1798=DIRECTION('',(0.,-1.,0.));
#1799=DIRECTION('',(0.,0.,1.));
#1800=DIRECTION('',(0.,0.,1.));
#1801=DIRECTION('',(0.,1.,0.));
#1802=DIRECTION('',(0.,0.,-1.));
#1803=DIRECTION('',(1.,0.,0.));
#1804=DIRECTION('',(0.,0.,-1.));
#1805=DIRECTION('',(0.,-1.,0.));
#1806=DIRECTION('',(0.,0.00307081997454892,-0.999995285021227));
#1807=DIRECTION('',(0.,-1.,0.));
#1808=DIRECTION('',(0.,0.,-1.));
#1809=DIRECTION('',(0.,0.,1.));
#1810=DIRECTION('',(1.,0.,0.));
#1811=DIRECTION('',(1.,0.,0.));
#1812=DIRECTION('',(0.,0.,1.));
#1813=DIRECTION('',(1.,0.,0.));
#1814=DIRECTION('',(0.,0.,1.));
#1815=DIRECTION('',(1.,0.,0.));
#1816=DIRECTION('',(0.,0.,1.));
#1817=DIRECTION('',(1.,0.,0.));
#1818=DIRECTION('',(0.,0.,1.));
#1819=DIRECTION('',(1.,0.,0.));
#1820=DIRECTION('',(1.,0.,0.));
#1821=DIRECTION('',(0.,-1.,0.));
#1822=DIRECTION('',(-1.,0.,0.));
#1823=DIRECTION('',(0.,0.,1.));
#1824=DIRECTION('',(1.,0.,0.));
#1825=DIRECTION('',(0.,-1.,0.));
#1826=DIRECTION('',(0.,0.,1.));
#1827=DIRECTION('',(1.,0.,0.));
#1828=DIRECTION('',(1.,0.,0.));
#1829=DIRECTION('',(-1.,0.,0.));
#1830=DIRECTION('',(0.,1.,0.));
#1831=DIRECTION('',(-1.,0.,0.));
#1832=DIRECTION('',(0.,0.,1.));
#1833=DIRECTION('',(0.,-0.00307081997454892,0.999995285021227));
#1834=DIRECTION('',(0.,0.,1.));
#1835=DIRECTION('',(0.,0.,1.));
#1836=DIRECTION('',(0.,1.,0.));
#1837=DIRECTION('',(0.,-0.00307081997454892,0.999995285021227));
#1838=DIRECTION('',(-1.,0.,0.));
#1839=DIRECTION('',(0.,0.,1.));
#1840=DIRECTION('',(0.,0.999995285021227,0.00307081997454904));
#1841=DIRECTION('',(-1.,0.,0.));
#1842=DIRECTION('',(0.,0.,1.));
#1843=DIRECTION('',(0.,1.,0.));
#1844=DIRECTION('',(0.,0.,1.));
#1845=DIRECTION('',(0.,-0.999995285021226,-0.00307081997454892));
#1846=DIRECTION('',(0.,0.00307081997454892,-0.999995285021227));
#1847=DIRECTION('',(0.707106781186548,0.707106781186548,0.));
#1848=DIRECTION('',(0.707106781186548,-0.707106781186548,0.));
#1849=DIRECTION('',(0.,-1.,0.));
#1850=DIRECTION('',(0.,0.,-1.));
#1851=DIRECTION('',(0.,-0.999995285021226,-0.00307081997454892));
#1852=DIRECTION('',(0.,-0.00307081997454892,0.999995285021227));
#1853=DIRECTION('',(0.707106781186548,-0.707106781186548,0.));
#1854=DIRECTION('',(-0.707106781186548,-0.707106781186548,0.));
#1855=DIRECTION('',(0.,0.,1.));
#1856=DIRECTION('',(1.,0.,0.));
#1857=DIRECTION('',(0.,0.,1.));
#1858=DIRECTION('',(1.,0.,0.));
#1859=DIRECTION('',(0.,1.,0.));
#1860=DIRECTION('',(1.,0.,0.));
#1861=DIRECTION('',(0.,-1.,0.));
#1862=DIRECTION('',(-1.,0.,0.));
#1863=DIRECTION('',(0.,0.,1.));
#1864=DIRECTION('',(1.,0.,0.));
#1865=DIRECTION('',(-1.,0.,0.));
#1866=DIRECTION('',(-1.,0.,0.));
#1867=DIRECTION('',(0.,1.,0.));
#1868=DIRECTION('',(0.,0.,1.));
#1869=DIRECTION('',(1.,0.,0.));
#1870=DIRECTION('',(0.,0.,1.));
#1871=DIRECTION('',(1.,0.,0.));
#1872=DIRECTION('',(0.,0.,1.));
#1873=DIRECTION('',(1.,0.,0.));
#1874=DIRECTION('',(0.,0.,1.));
#1875=DIRECTION('',(1.,0.,0.));
#1876=DIRECTION('',(0.,0.,1.));
#1877=DIRECTION('',(1.,0.,0.));
#1878=DIRECTION('',(0.,1.,0.));
#1879=DIRECTION('',(0.,0.,1.));
#1880=DIRECTION('',(1.,0.,0.));
#1881=DIRECTION('',(0.,0.,1.));
#1882=DIRECTION('',(1.,0.,0.));
#1883=DIRECTION('',(0.,0.,1.));
#1884=DIRECTION('',(1.,0.,0.));
#1885=DIRECTION('',(1.,0.,0.));
#1886=DIRECTION('',(0.,-1.,0.));
#1887=DIRECTION('',(1.,0.,0.));
#1888=DIRECTION('',(0.,0.,1.));
#1889=DIRECTION('',(1.,0.,0.));
#1890=DIRECTION('',(0.,0.,1.));
#1891=DIRECTION('',(1.,0.,0.));
#1892=DIRECTION('',(0.,0.,1.));
#1893=DIRECTION('',(1.,0.,0.));
#1894=DIRECTION('',(-1.,0.,0.));
#1895=DIRECTION('',(1.,0.,0.));
#1896=DIRECTION('',(1.,0.,0.));
#1897=DIRECTION('',(0.,0.,-1.));
#1898=DIRECTION('',(0.,0.00307081997454892,-0.999995285021227));
#1899=DIRECTION('',(0.,-1.,0.));
#1900=DIRECTION('',(0.,0.,-1.));
#1901=DIRECTION('',(0.,-1.,0.));
#1902=DIRECTION('',(0.,-1.,0.));
#1903=DIRECTION('',(0.,0.,-1.));
#1904=DIRECTION('',(-1.,0.,0.));
#1905=DIRECTION('',(-1.,0.,0.));
#1906=DIRECTION('',(1.,0.,0.));
#1907=DIRECTION('',(0.,0.,-1.));
#1908=DIRECTION('',(0.,0.00307081997454892,-0.999995285021227));
#1909=DIRECTION('',(0.,-1.,0.));
#1910=DIRECTION('',(0.,0.,-1.));
#1911=DIRECTION('',(0.,0.,-1.));
#1912=DIRECTION('',(-1.,0.,0.));
#1913=DIRECTION('',(0.,0.,-1.));
#1914=DIRECTION('',(0.,0.,-1.));
#1915=DIRECTION('',(0.,0.,-1.));
#1916=DIRECTION('',(-1.,0.,0.));
#1917=DIRECTION('',(0.,0.,-1.));
#1918=DIRECTION('',(0.,0.,1.));
#1919=DIRECTION('',(1.,0.,0.));
#1920=DIRECTION('',(0.,0.,-1.));
#1921=DIRECTION('',(0.,1.,0.));
#1922=DIRECTION('',(0.,0.,1.));
#1923=DIRECTION('',(1.,0.,0.));
#1924=DIRECTION('',(1.,0.,0.));
#1925=DIRECTION('',(0.,0.,-1.));
#1926=DIRECTION('',(-1.,0.,0.));
#1927=DIRECTION('',(0.,0.,-1.));
#1928=DIRECTION('',(-1.,0.,0.));
#1929=DIRECTION('',(0.,0.,1.));
#1930=DIRECTION('',(1.,0.,0.));
#1931=DIRECTION('',(0.,0.,1.));
#1932=DIRECTION('',(1.,0.,0.));
#1933=DIRECTION('',(1.,0.,0.));
#1934=DIRECTION('',(0.,-1.,0.));
#1935=DIRECTION('',(1.,0.,0.));
#1936=DIRECTION('',(0.,-1.,0.));
#1937=DIRECTION('',(1.,0.,0.));
#1938=DIRECTION('',(0.,0.,1.));
#1939=DIRECTION('',(1.,0.,0.));
#1940=DIRECTION('',(0.,0.,1.));
#1941=DIRECTION('',(1.,0.,0.));
#1942=DIRECTION('',(0.,0.,1.));
#1943=DIRECTION('',(1.,0.,0.));
#1944=DIRECTION('',(0.,0.,1.));
#1945=DIRECTION('',(1.,0.,0.));
#1946=DIRECTION('',(0.,1.,0.));
#1947=DIRECTION('',(-1.,0.,0.));
#1948=DIRECTION('',(0.,0.,1.));
#1949=DIRECTION('',(0.,0.,1.));
#1950=DIRECTION('',(1.,0.,0.));
#1951=DIRECTION('',(0.,1.,0.));
#1952=DIRECTION('',(-1.,0.,0.));
#1953=DIRECTION('',(0.,1.,0.));
#1954=DIRECTION('',(-1.,0.,0.));
#1955=DIRECTION('',(0.,0.,1.));
#1956=DIRECTION('',(0.,0.,1.));
#1957=DIRECTION('',(0.,-1.,0.));
#1958=DIRECTION('',(-1.,0.,0.));
#1959=DIRECTION('',(0.,0.,1.));
#1960=DIRECTION('',(0.,0.,1.));
#1961=DIRECTION('',(0.,-1.,0.));
#1962=DIRECTION('',(0.,0.,-1.));
#1963=DIRECTION('',(0.,0.,-1.));
#1964=DIRECTION('',(1.,0.,0.));
#1965=DIRECTION('',(0.,0.,1.));
#1966=DIRECTION('',(1.,0.,0.));
#1967=DIRECTION('',(1.,0.,0.));
#1968=DIRECTION('',(-1.,0.,0.));
#1969=DIRECTION('',(0.,-1.,0.));
#1970=DIRECTION('',(0.,0.,-1.));
#1971=DIRECTION('',(0.,-1.,0.));
#1972=DIRECTION('',(0.,0.,-1.));
#1973=DIRECTION('',(0.,1.,0.));
#1974=DIRECTION('',(0.,0.,1.));
#1975=DIRECTION('',(0.,0.,1.));
#1976=DIRECTION('',(0.,0.,-1.));
#1977=DIRECTION('',(0.,1.,0.));
#1978=DIRECTION('',(0.,0.,1.));
#1979=DIRECTION('',(0.,0.,1.));
#1980=DIRECTION('',(0.,0.,-1.));
#1981=DIRECTION('',(1.,0.,0.));
#1982=DIRECTION('',(0.,0.,-1.));
#1983=DIRECTION('',(0.,0.,1.));
#1984=DIRECTION('',(0.,0.,-1.));
#1985=DIRECTION('',(1.,0.,0.));
#1986=DIRECTION('',(0.,0.,-1.));
#1987=DIRECTION('',(0.,0.,-1.));
#1988=DIRECTION('',(0.,0.,1.));
#1989=DIRECTION('',(0.,0.,1.));
#1990=DIRECTION('',(1.,0.,0.));
#1991=DIRECTION('',(0.,0.,-1.));
#1992=DIRECTION('',(-1.,0.,0.));
#1993=DIRECTION('',(0.,0.,1.));
#1994=DIRECTION('',(1.,0.,0.));
#1995=DIRECTION('',(0.,0.,1.));
#1996=DIRECTION('',(1.,0.,0.));
#1997=DIRECTION('',(0.,0.,-1.));
#1998=DIRECTION('',(-1.,0.,0.));
#1999=DIRECTION('',(0.,0.,-1.));
#2000=DIRECTION('',(-1.,0.,0.));
#2001=DIRECTION('',(0.,0.,-1.));
#2002=DIRECTION('',(-1.,0.,0.));
#2003=DIRECTION('',(0.,0.,-1.));
#2004=DIRECTION('',(-1.,0.,0.));
#2005=DIRECTION('',(0.,0.,1.));
#2006=DIRECTION('',(1.,0.,0.));
#2007=DIRECTION('',(0.,0.,-1.));
#2008=DIRECTION('',(-1.,0.,0.));
#2009=DIRECTION('',(0.,0.,-1.));
#2010=DIRECTION('',(-1.,0.,0.));
#2011=DIRECTION('',(0.,0.,-1.));
#2012=DIRECTION('',(-1.,0.,0.));
#2013=DIRECTION('',(0.,-1.,0.));
#2014=DIRECTION('',(0.,0.,-1.));
#2015=DIRECTION('',(-1.,0.,0.));
#2016=DIRECTION('',(0.,0.,1.));
#2017=DIRECTION('',(-1.,0.,0.));
#2018=DIRECTION('',(0.,0.,1.));
#2019=DIRECTION('',(1.,0.,0.));
#2020=DIRECTION('',(0.,0.,-1.));
#2021=DIRECTION('',(0.,1.,0.));
#2022=DIRECTION('',(0.,0.,1.));
#2023=DIRECTION('',(0.,-0.999995285021226,-0.00307081997454892));
#2024=DIRECTION('',(0.,0.00307081997454892,-0.999995285021227));
#2025=DIRECTION('',(-0.707106781186548,0.707106781186548,0.));
#2026=DIRECTION('',(-0.707106781186548,-0.707106781186548,0.));
#2027=DIRECTION('',(0.,-1.,0.));
#2028=DIRECTION('',(0.,0.,-1.));
#2029=DIRECTION('',(0.,-0.999995285021226,-0.00307081997454892));
#2030=DIRECTION('',(0.,-0.00307081997454892,0.999995285021227));
#2031=DIRECTION('',(-0.707106781186548,-0.707106781186548,0.));
#2032=DIRECTION('',(0.707106781186548,-0.707106781186548,0.));
#2033=DIRECTION('',(-1.,0.,0.));
#2034=DIRECTION('',(0.,0.,1.));
#2035=DIRECTION('',(0.,-0.999995285021226,-0.00307081997454892));
#2036=DIRECTION('',(0.,0.00307081997454892,-0.999995285021227));
#2037=DIRECTION('',(0.,-0.999995285021226,-0.00307081997454892));
#2038=DIRECTION('',(0.,0.00307081997454892,-0.999995285021227));
#2039=DIRECTION('',(-1.,0.,0.));
#2040=DIRECTION('',(0.,0.,1.));
#2041=DIRECTION('',(-1.,0.,0.));
#2042=DIRECTION('',(-1.,0.,0.));
#2043=DIRECTION('',(0.,-0.00307081997454904,0.999995285021226));
#2044=DIRECTION('',(0.,-0.999995285021227,-0.00307081997454904));
#2045=DIRECTION('',(-1.,0.,0.));
#2046=DIRECTION('',(-1.,0.,0.));
#2047=DIRECTION('',(0.,0.,1.));
#2048=DIRECTION('',(-1.,0.,0.));
#2049=DIRECTION('',(0.,-0.999995285021226,-0.00307081997454892));
#2050=DIRECTION('',(0.,0.00307081997454892,-0.999995285021227));
#2051=DIRECTION('',(0.,-0.999995285021226,-0.00307081997454892));
#2052=DIRECTION('',(0.,0.00307081997454892,-0.999995285021227));
#2053=DIRECTION('',(0.,0.,-1.));
#2054=DIRECTION('',(-1.,0.,0.));
#2055=DIRECTION('',(0.,-1.,0.));
#2056=DIRECTION('',(-1.,0.,0.));
#2057=DIRECTION('',(0.,0.,1.));
#2058=DIRECTION('',(0.,0.,-1.));
#2059=DIRECTION('',(0.,-1.,0.));
#2060=DIRECTION('',(1.,0.,0.));
#2061=DIRECTION('',(1.,0.,0.));
#2062=DIRECTION('',(0.,0.,-1.));
#2063=DIRECTION('',(0.,1.,0.));
#2064=DIRECTION('',(0.,0.,-1.));
#2065=DIRECTION('',(0.,0.,1.));
#2066=DIRECTION('',(1.,0.,0.));
#2067=DIRECTION('',(0.,1.,0.));
#2068=DIRECTION('',(1.,0.,0.));
#2069=CARTESIAN_POINT('',(0.,0.,0.));
#2070=CARTESIAN_POINT('',(0.0359432461590041,-0.0106736172349298,0.006));
#2071=CARTESIAN_POINT('',(0.0359432461590041,-0.0115171201191842,0.006));
#2072=CARTESIAN_POINT('',(0.0359432461590041,-0.0115171201191842,0.02184));
#2073=CARTESIAN_POINT('',(0.0359432461590041,-0.0115171201191842,0.01884));
#2074=CARTESIAN_POINT('',(0.0359432461590041,-0.0106736172349298,0.01884));
#2075=CARTESIAN_POINT('',(0.0359432461590041,0.0101235937327146,0.01884));
#2076=CARTESIAN_POINT('',(0.0359432461590041,0.0101235937327146,0.005998));
#2077=CARTESIAN_POINT('',(0.0359432461590041,0.0101235937327146,0.02184));
#2078=CARTESIAN_POINT('',(0.0359432461590041,-0.0106736172349298,0.02184));
#2079=CARTESIAN_POINT('',(0.0359432461590041,-0.0106736172349298,0.006));
#2080=CARTESIAN_POINT('',(0.0359432461590041,-0.0111933370061214,0.00599840402662048));
#2081=CARTESIAN_POINT('',(0.0359432461590041,-0.0111933419070915,0.006));
#2082=CARTESIAN_POINT('',(0.0359432461590041,-0.0111749169003707,0.));
#2083=CARTESIAN_POINT('',(0.0359432461590041,-0.0106736172349298,0.006));
#2084=CARTESIAN_POINT('',(0.0359432461590041,-0.0192782496241071,0.006));
#2085=CARTESIAN_POINT('',(0.0359432461590041,-0.0192782496241071,0.006));
#2086=CARTESIAN_POINT('',(0.0359432461590041,-0.0192782496241071,0.));
#2087=CARTESIAN_POINT('',(0.0359432461590041,-0.0106736172349298,0.));
#2088=CARTESIAN_POINT('',(0.0339432461590041,-0.000517120119184252,0.02184));
#2089=CARTESIAN_POINT('',(0.0347995425015004,0.0104828798808154,0.0236474171001262));
#2090=CARTESIAN_POINT('',(0.0350964823246639,0.0102758900017347,0.0235067365209181));
#2091=CARTESIAN_POINT('',(0.0357149579647384,0.0101008868357052,0.0230003160077823));
#2092=CARTESIAN_POINT('',(0.0359432461590041,0.0101235937327146,0.0222292452035441));
#2093=CARTESIAN_POINT('',(0.0359432461590041,0.0101235937327146,0.02184));
#2094=CARTESIAN_POINT('',(0.0347995425015005,0.0104828798808157,0.0236474171001258));
#2095=CARTESIAN_POINT('',(0.0339432461590041,0.0104828798808157,0.02184));
#2096=CARTESIAN_POINT('',(0.0339432461590041,0.0104828798808157,0.02384));
#2097=CARTESIAN_POINT('',(0.0339432461590041,-0.000517120119184252,0.02384));
#2098=CARTESIAN_POINT('',(0.0339432461590041,-0.0115171201191842,0.02384));
#2099=CARTESIAN_POINT('',(0.0339432461590041,-0.0115171201191842,0.02184));
#2100=CARTESIAN_POINT('',(0.0181932459690143,0.0224828798808158,0.006));
#2101=CARTESIAN_POINT('',(0.0181932459690143,0.0224828798808158,0.02184));
#2102=CARTESIAN_POINT('',(-0.0246620531819869,0.0224828798808158,0.02184));
#2103=CARTESIAN_POINT('',(-0.00654834369197494,0.0224828798808158,0.02184));
#2104=CARTESIAN_POINT('',(-0.00654834369197494,0.0224828798808158,0.0213504638522864));
#2105=CARTESIAN_POINT('',(-0.00654834369197494,0.0224828798808158,0.0179550573229789));
#2106=CARTESIAN_POINT('',(0.0150469176005571,0.0224828798808158,0.0179550573229789));
#2107=CARTESIAN_POINT('',(0.0275485447400358,0.0224828798808158,0.0179550573229789));
#2108=CARTESIAN_POINT('',(0.0275485447400358,0.0224828798808158,0.005998));
#2109=CARTESIAN_POINT('',(0.0275485447400358,0.0224828798808158,0.006));
#2110=CARTESIAN_POINT('',(0.0181932459690143,0.0224828798808158,0.006));
#2111=CARTESIAN_POINT('',(0.0339432461590041,0.0224828798808158,0.006));
#2112=CARTESIAN_POINT('',(0.0339432461590041,0.0224828798808158,0.006));
#2113=CARTESIAN_POINT('',(0.0339432461590041,0.0224828798808158,0.));
#2114=CARTESIAN_POINT('',(0.0181932459690143,0.0224828798808158,0.));
#2115=CARTESIAN_POINT('',(-0.0308178841058781,0.0224828798808158,0.));
#2116=CARTESIAN_POINT('',(-0.0308178841058781,0.0224828798808158,0.006));
#2117=CARTESIAN_POINT('',(-0.0308178841058781,0.0224828798808158,0.006));
#2118=CARTESIAN_POINT('',(0.0181932459690143,0.0224828798808158,0.006));
#2119=CARTESIAN_POINT('',(-0.0246620531819869,0.0224828798808158,0.006));
#2120=CARTESIAN_POINT('',(-0.0246620531819869,0.0224828798808158,0.005998));
#2121=CARTESIAN_POINT('',(-0.0246620531819869,0.0224828798808158,0.01884));
#2122=CARTESIAN_POINT('',(-0.0246620531819869,0.0224828798808158,0.005998));
#2123=CARTESIAN_POINT('',(0.0171932459690143,0.0204828798808157,0.005998));
#2124=CARTESIAN_POINT('',(0.0171932459690143,0.0204828798808157,0.0179550573229789));
#2125=CARTESIAN_POINT('',(0.0275485447400358,0.0204828798808157,0.0179550573229789));
#2126=CARTESIAN_POINT('',(-0.00654834369197494,0.0204828798808157,0.0179550573229789));
#2127=CARTESIAN_POINT('',(-0.00654834369197494,0.0204828798808157,0.005998));
#2128=CARTESIAN_POINT('',(-0.00654834369197494,0.0204828798808157,0.01884));
#2129=CARTESIAN_POINT('',(0.0171932459690143,0.0204828798808157,0.01884));
#2130=CARTESIAN_POINT('',(-0.0246620531819869,0.0204828798808157,0.01884));
#2131=CARTESIAN_POINT('',(-0.0246620531819869,0.0204828798808157,0.005998));
#2132=CARTESIAN_POINT('',(-0.0246620531819869,0.0204828798808157,0.006));
#2133=CARTESIAN_POINT('',(0.0171932459690143,0.0204828798808157,0.006));
#2134=CARTESIAN_POINT('',(0.0275485447400358,0.0204828798808157,0.006));
#2135=CARTESIAN_POINT('',(0.0275485447400358,0.0204828798808157,0.005998));
#2136=CARTESIAN_POINT('',(0.0275485447400358,0.0215328798808158,0.005998));
#2137=CARTESIAN_POINT('',(0.0275485447400358,0.0215328798808158,0.0179550573229789));
#2138=CARTESIAN_POINT('',(0.0275485447400358,0.0215328798808158,0.006));
#2139=CARTESIAN_POINT('',(0.0275485447400358,0.0205828798808157,0.006));
#2140=CARTESIAN_POINT('',(0.0275485447400358,0.0215328798808158,0.006));
#2141=CARTESIAN_POINT('',(0.000443245779024451,-0.000517120119184252,0.02384));
#2142=CARTESIAN_POINT('',(0.000443245779024451,0.0104828798808157,0.02384));
#2143=CARTESIAN_POINT('',(-0.00654834369197494,0.0104828798808157,0.02384));
#2144=CARTESIAN_POINT('',(-0.00654834369197494,-0.000517120119184252,0.02384));
#2145=CARTESIAN_POINT('',(-0.00654834369197494,0.0204828798808157,0.02384));
#2146=CARTESIAN_POINT('',(0.000443245779024451,0.0204828798808157,0.02384));
#2147=CARTESIAN_POINT('',(-0.0266620531819869,0.0204828798808157,0.02384));
#2148=CARTESIAN_POINT('',(0.0171932459690143,0.0204828798808157,0.02384));
#2149=CARTESIAN_POINT('',(-0.0310567546009552,0.0204828798808157,0.02384));
#2150=CARTESIAN_POINT('',(-0.0310567546009552,0.0184828798808158,0.02384));
#2151=CARTESIAN_POINT('',(-0.0330567546009552,0.0184828798808158,0.02384));
#2152=CARTESIAN_POINT('',(-0.0330567546009552,0.00998287988081575,0.02384));
#2153=CARTESIAN_POINT('',(-0.0330567546009552,0.0121235937327146,0.02384));
#2154=CARTESIAN_POINT('',(-0.0330567546009552,-0.000517120119184252,0.02384));
#2155=CARTESIAN_POINT('',(-0.0330567546009552,-0.0158448397395921,0.02384));
#2156=CARTESIAN_POINT('',(-0.0330567546009552,0.00998287988081575,0.02384));
#2157=CARTESIAN_POINT('',(-0.0330567546009552,-0.0195171201191843,0.02384));
#2158=CARTESIAN_POINT('',(-0.0310567546009552,-0.0195171201191843,0.02384));
#2159=CARTESIAN_POINT('',(-0.0310567546009552,-0.0215171201191842,0.02384));
#2160=CARTESIAN_POINT('',(-0.0163067544109654,-0.0215171201191842,0.02384));
#2161=CARTESIAN_POINT('',(-0.0266620531819869,-0.0215171201191842,0.02384));
#2162=CARTESIAN_POINT('',(0.0275485447400358,-0.0215171201191842,0.02384));
#2163=CARTESIAN_POINT('',(-0.00654834369197494,-0.0215171201191842,0.02384));
#2164=CARTESIAN_POINT('',(-0.00654834369197494,-0.000517120119184252,0.02384));
#2165=CARTESIAN_POINT('',(-0.00654834369197494,-0.0115171201191842,0.02384));
#2166=CARTESIAN_POINT('',(0.000443245779024451,-0.0115171201191842,0.02384));
#2167=CARTESIAN_POINT('',(0.000443245779024451,-0.000517120119184252,0.01884));
#2168=CARTESIAN_POINT('',(0.0359432461590041,0.0121235937327146,0.01884));
#2169=CARTESIAN_POINT('',(0.0347995425015005,0.0104828798808157,0.01884));
#2170=CARTESIAN_POINT('',(0.000443245779024451,-0.0115171201191842,0.01884));
#2171=CARTESIAN_POINT('',(-0.00654834369197494,-0.0115171201191842,0.01884));
#2172=CARTESIAN_POINT('',(-0.00654834369197494,-0.000517120119184252,0.01884));
#2173=CARTESIAN_POINT('',(-0.00654834369197494,-0.0215171201191842,0.01884));
#2174=CARTESIAN_POINT('',(-0.0163067544109654,-0.0215171201191842,0.01884));
#2175=CARTESIAN_POINT('',(-0.0246620531819869,-0.0215171201191842,0.01884));
#2176=CARTESIAN_POINT('',(-0.0246620531819869,-0.0225671201191843,0.01884));
#2177=CARTESIAN_POINT('',(-0.0246620531819869,-0.0235171201191843,0.01884));
#2178=CARTESIAN_POINT('',(-0.0266620531819869,-0.0235171201191843,0.01884));
#2179=CARTESIAN_POINT('',(-0.0266620531819869,-0.0215171201191842,0.01884));
#2180=CARTESIAN_POINT('',(-0.0163067544109654,-0.0215171201191842,0.01884));
#2181=CARTESIAN_POINT('',(-0.0310567546009552,-0.0215171201191842,0.01884));
#2182=CARTESIAN_POINT('',(-0.0310567546009552,-0.0195171201191843,0.01884));
#2183=CARTESIAN_POINT('',(-0.0330567546009552,-0.0195171201191843,0.01884));
#2184=CARTESIAN_POINT('',(-0.0330567546009552,0.00998287988081575,0.01884));
#2185=CARTESIAN_POINT('',(-0.0330567546009552,-0.0158448397395921,0.01884));
#2186=CARTESIAN_POINT('',(-0.0350567546009552,-0.0158448397395921,0.01884));
#2187=CARTESIAN_POINT('',(-0.0350567546009552,-0.013844839739592,0.01884));
#2188=CARTESIAN_POINT('',(-0.0341067546009552,-0.013844839739592,0.01884));
#2189=CARTESIAN_POINT('',(-0.0330567546009552,-0.013844839739592,0.01884));
#2190=CARTESIAN_POINT('',(-0.0330567546009552,0.00998287988081575,0.01884));
#2191=CARTESIAN_POINT('',(-0.0330567546009552,0.0101235937327146,0.01884));
#2192=CARTESIAN_POINT('',(0.000443245779024451,0.0101235937327146,0.01884));
#2193=CARTESIAN_POINT('',(-0.0350567546009552,0.0101235937327146,0.01884));
#2194=CARTESIAN_POINT('',(-0.0350567546009552,0.0121235937327146,0.01884));
#2195=CARTESIAN_POINT('',(-0.0330567546009552,0.0121235937327146,0.01884));
#2196=CARTESIAN_POINT('',(-0.0330567546009552,0.00998287988081575,0.01884));
#2197=CARTESIAN_POINT('',(-0.0330567546009552,0.0184828798808158,0.01884));
#2198=CARTESIAN_POINT('',(-0.0310567546009552,0.0184828798808158,0.01884));
#2199=CARTESIAN_POINT('',(-0.0310567546009552,0.0204828798808157,0.01884));
#2200=CARTESIAN_POINT('',(0.0171932459690143,0.0204828798808157,0.01884));
#2201=CARTESIAN_POINT('',(-0.0266620531819869,0.0204828798808157,0.01884));
#2202=CARTESIAN_POINT('',(-0.0266620531819869,0.0224828798808158,0.01884));
#2203=CARTESIAN_POINT('',(-0.0246620531819869,0.0215328798808158,0.01884));
#2204=CARTESIAN_POINT('',(-0.00654834369197494,-0.000517120119184252,0.01884));
#2205=CARTESIAN_POINT('',(-0.00654834369197494,0.0104828798808157,0.01884));
#2206=CARTESIAN_POINT('',(0.000443245779024451,0.0104828798808157,0.01884));
#2207=CARTESIAN_POINT('',(0.0359432461590041,0.0121235937327146,0.005998));
#2208=CARTESIAN_POINT('',(0.0347995425015005,0.0104828798808157,0.005998));
#2209=CARTESIAN_POINT('',(0.000443245779024451,0.0204828798808157,0.02184));
#2210=CARTESIAN_POINT('',(-0.00654834369197494,0.0204828798808157,0.02184));
#2211=CARTESIAN_POINT('',(-0.0266620531819869,0.0204828798808157,0.02384));
#2212=CARTESIAN_POINT('',(-0.026303868681672,0.0204828798808157,0.02384));
#2213=CARTESIAN_POINT('',(-0.0255987350858185,0.0206715608187863,0.0238558967057176));
#2214=CARTESIAN_POINT('',(-0.0248357760572884,0.0214798305970798,0.0236693623299559));
#2215=CARTESIAN_POINT('',(-0.0246456115918984,0.02229353379938,0.0229063742544807));
#2216=CARTESIAN_POINT('',(-0.0246620531819869,0.0224828798808158,0.0221985297268715));
#2217=CARTESIAN_POINT('',(-0.0246620531819869,0.0224828798808158,0.02184));
#2218=CARTESIAN_POINT('',(-0.0173067544109654,-0.0235171201191843,0.006));
#2219=CARTESIAN_POINT('',(-0.00654834369197494,-0.0235171201191843,0.0213504638522864));
#2220=CARTESIAN_POINT('',(-0.00654834369197494,-0.0235171201191843,0.02184));
#2221=CARTESIAN_POINT('',(-0.00654834369197494,-0.0235171201191843,0.0179550573229789));
#2222=CARTESIAN_POINT('',(-0.0246620531819869,-0.0235171201191843,0.02184));
#2223=CARTESIAN_POINT('',(-0.0246620531819869,-0.0235171201191843,0.02184));
#2224=CARTESIAN_POINT('',(-0.0246620531819869,-0.0235171201191843,0.005998));
#2225=CARTESIAN_POINT('',(-0.0246620531819869,-0.0235171201191843,0.005998));
#2226=CARTESIAN_POINT('',(-0.0246620531819869,-0.0235171201191843,0.006));
#2227=CARTESIAN_POINT('',(-0.0173067544109654,-0.0235171201191843,0.006));
#2228=CARTESIAN_POINT('',(-0.0330567546009552,-0.0235171201191843,0.006));
#2229=CARTESIAN_POINT('',(-0.0330567546009552,-0.0235171201191843,0.));
#2230=CARTESIAN_POINT('',(-0.0330567546009552,-0.0235171201191843,0.));
#2231=CARTESIAN_POINT('',(-0.0173067544109654,-0.0235171201191843,0.));
#2232=CARTESIAN_POINT('',(0.0317043756639269,-0.0235171201191843,0.));
#2233=CARTESIAN_POINT('',(0.0317043756639269,-0.0235171201191843,0.006));
#2234=CARTESIAN_POINT('',(0.0317043756639269,-0.0235171201191843,0.006));
#2235=CARTESIAN_POINT('',(-0.0173067544109654,-0.0235171201191843,0.006));
#2236=CARTESIAN_POINT('',(0.0275485447400358,-0.0235171201191843,0.006));
#2237=CARTESIAN_POINT('',(0.0275485447400358,-0.0235171201191843,0.005998));
#2238=CARTESIAN_POINT('',(0.0275485447400358,-0.0235171201191843,0.0179550573229789));
#2239=CARTESIAN_POINT('',(0.0150469176005571,-0.0235171201191843,0.0179550573229789));
#2240=CARTESIAN_POINT('',(-0.0331567546009552,0.0100328798808157,0.006));
#2241=CARTESIAN_POINT('',(-0.0331567546009552,0.0100328798808157,0.006));
#2242=CARTESIAN_POINT('',(-0.0331567546009552,0.0101235937327146,0.006));
#2243=CARTESIAN_POINT('',(-0.0331567546009552,0.00766074698953747,0.006));
#2244=CARTESIAN_POINT('',(-0.0331567546009552,0.00766076935859719,0.00599271564128094));
#2245=CARTESIAN_POINT('',(-0.0331567546009552,0.00767610116180481,0.001));
#2246=CARTESIAN_POINT('',(-0.0331567546009552,0.0205828798808157,0.001));
#2247=CARTESIAN_POINT('',(-0.0331567546009552,0.0205828798808157,0.001));
#2248=CARTESIAN_POINT('',(-0.0331567546009552,0.0205828798808157,0.006));
#2249=CARTESIAN_POINT('',(-0.0331567546009552,0.0205828798808157,0.006));
#2250=CARTESIAN_POINT('',(-0.0331567546009552,0.0100328798808157,0.006));
#2251=CARTESIAN_POINT('',(0.0340432461590041,0.0100328798808157,0.006));
#2252=CARTESIAN_POINT('',(0.0340432461590041,0.00766076935859719,0.00599271564128094));
#2253=CARTESIAN_POINT('',(0.0340432461590041,0.00766074698953747,0.006));
#2254=CARTESIAN_POINT('',(0.0340432461590041,0.00767610116180481,0.001));
#2255=CARTESIAN_POINT('',(0.0340432461590041,0.0100328798808157,0.006));
#2256=CARTESIAN_POINT('',(0.0340432461590041,0.0205828798808157,0.006));
#2257=CARTESIAN_POINT('',(0.0340432461590041,0.0205828798808157,0.006));
#2258=CARTESIAN_POINT('',(0.0340432461590041,0.0205828798808157,0.001));
#2259=CARTESIAN_POINT('',(0.0340432461590041,0.0100328798808157,0.001));
#2260=CARTESIAN_POINT('',(-0.0350567546009552,0.0189751634341882,0.006));
#2261=CARTESIAN_POINT('',(-0.0350567546009552,0.0189751634341882,0.));
#2262=CARTESIAN_POINT('',(-0.0350567546009552,0.00767917199625828,0.));
#2263=CARTESIAN_POINT('',(-0.0350567546009552,0.0182440093857386,0.));
#2264=CARTESIAN_POINT('',(-0.0350567546009552,0.00766123090324228,0.00584241621873739));
#2265=CARTESIAN_POINT('',(-0.0350567546009552,0.00764030346650941,0.0126573185034403));
#2266=CARTESIAN_POINT('',(-0.0350567546009552,0.00664030818148818,0.0126542476834657));
#2267=CARTESIAN_POINT('',(-0.0350567546009552,0.00663723736151365,0.0136542429684869));
#2268=CARTESIAN_POINT('',(-0.0350567546009552,-0.00178972290536025,0.0136283651685614));
#2269=CARTESIAN_POINT('',(-0.0350567546009552,-0.0102166831722341,0.0136024873686359));
#2270=CARTESIAN_POINT('',(-0.0350567546009552,-0.0102136123522596,0.0126024920836147));
#2271=CARTESIAN_POINT('',(-0.0350567546009552,-0.0112136076372808,0.0125994212636401));
#2272=CARTESIAN_POINT('',(-0.0350567546009552,-0.0111926802005479,0.00578451897893724));
#2273=CARTESIAN_POINT('',(-0.0350567546009552,-0.0111749169003707,0.));
#2274=CARTESIAN_POINT('',(-0.0350567546009552,0.0189751634341882,0.));
#2275=CARTESIAN_POINT('',(-0.0350567546009552,-0.0215171201191842,0.));
#2276=CARTESIAN_POINT('',(-0.0350567546009552,-0.0215171201191842,0.006));
#2277=CARTESIAN_POINT('',(-0.0350567546009552,-0.0215171201191842,0.006));
#2278=CARTESIAN_POINT('',(-0.0350567546009552,0.0189751634341882,0.006));
#2279=CARTESIAN_POINT('',(-0.0350567546009552,-0.013844839739592,0.006));
#2280=CARTESIAN_POINT('',(-0.0350567546009552,-0.013844839739592,0.005998));
#2281=CARTESIAN_POINT('',(-0.0350567546009552,-0.013844839739592,0.005998));
#2282=CARTESIAN_POINT('',(-0.0350567546009552,-0.013844839739592,0.02184));
#2283=CARTESIAN_POINT('',(-0.0350567546009552,0.0189751634341882,0.02184));
#2284=CARTESIAN_POINT('',(-0.0350567546009552,0.0101235937327146,0.02184));
#2285=CARTESIAN_POINT('',(-0.0350567546009552,0.0101235937327146,0.005998));
#2286=CARTESIAN_POINT('',(-0.0350567546009552,0.0101235937327146,0.005998));
#2287=CARTESIAN_POINT('',(-0.0350567546009552,0.0101235937327146,0.006));
#2288=CARTESIAN_POINT('',(-0.0350567546009552,0.0189751634341882,0.006));
#2289=CARTESIAN_POINT('',(-0.0350567546009552,0.0182440093857386,0.006));
#2290=CARTESIAN_POINT('',(-0.0350567546009552,0.0182440093857386,0.006));
#2291=CARTESIAN_POINT('',(0.0359432461590041,-0.0106736172349298,0.006));
#2292=CARTESIAN_POINT('',(0.0359432461590041,-0.0106736172349298,0.006));
#2293=CARTESIAN_POINT('',(0.0359432461590041,0.0204828798808157,0.006));
#2294=CARTESIAN_POINT('',(0.0359432461590041,0.00766074698953747,0.006));
#2295=CARTESIAN_POINT('',(0.0359432461590041,0.00766057409766877,0.00605630126642062));
#2296=CARTESIAN_POINT('',(0.0359432461590041,0.00767917199625828,0.));
#2297=CARTESIAN_POINT('',(0.0359432461590041,-0.0106736172349298,0.));
#2298=CARTESIAN_POINT('',(0.0359432461590041,0.0204828798808157,0.));
#2299=CARTESIAN_POINT('',(0.0359432461590041,0.0204828798808157,0.006));
#2300=CARTESIAN_POINT('',(0.000443245779024444,-0.000517120119184249,0.));
#2301=CARTESIAN_POINT('',(0.000443245779024444,0.00767917199625828,0.));
#2302=CARTESIAN_POINT('',(-0.0341567546009552,0.00767917199625828,0.));
#2303=CARTESIAN_POINT('',(-0.0370567546009552,0.0182440093857386,0.));
#2304=CARTESIAN_POINT('',(-0.0362033312860374,0.0200527848404468,0.));
#2305=CARTESIAN_POINT('',(-0.0350567546009552,0.0224828798808158,0.));
#2306=CARTESIAN_POINT('',(-0.0326266595605862,0.0236294565658979,0.));
#2307=CARTESIAN_POINT('',(-0.0308178841058781,0.0244828798808157,0.));
#2308=CARTESIAN_POINT('',(0.0339432461590041,0.0204828798808157,0.));
#2309=CARTESIAN_POINT('',(0.000443245779024444,0.00767917199625828,0.));
#2310=CARTESIAN_POINT('',(0.0350432461590041,0.00767917199625828,0.));
#2311=CARTESIAN_POINT('',(0.0350432461590041,-0.000517120119184249,0.));
#2312=CARTESIAN_POINT('',(0.0350432461590041,0.0215828798808157,0.));
#2313=CARTESIAN_POINT('',(-0.0331567546009552,0.0215828798808157,0.));
#2314=CARTESIAN_POINT('',(-0.0337338789454229,0.0215828798808157,0.));
#2315=CARTESIAN_POINT('',(-0.0350567546009552,0.0224828798808158,0.));
#2316=CARTESIAN_POINT('',(-0.0341567546009552,0.0211600042252835,0.));
#2317=CARTESIAN_POINT('',(-0.0341567546009552,-0.0216171201191843,0.));
#2318=CARTESIAN_POINT('',(0.000443245779024444,-0.000517120119184249,0.006));
#2319=CARTESIAN_POINT('',(0.000443245779024444,0.00766074698953747,0.006));
#2320=CARTESIAN_POINT('',(-0.0330567546009552,0.00766074698953747,0.006));
#2321=CARTESIAN_POINT('',(-0.0341067546009552,0.0101235937327146,0.006));
#2322=CARTESIAN_POINT('',(-0.0330567546009552,0.0101235937327146,0.006));
#2323=CARTESIAN_POINT('',(-0.0330567546009552,0.00998287988081575,0.006));
#2324=CARTESIAN_POINT('',(-0.0330567546009552,0.00998287988081575,0.005998));
#2325=CARTESIAN_POINT('',(-0.0330567546009552,0.00766077502871142,0.00599086920041559));
#2326=CARTESIAN_POINT('',(-0.0330567546009552,0.00764030346650941,0.0126573185034403));
#2327=CARTESIAN_POINT('',(-0.0330567546009552,0.0101235937327146,0.005998));
#2328=CARTESIAN_POINT('',(-0.0330567546009552,-0.013844839739592,0.005998));
#2329=CARTESIAN_POINT('',(-0.0330567546009552,-0.013844839739592,0.006));
#2330=CARTESIAN_POINT('',(-0.0330567546009552,0.00998287988081575,0.006));
#2331=CARTESIAN_POINT('',(-0.0330567546009552,-0.0111933419070915,0.006));
#2332=CARTESIAN_POINT('',(-0.0330567546009552,-0.0111931360750788,0.00593297196061545));
#2333=CARTESIAN_POINT('',(-0.0330567546009552,-0.0112136076372808,0.0125994212636401));
#2334=CARTESIAN_POINT('',(-0.0330567546009552,-0.0102136123522596,0.0126024920836147));
#2335=CARTESIAN_POINT('',(-0.0330567546009552,-0.0102166831722341,0.0136024873686359));
#2336=CARTESIAN_POINT('',(-0.0330567546009552,0.00995933749863918,0.0136644445880459));
#2337=CARTESIAN_POINT('',(-0.0330567546009552,0.00663723736151365,0.0136542429684869));
#2338=CARTESIAN_POINT('',(-0.0330567546009552,0.00664030818148818,0.0126542476834657));
#2339=CARTESIAN_POINT('',(-0.0341567546009552,-0.000517120119184249,0.001));
#2340=CARTESIAN_POINT('',(-0.0341567546009552,0.00767610116180481,0.001));
#2341=CARTESIAN_POINT('',(-0.0339253837510567,0.0213515090309172,2.71343721678437E-5));
#2342=CARTESIAN_POINT('',(-0.0339959922775023,0.0212809005044717,1.03419659953824E-5));
#2343=CARTESIAN_POINT('',(-0.0340729344209991,0.0212170301155438,-2.78199629279951E-20));
#2344=CARTESIAN_POINT('',(-0.0341567546009552,0.0211600042252835,-2.78199629279951E-20));
#2345=CARTESIAN_POINT('',(-0.0339253837510567,0.0213515090309172,2.71343721678437E-5));
#2346=CARTESIAN_POINT('',(-0.0341567546009552,0.0215828798808157,0.001));
#2347=CARTESIAN_POINT('',(0.0350432461590041,0.0100328798808157,0.001));
#2348=CARTESIAN_POINT('',(0.0350432461590041,0.00767610116180481,0.001));
#2349=CARTESIAN_POINT('',(0.0350432461590041,0.0215828798808157,0.001));
#2350=CARTESIAN_POINT('',(0.000443245779024444,-0.000517120119184249,0.006));
#2351=CARTESIAN_POINT('',(-0.0330567546009552,-0.0215171201191842,0.006));
#2352=CARTESIAN_POINT('',(-0.0246620531819869,-0.0225671201191843,0.006));
#2353=CARTESIAN_POINT('',(-0.0246620531819869,-0.0216171201191843,0.006));
#2354=CARTESIAN_POINT('',(0.0172432459690143,-0.0216171201191843,0.006));
#2355=CARTESIAN_POINT('',(-0.0331567546009552,-0.0216171201191843,0.006));
#2356=CARTESIAN_POINT('',(-0.0331567546009552,0.0100328798808157,0.006));
#2357=CARTESIAN_POINT('',(-0.0331567546009552,-0.013844839739592,0.006));
#2358=CARTESIAN_POINT('',(-0.0341067546009552,-0.013844839739592,0.006));
#2359=CARTESIAN_POINT('',(0.000443245779024444,-0.000517120119184249,0.006));
#2360=CARTESIAN_POINT('',(-0.0341067546009552,0.0101235937327146,0.006));
#2361=CARTESIAN_POINT('',(-0.0163567544109654,0.0205828798808157,0.006));
#2362=CARTESIAN_POINT('',(-0.0246620531819869,0.0205828798808157,0.006));
#2363=CARTESIAN_POINT('',(-0.0246620531819869,0.0215328798808158,0.006));
#2364=CARTESIAN_POINT('',(-0.0308178841058781,0.0244828798808157,0.006));
#2365=CARTESIAN_POINT('',(-0.0326266595605862,0.0236294565658979,0.006));
#2366=CARTESIAN_POINT('',(-0.0350567546009552,0.0224828798808158,0.006));
#2367=CARTESIAN_POINT('',(-0.0362033312860374,0.0200527848404468,0.006));
#2368=CARTESIAN_POINT('',(-0.0370567546009552,0.0182440093857386,0.006));
#2369=CARTESIAN_POINT('',(-0.0350567546009552,0.0224828798808158,0.006));
#2370=CARTESIAN_POINT('',(-0.0334567546009552,0.0224828798808158,0.006));
#2371=CARTESIAN_POINT('',(0.000443245779024444,-0.000517120119184249,0.006));
#2372=CARTESIAN_POINT('',(0.0275485447400358,-0.0225671201191843,0.006));
#2373=CARTESIAN_POINT('',(0.0275485447400358,-0.0216171201191843,0.006));
#2374=CARTESIAN_POINT('',(0.0317043756639269,-0.0255171201191843,0.006));
#2375=CARTESIAN_POINT('',(0.0335131511186351,-0.0246636968042664,0.006));
#2376=CARTESIAN_POINT('',(0.0359432461590041,-0.0235171201191843,0.006));
#2377=CARTESIAN_POINT('',(0.0370898228440862,-0.0210870250788153,0.006));
#2378=CARTESIAN_POINT('',(0.0379432461590041,-0.0192782496241071,0.006));
#2379=CARTESIAN_POINT('',(0.0259432461590041,-0.0111933419070915,0.006));
#2380=CARTESIAN_POINT('',(0.0340432461590041,-0.0111933419070915,0.006));
#2381=CARTESIAN_POINT('',(0.0340432461590041,0.0100328798808157,0.006));
#2382=CARTESIAN_POINT('',(0.0340432461590041,-0.0216171201191843,0.006));
#2383=CARTESIAN_POINT('',(0.0172432459690143,-0.0216171201191843,0.006));
#2384=CARTESIAN_POINT('',(0.0359432461590041,-0.0235171201191843,0.006));
#2385=CARTESIAN_POINT('',(0.0375432461590041,-0.0235171201191843,0.006));
#2386=CARTESIAN_POINT('',(0.000443245779024444,-0.000517120119184249,0.006));
#2387=CARTESIAN_POINT('',(0.0339432461590041,0.0204828798808157,0.006));
#2388=CARTESIAN_POINT('',(-0.0163567544109654,0.0205828798808157,0.006));
#2389=CARTESIAN_POINT('',(0.0259432461590041,0.00766074698953747,0.006));
#2390=CARTESIAN_POINT('',(-0.0331567546009552,0.0100328798808157,0.006));
#2391=CARTESIAN_POINT('',(-0.0331567546009552,-0.011193141745193,0.00593481840148079));
#2392=CARTESIAN_POINT('',(-0.0331567546009552,-0.0111933419070915,0.006));
#2393=CARTESIAN_POINT('',(-0.0331567546009552,-0.0111779877348241,0.001));
#2394=CARTESIAN_POINT('',(-0.0331567546009552,0.0100328798808157,0.006));
#2395=CARTESIAN_POINT('',(-0.0331567546009552,-0.0216171201191843,0.006));
#2396=CARTESIAN_POINT('',(-0.0331567546009552,-0.0216171201191843,0.001));
#2397=CARTESIAN_POINT('',(-0.0331567546009552,0.0205828798808157,0.001));
#2398=CARTESIAN_POINT('',(-0.0163567544109654,0.0205828798808157,0.006));
#2399=CARTESIAN_POINT('',(0.0340432461590041,0.0205828798808157,0.001));
#2400=CARTESIAN_POINT('',(-0.0163567544109654,0.0205828798808157,0.006));
#2401=CARTESIAN_POINT('',(0.0340432461590041,0.0100328798808157,0.006));
#2402=CARTESIAN_POINT('',(0.0340432461590041,-0.011193141745193,0.00593481840148079));
#2403=CARTESIAN_POINT('',(0.0340432461590041,-0.0111779877348241,0.001));
#2404=CARTESIAN_POINT('',(0.0340432461590041,0.0100328798808157,0.001));
#2405=CARTESIAN_POINT('',(0.0340432461590041,-0.0216171201191843,0.001));
#2406=CARTESIAN_POINT('',(0.0340432461590041,-0.0216171201191843,0.006));
#2407=CARTESIAN_POINT('',(-0.0350567546009552,0.0224828798808158,0.006));
#2408=CARTESIAN_POINT('',(-0.0326266595605862,0.0236294565658979,0.006));
#2409=CARTESIAN_POINT('',(-0.0362033312860374,0.0200527848404468,0.006));
#2410=CARTESIAN_POINT('',(0.0359432461590041,-0.0235171201191843,0.006));
#2411=CARTESIAN_POINT('',(0.0335131511186351,-0.0246636968042664,0.006));
#2412=CARTESIAN_POINT('',(0.0335131511186351,-0.0246636968042664,0.));
#2413=CARTESIAN_POINT('',(0.0359432461590041,-0.0235171201191843,0.));
#2414=CARTESIAN_POINT('',(0.0370898228440862,-0.0210870250788153,0.));
#2415=CARTESIAN_POINT('',(0.0370898228440862,-0.0210870250788153,0.006));
#2416=CARTESIAN_POINT('',(0.0172432459690143,-0.0216171201191843,0.006));
#2417=CARTESIAN_POINT('',(-0.0331567546009552,-0.0216171201191843,0.001));
#2418=CARTESIAN_POINT('',(0.0172432459690143,-0.0216171201191843,0.006));
#2419=CARTESIAN_POINT('',(-0.0350567546009552,0.0224828798808158,0.006));
#2420=CARTESIAN_POINT('',(-0.0337338789454229,0.0215828798808157,0.));
#2421=CARTESIAN_POINT('',(-0.0337909048356833,0.0214990597008596,0.));
#2422=CARTESIAN_POINT('',(-0.0338547752246112,0.0214221175573628,1.03419659953758E-5));
#2423=CARTESIAN_POINT('',(-0.0339253837510567,0.0213515090309172,2.71343721678437E-5));
#2424=CARTESIAN_POINT('',(0.0359432461590041,-0.0235171201191843,0.006));
#2425=CARTESIAN_POINT('',(0.0359432461590041,-0.0235171201191843,0.));
#2426=CARTESIAN_POINT('',(0.0346203705034718,-0.0226171201191843,0.));
#2427=CARTESIAN_POINT('',(0.0350432461590041,-0.0221942444636519,0.));
#2428=CARTESIAN_POINT('',(0.0346203705034718,-0.0226171201191843,0.));
#2429=CARTESIAN_POINT('',(0.0346773963937322,-0.0225332999392281,0.));
#2430=CARTESIAN_POINT('',(0.0347412667826601,-0.0224563577957313,1.03419659953817E-5));
#2431=CARTESIAN_POINT('',(0.0348118753091056,-0.0223857492692858,2.71343721678432E-5));
#2432=CARTESIAN_POINT('',(0.0348118753091056,-0.0223857492692858,2.71343721678433E-5));
#2433=CARTESIAN_POINT('',(0.0348118753091056,-0.0223857492692858,2.71343721678433E-5));
#2434=CARTESIAN_POINT('',(0.0348824838355512,-0.0223151407428402,1.03419659953752E-5));
#2435=CARTESIAN_POINT('',(0.0349594259790479,-0.0222512703539124,2.25784992511714E-20));
#2436=CARTESIAN_POINT('',(0.0350432461590041,-0.0221942444636519,2.25784992511714E-20));
#2437=CARTESIAN_POINT('',(0.000443245779024444,-0.000517120119184249,0.));
#2438=CARTESIAN_POINT('',(0.000443245779024444,-0.0111749169003707,0.));
#2439=CARTESIAN_POINT('',(-0.0341567546009552,-0.0111749169003707,0.));
#2440=CARTESIAN_POINT('',(-0.0341567546009552,-0.0216171201191843,0.));
#2441=CARTESIAN_POINT('',(-0.0341567546009552,-0.0226171201191843,0.));
#2442=CARTESIAN_POINT('',(0.0340432461590041,-0.0226171201191843,0.));
#2443=CARTESIAN_POINT('',(0.0350432461590041,-0.000517120119184249,0.));
#2444=CARTESIAN_POINT('',(0.0350432461590041,-0.0111749169003707,0.));
#2445=CARTESIAN_POINT('',(0.000443245779024444,-0.0111749169003707,0.));
#2446=CARTESIAN_POINT('',(0.0379432461590041,-0.0192782496241071,0.));
#2447=CARTESIAN_POINT('',(0.0317043756639269,-0.0255171201191843,0.));
#2448=CARTESIAN_POINT('',(-0.0330567546009552,-0.0215171201191842,0.));
#2449=CARTESIAN_POINT('',(0.000443245779024444,-0.000517120119184249,0.006));
#2450=CARTESIAN_POINT('',(-0.0246620531819869,0.0215328798808158,0.006));
#2451=CARTESIAN_POINT('',(-0.0246620531819869,0.0215328798808158,0.005998));
#2452=CARTESIAN_POINT('',(0.000443245779024444,-0.000517120119184249,0.006));
#2453=CARTESIAN_POINT('',(-0.0246620531819869,-0.0225671201191843,0.006));
#2454=CARTESIAN_POINT('',(-0.0246620531819869,-0.0215171201191842,0.006));
#2455=CARTESIAN_POINT('',(-0.0163067544109654,-0.0215171201191842,0.006));
#2456=CARTESIAN_POINT('',(0.0275485447400358,-0.0215171201191842,0.006));
#2457=CARTESIAN_POINT('',(0.0275485447400358,-0.0225671201191843,0.006));
#2458=CARTESIAN_POINT('',(0.0275485447400358,-0.0225671201191843,0.005998));
#2459=CARTESIAN_POINT('',(0.0275485447400358,-0.0215171201191842,0.005998));
#2460=CARTESIAN_POINT('',(0.0275485447400358,-0.0215171201191842,0.0179550573229789));
#2461=CARTESIAN_POINT('',(0.0275485447400358,-0.0225671201191843,0.0179550573229789));
#2462=CARTESIAN_POINT('',(-0.0246620531819869,-0.0225671201191843,0.005998));
#2463=CARTESIAN_POINT('',(-0.0246620531819869,-0.0215171201191842,0.005998));
#2464=CARTESIAN_POINT('',(-0.0163067544109654,-0.0215171201191842,0.005998));
#2465=CARTESIAN_POINT('',(-0.00654834369197494,-0.0215171201191842,0.005998));
#2466=CARTESIAN_POINT('',(-0.00654834369197494,-0.0215171201191842,0.0179550573229789));
#2467=CARTESIAN_POINT('',(-0.0163067544109654,-0.0215171201191842,0.0179550573229789));
#2468=CARTESIAN_POINT('',(0.000443245779024444,-0.000517120119184249,0.006));
#2469=CARTESIAN_POINT('',(0.000443245779024444,-0.0111933419070915,0.006));
#2470=CARTESIAN_POINT('',(-0.0341067546009552,-0.013844839739592,0.006));
#2471=CARTESIAN_POINT('',(-0.0341067546009552,-0.013844839739592,0.005998));
#2472=CARTESIAN_POINT('',(-0.0341067546009552,0.0101235937327146,0.005998));
#2473=CARTESIAN_POINT('',(0.0171932459690143,0.0204828798808157,0.023842));
#2474=CARTESIAN_POINT('',(-0.0266620531819869,0.0204828798808157,0.01884));
#2475=CARTESIAN_POINT('',(-0.0310567546009552,0.0204828798808157,0.02384));
#2476=CARTESIAN_POINT('',(-0.0163067544109654,-0.0215171201191842,0.023842));
#2477=CARTESIAN_POINT('',(-0.0266620531819869,-0.0215171201191842,0.023842));
#2478=CARTESIAN_POINT('',(-0.0310567546009552,-0.0215171201191842,0.023842));
#2479=CARTESIAN_POINT('',(-0.0330567546009552,0.00998287988081575,0.023842));
#2480=CARTESIAN_POINT('',(-0.0330567546009552,0.0121235937327146,0.02384));
#2481=CARTESIAN_POINT('',(-0.0330567546009552,0.0184828798808158,0.01884));
#2482=CARTESIAN_POINT('',(-0.0330567546009552,0.00998287988081575,0.023842));
#2483=CARTESIAN_POINT('',(-0.0330567546009552,-0.0195171201191843,0.023842));
#2484=CARTESIAN_POINT('',(-0.0330567546009552,-0.0158448397395921,0.023842));
#2485=CARTESIAN_POINT('',(-0.0266620531819869,-0.0235171201191843,0.023842));
#2486=CARTESIAN_POINT('',(-0.0246620531819869,-0.0235171201191843,0.02184));
#2487=CARTESIAN_POINT('',(-0.0246620531819869,-0.0235171201191842,0.022198184500315));
#2488=CARTESIAN_POINT('',(-0.0246461564762694,-0.0233284391812137,0.0229033180961685));
#2489=CARTESIAN_POINT('',(-0.024832690852031,-0.0225201694029202,0.0236662771246985));
#2490=CARTESIAN_POINT('',(-0.0255956789275062,-0.02170646620062,0.0238564415900886));
#2491=CARTESIAN_POINT('',(-0.0263035234551155,-0.0215171201191842,0.02384));
#2492=CARTESIAN_POINT('',(-0.0266620531819869,-0.0215171201191842,0.02384));
#2493=CARTESIAN_POINT('',(-0.0310567546009552,-0.0195171201191843,0.023842));
#2494=CARTESIAN_POINT('',(-0.0350567546009552,-0.0158448397395921,0.005998));
#2495=CARTESIAN_POINT('',(-0.0330567546009552,-0.0158448397395921,0.02384));
#2496=CARTESIAN_POINT('',(-0.0330567546009552,-0.0154866552392771,0.02384));
#2497=CARTESIAN_POINT('',(-0.0332454355389257,-0.0147815216434236,0.0238558967057176));
#2498=CARTESIAN_POINT('',(-0.0340537053172193,-0.0140185626148935,0.0236693623299559));
#2499=CARTESIAN_POINT('',(-0.0348674085195194,-0.0138283981495035,0.0229063742544807));
#2500=CARTESIAN_POINT('',(-0.0350567546009552,-0.013844839739592,0.0221985297268715));
#2501=CARTESIAN_POINT('',(-0.0350567546009552,-0.013844839739592,0.02184));
#2502=CARTESIAN_POINT('',(-0.0330567546009552,-0.0215171201191842,0.006));
#2503=CARTESIAN_POINT('',(-0.0308178841058781,0.0244828798808157,0.006));
#2504=CARTESIAN_POINT('',(-0.0370567546009552,0.0182440093857386,0.006));
#2505=CARTESIAN_POINT('',(-0.0266620531819869,0.0224828798808158,0.005998));
#2506=CARTESIAN_POINT('',(-0.0350567546009552,0.0121235937327146,0.023842));
#2507=CARTESIAN_POINT('',(-0.0350567546009552,0.0101235937327146,0.02184));
#2508=CARTESIAN_POINT('',(-0.0350567546009552,0.0101235937327146,0.022198184500315));
#2509=CARTESIAN_POINT('',(-0.0348680736629847,0.0101076970269971,0.0229033180961685));
#2510=CARTESIAN_POINT('',(-0.0340598038846911,0.0102942314027587,0.0236662771246985));
#2511=CARTESIAN_POINT('',(-0.033246100682391,0.0110572194782339,0.0238564415900886));
#2512=CARTESIAN_POINT('',(-0.0330567546009552,0.0117650640058432,0.02384));
#2513=CARTESIAN_POINT('',(-0.0330567546009552,0.0121235937327146,0.02384));
#2514=CARTESIAN_POINT('',(-0.0310567546009552,0.0184828798808158,0.023842));
#2515=CARTESIAN_POINT('',(0.0317043756639269,-0.0255171201191843,0.006));
#2516=CARTESIAN_POINT('',(0.0379432461590041,-0.0192782496241071,0.006));
#2517=CARTESIAN_POINT('',(0.0339432461590041,0.0204828798808157,0.006));
#2518=CARTESIAN_POINT('',(-0.0330567546009552,-0.000517120119184252,0.02184));
#2519=CARTESIAN_POINT('',(0.000443245779024451,-0.0215171201191842,0.02184));
#2520=CARTESIAN_POINT('',(-0.00654834369197494,-0.0215171201191842,0.02184));
#2521=CARTESIAN_POINT('',(0.000443245779024444,0.0215828798808157,0.001));
#2522=CARTESIAN_POINT('',(-0.0341567546009552,-0.000517120119184249,0.001));
#2523=CARTESIAN_POINT('',(-0.0341567546009552,-0.0111779877348241,0.001));
#2524=CARTESIAN_POINT('',(-0.0341567546009552,-0.0226171201191843,0.001));
#2525=CARTESIAN_POINT('',(0.0350432461590041,0.0100328798808157,0.001));
#2526=CARTESIAN_POINT('',(0.0350432461590041,-0.0111779877348241,0.001));
#2527=CARTESIAN_POINT('',(0.0350432461590041,-0.0226171201191843,0.001));
#2528=CARTESIAN_POINT('',(0.000443245779024444,-0.0226171201191843,0.001));
#2529=CARTESIAN_POINT('',(0.0557432453990448,-0.0111926802005479,0.00578451897893724));
#2530=CARTESIAN_POINT('',(0.0557432453990448,0.00766123090324228,0.00584241621873739));
#2531=CARTESIAN_POINT('',(0.0557432453990448,-0.0102136123522596,0.0126024920836147));
#2532=CARTESIAN_POINT('',(0.0557432453990448,-0.0112136076372808,0.0125994212636401));
#2533=CARTESIAN_POINT('',(0.0557432453990448,-0.0102166831722341,0.0136024873686359));
#2534=CARTESIAN_POINT('',(0.0557432453990448,-0.00178972290536025,0.0136283651685614));
#2535=CARTESIAN_POINT('',(0.0557432453990448,0.00663723736151365,0.0136542429684869));
#2536=CARTESIAN_POINT('',(0.0557432453990448,0.00664030818148818,0.0126542476834657));
#2537=CARTESIAN_POINT('',(0.0557432453990448,0.00764030346650941,0.0126573185034403));
#2538=CARTESIAN_POINT('',(0.0557432453990448,0.00766123090324228,0.00584241621873739));
#2539=CARTESIAN_POINT('',(0.0557432453990448,-0.0111926802005479,0.00578451897893724));
#2540=CARTESIAN_POINT('',(0.0150469176005571,-0.0115171201191842,0.0179550573229789));
#2541=CARTESIAN_POINT('',(-0.00654834369197494,-0.0115171201191842,0.0179550573229789));
#2542=CARTESIAN_POINT('',(-0.00654834369197494,-0.0115171201191842,0.0213504638522864));
#2543=CARTESIAN_POINT('',(-0.00654834369197494,-0.0115171201191842,0.0213504638522864));
#2544=CARTESIAN_POINT('',(0.00179271214606701,-0.0115171201191842,0.0123729351907968));
#2545=CARTESIAN_POINT('',(-0.00654834369197494,0.0104828798808157,0.0213504638522864));
#2546=CARTESIAN_POINT('',(-0.00654834369197494,0.0104828798808157,0.0179550573229789));
#2547=CARTESIAN_POINT('',(-0.00654834369197494,0.0104828798808157,0.0213504638522864));
#2548=CARTESIAN_POINT('',(0.0150469176005571,0.0104828798808157,0.0179550573229789));
#2549=CARTESIAN_POINT('',(0.00179271214606701,0.0104828798808157,0.0123729351907968));
#2550=MECHANICAL_DESIGN_GEOMETRIC_PRESENTATION_REPRESENTATION('',(#1522),
#2551);
#2551=(
GEOMETRIC_REPRESENTATION_CONTEXT(3)
GLOBAL_UNCERTAINTY_ASSIGNED_CONTEXT((#2552))
GLOBAL_UNIT_ASSIGNED_CONTEXT((#2555,#2554,#2553))
REPRESENTATION_CONTEXT('Part 2','TOP_LEVEL_ASSEMBLY_PART')
);
#2552=UNCERTAINTY_MEASURE_WITH_UNIT(LENGTH_MEASURE(2.E-5),#2555,
'DISTANCE_ACCURACY_VALUE','Maximum Tolerance applied to model');
#2553=(
NAMED_UNIT(*)
SI_UNIT($,.STERADIAN.)
SOLID_ANGLE_UNIT()
);
#2554=(
NAMED_UNIT(*)
PLANE_ANGLE_UNIT()
SI_UNIT($,.RADIAN.)
);
#2555=(
LENGTH_UNIT()
NAMED_UNIT(*)
SI_UNIT($,.METRE.)
);
#2556=PRODUCT_DEFINITION_SHAPE('','',#2557);
#2557=PRODUCT_DEFINITION('','',#2559,#2558);
#2558=PRODUCT_DEFINITION_CONTEXT('',#2565,'design');
#2559=PRODUCT_DEFINITION_FORMATION_WITH_SPECIFIED_SOURCE('','',#2561,
 .NOT_KNOWN.);
#2560=PRODUCT_RELATED_PRODUCT_CATEGORY('','',(#2561));
#2561=PRODUCT('Part 2','Part 2','Part 2',(#2563));
#2562=PRODUCT_CATEGORY('','');
#2563=PRODUCT_CONTEXT('',#2565,'mechanical');
#2564=APPLICATION_PROTOCOL_DEFINITION('international standard',
'ap242_managed_model_based_3d_engineering',2020,#2565);
#2565=APPLICATION_CONTEXT('managed model based 3d engineering');
ENDSEC;
END-ISO-10303-21;
