solid Mesh
  facet normal 0 0 1
    outer loop
      vertex 0.0275485 -0.0235171 0.0179551
      vertex 0.0275485 -0.0215171 0.0179551
      vertex -0.00654834 -0.0235171 0.0179551
    endloop
  endfacet
  facet normal 0 0 1
    outer loop
      vertex 0.0275485 -0.0215171 0.0179551
      vertex -0.00654834 -0.0215171 0.0179551
      vertex -0.00654834 -0.0235171 0.0179551
    endloop
  endfacet
  facet normal 0 -0.999995 -0.00307081
    outer loop
      vertex -0.0331568 0.00766075 0.006
      vertex -0.0330568 0.00766075 0.006
      vertex -0.0330568 0.0076403 0.0126573
    endloop
  endfacet
  facet normal 0 -0.999995 -0.00307081
    outer loop
      vertex -0.0330568 0.0076403 0.0126573
      vertex -0.0350568 0.0076403 0.0126573
      vertex -0.0331568 0.00766075 0.006
    endloop
  endfacet
  facet normal 3.66463e-8 -0.999995 -0.0030708
    outer loop
      vertex -0.0350568 0.0076403 0.0126573
      vertex -0.0350568 0.00767917 0
      vertex -0.0331568 0.00766075 0.006
    endloop
  endfacet
  facet normal 1.47126e-7 -0.999995 -0.00307084
    outer loop
      vertex -0.0331568 0.00766075 0.006
      vertex -0.0350568 0.00767917 0
      vertex -0.0331568 0.0076761 0.001
    endloop
  endfacet
  facet normal 0 -0.999995 -0.00307056
    outer loop
      vertex -0.0350568 0.00767917 0
      vertex -0.0341568 0.00767917 0
      vertex -0.0331568 0.0076761 0.001
    endloop
  endfacet
  facet normal -1.22659e-6 -0.999995 -0.00306933
    outer loop
      vertex -0.0331568 0.0076761 0.001
      vertex -0.0341568 0.00767917 0
      vertex -0.0331622 0.00767642 0.000895472
    endloop
  endfacet
  facet normal 1.23471e-6 -0.999995 -0.00307206
    outer loop
      vertex -0.0341568 0.00767917 0
      vertex -0.0331786 0.00767674 0.000792088
      vertex -0.0331622 0.00767642 0.000895472
    endloop
  endfacet
  facet normal 8.8045e-8 -0.999995 -0.00307071
    outer loop
      vertex -0.0332907 0.00767764 0.0005
      vertex -0.0332432 0.00767735 0.000593263
      vertex -0.0341568 0.00767917 0
    endloop
  endfacet
  facet normal -1.5127e-6 -0.999995 -0.00306824
    outer loop
      vertex -0.0332432 0.00767735 0.000593263
      vertex -0.0332057 0.00767705 0.000690983
      vertex -0.0341568 0.00767917 0
    endloop
  endfacet
  facet normal 1.5027e-6 -0.999995 -0.00307239
    outer loop
      vertex -0.0341568 0.00767917 0
      vertex -0.0332057 0.00767705 0.000690983
      vertex -0.0331786 0.00767674 0.000792088
    endloop
  endfacet
  facet normal -5.30241e-7 -0.999995 -0.00306971
    outer loop
      vertex -0.0334876 0.00767838 0.000256855
      vertex -0.0334136 0.00767816 0.000330869
      vertex -0.0341568 0.00767917 0
    endloop
  endfacet
  facet normal -1.80165e-6 -0.999995 -0.00306686
    outer loop
      vertex -0.0334136 0.00767816 0.000330869
      vertex -0.0333477 0.00767791 0.000412215
      vertex -0.0341568 0.00767917 0
    endloop
  endfacet
  facet normal 7.05246e-7 -0.999995 -0.00307178
    outer loop
      vertex -0.0341568 0.00767917 0
      vertex -0.0333477 0.00767791 0.000412215
      vertex -0.0332907 0.00767764 0.0005
    endloop
  endfacet
  facet normal -1.08121e-6 -0.999995 -0.00306503
    outer loop
      vertex -0.03375 0.00767891 8.64545e-5
      vertex -0.0336568 0.00767876 0.000133975
      vertex -0.0341568 0.00767917 0
    endloop
  endfacet
  facet normal 1.00183e-6 -0.999995 -0.00307281
    outer loop
      vertex -0.0336568 0.00767876 0.000133975
      vertex -0.033569 0.00767859 0.000190983
      vertex -0.0341568 0.00767917 0
    endloop
  endfacet
  facet normal 2.903e-6 -0.999995 -0.00307866
    outer loop
      vertex -0.0341568 0.00767917 0
      vertex -0.033569 0.00767859 0.000190983
      vertex -0.0334876 0.00767838 0.000256855
    endloop
  endfacet
  facet normal 8.78536e-7 -0.999995 -0.0030769
    outer loop
      vertex -0.0340522 0.00767916 5.4781e-6
      vertex -0.0339488 0.0076791 2.18524e-5
      vertex -0.0341568 0.00767917 0
    endloop
  endfacet
  facet normal -1.5492e-6 -0.999995 -0.0030538
    outer loop
      vertex -0.0339488 0.0076791 2.18524e-5
      vertex -0.0338477 0.00767902 4.89435e-5
      vertex -0.0341568 0.00767917 0
    endloop
  endfacet
  facet normal 4.06397e-6 -0.999995 -0.00308924
    outer loop
      vertex -0.0341568 0.00767917 0
      vertex -0.0338477 0.00767902 4.89435e-5
      vertex -0.03375 0.00767891 8.64545e-5
    endloop
  endfacet
  facet normal 0 -0.101473 -0.994838
    outer loop
      vertex -0.0330568 0.00663724 0.0136542
      vertex -0.0350568 0.00663724 0.0136542
      vertex -0.0330568 0.00684522 0.013633
    endloop
  endfacet
  facet normal 0 -0.101473 -0.994838
    outer loop
      vertex -0.0350568 0.00663724 0.0136542
      vertex -0.0350568 0.00684522 0.013633
      vertex -0.0330568 0.00684522 0.013633
    endloop
  endfacet
  facet normal 0 -0.306099 -0.952
    outer loop
      vertex -0.0330568 0.00684522 0.013633
      vertex -0.0350568 0.00684522 0.013633
      vertex -0.0330568 0.00704424 0.013569
    endloop
  endfacet
  facet normal 0 -0.306099 -0.952
    outer loop
      vertex -0.0350568 0.00684522 0.013633
      vertex -0.0350568 0.00704424 0.013569
      vertex -0.0330568 0.00704424 0.013569
    endloop
  endfacet
  facet normal 0 -0.497338 -0.867557
    outer loop
      vertex -0.0330568 0.00704424 0.013569
      vertex -0.0350568 0.00704424 0.013569
      vertex -0.0330568 0.00722561 0.0134651
    endloop
  endfacet
  facet normal 0 -0.497338 -0.867557
    outer loop
      vertex -0.0350568 0.00704424 0.013569
      vertex -0.0350568 0.00722561 0.0134651
      vertex -0.0330568 0.00722561 0.0134651
    endloop
  endfacet
  facet normal 0 -0.666846 -0.745196
    outer loop
      vertex -0.0330568 0.00722561 0.0134651
      vertex -0.0350568 0.00722561 0.0134651
      vertex -0.0330568 0.00738139 0.0133257
    endloop
  endfacet
  facet normal 0 -0.666846 -0.745196
    outer loop
      vertex -0.0350568 0.00722561 0.0134651
      vertex -0.0350568 0.00738139 0.0133257
      vertex -0.0330568 0.00738139 0.0133257
    endloop
  endfacet
  facet normal 0 -0.807206 -0.590269
    outer loop
      vertex -0.0330568 0.00738139 0.0133257
      vertex -0.0350568 0.00738139 0.0133257
      vertex -0.0330568 0.00750479 0.0131569
    endloop
  endfacet
  facet normal 0 -0.807206 -0.590269
    outer loop
      vertex -0.0350568 0.00738139 0.0133257
      vertex -0.0350568 0.00750479 0.0131569
      vertex -0.0330568 0.00750479 0.0131569
    endloop
  endfacet
  facet normal 0 -0.912292 -0.409539
    outer loop
      vertex -0.0330568 0.00750479 0.0131569
      vertex -0.0350568 0.00750479 0.0131569
      vertex -0.0330568 0.00759041 0.0129662
    endloop
  endfacet
  facet normal 0 -0.912292 -0.409539
    outer loop
      vertex -0.0350568 0.00750479 0.0131569
      vertex -0.0350568 0.00759041 0.0129662
      vertex -0.0330568 0.00759041 0.0129662
    endloop
  endfacet
  facet normal 0 -0.977505 -0.210913
    outer loop
      vertex -0.0330568 0.00759041 0.0129662
      vertex -0.0350568 0.00759041 0.0129662
      vertex -0.0330568 0.0076345 0.0127618
    endloop
  endfacet
  facet normal 0 -0.977505 -0.210913
    outer loop
      vertex -0.0350568 0.00759041 0.0129662
      vertex -0.0350568 0.0076345 0.0127618
      vertex -0.0330568 0.0076345 0.0127618
    endloop
  endfacet
  facet normal 0 -0.998464 -0.055405
    outer loop
      vertex -0.0330568 0.0076345 0.0127618
      vertex -0.0350568 0.0076345 0.0127618
      vertex -0.0330568 0.0076403 0.0126573
    endloop
  endfacet
  facet normal 0 -0.998464 -0.055405
    outer loop
      vertex -0.0350568 0.0076345 0.0127618
      vertex -0.0350568 0.0076403 0.0126573
      vertex -0.0330568 0.0076403 0.0126573
    endloop
  endfacet
  facet normal 0 0.994838 -0.101478
    outer loop
      vertex -0.0330568 -0.0112136 0.0125994
      vertex -0.0350568 -0.0112136 0.0125994
      vertex -0.0330568 -0.0111924 0.0128074
    endloop
  endfacet
  facet normal 0 0.994838 -0.101478
    outer loop
      vertex -0.0350568 -0.0112136 0.0125994
      vertex -0.0350568 -0.0111924 0.0128074
      vertex -0.0330568 -0.0111924 0.0128074
    endloop
  endfacet
  facet normal 0 0.952001 -0.306094
    outer loop
      vertex -0.0330568 -0.0111924 0.0128074
      vertex -0.0350568 -0.0111924 0.0128074
      vertex -0.0330568 -0.0111284 0.0130064
    endloop
  endfacet
  facet normal 0 0.952001 -0.306094
    outer loop
      vertex -0.0350568 -0.0111924 0.0128074
      vertex -0.0350568 -0.0111284 0.0130064
      vertex -0.0330568 -0.0111284 0.0130064
    endloop
  endfacet
  facet normal 0 0.867557 -0.497338
    outer loop
      vertex -0.0330568 -0.0111284 0.0130064
      vertex -0.0350568 -0.0111284 0.0130064
      vertex -0.0330568 -0.0110244 0.0131878
    endloop
  endfacet
  facet normal 0 0.867557 -0.497338
    outer loop
      vertex -0.0350568 -0.0111284 0.0130064
      vertex -0.0350568 -0.0110244 0.0131878
      vertex -0.0330568 -0.0110244 0.0131878
    endloop
  endfacet
  facet normal 0 0.745195 -0.666847
    outer loop
      vertex -0.0330568 -0.0110244 0.0131878
      vertex -0.0350568 -0.0110244 0.0131878
      vertex -0.0330568 -0.010885 0.0133436
    endloop
  endfacet
  facet normal 0 0.745195 -0.666847
    outer loop
      vertex -0.0350568 -0.0110244 0.0131878
      vertex -0.0350568 -0.010885 0.0133436
      vertex -0.0330568 -0.010885 0.0133436
    endloop
  endfacet
  facet normal 0 0.590271 -0.807205
    outer loop
      vertex -0.0330568 -0.010885 0.0133436
      vertex -0.0350568 -0.010885 0.0133436
      vertex -0.0330568 -0.0107163 0.013467
    endloop
  endfacet
  facet normal 0 0.590271 -0.807205
    outer loop
      vertex -0.0350568 -0.010885 0.0133436
      vertex -0.0350568 -0.0107163 0.013467
      vertex -0.0330568 -0.0107163 0.013467
    endloop
  endfacet
  facet normal 0 0.409537 -0.912293
    outer loop
      vertex -0.0330568 -0.0107163 0.013467
      vertex -0.0350568 -0.0107163 0.013467
      vertex -0.0330568 -0.0105255 0.0135526
    endloop
  endfacet
  facet normal 0 0.409537 -0.912293
    outer loop
      vertex -0.0350568 -0.0107163 0.013467
      vertex -0.0350568 -0.0105255 0.0135526
      vertex -0.0330568 -0.0105255 0.0135526
    endloop
  endfacet
  facet normal 0 0.210916 -0.977504
    outer loop
      vertex -0.0330568 -0.0105255 0.0135526
      vertex -0.0350568 -0.0105255 0.0135526
      vertex -0.0330568 -0.0103212 0.0135967
    endloop
  endfacet
  facet normal 0 0.210916 -0.977504
    outer loop
      vertex -0.0350568 -0.0105255 0.0135526
      vertex -0.0350568 -0.0103212 0.0135967
      vertex -0.0330568 -0.0103212 0.0135967
    endloop
  endfacet
  facet normal 0 0.055405 -0.998464
    outer loop
      vertex -0.0330568 -0.0103212 0.0135967
      vertex -0.0350568 -0.0103212 0.0135967
      vertex -0.0330568 -0.0102167 0.0136025
    endloop
  endfacet
  facet normal 0 0.055405 -0.998464
    outer loop
      vertex -0.0350568 -0.0103212 0.0135967
      vertex -0.0350568 -0.0102167 0.0136025
      vertex -0.0330568 -0.0102167 0.0136025
    endloop
  endfacet
  facet normal 0 0.00307081 -0.999995
    outer loop
      vertex -0.0350568 0.00663724 0.0136542
      vertex -0.0330568 0.00663724 0.0136542
      vertex -0.0350568 -0.0102167 0.0136025
    endloop
  endfacet
  facet normal 0 0.00307081 -0.999995
    outer loop
      vertex -0.0330568 0.00663724 0.0136542
      vertex -0.0330568 -0.0102167 0.0136025
      vertex -0.0350568 -0.0102167 0.0136025
    endloop
  endfacet
  facet normal 0 -0.999995 -0.00307079
    outer loop
      vertex 0.0359432 0.00766075 0.006
      vertex 0.0340432 0.00766075 0.006
      vertex 0.0359432 0.00767917 0
    endloop
  endfacet
  facet normal -1.47125e-7 -0.999995 -0.00307084
    outer loop
      vertex 0.0340432 0.00766075 0.006
      vertex 0.0340432 0.0076761 0.001
      vertex 0.0359432 0.00767917 0
    endloop
  endfacet
  facet normal 0 -0.999995 -0.00307056
    outer loop
      vertex 0.0359432 0.00767917 0
      vertex 0.0340432 0.0076761 0.001
      vertex 0.0350432 0.00767917 0
    endloop
  endfacet
  facet normal 1.22663e-6 -0.999995 -0.00306933
    outer loop
      vertex 0.0340432 0.0076761 0.001
      vertex 0.0340487 0.00767642 0.000895472
      vertex 0.0350432 0.00767917 0
    endloop
  endfacet
  facet normal -1.23471e-6 -0.999995 -0.00307206
    outer loop
      vertex 0.0350432 0.00767917 0
      vertex 0.0340487 0.00767642 0.000895472
      vertex 0.0340651 0.00767674 0.000792088
    endloop
  endfacet
  facet normal -1.50264e-6 -0.999995 -0.00307239
    outer loop
      vertex 0.0340651 0.00767674 0.000792088
      vertex 0.0340922 0.00767705 0.000690983
      vertex 0.0350432 0.00767917 0
    endloop
  endfacet
  facet normal 1.51275e-6 -0.999995 -0.00306824
    outer loop
      vertex 0.0340922 0.00767705 0.000690983
      vertex 0.0341297 0.00767735 0.000593263
      vertex 0.0350432 0.00767917 0
    endloop
  endfacet
  facet normal -8.8045e-8 -0.999995 -0.00307071
    outer loop
      vertex 0.0350432 0.00767917 0
      vertex 0.0341297 0.00767735 0.000593263
      vertex 0.0341772 0.00767764 0.0005
    endloop
  endfacet
  facet normal -7.05246e-7 -0.999995 -0.00307178
    outer loop
      vertex 0.0341772 0.00767764 0.0005
      vertex 0.0342342 0.00767791 0.000412215
      vertex 0.0350432 0.00767917 0
    endloop
  endfacet
  facet normal 1.80158e-6 -0.999995 -0.00306686
    outer loop
      vertex 0.0342342 0.00767791 0.000412215
      vertex 0.0343001 0.00767816 0.000330869
      vertex 0.0350432 0.00767917 0
    endloop
  endfacet
  facet normal 5.30237e-7 -0.999995 -0.00306971
    outer loop
      vertex 0.0350432 0.00767917 0
      vertex 0.0343001 0.00767816 0.000330869
      vertex 0.0343741 0.00767838 0.000256855
    endloop
  endfacet
  facet normal -2.90297e-6 -0.999995 -0.00307866
    outer loop
      vertex 0.0343741 0.00767838 0.000256855
      vertex 0.0344555 0.00767859 0.000190983
      vertex 0.0350432 0.00767917 0
    endloop
  endfacet
  facet normal -1.00186e-6 -0.999995 -0.00307281
    outer loop
      vertex 0.0344555 0.00767859 0.000190983
      vertex 0.0345432 0.00767876 0.000133975
      vertex 0.0350432 0.00767917 0
    endloop
  endfacet
  facet normal 1.08121e-6 -0.999995 -0.00306503
    outer loop
      vertex 0.0350432 0.00767917 0
      vertex 0.0345432 0.00767876 0.000133975
      vertex 0.0346365 0.00767891 8.64545e-5
    endloop
  endfacet
  facet normal -4.06397e-6 -0.999995 -0.00308924
    outer loop
      vertex 0.0346365 0.00767891 8.64545e-5
      vertex 0.0347342 0.00767902 4.89435e-5
      vertex 0.0350432 0.00767917 0
    endloop
  endfacet
  facet normal 1.5492e-6 -0.999995 -0.0030538
    outer loop
      vertex 0.0347342 0.00767902 4.89435e-5
      vertex 0.0348353 0.0076791 2.18524e-5
      vertex 0.0350432 0.00767917 0
    endloop
  endfacet
  facet normal -8.78536e-7 -0.999995 -0.0030769
    outer loop
      vertex 0.0350432 0.00767917 0
      vertex 0.0348353 0.0076791 2.18524e-5
      vertex 0.0349387 0.00767916 5.4781e-6
    endloop
  endfacet
  facet normal 0 0.987688 -0.156437
    outer loop
      vertex 0.0340487 -0.0216226 0.000895472
      vertex 0.0340651 -0.021639 0.000792088
      vertex -0.0331786 -0.021639 0.000792088
    endloop
  endfacet
  facet normal 0 0.965928 -0.258812
    outer loop
      vertex -0.0331786 -0.021639 0.000792088
      vertex 0.0340651 -0.021639 0.000792088
      vertex -0.0332057 -0.0216661 0.000690983
    endloop
  endfacet
  facet normal 0 0.838672 -0.544637
    outer loop
      vertex 0.0341772 -0.0217511 0.0005
      vertex 0.0342342 -0.0218081 0.000412215
      vertex -0.0333477 -0.0218081 0.000412215
    endloop
  endfacet
  facet normal 0 0.707107 -0.707106
    outer loop
      vertex 0.0343001 -0.021874 0.000330869
      vertex 0.0343741 -0.021948 0.000256855
      vertex -0.0334876 -0.021948 0.000256855
    endloop
  endfacet
  facet normal 0 0.0341592 -0.999416
    outer loop
      vertex 0.0346695 -0.0225488 2.33372e-6
      vertex 0.0346204 -0.0226171 0
      vertex -0.0341568 -0.0226171 0
    endloop
  endfacet
  facet normal -0.0293736 0.242963 -0.969591
    outer loop
      vertex 0.0347342 -0.0223081 4.89435e-5
      vertex 0.0348119 -0.0223857 2.71344e-5
      vertex 0.0347817 -0.0224168 2.02693e-5
    endloop
  endfacet
  facet normal -5.19923e-5 0.0864602 -0.996255
    outer loop
      vertex 0.0346695 -0.0225488 2.33372e-6
      vertex -0.0341568 -0.0226171 0
      vertex 0.0346979 -0.0225126 5.4781e-6
    endloop
  endfacet
  facet normal 0 0.0523362 -0.99863
    outer loop
      vertex -0.0341568 -0.0226171 0
      vertex -0.0340522 -0.0225126 5.4781e-6
      vertex 0.0346979 -0.0225126 5.4781e-6
    endloop
  endfacet
  facet normal 0 0.156433 -0.987689
    outer loop
      vertex 0.0346979 -0.0225126 5.4781e-6
      vertex -0.0340522 -0.0225126 5.4781e-6
      vertex -0.0339488 -0.0224092 2.18524e-5
    endloop
  endfacet
  facet normal 0.000160433 0.358227 -0.933634
    outer loop
      vertex -0.0338477 -0.0223081 4.89435e-5
      vertex -0.03375 -0.0222104 8.64545e-5
      vertex 0.0345432 -0.0221171 0.000133975
    endloop
  endfacet
  facet normal 0 0.453986 -0.891009
    outer loop
      vertex -0.03375 -0.0222104 8.64545e-5
      vertex -0.0336568 -0.0221171 0.000133975
      vertex 0.0345432 -0.0221171 0.000133975
    endloop
  endfacet
  facet normal 0 0.544642 -0.838669
    outer loop
      vertex 0.0345432 -0.0221171 0.000133975
      vertex -0.0336568 -0.0221171 0.000133975
      vertex 0.0344555 -0.0220293 0.000190983
    endloop
  endfacet
  facet normal -0.00015954 0.453859 -0.891073
    outer loop
      vertex 0.0345432 -0.0221171 0.000133975
      vertex 0.0346365 -0.0222104 8.64545e-5
      vertex -0.0338477 -0.0223081 4.89435e-5
    endloop
  endfacet
  facet normal 0 0.358367 -0.933581
    outer loop
      vertex 0.0346365 -0.0222104 8.64545e-5
      vertex 0.0347342 -0.0223081 4.89435e-5
      vertex -0.0338477 -0.0223081 4.89435e-5
    endloop
  endfacet
  facet normal 0 0.258821 -0.965925
    outer loop
      vertex -0.0338477 -0.0223081 4.89435e-5
      vertex 0.0347342 -0.0223081 4.89435e-5
      vertex -0.0339488 -0.0224092 2.18524e-5
    endloop
  endfacet
  facet normal 5.9049e-6 0.255077 -0.966921
    outer loop
      vertex 0.0347342 -0.0223081 4.89435e-5
      vertex 0.0347817 -0.0224168 2.02693e-5
      vertex -0.0339488 -0.0224092 2.18524e-5
    endloop
  endfacet
  facet normal -5.90641e-6 0.152606 -0.988287
    outer loop
      vertex -0.0339488 -0.0224092 2.18524e-5
      vertex 0.0347817 -0.0224168 2.02693e-5
      vertex 0.0346979 -0.0225126 5.4781e-6
    endloop
  endfacet
  facet normal -0.000160438 0.629223 -0.777225
    outer loop
      vertex 0.0344555 -0.0220293 0.000190983
      vertex -0.0336568 -0.0221171 0.000133975
      vertex 0.0343741 -0.021948 0.000256855
    endloop
  endfacet
  facet normal 0.000161236 0.544528 -0.838742
    outer loop
      vertex -0.0336568 -0.0221171 0.000133975
      vertex -0.033569 -0.0220293 0.000190983
      vertex 0.0343741 -0.021948 0.000256855
    endloop
  endfacet
  facet normal 0 0.62932 -0.777146
    outer loop
      vertex 0.0343741 -0.021948 0.000256855
      vertex -0.033569 -0.0220293 0.000190983
      vertex -0.0334876 -0.021948 0.000256855
    endloop
  endfacet
  facet normal -0.000161243 0.777081 -0.629401
    outer loop
      vertex 0.0343001 -0.021874 0.000330869
      vertex -0.0334876 -0.021948 0.000256855
      vertex 0.0342342 -0.0218081 0.000412215
    endloop
  endfacet
  facet normal 0.000161909 0.707027 -0.707187
    outer loop
      vertex -0.0334876 -0.021948 0.000256855
      vertex -0.0334136 -0.021874 0.000330869
      vertex 0.0342342 -0.0218081 0.000412215
    endloop
  endfacet
  facet normal 0 0.777145 -0.629322
    outer loop
      vertex 0.0342342 -0.0218081 0.000412215
      vertex -0.0334136 -0.021874 0.000330869
      vertex -0.0333477 -0.0218081 0.000412215
    endloop
  endfacet
  facet normal -0.000161918 0.890974 -0.454054
    outer loop
      vertex 0.0341772 -0.0217511 0.0005
      vertex -0.0333477 -0.0218081 0.000412215
      vertex 0.0341297 -0.0217036 0.000593263
    endloop
  endfacet
  facet normal 0.000162419 0.838624 -0.544711
    outer loop
      vertex -0.0333477 -0.0218081 0.000412215
      vertex -0.0332907 -0.0217511 0.0005
      vertex 0.0341297 -0.0217036 0.000593263
    endloop
  endfacet
  facet normal 0 0.891007 -0.453989
    outer loop
      vertex 0.0341297 -0.0217036 0.000593263
      vertex -0.0332907 -0.0217511 0.0005
      vertex -0.0332432 -0.0217036 0.000593263
    endloop
  endfacet
  facet normal 0.000162755 0.933557 -0.358429
    outer loop
      vertex -0.0332057 -0.0216661 0.000690983
      vertex 0.0340651 -0.021639 0.000792088
      vertex -0.0332432 -0.0217036 0.000593263
    endloop
  endfacet
  facet normal -0.000162445 0.965917 -0.258853
    outer loop
      vertex 0.0340651 -0.021639 0.000792088
      vertex 0.0340922 -0.0216661 0.000690983
      vertex -0.0332432 -0.0217036 0.000593263
    endloop
  endfacet
  facet normal 0 0.933578 -0.358374
    outer loop
      vertex -0.0332432 -0.0217036 0.000593263
      vertex 0.0340922 -0.0216661 0.000690983
      vertex 0.0341297 -0.0217036 0.000593263
    endloop
  endfacet
  facet normal -0.00016274 0.998629 -0.0523438
    outer loop
      vertex 0.0340487 -0.0216226 0.000895472
      vertex -0.0331786 -0.021639 0.000792088
      vertex 0.0340432 -0.0216171 0.001
    endloop
  endfacet
  facet normal 0.000162846 0.987684 -0.156462
    outer loop
      vertex -0.0331786 -0.021639 0.000792088
      vertex -0.0331622 -0.0216226 0.000895472
      vertex 0.0340432 -0.0216171 0.001
    endloop
  endfacet
  facet normal 0 0.99863 -0.0523353
    outer loop
      vertex 0.0340432 -0.0216171 0.001
      vertex -0.0331622 -0.0216226 0.000895472
      vertex -0.0331568 -0.0216171 0.001
    endloop
  endfacet
  facet normal -0.838672 0 -0.544637
    outer loop
      vertex 0.0342342 -0.0111762 0.000412215
      vertex 0.0342342 -0.0218081 0.000412215
      vertex 0.0341772 -0.0217511 0.0005
    endloop
  endfacet
  facet normal -0.838672 0 -0.544637
    outer loop
      vertex 0.0342342 -0.0111762 0.000412215
      vertex 0.0341772 -0.0217511 0.0005
      vertex 0.0341772 -0.0111765 0.0005
    endloop
  endfacet
  facet normal -0.891007 0 -0.453989
    outer loop
      vertex 0.0341772 -0.0217511 0.0005
      vertex 0.0341297 -0.0217036 0.000593263
      vertex 0.0341772 -0.0111765 0.0005
    endloop
  endfacet
  facet normal -0.891007 0 -0.453989
    outer loop
      vertex 0.0341772 -0.0111765 0.0005
      vertex 0.0341297 -0.0217036 0.000593263
      vertex 0.0341297 -0.0111767 0.000593263
    endloop
  endfacet
  facet normal -0.933572 0 -0.35839
    outer loop
      vertex 0.0341297 -0.0217036 0.000593263
      vertex 0.0340922 -0.0216661 0.000690983
      vertex 0.0341297 -0.0111767 0.000593263
    endloop
  endfacet
  facet normal -0.933572 0 -0.35839
    outer loop
      vertex 0.0341297 -0.0111767 0.000593263
      vertex 0.0340922 -0.0216661 0.000690983
      vertex 0.0340922 -0.011177 0.000690983
    endloop
  endfacet
  facet normal -0.965928 0 -0.258812
    outer loop
      vertex 0.0340922 -0.0216661 0.000690983
      vertex 0.0340651 -0.021639 0.000792088
      vertex 0.0340922 -0.011177 0.000690983
    endloop
  endfacet
  facet normal -0.965928 0 -0.258812
    outer loop
      vertex 0.0340922 -0.011177 0.000690983
      vertex 0.0340651 -0.021639 0.000792088
      vertex 0.0340651 -0.0111773 0.000792088
    endloop
  endfacet
  facet normal -0.987691 0 -0.156419
    outer loop
      vertex 0.0340651 -0.021639 0.000792088
      vertex 0.0340487 -0.0216226 0.000895472
      vertex 0.0340651 -0.0111773 0.000792088
    endloop
  endfacet
  facet normal -0.987691 0 -0.156419
    outer loop
      vertex 0.0340651 -0.0111773 0.000792088
      vertex 0.0340487 -0.0216226 0.000895472
      vertex 0.0340487 -0.0111777 0.000895472
    endloop
  endfacet
  facet normal -0.998629 0 -0.0523531
    outer loop
      vertex 0.0340487 -0.0216226 0.000895472
      vertex 0.0340432 -0.0216171 0.001
      vertex 0.0340487 -0.0111777 0.000895472
    endloop
  endfacet
  facet normal -0.998629 0 -0.0523531
    outer loop
      vertex 0.0340487 -0.0111777 0.000895472
      vertex 0.0340432 -0.0216171 0.001
      vertex 0.0340432 -0.011178 0.001
    endloop
  endfacet
  facet normal -0.707107 0 -0.707106
    outer loop
      vertex 0.0343741 -0.0111757 0.000256855
      vertex 0.0343741 -0.021948 0.000256855
      vertex 0.0343001 -0.021874 0.000330869
    endloop
  endfacet
  facet normal -0.777153 0 -0.629311
    outer loop
      vertex 0.0342342 -0.0218081 0.000412215
      vertex 0.0342342 -0.0111762 0.000412215
      vertex 0.0343001 -0.021874 0.000330869
    endloop
  endfacet
  facet normal -0.777153 0 -0.629311
    outer loop
      vertex 0.0342342 -0.0111762 0.000412215
      vertex 0.0343001 -0.0111759 0.000330869
      vertex 0.0343001 -0.021874 0.000330869
    endloop
  endfacet
  facet normal -0.707107 0 -0.707106
    outer loop
      vertex 0.0343001 -0.021874 0.000330869
      vertex 0.0343001 -0.0111759 0.000330869
      vertex 0.0343741 -0.0111757 0.000256855
    endloop
  endfacet
  facet normal -0.544634 0 -0.838674
    outer loop
      vertex 0.0345432 -0.0111753 0.000133975
      vertex 0.0345432 -0.0221171 0.000133975
      vertex 0.0344555 -0.0220293 0.000190983
    endloop
  endfacet
  facet normal -0.62932 0 -0.777146
    outer loop
      vertex 0.0343741 -0.021948 0.000256855
      vertex 0.0343741 -0.0111757 0.000256855
      vertex 0.0344555 -0.0220293 0.000190983
    endloop
  endfacet
  facet normal -0.62932 0 -0.777146
    outer loop
      vertex 0.0343741 -0.0111757 0.000256855
      vertex 0.0344555 -0.0111755 0.000190983
      vertex 0.0344555 -0.0220293 0.000190983
    endloop
  endfacet
  facet normal -0.544634 0 -0.838674
    outer loop
      vertex 0.0344555 -0.0220293 0.000190983
      vertex 0.0344555 -0.0111755 0.000190983
      vertex 0.0345432 -0.0111753 0.000133975
    endloop
  endfacet
  facet normal -0.453993 0 -0.891005
    outer loop
      vertex 0.0345432 -0.0221171 0.000133975
      vertex 0.0345432 -0.0111753 0.000133975
      vertex 0.0346365 -0.0222104 8.64545e-5
    endloop
  endfacet
  facet normal -0.453993 0 -0.891005
    outer loop
      vertex 0.0345432 -0.0111753 0.000133975
      vertex 0.0346365 -0.0111752 8.64545e-5
      vertex 0.0346365 -0.0222104 8.64545e-5
    endloop
  endfacet
  facet normal -0.358361 0 -0.933583
    outer loop
      vertex 0.0346365 -0.0222104 8.64545e-5
      vertex 0.0346365 -0.0111752 8.64545e-5
      vertex 0.0347342 -0.0111751 4.89435e-5
    endloop
  endfacet
  facet normal -0.0523362 0 -0.99863
    outer loop
      vertex 0.0349387 -0.0111749 5.4781e-6
      vertex 0.0350432 -0.0111749 0
      vertex 0.0350432 -0.0221942 0
    endloop
  endfacet
  facet normal -0.0267851 0.000242878 -0.999641
    outer loop
      vertex 0.0350432 -0.0221942 0
      vertex 0.03499 -0.0222321 1.41641e-6
      vertex 0.0349387 -0.0111749 5.4781e-6
    endloop
  endfacet
  facet normal -0.0945321 -7.30932e-5 -0.995522
    outer loop
      vertex 0.03499 -0.0222321 1.41641e-6
      vertex 0.0349074 -0.0222977 9.2662e-6
      vertex 0.0349387 -0.0111749 5.4781e-6
    endloop
  endfacet
  facet normal -0.156433 0.000103725 -0.987689
    outer loop
      vertex 0.0349387 -0.0111749 5.4781e-6
      vertex 0.0349074 -0.0222977 9.2662e-6
      vertex 0.0348353 -0.011175 2.18524e-5
    endloop
  endfacet
  facet normal -0.183747 -7.86455e-5 -0.982974
    outer loop
      vertex 0.0349074 -0.0222977 9.2662e-6
      vertex 0.0348119 -0.0223857 2.71344e-5
      vertex 0.0348353 -0.011175 2.18524e-5
    endloop
  endfacet
  facet normal -0.258821 8.64775e-5 -0.965925
    outer loop
      vertex 0.0348353 -0.011175 2.18524e-5
      vertex 0.0348119 -0.0223857 2.71344e-5
      vertex 0.0347342 -0.0111751 4.89435e-5
    endloop
  endfacet
  facet normal -0.270414 0 -0.962744
    outer loop
      vertex 0.0348119 -0.0223857 2.71344e-5
      vertex 0.0347342 -0.0223081 4.89435e-5
      vertex 0.0347342 -0.0111751 4.89435e-5
    endloop
  endfacet
  facet normal -0.358361 0 -0.933583
    outer loop
      vertex 0.0347342 -0.0111751 4.89435e-5
      vertex 0.0347342 -0.0223081 4.89435e-5
      vertex 0.0346365 -0.0222104 8.64545e-5
    endloop
  endfacet
  facet normal 0.0523362 0 -0.99863
    outer loop
      vertex -0.0341568 -0.0226171 0
      vertex -0.0341568 -0.0111749 0
      vertex -0.0340522 -0.0111749 5.4781e-6
    endloop
  endfacet
  facet normal 0.99863 0 -0.0523176
    outer loop
      vertex -0.0331568 -0.011178 0.001
      vertex -0.0331568 -0.0216171 0.001
      vertex -0.0331622 -0.0111777 0.000895472
    endloop
  endfacet
  facet normal 0.99863 0 -0.0523176
    outer loop
      vertex -0.0331568 -0.0216171 0.001
      vertex -0.0331622 -0.0216226 0.000895472
      vertex -0.0331622 -0.0111777 0.000895472
    endloop
  endfacet
  facet normal 0.987691 0 -0.156419
    outer loop
      vertex -0.0331622 -0.0111777 0.000895472
      vertex -0.0331622 -0.0216226 0.000895472
      vertex -0.0331786 -0.0111773 0.000792088
    endloop
  endfacet
  facet normal 0.987691 0 -0.156419
    outer loop
      vertex -0.0331622 -0.0216226 0.000895472
      vertex -0.0331786 -0.021639 0.000792088
      vertex -0.0331786 -0.0111773 0.000792088
    endloop
  endfacet
  facet normal 0.965919 0 -0.258845
    outer loop
      vertex -0.0331786 -0.0111773 0.000792088
      vertex -0.0331786 -0.021639 0.000792088
      vertex -0.0332057 -0.011177 0.000690983
    endloop
  endfacet
  facet normal 0.965919 0 -0.258845
    outer loop
      vertex -0.0331786 -0.021639 0.000792088
      vertex -0.0332057 -0.0216661 0.000690983
      vertex -0.0332057 -0.011177 0.000690983
    endloop
  endfacet
  facet normal 0.933584 0 -0.358359
    outer loop
      vertex -0.0332057 -0.011177 0.000690983
      vertex -0.0332057 -0.0216661 0.000690983
      vertex -0.0332432 -0.0111767 0.000593263
    endloop
  endfacet
  facet normal 0.933584 0 -0.358359
    outer loop
      vertex -0.0332057 -0.0216661 0.000690983
      vertex -0.0332432 -0.0217036 0.000593263
      vertex -0.0332432 -0.0111767 0.000593263
    endloop
  endfacet
  facet normal 0.891007 0 -0.453989
    outer loop
      vertex -0.0332432 -0.0111767 0.000593263
      vertex -0.0332432 -0.0217036 0.000593263
      vertex -0.0332907 -0.0111765 0.0005
    endloop
  endfacet
  facet normal 0.891007 0 -0.453989
    outer loop
      vertex -0.0332432 -0.0217036 0.000593263
      vertex -0.0332907 -0.0217511 0.0005
      vertex -0.0332907 -0.0111765 0.0005
    endloop
  endfacet
  facet normal 0.838672 0 -0.544637
    outer loop
      vertex -0.0332907 -0.0111765 0.0005
      vertex -0.0332907 -0.0217511 0.0005
      vertex -0.0333477 -0.0111762 0.000412215
    endloop
  endfacet
  facet normal 0.838672 0 -0.544637
    outer loop
      vertex -0.0332907 -0.0217511 0.0005
      vertex -0.0333477 -0.0218081 0.000412215
      vertex -0.0333477 -0.0111762 0.000412215
    endloop
  endfacet
  facet normal 0.777136 0 -0.629333
    outer loop
      vertex -0.0333477 -0.0111762 0.000412215
      vertex -0.0333477 -0.0218081 0.000412215
      vertex -0.0334136 -0.0111759 0.000330869
    endloop
  endfacet
  facet normal 0.777136 0 -0.629333
    outer loop
      vertex -0.0333477 -0.0218081 0.000412215
      vertex -0.0334136 -0.021874 0.000330869
      vertex -0.0334136 -0.0111759 0.000330869
    endloop
  endfacet
  facet normal 0.707107 0 -0.707106
    outer loop
      vertex -0.0334136 -0.0111759 0.000330869
      vertex -0.0334136 -0.021874 0.000330869
      vertex -0.0334876 -0.0111757 0.000256855
    endloop
  endfacet
  facet normal 0.707107 0 -0.707106
    outer loop
      vertex -0.0334136 -0.021874 0.000330869
      vertex -0.0334876 -0.021948 0.000256855
      vertex -0.0334876 -0.0111757 0.000256855
    endloop
  endfacet
  facet normal 0.62932 0 -0.777146
    outer loop
      vertex -0.0334876 -0.0111757 0.000256855
      vertex -0.0334876 -0.021948 0.000256855
      vertex -0.033569 -0.0111755 0.000190983
    endloop
  endfacet
  facet normal 0.62932 0 -0.777146
    outer loop
      vertex -0.0334876 -0.021948 0.000256855
      vertex -0.033569 -0.0220293 0.000190983
      vertex -0.033569 -0.0111755 0.000190983
    endloop
  endfacet
  facet normal 0.54465 0 -0.838663
    outer loop
      vertex -0.033569 -0.0111755 0.000190983
      vertex -0.033569 -0.0220293 0.000190983
      vertex -0.0336568 -0.0111753 0.000133975
    endloop
  endfacet
  facet normal 0.54465 0 -0.838663
    outer loop
      vertex -0.033569 -0.0220293 0.000190983
      vertex -0.0336568 -0.0221171 0.000133975
      vertex -0.0336568 -0.0111753 0.000133975
    endloop
  endfacet
  facet normal 0.453993 0 -0.891005
    outer loop
      vertex -0.0336568 -0.0111753 0.000133975
      vertex -0.0336568 -0.0221171 0.000133975
      vertex -0.03375 -0.0111752 8.64545e-5
    endloop
  endfacet
  facet normal 0.453993 0 -0.891005
    outer loop
      vertex -0.0336568 -0.0221171 0.000133975
      vertex -0.03375 -0.0222104 8.64545e-5
      vertex -0.03375 -0.0111752 8.64545e-5
    endloop
  endfacet
  facet normal 0.358361 0 -0.933583
    outer loop
      vertex -0.03375 -0.0111752 8.64545e-5
      vertex -0.03375 -0.0222104 8.64545e-5
      vertex -0.0338477 -0.0111751 4.89435e-5
    endloop
  endfacet
  facet normal 0.358361 0 -0.933583
    outer loop
      vertex -0.03375 -0.0222104 8.64545e-5
      vertex -0.0338477 -0.0223081 4.89435e-5
      vertex -0.0338477 -0.0111751 4.89435e-5
    endloop
  endfacet
  facet normal 0.258821 0 -0.965925
    outer loop
      vertex -0.0338477 -0.0111751 4.89435e-5
      vertex -0.0338477 -0.0223081 4.89435e-5
      vertex -0.0339488 -0.011175 2.18524e-5
    endloop
  endfacet
  facet normal 0.258821 0 -0.965925
    outer loop
      vertex -0.0338477 -0.0223081 4.89435e-5
      vertex -0.0339488 -0.0224092 2.18524e-5
      vertex -0.0339488 -0.011175 2.18524e-5
    endloop
  endfacet
  facet normal 0.156433 0 -0.987689
    outer loop
      vertex -0.0339488 -0.011175 2.18524e-5
      vertex -0.0339488 -0.0224092 2.18524e-5
      vertex -0.0340522 -0.0111749 5.4781e-6
    endloop
  endfacet
  facet normal 0.156433 0 -0.987689
    outer loop
      vertex -0.0339488 -0.0224092 2.18524e-5
      vertex -0.0340522 -0.0225126 5.4781e-6
      vertex -0.0340522 -0.0111749 5.4781e-6
    endloop
  endfacet
  facet normal 0.0523362 0 -0.99863
    outer loop
      vertex -0.0340522 -0.0111749 5.4781e-6
      vertex -0.0340522 -0.0225126 5.4781e-6
      vertex -0.0341568 -0.0226171 0
    endloop
  endfacet
  facet normal 0 -0.998629 -0.0523531
    outer loop
      vertex 0.0340487 0.0205884 0.000895472
      vertex 0.0340432 0.0205829 0.001
      vertex -0.0331568 0.0205829 0.001
    endloop
  endfacet
  facet normal 0 -0.965923 -0.258829
    outer loop
      vertex 0.0340922 0.0206318 0.000690983
      vertex 0.0340651 0.0206047 0.000792088
      vertex -0.0331786 0.0206047 0.000792088
    endloop
  endfacet
  facet normal 0 -0.891 -0.454003
    outer loop
      vertex 0.0341772 0.0207169 0.0005
      vertex 0.0341297 0.0206693 0.000593263
      vertex -0.0332432 0.0206693 0.000593263
    endloop
  endfacet
  facet normal 0 -0.777145 -0.629322
    outer loop
      vertex 0.0343001 0.0208397 0.000330869
      vertex 0.0342342 0.0207739 0.000412215
      vertex -0.0333477 0.0207739 0.000412215
    endloop
  endfacet
  facet normal 0 -0.0341601 -0.999416
    outer loop
      vertex -0.033783 0.0215146 2.33372e-6
      vertex -0.0337339 0.0215829 0
      vertex 0.0350432 0.0215829 0
    endloop
  endfacet
  facet normal 0.029381 -0.242956 -0.969592
    outer loop
      vertex -0.0338477 0.0212739 4.89435e-5
      vertex -0.0339254 0.0213515 2.71344e-5
      vertex -0.0338952 0.0213826 2.02693e-5
    endloop
  endfacet
  facet normal 5.19856e-5 -0.0864557 -0.996256
    outer loop
      vertex -0.033783 0.0215146 2.33372e-6
      vertex 0.0350432 0.0215829 0
      vertex -0.0338114 0.0214784 5.4781e-6
    endloop
  endfacet
  facet normal 0 -0.0523362 -0.99863
    outer loop
      vertex 0.0350432 0.0215829 0
      vertex 0.0349387 0.0214784 5.4781e-6
      vertex -0.0338114 0.0214784 5.4781e-6
    endloop
  endfacet
  facet normal 0 -0.156436 -0.987688
    outer loop
      vertex -0.0338114 0.0214784 5.4781e-6
      vertex 0.0349387 0.0214784 5.4781e-6
      vertex 0.0348353 0.021375 2.18524e-5
    endloop
  endfacet
  facet normal -0.000160443 -0.358227 -0.933634
    outer loop
      vertex 0.0347342 0.0212739 4.89435e-5
      vertex 0.0346365 0.0211761 8.64545e-5
      vertex -0.0336568 0.0210829 0.000133975
    endloop
  endfacet
  facet normal 0 -0.453993 -0.891005
    outer loop
      vertex 0.0346365 0.0211761 8.64545e-5
      vertex 0.0345432 0.0210829 0.000133975
      vertex -0.0336568 0.0210829 0.000133975
    endloop
  endfacet
  facet normal 0 -0.544642 -0.838669
    outer loop
      vertex -0.0336568 0.0210829 0.000133975
      vertex 0.0345432 0.0210829 0.000133975
      vertex -0.033569 0.0209951 0.000190983
    endloop
  endfacet
  facet normal 0.000159553 -0.453867 -0.89107
    outer loop
      vertex -0.0336568 0.0210829 0.000133975
      vertex -0.03375 0.0211761 8.64545e-5
      vertex 0.0347342 0.0212739 4.89435e-5
    endloop
  endfacet
  facet normal 0 -0.358367 -0.933581
    outer loop
      vertex -0.03375 0.0211761 8.64545e-5
      vertex -0.0338477 0.0212739 4.89435e-5
      vertex 0.0347342 0.0212739 4.89435e-5
    endloop
  endfacet
  facet normal 0 -0.258817 -0.965926
    outer loop
      vertex 0.0347342 0.0212739 4.89435e-5
      vertex -0.0338477 0.0212739 4.89435e-5
      vertex 0.0348353 0.021375 2.18524e-5
    endloop
  endfacet
  facet normal -5.90442e-6 -0.255073 -0.966922
    outer loop
      vertex -0.0338477 0.0212739 4.89435e-5
      vertex -0.0338952 0.0213826 2.02693e-5
      vertex 0.0348353 0.021375 2.18524e-5
    endloop
  endfacet
  facet normal 5.90608e-6 -0.152609 -0.988287
    outer loop
      vertex 0.0348353 0.021375 2.18524e-5
      vertex -0.0338952 0.0213826 2.02693e-5
      vertex -0.0338114 0.0214784 5.4781e-6
    endloop
  endfacet
  facet normal 0.000160438 -0.629223 -0.777225
    outer loop
      vertex -0.033569 0.0209951 0.000190983
      vertex 0.0345432 0.0210829 0.000133975
      vertex -0.0334876 0.0209137 0.000256855
    endloop
  endfacet
  facet normal -0.000161236 -0.544528 -0.838742
    outer loop
      vertex 0.0345432 0.0210829 0.000133975
      vertex 0.0344555 0.0209951 0.000190983
      vertex -0.0334876 0.0209137 0.000256855
    endloop
  endfacet
  facet normal 0 -0.62932 -0.777146
    outer loop
      vertex -0.0334876 0.0209137 0.000256855
      vertex 0.0344555 0.0209951 0.000190983
      vertex 0.0343741 0.0209137 0.000256855
    endloop
  endfacet
  facet normal -0.000161909 -0.707027 -0.707187
    outer loop
      vertex 0.0343001 0.0208397 0.000330869
      vertex -0.0333477 0.0207739 0.000412215
      vertex 0.0343741 0.0209137 0.000256855
    endloop
  endfacet
  facet normal 0.000161243 -0.777081 -0.629401
    outer loop
      vertex -0.0333477 0.0207739 0.000412215
      vertex -0.0334136 0.0208397 0.000330869
      vertex 0.0343741 0.0209137 0.000256855
    endloop
  endfacet
  facet normal 0 -0.707107 -0.707106
    outer loop
      vertex 0.0343741 0.0209137 0.000256855
      vertex -0.0334136 0.0208397 0.000330869
      vertex -0.0334876 0.0209137 0.000256855
    endloop
  endfacet
  facet normal -0.000162396 -0.838624 -0.544711
    outer loop
      vertex 0.0341772 0.0207169 0.0005
      vertex -0.0332432 0.0206693 0.000593263
      vertex 0.0342342 0.0207739 0.000412215
    endloop
  endfacet
  facet normal 0.000161893 -0.890967 -0.454068
    outer loop
      vertex -0.0332432 0.0206693 0.000593263
      vertex -0.0332907 0.0207169 0.0005
      vertex 0.0342342 0.0207739 0.000412215
    endloop
  endfacet
  facet normal 0 -0.838672 -0.544637
    outer loop
      vertex 0.0342342 0.0207739 0.000412215
      vertex -0.0332907 0.0207169 0.0005
      vertex -0.0333477 0.0207739 0.000412215
    endloop
  endfacet
  facet normal -0.000162704 -0.933563 -0.358413
    outer loop
      vertex 0.0340922 0.0206318 0.000690983
      vertex -0.0331786 0.0206047 0.000792088
      vertex 0.0341297 0.0206693 0.000593263
    endloop
  endfacet
  facet normal 0.000162392 -0.965912 -0.258869
    outer loop
      vertex -0.0331786 0.0206047 0.000792088
      vertex -0.0332057 0.0206318 0.000690983
      vertex 0.0341297 0.0206693 0.000593263
    endloop
  endfacet
  facet normal 0 -0.933584 -0.358359
    outer loop
      vertex 0.0341297 0.0206693 0.000593263
      vertex -0.0332057 0.0206318 0.000690983
      vertex -0.0332432 0.0206693 0.000593263
    endloop
  endfacet
  facet normal -0.000162791 -0.987687 -0.156444
    outer loop
      vertex 0.0340487 0.0205884 0.000895472
      vertex -0.0331568 0.0205829 0.001
      vertex 0.0340651 0.0206047 0.000792088
    endloop
  endfacet
  facet normal 0.000162685 -0.998628 -0.0523616
    outer loop
      vertex -0.0331568 0.0205829 0.001
      vertex -0.0331622 0.0205884 0.000895472
      vertex 0.0340651 0.0206047 0.000792088
    endloop
  endfacet
  facet normal 0 -0.987691 -0.156419
    outer loop
      vertex 0.0340651 0.0206047 0.000792088
      vertex -0.0331622 0.0205884 0.000895472
      vertex -0.0331786 0.0206047 0.000792088
    endloop
  endfacet
  facet normal -0.0673244 0.000153501 0.997731
    outer loop
      vertex -0.0331546 -0.0152268 0.0238376
      vertex -0.0330568 0.0121236 0.02384
      vertex -0.0332297 -0.0150314 0.0238325
    endloop
  endfacet
  facet normal 0.00270089 -0.00029301 0.999996
    outer loop
      vertex -0.0330568 0.0121236 0.02384
      vertex -0.0330677 0.0119145 0.02384
      vertex -0.0332297 -0.0150314 0.0238325
    endloop
  endfacet
  facet normal -0.0948907 0.000294794 0.995488
    outer loop
      vertex -0.0332297 -0.0150314 0.0238325
      vertex -0.0330677 0.0119145 0.02384
      vertex -0.0332658 -0.0149546 0.023829
    endloop
  endfacet
  facet normal -0.0116232 -0.000320925 0.999932
    outer loop
      vertex -0.0330677 0.0119145 0.02384
      vertex -0.0331005 0.0117078 0.0238395
      vertex -0.0332658 -0.0149546 0.023829
    endloop
  endfacet
  facet normal -0.0352439 3.85422e-5 0.999379
    outer loop
      vertex -0.0331546 -0.0152268 0.0238376
      vertex -0.0331005 -0.015429 0.0238395
      vertex -0.0330568 0.0121236 0.02384
    endloop
  endfacet
  facet normal -0.0136223 4.23587e-6 0.999907
    outer loop
      vertex -0.0331005 -0.015429 0.0238395
      vertex -0.0330677 -0.0156358 0.02384
      vertex -0.0330568 0.0121236 0.02384
    endloop
  endfacet
  facet normal -0.00289016 0 0.999996
    outer loop
      vertex -0.0330568 0.0121236 0.02384
      vertex -0.0330677 -0.0156358 0.02384
      vertex -0.0330568 -0.0158448 0.02384
    endloop
  endfacet
  facet normal -0.0347262 -0.000177438 0.999397
    outer loop
      vertex -0.0331005 0.0117078 0.0238395
      vertex -0.0331546 0.0115056 0.0238376
      vertex -0.0332658 -0.0149546 0.023829
    endloop
  endfacet
  facet normal -0.0676221 -3.86832e-5 0.997711
    outer loop
      vertex -0.0331546 0.0115056 0.0238376
      vertex -0.0332297 0.0113101 0.0238325
      vertex -0.0332658 -0.0149546 0.023829
    endloop
  endfacet
  facet normal -0.0955111 0 0.995428
    outer loop
      vertex -0.0332658 -0.0149546 0.023829
      vertex -0.0332297 0.0113101 0.0238325
      vertex -0.0332658 0.0112334 0.023829
    endloop
  endfacet
  facet normal -0.175886 0.000191462 0.984411
    outer loop
      vertex -0.0334388 -0.0146692 0.0238032
      vertex -0.0333793 -0.0147557 0.0238138
      vertex -0.0332658 0.0112334 0.023829
    endloop
  endfacet
  facet normal -0.147564 6.50147e-5 0.989053
    outer loop
      vertex -0.0333793 -0.0147557 0.0238138
      vertex -0.0333247 -0.0148448 0.023822
      vertex -0.0332658 0.0112334 0.023829
    endloop
  endfacet
  facet normal -0.119233 0 0.992866
    outer loop
      vertex -0.0332658 0.0112334 0.023829
      vertex -0.0333247 -0.0148448 0.023822
      vertex -0.0332658 -0.0149546 0.023829
    endloop
  endfacet
  facet normal -0.199019 0.000350334 0.979996
    outer loop
      vertex -0.0334388 -0.0146692 0.0238032
      vertex -0.0332658 0.0112334 0.023829
      vertex -0.0334726 -0.014624 0.0237963
    endloop
  endfacet
  facet normal -0.118666 -0.000308591 0.992934
    outer loop
      vertex -0.0332658 0.0112334 0.023829
      vertex -0.0333247 0.0111236 0.023822
      vertex -0.0334726 -0.014624 0.0237963
    endloop
  endfacet
  facet normal -0.147442 -0.000139473 0.989071
    outer loop
      vertex -0.0334726 -0.014624 0.0237963
      vertex -0.0333247 0.0111236 0.023822
      vertex -0.0333793 0.0110344 0.0238138
    endloop
  endfacet
  facet normal -0.176098 -3.21271e-5 0.984373
    outer loop
      vertex -0.0333793 0.0110344 0.0238138
      vertex -0.0334387 0.010948 0.0238032
      vertex -0.0334726 -0.014624 0.0237963
    endloop
  endfacet
  facet normal -0.199453 0 0.979907
    outer loop
      vertex -0.0334387 0.010948 0.0238032
      vertex -0.0334726 0.0109028 0.0237963
      vertex -0.0334726 -0.014624 0.0237963
    endloop
  endfacet
  facet normal -0.232472 0 0.972603
    outer loop
      vertex -0.0334726 -0.014624 0.0237963
      vertex -0.0334726 0.0109028 0.0237963
      vertex -0.0335705 -0.0145066 0.0237729
    endloop
  endfacet
  facet normal -0.282838 0.0002064 0.959168
    outer loop
      vertex -0.0334726 0.0109028 0.0237963
      vertex -0.0336748 -0.0143991 0.0237421
      vertex -0.0335705 -0.0145066 0.0237729
    endloop
  endfacet
  facet normal -0.232214 -0.000227083 0.972665
    outer loop
      vertex -0.0334726 0.0109028 0.0237963
      vertex -0.0335705 0.0107853 0.0237729
      vertex -0.0336748 -0.0143991 0.0237421
    endloop
  endfacet
  facet normal -0.283034 0 0.95911
    outer loop
      vertex -0.0335705 0.0107853 0.0237729
      vertex -0.0336748 0.0106779 0.0237421
      vertex -0.0336748 -0.0143991 0.0237421
    endloop
  endfacet
  facet normal -0.319956 0 0.947432
    outer loop
      vertex -0.0336748 -0.0143991 0.0237421
      vertex -0.0336748 0.0106779 0.0237421
      vertex -0.0337185 -0.0143586 0.0237274
    endloop
  endfacet
  facet normal -0.349569 5.78961e-5 0.936911
    outer loop
      vertex -0.0336748 0.0106779 0.0237421
      vertex -0.0337932 -0.0142946 0.0236995
      vertex -0.0337185 -0.0143586 0.0237274
    endloop
  endfacet
  facet normal -0.319935 -0.000100568 0.947439
    outer loop
      vertex -0.0336748 0.0106779 0.0237421
      vertex -0.0337187 0.0106371 0.0237273
      vertex -0.0337932 -0.0142946 0.0236995
    endloop
  endfacet
  facet normal -0.349786 3.79196e-7 0.93683
    outer loop
      vertex -0.0337187 0.0106371 0.0237273
      vertex -0.0337936 0.0105729 0.0236993
      vertex -0.0337932 -0.0142946 0.0236995
    endloop
  endfacet
  facet normal -0.390323 -4.92385e-7 0.920678
    outer loop
      vertex -0.0337932 -0.0142946 0.0236995
      vertex -0.0337936 0.0105729 0.0236993
      vertex -0.0338812 -0.0142268 0.0236622
    endloop
  endfacet
  facet normal -0.387669 -1.15403e-5 0.921799
    outer loop
      vertex -0.0337936 0.0105729 0.0236993
      vertex -0.0338702 0.0105136 0.0236671
      vertex -0.0338812 -0.0142268 0.0236622
    endloop
  endfacet
  facet normal -0.43424 1.32576e-5 0.900797
    outer loop
      vertex -0.0338812 -0.0142268 0.0236622
      vertex -0.0338702 0.0105136 0.0236671
      vertex -0.0339688 -0.0141667 0.02362
    endloop
  endfacet
  facet normal -0.478052 0.000231092 0.878331
    outer loop
      vertex -0.0338702 0.0105136 0.0236671
      vertex -0.0340568 -0.0141128 0.0235721
      vertex -0.0339688 -0.0141667 0.02362
    endloop
  endfacet
  facet normal -0.43135 -0.000214697 0.902184
    outer loop
      vertex -0.0338702 0.0105136 0.0236671
      vertex -0.0339685 0.0104456 0.0236201
      vertex -0.0340568 -0.0141128 0.0235721
    endloop
  endfacet
  facet normal -0.478105 0 0.878303
    outer loop
      vertex -0.0339685 0.0104456 0.0236201
      vertex -0.0340568 0.0103915 0.0235721
      vertex -0.0340568 -0.0141128 0.0235721
    endloop
  endfacet
  facet normal -0.522229 0 0.852805
    outer loop
      vertex -0.0340568 -0.0141128 0.0235721
      vertex -0.0340568 0.0103915 0.0235721
      vertex -0.034145 -0.0140648 0.023518
    endloop
  endfacet
  facet normal -0.568859 0.000235339 0.822435
    outer loop
      vertex -0.0340568 0.0103915 0.0235721
      vertex -0.0342433 -0.0140177 0.02345
      vertex -0.034145 -0.0140648 0.023518
    endloop
  endfacet
  facet normal -0.522052 -0.000274721 0.852913
    outer loop
      vertex -0.0340568 0.0103915 0.0235721
      vertex -0.0341447 0.0103436 0.0235182
      vertex -0.0342433 -0.0140177 0.02345
    endloop
  endfacet
  facet normal -0.56608 -1.67217e-5 0.82435
    outer loop
      vertex -0.0341447 0.0103436 0.0235182
      vertex -0.0342323 0.0103014 0.023458
      vertex -0.0342433 -0.0140177 0.02345
    endloop
  endfacet
  facet normal -0.612593 1.54252e-5 0.790399
    outer loop
      vertex -0.0342433 -0.0140177 0.02345
      vertex -0.0342323 0.0103014 0.023458
      vertex -0.0343199 -0.0139855 0.0233907
    endloop
  endfacet
  facet normal -0.65042 0.000237277 0.759575
    outer loop
      vertex -0.0342323 0.0103014 0.023458
      vertex -0.0343948 -0.0139576 0.0233265
      vertex -0.0343199 -0.0139855 0.0233907
    endloop
  endfacet
  facet normal -0.60997 -0.000211677 0.792425
    outer loop
      vertex -0.0342323 0.0103014 0.023458
      vertex -0.0343203 0.0102641 0.0233903
      vertex -0.0343948 -0.0139576 0.0233265
    endloop
  endfacet
  facet normal -0.650653 3.61614e-7 0.759375
    outer loop
      vertex -0.0343203 0.0102641 0.0233903
      vertex -0.034395 0.0102362 0.0233263
      vertex -0.0343948 -0.0139576 0.0233265
    endloop
  endfacet
  facet normal -0.68006 -1.86016e-7 0.733156
    outer loop
      vertex -0.0343948 -0.0139576 0.0233265
      vertex -0.034395 0.0102362 0.0233263
      vertex -0.0344387 -0.0139427 0.0232857
    endloop
  endfacet
  facet normal -0.717555 0.000129054 0.696502
    outer loop
      vertex -0.034395 0.0102362 0.0233263
      vertex -0.034543 -0.0139119 0.0231783
      vertex -0.0344387 -0.0139427 0.0232857
    endloop
  endfacet
  facet normal -0.82412 -0.000228108 0.566414
    outer loop
      vertex -0.0346747 0.0101604 0.0230156
      vertex -0.0347342 0.0101498 0.0229292
      vertex -0.0347888 -0.0138629 0.02284
    endloop
  endfacet
  facet normal -0.680056 -0.000325523 0.73316
    outer loop
      vertex -0.034395 0.0102362 0.0233263
      vertex -0.0344387 0.0102215 0.0232857
      vertex -0.034543 -0.0139119 0.0231783
    endloop
  endfacet
  facet normal -0.717573 0 0.696483
    outer loop
      vertex -0.0344387 0.0102215 0.0232857
      vertex -0.034543 0.0101907 0.0231783
      vertex -0.034543 -0.0139119 0.0231783
    endloop
  endfacet
  facet normal -0.768179 0 0.640235
    outer loop
      vertex -0.034543 -0.0139119 0.0231783
      vertex -0.034543 0.0101907 0.0231783
      vertex -0.0346409 -0.0138885 0.0230608
    endloop
  endfacet
  facet normal -0.768179 0 0.640235
    outer loop
      vertex -0.034543 0.0101907 0.0231783
      vertex -0.0346409 0.0101673 0.0230608
      vertex -0.0346409 -0.0138885 0.0230608
    endloop
  endfacet
  facet normal -0.800625 0 0.599166
    outer loop
      vertex -0.0346409 -0.0138885 0.0230608
      vertex -0.0346409 0.0101673 0.0230608
      vertex -0.0346748 -0.0138817 0.0230156
    endloop
  endfacet
  facet normal -0.80061 -5.84822e-8 0.599186
    outer loop
      vertex -0.0346409 0.0101673 0.0230608
      vertex -0.0346747 0.0101604 0.0230156
      vertex -0.0346748 -0.0138817 0.0230156
    endloop
  endfacet
  facet normal -0.82414 8.03975e-8 0.566386
    outer loop
      vertex -0.0346748 -0.0138817 0.0230156
      vertex -0.0346747 0.0101604 0.0230156
      vertex -0.0347342 -0.013871 0.0229292
    endloop
  endfacet
  facet normal -0.852654 0.000228612 0.522476
    outer loop
      vertex -0.0346747 0.0101604 0.0230156
      vertex -0.0347888 -0.0138629 0.02284
      vertex -0.0347342 -0.013871 0.0229292
    endloop
  endfacet
  facet normal -0.852655 0 0.522475
    outer loop
      vertex -0.0347342 0.0101498 0.0229292
      vertex -0.0347888 0.0101416 0.02284
      vertex -0.0347888 -0.0138629 0.02284
    endloop
  endfacet
  facet normal -0.881175 0 0.472789
    outer loop
      vertex -0.0347888 0.0101416 0.02284
      vertex -0.0348477 0.0101345 0.0227302
      vertex -0.0347888 -0.0138629 0.02284
    endloop
  endfacet
  facet normal -0.881175 0 0.472789
    outer loop
      vertex -0.0347888 -0.0138629 0.02284
      vertex -0.0348477 0.0101345 0.0227302
      vertex -0.0348477 -0.0138558 0.0227302
    endloop
  endfacet
  facet normal -0.904716 0 0.426015
    outer loop
      vertex -0.0348477 0.0101345 0.0227302
      vertex -0.0348838 -0.0138523 0.0226535
      vertex -0.0348477 -0.0138558 0.0227302
    endloop
  endfacet
  facet normal -0.904716 0 0.426015
    outer loop
      vertex -0.0348477 0.0101345 0.0227302
      vertex -0.0348838 0.0101311 0.0226535
      vertex -0.0348838 -0.0138523 0.0226535
    endloop
  endfacet
  facet normal -0.933578 0 0.358373
    outer loop
      vertex -0.0348838 0.0101311 0.0226535
      vertex -0.0349589 0.010126 0.022458
      vertex -0.0348838 -0.0138523 0.0226535
    endloop
  endfacet
  facet normal -0.933578 0 0.358373
    outer loop
      vertex -0.0348838 -0.0138523 0.0226535
      vertex -0.0349589 0.010126 0.022458
      vertex -0.0349589 -0.0138472 0.022458
    endloop
  endfacet
  facet normal -0.965928 0 0.258812
    outer loop
      vertex -0.0349589 0.010126 0.022458
      vertex -0.035013 0.0101241 0.0222558
      vertex -0.0349589 -0.0138472 0.022458
    endloop
  endfacet
  facet normal -0.965928 0 0.258812
    outer loop
      vertex -0.0349589 -0.0138472 0.022458
      vertex -0.035013 0.0101241 0.0222558
      vertex -0.035013 -0.0138453 0.0222558
    endloop
  endfacet
  facet normal -0.987688 0 0.156436
    outer loop
      vertex -0.035013 0.0101241 0.0222558
      vertex -0.0350458 0.0101236 0.0220491
      vertex -0.035013 -0.0138453 0.0222558
    endloop
  endfacet
  facet normal -0.987688 0 0.156436
    outer loop
      vertex -0.035013 -0.0138453 0.0222558
      vertex -0.0350458 0.0101236 0.0220491
      vertex -0.0350458 -0.0138449 0.0220491
    endloop
  endfacet
  facet normal -0.99863 0 0.0523356
    outer loop
      vertex -0.0350458 0.0101236 0.0220491
      vertex -0.0350568 0.0101236 0.02184
      vertex -0.0350458 -0.0138449 0.0220491
    endloop
  endfacet
  facet normal -0.99863 0 0.0523356
    outer loop
      vertex -0.0350458 -0.0138449 0.0220491
      vertex -0.0350568 0.0101236 0.02184
      vertex -0.0350568 -0.0138448 0.02184
    endloop
  endfacet
  facet normal 0 0 1
    outer loop
      vertex -0.00654834 0.0224829 0.0179551
      vertex -0.00654834 0.0204829 0.0179551
      vertex 0.0275485 0.0224829 0.0179551
    endloop
  endfacet
  facet normal 0 0 1
    outer loop
      vertex -0.00654834 0.0204829 0.0179551
      vertex 0.0275485 0.0204829 0.0179551
      vertex 0.0275485 0.0224829 0.0179551
    endloop
  endfacet
  facet normal 0.472573 0.881291 0
    outer loop
      vertex 0.0370898 -0.021087 0.006
      vertex 0.0370898 -0.021087 0
      vertex 0.0369088 -0.02099 0.006
    endloop
  endfacet
  facet normal 0.472573 0.881291 0
    outer loop
      vertex 0.0370898 -0.021087 0
      vertex 0.0369088 -0.02099 0
      vertex 0.0369088 -0.02099 0.006
    endloop
  endfacet
  facet normal 0.560454 0.828186 0
    outer loop
      vertex 0.0369088 -0.02099 0.006
      vertex 0.0369088 -0.02099 0
      vertex 0.0367388 -0.0208749 0.006
    endloop
  endfacet
  facet normal 0.560454 0.828186 0
    outer loop
      vertex 0.0369088 -0.02099 0
      vertex 0.0367388 -0.0208749 0
      vertex 0.0367388 -0.0208749 0.006
    endloop
  endfacet
  facet normal 0.642432 0.766343 0
    outer loop
      vertex 0.0367388 -0.0208749 0.006
      vertex 0.0367388 -0.0208749 0
      vertex 0.0365814 -0.020743 0.006
    endloop
  endfacet
  facet normal 0.642432 0.766343 0
    outer loop
      vertex 0.0367388 -0.0208749 0
      vertex 0.0365814 -0.020743 0
      vertex 0.0365814 -0.020743 0.006
    endloop
  endfacet
  facet normal 0.717613 0.696442 0
    outer loop
      vertex 0.0365814 -0.020743 0.006
      vertex 0.0365814 -0.020743 0
      vertex 0.0364384 -0.0205956 0.006
    endloop
  endfacet
  facet normal 0.717613 0.696442 0
    outer loop
      vertex 0.0365814 -0.020743 0
      vertex 0.0364384 -0.0205956 0
      vertex 0.0364384 -0.0205956 0.006
    endloop
  endfacet
  facet normal 0.785258 0.619169 0
    outer loop
      vertex 0.0364384 -0.0205956 0.006
      vertex 0.0364384 -0.0205956 0
      vertex 0.0363112 -0.0204343 0.006
    endloop
  endfacet
  facet normal 0.785258 0.619169 0
    outer loop
      vertex 0.0364384 -0.0205956 0
      vertex 0.0363112 -0.0204343 0
      vertex 0.0363112 -0.0204343 0.006
    endloop
  endfacet
  facet normal 0.844604 0.535392 0
    outer loop
      vertex 0.0363112 -0.0204343 0.006
      vertex 0.0363112 -0.0204343 0
      vertex 0.0362013 -0.0202609 0.006
    endloop
  endfacet
  facet normal 0.844604 0.535392 0
    outer loop
      vertex 0.0363112 -0.0204343 0
      vertex 0.0362013 -0.0202609 0
      vertex 0.0362013 -0.0202609 0.006
    endloop
  endfacet
  facet normal 0.895049 0.445969 0
    outer loop
      vertex 0.0362013 -0.0202609 0.006
      vertex 0.0362013 -0.0202609 0
      vertex 0.0361097 -0.0200771 0.006
    endloop
  endfacet
  facet normal 0.895049 0.445969 0
    outer loop
      vertex 0.0362013 -0.0202609 0
      vertex 0.0361097 -0.0200771 0
      vertex 0.0361097 -0.0200771 0.006
    endloop
  endfacet
  facet normal 0.936065 0.351826 0
    outer loop
      vertex 0.0361097 -0.0200771 0.006
      vertex 0.0361097 -0.0200771 0
      vertex 0.0360375 -0.0198849 0.006
    endloop
  endfacet
  facet normal 0.936065 0.351826 0
    outer loop
      vertex 0.0361097 -0.0200771 0
      vertex 0.0360375 -0.0198849 0
      vertex 0.0360375 -0.0198849 0.006
    endloop
  endfacet
  facet normal 0.967207 0.25399 0
    outer loop
      vertex 0.0360375 -0.0198849 0.006
      vertex 0.0360375 -0.0198849 0
      vertex 0.0359853 -0.0196863 0.006
    endloop
  endfacet
  facet normal 0.967207 0.25399 0
    outer loop
      vertex 0.0360375 -0.0198849 0
      vertex 0.0359853 -0.0196863 0
      vertex 0.0359853 -0.0196863 0.006
    endloop
  endfacet
  facet normal 0.988153 0.153472 0
    outer loop
      vertex 0.0359853 -0.0196863 0.006
      vertex 0.0359853 -0.0196863 0
      vertex 0.0359538 -0.0194833 0.006
    endloop
  endfacet
  facet normal 0.988153 0.153472 0
    outer loop
      vertex 0.0359853 -0.0196863 0
      vertex 0.0359538 -0.0194833 0
      vertex 0.0359538 -0.0194833 0.006
    endloop
  endfacet
  facet normal 0.998681 0.0513382 0
    outer loop
      vertex 0.0359538 -0.0194833 0.006
      vertex 0.0359538 -0.0194833 0
      vertex 0.0359432 -0.0192782 0.006
    endloop
  endfacet
  facet normal 0.998681 0.0513382 0
    outer loop
      vertex 0.0359538 -0.0194833 0
      vertex 0.0359432 -0.0192782 0
      vertex 0.0359432 -0.0192782 0.006
    endloop
  endfacet
  facet normal 0 1 0
    outer loop
      vertex 0.0347995 0.0104829 0.01884
      vertex -0.00654834 0.0104829 0.01884
      vertex -0.00654834 0.0104829 0.02384
    endloop
  endfacet
  facet normal 0 1 0
    outer loop
      vertex -0.00654834 0.0104829 0.02384
      vertex 0.0339432 0.0104829 0.02384
      vertex 0.0347995 0.0104829 0.01884
    endloop
  endfacet
  facet normal 0 1 0
    outer loop
      vertex 0.0339432 0.0104829 0.02384
      vertex 0.0341523 0.0104829 0.023829
      vertex 0.0347995 0.0104829 0.01884
    endloop
  endfacet
  facet normal 0 1 0
    outer loop
      vertex 0.0347995 0.0104829 0.01884
      vertex 0.0341523 0.0104829 0.023829
      vertex 0.0343591 0.0104829 0.0237963
    endloop
  endfacet
  facet normal 0 1 0
    outer loop
      vertex 0.0343591 0.0104829 0.0237963
      vertex 0.0345613 0.0104829 0.0237421
      vertex 0.0347995 0.0104829 0.01884
    endloop
  endfacet
  facet normal 0 1 0
    outer loop
      vertex 0.0345613 0.0104829 0.0237421
      vertex 0.0347567 0.0104829 0.0236671
      vertex 0.0347995 0.0104829 0.01884
    endloop
  endfacet
  facet normal 0 1 0
    outer loop
      vertex 0.0347995 0.0104829 0.01884
      vertex 0.0347567 0.0104829 0.0236671
      vertex 0.0347995 0.0104829 0.0236474
    endloop
  endfacet
  facet normal -0.0513391 -0.998681 0
    outer loop
      vertex 0.0317044 -0.0235171 0.006
      vertex 0.0317044 -0.0235171 0
      vertex 0.0319095 -0.0235277 0.006
    endloop
  endfacet
  facet normal -0.0513391 -0.998681 0
    outer loop
      vertex 0.0317044 -0.0235171 0
      vertex 0.0319095 -0.0235277 0
      vertex 0.0319095 -0.0235277 0.006
    endloop
  endfacet
  facet normal -0.153472 -0.988153 0
    outer loop
      vertex 0.0319095 -0.0235277 0.006
      vertex 0.0319095 -0.0235277 0
      vertex 0.0321124 -0.0235592 0.006
    endloop
  endfacet
  facet normal -0.153472 -0.988153 0
    outer loop
      vertex 0.0319095 -0.0235277 0
      vertex 0.0321124 -0.0235592 0
      vertex 0.0321124 -0.0235592 0.006
    endloop
  endfacet
  facet normal -0.253988 -0.967207 0
    outer loop
      vertex 0.0321124 -0.0235592 0.006
      vertex 0.0321124 -0.0235592 0
      vertex 0.032311 -0.0236113 0.006
    endloop
  endfacet
  facet normal -0.253988 -0.967207 0
    outer loop
      vertex 0.0321124 -0.0235592 0
      vertex 0.032311 -0.0236113 0
      vertex 0.032311 -0.0236113 0.006
    endloop
  endfacet
  facet normal -0.351831 -0.936064 0
    outer loop
      vertex 0.032311 -0.0236113 0.006
      vertex 0.032311 -0.0236113 0
      vertex 0.0325032 -0.0236836 0.006
    endloop
  endfacet
  facet normal -0.351831 -0.936064 0
    outer loop
      vertex 0.032311 -0.0236113 0
      vertex 0.0325032 -0.0236836 0
      vertex 0.0325032 -0.0236836 0.006
    endloop
  endfacet
  facet normal -0.445965 -0.89505 0
    outer loop
      vertex 0.0325032 -0.0236836 0.006
      vertex 0.0325032 -0.0236836 0
      vertex 0.032687 -0.0237752 0.006
    endloop
  endfacet
  facet normal -0.445965 -0.89505 0
    outer loop
      vertex 0.0325032 -0.0236836 0
      vertex 0.032687 -0.0237752 0
      vertex 0.032687 -0.0237752 0.006
    endloop
  endfacet
  facet normal -0.535392 -0.844604 0
    outer loop
      vertex 0.032687 -0.0237752 0.006
      vertex 0.032687 -0.0237752 0
      vertex 0.0328605 -0.0238851 0.006
    endloop
  endfacet
  facet normal -0.535392 -0.844604 0
    outer loop
      vertex 0.032687 -0.0237752 0
      vertex 0.0328605 -0.0238851 0
      vertex 0.0328605 -0.0238851 0.006
    endloop
  endfacet
  facet normal -0.619179 -0.78525 0
    outer loop
      vertex 0.0328605 -0.0238851 0.006
      vertex 0.0328605 -0.0238851 0
      vertex 0.0330217 -0.0240123 0.006
    endloop
  endfacet
  facet normal -0.619179 -0.78525 0
    outer loop
      vertex 0.0328605 -0.0238851 0
      vertex 0.0330217 -0.0240123 0
      vertex 0.0330217 -0.0240123 0.006
    endloop
  endfacet
  facet normal -0.696429 -0.717626 0
    outer loop
      vertex 0.0330217 -0.0240123 0.006
      vertex 0.0330217 -0.0240123 0
      vertex 0.0331691 -0.0241553 0.006
    endloop
  endfacet
  facet normal -0.696429 -0.717626 0
    outer loop
      vertex 0.0330217 -0.0240123 0
      vertex 0.0331691 -0.0241553 0
      vertex 0.0331691 -0.0241553 0.006
    endloop
  endfacet
  facet normal -0.766351 -0.642422 0
    outer loop
      vertex 0.0331691 -0.0241553 0.006
      vertex 0.0331691 -0.0241553 0
      vertex 0.033301 -0.0243127 0.006
    endloop
  endfacet
  facet normal -0.766351 -0.642422 0
    outer loop
      vertex 0.0331691 -0.0241553 0
      vertex 0.033301 -0.0243127 0
      vertex 0.033301 -0.0243127 0.006
    endloop
  endfacet
  facet normal -0.82819 -0.560447 0
    outer loop
      vertex 0.033301 -0.0243127 0.006
      vertex 0.033301 -0.0243127 0
      vertex 0.0334161 -0.0244827 0.006
    endloop
  endfacet
  facet normal -0.82819 -0.560447 0
    outer loop
      vertex 0.033301 -0.0243127 0
      vertex 0.0334161 -0.0244827 0
      vertex 0.0334161 -0.0244827 0.006
    endloop
  endfacet
  facet normal -0.881284 -0.472588 0
    outer loop
      vertex 0.0334161 -0.0244827 0.006
      vertex 0.0334161 -0.0244827 0
      vertex 0.0335132 -0.0246637 0.006
    endloop
  endfacet
  facet normal -0.881284 -0.472588 0
    outer loop
      vertex 0.0334161 -0.0244827 0
      vertex 0.0335132 -0.0246637 0
      vertex 0.0335132 -0.0246637 0.006
    endloop
  endfacet
  facet normal -0.0390205 0.99923 0.00401546
    outer loop
      vertex -0.0350458 0.0101236 0.0220491
      vertex -0.035013 0.0101241 0.0222558
      vertex -0.0349521 0.0101263 0.0222851
    endloop
  endfacet
  facet normal -0.390295 0.92069 -5.44121e-5
    outer loop
      vertex -0.0343203 0.0102641 0.0233903
      vertex -0.0342323 0.0103014 0.023458
      vertex -0.0342433 0.0102965 0.01884
    endloop
  endfacet
  facet normal -0.99863 0.0523351 0
    outer loop
      vertex -0.0330568 0.0121236 0.02384
      vertex -0.0330568 0.0121236 0.01884
      vertex -0.0330677 0.0119145 0.01884
    endloop
  endfacet
  facet normal -0.99863 0.0523351 0
    outer loop
      vertex -0.0330568 0.0121236 0.02384
      vertex -0.0330677 0.0119145 0.01884
      vertex -0.0330677 0.0119145 0.02384
    endloop
  endfacet
  facet normal -0.987688 0.156437 0
    outer loop
      vertex -0.0330677 0.0119145 0.01884
      vertex -0.0331005 0.0117078 0.01884
      vertex -0.0330677 0.0119145 0.02384
    endloop
  endfacet
  facet normal -0.987688 0.156437 0
    outer loop
      vertex -0.0330677 0.0119145 0.02384
      vertex -0.0331005 0.0117078 0.01884
      vertex -0.0331005 0.0117078 0.0238395
    endloop
  endfacet
  facet normal -0.965928 0.258812 0
    outer loop
      vertex -0.0331005 0.0117078 0.01884
      vertex -0.0331546 0.0115056 0.01884
      vertex -0.0331005 0.0117078 0.0238395
    endloop
  endfacet
  facet normal -0.965928 0.258812 0
    outer loop
      vertex -0.0331005 0.0117078 0.0238395
      vertex -0.0331546 0.0115056 0.01884
      vertex -0.0331546 0.0115056 0.0238376
    endloop
  endfacet
  facet normal -0.933578 0.358373 0
    outer loop
      vertex -0.0331546 0.0115056 0.01884
      vertex -0.0332297 0.0113101 0.01884
      vertex -0.0331546 0.0115056 0.0238376
    endloop
  endfacet
  facet normal -0.933578 0.358373 0
    outer loop
      vertex -0.0331546 0.0115056 0.0238376
      vertex -0.0332297 0.0113101 0.01884
      vertex -0.0332297 0.0113101 0.0238325
    endloop
  endfacet
  facet normal -0.904718 0.426011 0
    outer loop
      vertex -0.0332297 0.0113101 0.0238325
      vertex -0.0332297 0.0113101 0.01884
      vertex -0.0332658 0.0112334 0.023829
    endloop
  endfacet
  facet normal -0.891007 0.453989 0.00052984
    outer loop
      vertex -0.0332297 0.0113101 0.01884
      vertex -0.0333247 0.0111236 0.01884
      vertex -0.0332658 0.0112334 0.023829
    endloop
  endfacet
  facet normal -0.881172 0.472796 0
    outer loop
      vertex -0.0332658 0.0112334 0.023829
      vertex -0.0333247 0.0111236 0.01884
      vertex -0.0333247 0.0111236 0.023822
    endloop
  endfacet
  facet normal -0.852663 0.522461 0
    outer loop
      vertex -0.0333247 0.0111236 0.023822
      vertex -0.0333247 0.0111236 0.01884
      vertex -0.0333793 0.0110344 0.0238138
    endloop
  endfacet
  facet normal -0.838673 0.544636 0.00055118
    outer loop
      vertex -0.0333247 0.0111236 0.01884
      vertex -0.0334387 0.010948 0.01884
      vertex -0.0333793 0.0110344 0.0238138
    endloop
  endfacet
  facet normal -0.824146 0.566378 0
    outer loop
      vertex -0.0333793 0.0110344 0.0238138
      vertex -0.0334387 0.010948 0.01884
      vertex -0.0334387 0.010948 0.0238032
    endloop
  endfacet
  facet normal -0.800613 0.599182 0
    outer loop
      vertex -0.0334387 0.010948 0.0238032
      vertex -0.0334387 0.010948 0.01884
      vertex -0.0334726 0.0109028 0.0237963
    endloop
  endfacet
  facet normal -0.777143 0.629324 0.000435469
    outer loop
      vertex -0.0334387 0.010948 0.01884
      vertex -0.0335705 0.0107853 0.01884
      vertex -0.0334726 0.0109028 0.0237963
    endloop
  endfacet
  facet normal -0.768182 0.640232 0
    outer loop
      vertex -0.0334726 0.0109028 0.0237963
      vertex -0.0335705 0.0107853 0.01884
      vertex -0.0335705 0.0107853 0.0237729
    endloop
  endfacet
  facet normal -0.71757 0.696486 0
    outer loop
      vertex -0.0335705 0.0107853 0.0237729
      vertex -0.0335705 0.0107853 0.01884
      vertex -0.0336748 0.0106779 0.0237421
    endloop
  endfacet
  facet normal -0.707109 0.707104 0.000455447
    outer loop
      vertex -0.0335705 0.0107853 0.01884
      vertex -0.0337185 0.0106373 0.01884
      vertex -0.0336748 0.0106779 0.0237421
    endloop
  endfacet
  facet normal -0.680077 0.733141 -9.22396e-7
    outer loop
      vertex -0.0336748 0.0106779 0.0237421
      vertex -0.0337185 0.0106373 0.01884
      vertex -0.0337187 0.0106371 0.0237273
    endloop
  endfacet
  facet normal -0.65046 0.75954 1.80754e-6
    outer loop
      vertex -0.0337187 0.0106371 0.0237273
      vertex -0.0337185 0.0106373 0.01884
      vertex -0.0337936 0.0105729 0.0236993
    endloop
  endfacet
  facet normal -0.629319 0.777147 0.000561998
    outer loop
      vertex -0.0337185 0.0106373 0.01884
      vertex -0.0338812 0.0105056 0.01884
      vertex -0.0337936 0.0105729 0.0236993
    endloop
  endfacet
  facet normal -0.612623 0.790375 7.78215e-5
    outer loop
      vertex -0.0337936 0.0105729 0.0236993
      vertex -0.0338812 0.0105056 0.01884
      vertex -0.0338702 0.0105136 0.0236671
    endloop
  endfacet
  facet normal -0.568926 0.822389 -7.45279e-5
    outer loop
      vertex -0.0338702 0.0105136 0.0236671
      vertex -0.0338812 0.0105056 0.01884
      vertex -0.0339685 0.0104456 0.0236201
    endloop
  endfacet
  facet normal -0.544643 0.838668 0.000573393
    outer loop
      vertex -0.0338812 0.0105056 0.01884
      vertex -0.0340568 0.0103915 0.01884
      vertex -0.0339685 0.0104456 0.0236201
    endloop
  endfacet
  facet normal -0.522235 0.852801 0
    outer loop
      vertex -0.0339685 0.0104456 0.0236201
      vertex -0.0340568 0.0103915 0.01884
      vertex -0.0340568 0.0103915 0.0235721
    endloop
  endfacet
  facet normal -0.453984 0.89101 0.00012829
    outer loop
      vertex -0.0342433 0.0102965 0.01884
      vertex -0.0342323 0.0103014 0.023458
      vertex -0.0340568 0.0103915 0.01884
    endloop
  endfacet
  facet normal -0.434812 0.900521 0.00104279
    outer loop
      vertex -0.0342323 0.0103014 0.023458
      vertex -0.0341447 0.0103436 0.0235182
      vertex -0.0340568 0.0103915 0.01884
    endloop
  endfacet
  facet normal -0.478146 0.87828 0
    outer loop
      vertex -0.0340568 0.0103915 0.01884
      vertex -0.0341447 0.0103436 0.0235182
      vertex -0.0340568 0.0103915 0.0235721
    endloop
  endfacet
  facet normal -0.258819 0.965926 0
    outer loop
      vertex -0.0344387 0.0102215 0.01884
      vertex -0.0346409 0.0101673 0.01884
      vertex -0.0346409 0.0101673 0.0230608
    endloop
  endfacet
  facet normal -0.233901 0.97226 0.00127503
    outer loop
      vertex -0.0346409 0.0101673 0.0230608
      vertex -0.034543 0.0101907 0.0231783
      vertex -0.0344387 0.0102215 0.01884
    endloop
  endfacet
  facet normal -0.283042 0.959108 0
    outer loop
      vertex -0.034543 0.0101907 0.0231783
      vertex -0.0344387 0.0102215 0.0232857
      vertex -0.0344387 0.0102215 0.01884
    endloop
  endfacet
  facet normal -0.358369 0.93358 0
    outer loop
      vertex -0.0344387 0.0102215 0.01884
      vertex -0.0344387 0.0102215 0.0232857
      vertex -0.0342433 0.0102965 0.01884
    endloop
  endfacet
  facet normal -0.32151 0.946904 0.00184523
    outer loop
      vertex -0.0344387 0.0102215 0.0232857
      vertex -0.034395 0.0102362 0.0233263
      vertex -0.0342433 0.0102965 0.01884
    endloop
  endfacet
  facet normal -0.350158 0.93669 0.000739113
    outer loop
      vertex -0.0342433 0.0102965 0.01884
      vertex -0.034395 0.0102362 0.0233263
      vertex -0.0343203 0.0102641 0.0233903
    endloop
  endfacet
  facet normal -0.148991 0.988838 0.000839024
    outer loop
      vertex -0.0347888 0.0101416 0.02284
      vertex -0.0347342 0.0101498 0.0229292
      vertex -0.0346409 0.0101673 0.01884
    endloop
  endfacet
  facet normal -0.176444 0.984311 0.000193694
    outer loop
      vertex -0.0347342 0.0101498 0.0229292
      vertex -0.0346747 0.0101604 0.0230156
      vertex -0.0346409 0.0101673 0.01884
    endloop
  endfacet
  facet normal -0.199468 0.979904 0
    outer loop
      vertex -0.0346409 0.0101673 0.01884
      vertex -0.0346747 0.0101604 0.0230156
      vertex -0.0346409 0.0101673 0.0230608
    endloop
  endfacet
  facet normal -0.0523356 0.99863 0
    outer loop
      vertex -0.0348477 0.0101345 0.01884
      vertex -0.0350568 0.0101236 0.01884
      vertex -0.0350568 0.0101236 0.02184
    endloop
  endfacet
  facet normal -0.0373437 0.999302 0.000520191
    outer loop
      vertex -0.035013 0.0101241 0.0222558
      vertex -0.0349589 0.010126 0.022458
      vertex -0.0349521 0.0101263 0.0222851
    endloop
  endfacet
  facet normal -0.0661219 0.997811 -0.000612413
    outer loop
      vertex -0.0349589 0.010126 0.022458
      vertex -0.0348838 0.0101311 0.0226535
      vertex -0.0349521 0.0101263 0.0222851
    endloop
  endfacet
  facet normal -0.11229 0.993643 0.00799383
    outer loop
      vertex -0.0349521 0.0101263 0.0222851
      vertex -0.0348838 0.0101311 0.0226535
      vertex -0.0348477 0.0101345 0.0227302
    endloop
  endfacet
  facet normal -0.122637 0.99245 0.00183645
    outer loop
      vertex -0.0347888 0.0101416 0.02284
      vertex -0.0346409 0.0101673 0.01884
      vertex -0.0348477 0.0101345 0.0227302
    endloop
  endfacet
  facet normal -0.156435 0.987688 0
    outer loop
      vertex -0.0346409 0.0101673 0.01884
      vertex -0.0348477 0.0101345 0.01884
      vertex -0.0348477 0.0101345 0.0227302
    endloop
  endfacet
  facet normal -0.0784601 0.996917 0
    outer loop
      vertex -0.0348477 0.0101345 0.0227302
      vertex -0.0348477 0.0101345 0.01884
      vertex -0.0349521 0.0101263 0.0222851
    endloop
  endfacet
  facet normal -0.0321627 0.999482 0.00140887
    outer loop
      vertex -0.0348477 0.0101345 0.01884
      vertex -0.0350568 0.0101236 0.02184
      vertex -0.0349521 0.0101263 0.0222851
    endloop
  endfacet
  facet normal -0.0328963 0.999458 0.00158153
    outer loop
      vertex -0.0349521 0.0101263 0.0222851
      vertex -0.0350568 0.0101236 0.02184
      vertex -0.0350458 0.0101236 0.0220491
    endloop
  endfacet
  facet normal 1 0 0
    outer loop
      vertex -0.00654834 0.0204829 0.0179551
      vertex -0.00654834 0.0224829 0.0179551
      vertex -0.00654834 0.0204829 0.01884
    endloop
  endfacet
  facet normal 1 0 0
    outer loop
      vertex -0.00654834 0.0224829 0.0179551
      vertex -0.00654834 0.0224829 0.02184
      vertex -0.00654834 0.0204829 0.01884
    endloop
  endfacet
  facet normal 1 0 0
    outer loop
      vertex -0.00654834 0.0211009 0.0237421
      vertex -0.00654834 0.0208987 0.0237963
      vertex -0.00654834 0.0204829 0.01884
    endloop
  endfacet
  facet normal 1 0 0
    outer loop
      vertex -0.00654834 0.0224829 0.02184
      vertex -0.00654834 0.0224719 0.0220491
      vertex -0.00654834 0.0204829 0.01884
    endloop
  endfacet
  facet normal 1 0 0
    outer loop
      vertex -0.00654834 0.0224719 0.0220491
      vertex -0.00654834 0.0224392 0.0222558
      vertex -0.00654834 0.0204829 0.01884
    endloop
  endfacet
  facet normal 1 0 0
    outer loop
      vertex -0.00654834 0.0204829 0.01884
      vertex -0.00654834 0.0224392 0.0222558
      vertex -0.00654834 0.022385 0.022458
    endloop
  endfacet
  facet normal 1 0 0
    outer loop
      vertex -0.00654834 0.0104829 0.02384
      vertex -0.00654834 0.0104829 0.01884
      vertex -0.00654834 0.0204829 0.02384
    endloop
  endfacet
  facet normal 1 0 0
    outer loop
      vertex -0.00654834 0.0104829 0.01884
      vertex -0.00654834 0.0204829 0.01884
      vertex -0.00654834 0.0204829 0.02384
    endloop
  endfacet
  facet normal 1 0 0
    outer loop
      vertex -0.00654834 0.0204829 0.02384
      vertex -0.00654834 0.0204829 0.01884
      vertex -0.00654834 0.0206919 0.023829
    endloop
  endfacet
  facet normal 1 0 0
    outer loop
      vertex -0.00654834 0.0204829 0.01884
      vertex -0.00654834 0.0208987 0.0237963
      vertex -0.00654834 0.0206919 0.023829
    endloop
  endfacet
  facet normal 1 0 0
    outer loop
      vertex -0.00654834 0.022385 0.022458
      vertex -0.00654834 0.02231 0.0226535
      vertex -0.00654834 0.0204829 0.01884
    endloop
  endfacet
  facet normal 1 0 0
    outer loop
      vertex -0.00654834 0.02231 0.0226535
      vertex -0.00654834 0.0222149 0.02284
      vertex -0.00654834 0.0204829 0.01884
    endloop
  endfacet
  facet normal 1 0 0
    outer loop
      vertex -0.00654834 0.0204829 0.01884
      vertex -0.00654834 0.0222149 0.02284
      vertex -0.00654834 0.0221009 0.0230156
    endloop
  endfacet
  facet normal 1 0 0
    outer loop
      vertex -0.00654834 0.0221009 0.0230156
      vertex -0.00654834 0.0219692 0.0231783
      vertex -0.00654834 0.0204829 0.01884
    endloop
  endfacet
  facet normal 1 0 0
    outer loop
      vertex -0.00654834 0.0219692 0.0231783
      vertex -0.00654834 0.0218211 0.0233263
      vertex -0.00654834 0.0204829 0.01884
    endloop
  endfacet
  facet normal 1 0 0
    outer loop
      vertex -0.00654834 0.0204829 0.01884
      vertex -0.00654834 0.0218211 0.0233263
      vertex -0.00654834 0.0216585 0.023458
    endloop
  endfacet
  facet normal 1 0 0
    outer loop
      vertex -0.00654834 0.0216585 0.023458
      vertex -0.00654834 0.0214829 0.0235721
      vertex -0.00654834 0.0204829 0.01884
    endloop
  endfacet
  facet normal 1 0 0
    outer loop
      vertex -0.00654834 0.0214829 0.0235721
      vertex -0.00654834 0.0212964 0.0236671
      vertex -0.00654834 0.0204829 0.01884
    endloop
  endfacet
  facet normal 1 0 0
    outer loop
      vertex -0.00654834 0.0204829 0.01884
      vertex -0.00654834 0.0212964 0.0236671
      vertex -0.00654834 0.0211009 0.0237421
    endloop
  endfacet
  facet normal 0.99863 0.0523351 0
    outer loop
      vertex 0.0359432 0.0204829 0.006
      vertex 0.0359432 0.0204829 0
      vertex 0.0359323 0.0206919 0
    endloop
  endfacet
  facet normal 0.99863 0.0523351 0
    outer loop
      vertex 0.0359432 0.0204829 0.006
      vertex 0.0359323 0.0206919 0
      vertex 0.0359323 0.0206919 0.006
    endloop
  endfacet
  facet normal 0.987688 0.156436 0
    outer loop
      vertex 0.0359323 0.0206919 0
      vertex 0.0358995 0.0208987 0
      vertex 0.0359323 0.0206919 0.006
    endloop
  endfacet
  facet normal 0.987688 0.156436 0
    outer loop
      vertex 0.0359323 0.0206919 0.006
      vertex 0.0358995 0.0208987 0
      vertex 0.0358995 0.0208987 0.006
    endloop
  endfacet
  facet normal 0.965923 0.258829 0
    outer loop
      vertex 0.0358995 0.0208987 0
      vertex 0.0358454 0.0211009 0
      vertex 0.0358995 0.0208987 0.006
    endloop
  endfacet
  facet normal 0.965923 0.258829 0
    outer loop
      vertex 0.0358995 0.0208987 0.006
      vertex 0.0358454 0.0211009 0
      vertex 0.0358454 0.0211009 0.006
    endloop
  endfacet
  facet normal 0.933584 0.358358 0
    outer loop
      vertex 0.0358454 0.0211009 0
      vertex 0.0357703 0.0212964 0
      vertex 0.0358454 0.0211009 0.006
    endloop
  endfacet
  facet normal 0.933584 0.358358 0
    outer loop
      vertex 0.0358454 0.0211009 0.006
      vertex 0.0357703 0.0212964 0
      vertex 0.0357703 0.0212964 0.006
    endloop
  endfacet
  facet normal 0.891006 0.453991 0
    outer loop
      vertex 0.0357703 0.0212964 0
      vertex 0.0356753 0.0214829 0
      vertex 0.0357703 0.0212964 0.006
    endloop
  endfacet
  facet normal 0.891006 0.453991 0
    outer loop
      vertex 0.0357703 0.0212964 0.006
      vertex 0.0356753 0.0214829 0
      vertex 0.0356753 0.0214829 0.006
    endloop
  endfacet
  facet normal 0.838665 0.544648 0
    outer loop
      vertex 0.0356753 0.0214829 0
      vertex 0.0355613 0.0216585 0
      vertex 0.0356753 0.0214829 0.006
    endloop
  endfacet
  facet normal 0.838665 0.544648 0
    outer loop
      vertex 0.0356753 0.0214829 0.006
      vertex 0.0355613 0.0216585 0
      vertex 0.0355613 0.0216585 0.006
    endloop
  endfacet
  facet normal 0.777154 0.629311 0
    outer loop
      vertex 0.0355613 0.0216585 0
      vertex 0.0354295 0.0218211 0
      vertex 0.0355613 0.0216585 0.006
    endloop
  endfacet
  facet normal 0.777154 0.629311 0
    outer loop
      vertex 0.0355613 0.0216585 0.006
      vertex 0.0354295 0.0218211 0
      vertex 0.0354295 0.0218211 0.006
    endloop
  endfacet
  facet normal 0.707107 0.707107 0
    outer loop
      vertex 0.0354295 0.0218211 0
      vertex 0.0352815 0.0219692 0
      vertex 0.0354295 0.0218211 0.006
    endloop
  endfacet
  facet normal 0.707107 0.707107 0
    outer loop
      vertex 0.0354295 0.0218211 0.006
      vertex 0.0352815 0.0219692 0
      vertex 0.0352815 0.0219692 0.006
    endloop
  endfacet
  facet normal 0.629322 0.777145 0
    outer loop
      vertex 0.0352815 0.0219692 0
      vertex 0.0351188 0.0221009 0
      vertex 0.0352815 0.0219692 0.006
    endloop
  endfacet
  facet normal 0.629322 0.777145 0
    outer loop
      vertex 0.0352815 0.0219692 0.006
      vertex 0.0351188 0.0221009 0
      vertex 0.0351188 0.0221009 0.006
    endloop
  endfacet
  facet normal 0.544632 0.838675 0
    outer loop
      vertex 0.0351188 0.0221009 0
      vertex 0.0349432 0.0222149 0
      vertex 0.0351188 0.0221009 0.006
    endloop
  endfacet
  facet normal 0.544632 0.838675 0
    outer loop
      vertex 0.0351188 0.0221009 0.006
      vertex 0.0349432 0.0222149 0
      vertex 0.0349432 0.0222149 0.006
    endloop
  endfacet
  facet normal 0.453991 0.891006 0
    outer loop
      vertex 0.0349432 0.0222149 0
      vertex 0.0347567 0.02231 0
      vertex 0.0349432 0.0222149 0.006
    endloop
  endfacet
  facet normal 0.453991 0.891006 0
    outer loop
      vertex 0.0349432 0.0222149 0.006
      vertex 0.0347567 0.02231 0
      vertex 0.0347567 0.02231 0.006
    endloop
  endfacet
  facet normal 0.358373 0.933578 0
    outer loop
      vertex 0.0347567 0.02231 0
      vertex 0.0345613 0.022385 0
      vertex 0.0347567 0.02231 0.006
    endloop
  endfacet
  facet normal 0.358373 0.933578 0
    outer loop
      vertex 0.0347567 0.02231 0.006
      vertex 0.0345613 0.022385 0
      vertex 0.0345613 0.022385 0.006
    endloop
  endfacet
  facet normal 0.25881 0.965928 0
    outer loop
      vertex 0.0345613 0.022385 0
      vertex 0.0343591 0.0224392 0
      vertex 0.0345613 0.022385 0.006
    endloop
  endfacet
  facet normal 0.25881 0.965928 0
    outer loop
      vertex 0.0345613 0.022385 0.006
      vertex 0.0343591 0.0224392 0
      vertex 0.0343591 0.0224392 0.006
    endloop
  endfacet
  facet normal 0.156438 0.987688 0
    outer loop
      vertex 0.0343591 0.0224392 0
      vertex 0.0341523 0.0224719 0
      vertex 0.0343591 0.0224392 0.006
    endloop
  endfacet
  facet normal 0.156438 0.987688 0
    outer loop
      vertex 0.0343591 0.0224392 0.006
      vertex 0.0341523 0.0224719 0
      vertex 0.0341523 0.0224719 0.006
    endloop
  endfacet
  facet normal 0.0523356 0.99863 0
    outer loop
      vertex 0.0341523 0.0224719 0
      vertex 0.0339432 0.0224829 0
      vertex 0.0341523 0.0224719 0.006
    endloop
  endfacet
  facet normal 0.0523356 0.99863 0
    outer loop
      vertex 0.0341523 0.0224719 0.006
      vertex 0.0339432 0.0224829 0
      vertex 0.0339432 0.0224829 0.006
    endloop
  endfacet
  facet normal -0.999301 0.0373775 0.000524647
    outer loop
      vertex -0.0246645 0.022385 0.022458
      vertex -0.0246625 0.0224392 0.0222558
      vertex -0.0246648 0.0223782 0.0222851
    endloop
  endfacet
  facet normal -0.99863 0.0523356 0
    outer loop
      vertex -0.0246621 0.0224829 0.01884
      vertex -0.024673 0.0222738 0.01884
      vertex -0.0246621 0.0224829 0.02184
    endloop
  endfacet
  facet normal -0.999481 0.03217 0.00140836
    outer loop
      vertex -0.024673 0.0222738 0.01884
      vertex -0.0246648 0.0223782 0.0222851
      vertex -0.0246621 0.0224829 0.02184
    endloop
  endfacet
  facet normal -0.999457 0.0329085 0.00158217
    outer loop
      vertex -0.0246621 0.0224829 0.02184
      vertex -0.0246648 0.0223782 0.0222851
      vertex -0.0246621 0.0224719 0.0220491
    endloop
  endfacet
  facet normal -0.999229 0.0390571 0.00402576
    outer loop
      vertex -0.0246648 0.0223782 0.0222851
      vertex -0.0246625 0.0224392 0.0222558
      vertex -0.0246621 0.0224719 0.0220491
    endloop
  endfacet
  facet normal -0.984315 0.176422 0.000194106
    outer loop
      vertex -0.0246989 0.0221009 0.0230156
      vertex -0.0246882 0.0221603 0.0229292
      vertex -0.0247058 0.0220671 0.01884
    endloop
  endfacet
  facet normal -0.988837 0.148998 0.000838799
    outer loop
      vertex -0.0246882 0.0221603 0.0229292
      vertex -0.0246801 0.0222149 0.02284
      vertex -0.0247058 0.0220671 0.01884
    endloop
  endfacet
  facet normal -0.987688 0.156436 0.000556449
    outer loop
      vertex -0.0247058 0.0220671 0.01884
      vertex -0.0246801 0.0222149 0.02284
      vertex -0.024673 0.0222738 0.01884
    endloop
  endfacet
  facet normal -0.992863 0.119264 0
    outer loop
      vertex -0.0246801 0.0222149 0.02284
      vertex -0.024673 0.0222738 0.0227302
      vertex -0.024673 0.0222738 0.01884
    endloop
  endfacet
  facet normal -0.996918 0.0784499 0
    outer loop
      vertex -0.024673 0.0222738 0.01884
      vertex -0.024673 0.0222738 0.0227302
      vertex -0.0246648 0.0223782 0.0222851
    endloop
  endfacet
  facet normal -0.993636 0.112351 0.00801081
    outer loop
      vertex -0.024673 0.0222738 0.0227302
      vertex -0.0246695 0.02231 0.0226535
      vertex -0.0246648 0.0223782 0.0222851
    endloop
  endfacet
  facet normal -0.997811 0.0661251 -0.00060645
    outer loop
      vertex -0.0246648 0.0223782 0.0222851
      vertex -0.0246695 0.02231 0.0226535
      vertex -0.0246645 0.022385 0.022458
    endloop
  endfacet
  facet normal -0.965925 0.25882 0.000631049
    outer loop
      vertex -0.0247599 0.0218648 0.01884
      vertex -0.0247292 0.0219692 0.0231783
      vertex -0.0247058 0.0220671 0.01884
    endloop
  endfacet
  facet normal -0.972608 0.23245 0
    outer loop
      vertex -0.0247292 0.0219692 0.0231783
      vertex -0.0247058 0.0220671 0.0230608
      vertex -0.0247058 0.0220671 0.01884
    endloop
  endfacet
  facet normal -0.979905 0.199464 0
    outer loop
      vertex -0.0247058 0.0220671 0.01884
      vertex -0.0247058 0.0220671 0.0230608
      vertex -0.0246989 0.0221009 0.0230156
    endloop
  endfacet
  facet normal -0.921799 0.387668 0
    outer loop
      vertex -0.024835 0.0216694 0.02345
      vertex -0.0248028 0.021746 0.0233907
      vertex -0.024835 0.0216694 0.01884
    endloop
  endfacet
  facet normal -0.936618 0.350351 0.000732919
    outer loop
      vertex -0.0248028 0.021746 0.0233907
      vertex -0.0247748 0.0218209 0.0233265
      vertex -0.024835 0.0216694 0.01884
    endloop
  endfacet
  facet normal -0.933581 0.358365 0.000421596
    outer loop
      vertex -0.024835 0.0216694 0.01884
      vertex -0.0247748 0.0218209 0.0233265
      vertex -0.0247599 0.0218648 0.01884
    endloop
  endfacet
  facet normal -0.947415 0.320007 0
    outer loop
      vertex -0.0247748 0.0218209 0.0233265
      vertex -0.0247599 0.0218648 0.0232857
      vertex -0.0247599 0.0218648 0.01884
    endloop
  endfacet
  facet normal -0.959105 0.28305 0
    outer loop
      vertex -0.0247599 0.0218648 0.01884
      vertex -0.0247599 0.0218648 0.0232857
      vertex -0.0247292 0.0219692 0.0231783
    endloop
  endfacet
  facet normal -0.90213 0.431465 0
    outer loop
      vertex -0.024835 0.0216694 0.02345
      vertex -0.024835 0.0216694 0.01884
      vertex -0.024882 0.0215711 0.023518
    endloop
  endfacet
  facet normal -0.891008 0.453988 0.000585
    outer loop
      vertex -0.024835 0.0216694 0.01884
      vertex -0.02493 0.0214829 0.01884
      vertex -0.024882 0.0215711 0.023518
    endloop
  endfacet
  facet normal -0.87831 0.478091 0
    outer loop
      vertex -0.024882 0.0215711 0.023518
      vertex -0.02493 0.0214829 0.01884
      vertex -0.02493 0.0214829 0.0235721
    endloop
  endfacet
  facet normal -0.852842 0.522169 0
    outer loop
      vertex -0.02493 0.0214829 0.0235721
      vertex -0.02493 0.0214829 0.01884
      vertex -0.0249839 0.0213949 0.02362
    endloop
  endfacet
  facet normal -0.83867 0.54464 0.00057337
    outer loop
      vertex -0.02493 0.0214829 0.01884
      vertex -0.025044 0.0213073 0.01884
      vertex -0.0249839 0.0213949 0.02362
    endloop
  endfacet
  facet normal -0.824341 0.566093 0
    outer loop
      vertex -0.0249839 0.0213949 0.02362
      vertex -0.025044 0.0213073 0.01884
      vertex -0.025044 0.0213073 0.0236622
    endloop
  endfacet
  facet normal -0.79238 0.610028 0
    outer loop
      vertex -0.025044 0.0213073 0.0236622
      vertex -0.025044 0.0213073 0.01884
      vertex -0.0251118 0.0212193 0.0236995
    endloop
  endfacet
  facet normal -0.777145 0.629321 0.000561799
    outer loop
      vertex -0.025044 0.0213073 0.01884
      vertex -0.0251758 0.0211446 0.01884
      vertex -0.0251118 0.0212193 0.0236995
    endloop
  endfacet
  facet normal -0.759377 0.650651 0
    outer loop
      vertex -0.0251118 0.0212193 0.0236995
      vertex -0.0251758 0.0211446 0.01884
      vertex -0.0251758 0.0211446 0.0237274
    endloop
  endfacet
  facet normal -0.733089 0.680132 0
    outer loop
      vertex -0.0251758 0.0211446 0.0237274
      vertex -0.0251758 0.0211446 0.01884
      vertex -0.0252163 0.0211009 0.0237421
    endloop
  endfacet
  facet normal -0.707107 0.707107 0.000455409
    outer loop
      vertex -0.0251758 0.0211446 0.01884
      vertex -0.0253238 0.0209966 0.01884
      vertex -0.0252163 0.0211009 0.0237421
    endloop
  endfacet
  facet normal -0.696489 0.717567 0
    outer loop
      vertex -0.0252163 0.0211009 0.0237421
      vertex -0.0253238 0.0209966 0.01884
      vertex -0.0253238 0.0209966 0.0237729
    endloop
  endfacet
  facet normal -0.640236 0.768178 0
    outer loop
      vertex -0.0253238 0.0209966 0.0237729
      vertex -0.0253238 0.0209966 0.01884
      vertex -0.0254412 0.0208987 0.0237963
    endloop
  endfacet
  facet normal -0.629322 0.777145 0.000435729
    outer loop
      vertex -0.0253238 0.0209966 0.01884
      vertex -0.0254865 0.0208648 0.01884
      vertex -0.0254412 0.0208987 0.0237963
    endloop
  endfacet
  facet normal -0.599186 0.80061 3.58885e-7
    outer loop
      vertex -0.0254412 0.0208987 0.0237963
      vertex -0.0254865 0.0208648 0.01884
      vertex -0.0254864 0.0208649 0.0238032
    endloop
  endfacet
  facet normal -0.566395 0.824134 -2.9254e-7
    outer loop
      vertex -0.0254864 0.0208649 0.0238032
      vertex -0.0254865 0.0208648 0.01884
      vertex -0.0255729 0.0208055 0.0238138
    endloop
  endfacet
  facet normal -0.544636 0.838673 0.000551242
    outer loop
      vertex -0.0254865 0.0208648 0.01884
      vertex -0.0256621 0.0207508 0.01884
      vertex -0.0255729 0.0208055 0.0238138
    endloop
  endfacet
  facet normal -0.522462 0.852663 0
    outer loop
      vertex -0.0255729 0.0208055 0.0238138
      vertex -0.0256621 0.0207508 0.01884
      vertex -0.0256621 0.0207508 0.023822
    endloop
  endfacet
  facet normal -0.472796 0.881172 0
    outer loop
      vertex -0.0256621 0.0207508 0.023822
      vertex -0.0256621 0.0207508 0.01884
      vertex -0.0257718 0.0206919 0.023829
    endloop
  endfacet
  facet normal -0.453995 0.891004 0.000529693
    outer loop
      vertex -0.0256621 0.0207508 0.01884
      vertex -0.0258486 0.0206558 0.01884
      vertex -0.0257718 0.0206919 0.023829
    endloop
  endfacet
  facet normal -0.426024 0.904712 0
    outer loop
      vertex -0.0257718 0.0206919 0.023829
      vertex -0.0258486 0.0206558 0.01884
      vertex -0.0258486 0.0206558 0.0238325
    endloop
  endfacet
  facet normal -0.358368 0.93358 0
    outer loop
      vertex -0.0258486 0.0206558 0.01884
      vertex -0.026044 0.0205808 0.01884
      vertex -0.0258486 0.0206558 0.0238325
    endloop
  endfacet
  facet normal -0.358368 0.93358 0
    outer loop
      vertex -0.0258486 0.0206558 0.0238325
      vertex -0.026044 0.0205808 0.01884
      vertex -0.026044 0.0205808 0.0238376
    endloop
  endfacet
  facet normal -0.25882 0.965925 0
    outer loop
      vertex -0.026044 0.0205808 0.01884
      vertex -0.0262462 0.0205266 0.01884
      vertex -0.026044 0.0205808 0.0238376
    endloop
  endfacet
  facet normal -0.25882 0.965925 0
    outer loop
      vertex -0.026044 0.0205808 0.0238376
      vertex -0.0262462 0.0205266 0.01884
      vertex -0.0262462 0.0205266 0.0238395
    endloop
  endfacet
  facet normal -0.156436 0.987688 0
    outer loop
      vertex -0.0262462 0.0205266 0.01884
      vertex -0.026453 0.0204938 0.01884
      vertex -0.0262462 0.0205266 0.0238395
    endloop
  endfacet
  facet normal -0.156436 0.987688 0
    outer loop
      vertex -0.0262462 0.0205266 0.0238395
      vertex -0.026453 0.0204938 0.01884
      vertex -0.026453 0.0204938 0.02384
    endloop
  endfacet
  facet normal -0.0523351 0.99863 0
    outer loop
      vertex -0.026453 0.0204938 0.01884
      vertex -0.0266621 0.0204829 0.01884
      vertex -0.026453 0.0204938 0.02384
    endloop
  endfacet
  facet normal -0.0523351 0.99863 0
    outer loop
      vertex -0.026453 0.0204938 0.02384
      vertex -0.0266621 0.0204829 0.01884
      vertex -0.0266621 0.0204829 0.02384
    endloop
  endfacet
  facet normal -0.0523356 -0.99863 0
    outer loop
      vertex -0.0330568 -0.0235171 0
      vertex -0.0330568 -0.0235171 0.006
      vertex -0.0332658 -0.0235062 0.006
    endloop
  endfacet
  facet normal -0.0523356 -0.99863 0
    outer loop
      vertex -0.0330568 -0.0235171 0
      vertex -0.0332658 -0.0235062 0.006
      vertex -0.0332658 -0.0235062 0
    endloop
  endfacet
  facet normal -0.156435 -0.987688 0
    outer loop
      vertex -0.0332658 -0.0235062 0.006
      vertex -0.0334726 -0.0234734 0.006
      vertex -0.0332658 -0.0235062 0
    endloop
  endfacet
  facet normal -0.156435 -0.987688 0
    outer loop
      vertex -0.0332658 -0.0235062 0
      vertex -0.0334726 -0.0234734 0.006
      vertex -0.0334726 -0.0234734 0
    endloop
  endfacet
  facet normal -0.258823 -0.965925 0
    outer loop
      vertex -0.0334726 -0.0234734 0.006
      vertex -0.0336748 -0.0234192 0.006
      vertex -0.0334726 -0.0234734 0
    endloop
  endfacet
  facet normal -0.258823 -0.965925 0
    outer loop
      vertex -0.0334726 -0.0234734 0
      vertex -0.0336748 -0.0234192 0.006
      vertex -0.0336748 -0.0234192 0
    endloop
  endfacet
  facet normal -0.358365 -0.933581 0
    outer loop
      vertex -0.0336748 -0.0234192 0.006
      vertex -0.0338702 -0.0233442 0.006
      vertex -0.0336748 -0.0234192 0
    endloop
  endfacet
  facet normal -0.358365 -0.933581 0
    outer loop
      vertex -0.0336748 -0.0234192 0
      vertex -0.0338702 -0.0233442 0.006
      vertex -0.0338702 -0.0233442 0
    endloop
  endfacet
  facet normal -0.453991 -0.891006 0
    outer loop
      vertex -0.0338702 -0.0233442 0.006
      vertex -0.0340568 -0.0232492 0.006
      vertex -0.0338702 -0.0233442 0
    endloop
  endfacet
  facet normal -0.453991 -0.891006 0
    outer loop
      vertex -0.0338702 -0.0233442 0
      vertex -0.0340568 -0.0232492 0.006
      vertex -0.0340568 -0.0232492 0
    endloop
  endfacet
  facet normal -0.544638 -0.838671 0
    outer loop
      vertex -0.0340568 -0.0232492 0.006
      vertex -0.0342323 -0.0231352 0.006
      vertex -0.0340568 -0.0232492 0
    endloop
  endfacet
  facet normal -0.544638 -0.838671 0
    outer loop
      vertex -0.0340568 -0.0232492 0
      vertex -0.0342323 -0.0231352 0.006
      vertex -0.0342323 -0.0231352 0
    endloop
  endfacet
  facet normal -0.629316 -0.777149 0
    outer loop
      vertex -0.0342323 -0.0231352 0.006
      vertex -0.034395 -0.0230034 0.006
      vertex -0.0342323 -0.0231352 0
    endloop
  endfacet
  facet normal -0.629316 -0.777149 0
    outer loop
      vertex -0.0342323 -0.0231352 0
      vertex -0.034395 -0.0230034 0.006
      vertex -0.034395 -0.0230034 0
    endloop
  endfacet
  facet normal -0.707111 -0.707102 0
    outer loop
      vertex -0.034395 -0.0230034 0.006
      vertex -0.034543 -0.0228554 0.006
      vertex -0.034395 -0.0230034 0
    endloop
  endfacet
  facet normal -0.707111 -0.707102 0
    outer loop
      vertex -0.034395 -0.0230034 0
      vertex -0.034543 -0.0228554 0.006
      vertex -0.034543 -0.0228554 0
    endloop
  endfacet
  facet normal -0.777141 -0.629326 0
    outer loop
      vertex -0.034543 -0.0228554 0.006
      vertex -0.0346748 -0.0226927 0.006
      vertex -0.034543 -0.0228554 0
    endloop
  endfacet
  facet normal -0.777141 -0.629326 0
    outer loop
      vertex -0.034543 -0.0228554 0
      vertex -0.0346748 -0.0226927 0.006
      vertex -0.0346748 -0.0226927 0
    endloop
  endfacet
  facet normal -0.838673 -0.544636 0
    outer loop
      vertex -0.0346748 -0.0226927 0.006
      vertex -0.0347888 -0.0225171 0.006
      vertex -0.0346748 -0.0226927 0
    endloop
  endfacet
  facet normal -0.838673 -0.544636 0
    outer loop
      vertex -0.0346748 -0.0226927 0
      vertex -0.0347888 -0.0225171 0.006
      vertex -0.0347888 -0.0225171 0
    endloop
  endfacet
  facet normal -0.891008 -0.453988 0
    outer loop
      vertex -0.0347888 -0.0225171 0.006
      vertex -0.0348838 -0.0223306 0.006
      vertex -0.0347888 -0.0225171 0
    endloop
  endfacet
  facet normal -0.891008 -0.453988 0
    outer loop
      vertex -0.0347888 -0.0225171 0
      vertex -0.0348838 -0.0223306 0.006
      vertex -0.0348838 -0.0223306 0
    endloop
  endfacet
  facet normal -0.933578 -0.358373 0
    outer loop
      vertex -0.0348838 -0.0223306 0.006
      vertex -0.0349589 -0.0221352 0.006
      vertex -0.0348838 -0.0223306 0
    endloop
  endfacet
  facet normal -0.933578 -0.358373 0
    outer loop
      vertex -0.0348838 -0.0223306 0
      vertex -0.0349589 -0.0221352 0.006
      vertex -0.0349589 -0.0221352 0
    endloop
  endfacet
  facet normal -0.965928 -0.258812 0
    outer loop
      vertex -0.0349589 -0.0221352 0.006
      vertex -0.035013 -0.0219329 0.006
      vertex -0.0349589 -0.0221352 0
    endloop
  endfacet
  facet normal -0.965928 -0.258812 0
    outer loop
      vertex -0.0349589 -0.0221352 0
      vertex -0.035013 -0.0219329 0.006
      vertex -0.035013 -0.0219329 0
    endloop
  endfacet
  facet normal -0.987688 -0.156436 0
    outer loop
      vertex -0.035013 -0.0219329 0.006
      vertex -0.0350458 -0.0217262 0.006
      vertex -0.035013 -0.0219329 0
    endloop
  endfacet
  facet normal -0.987688 -0.156436 0
    outer loop
      vertex -0.035013 -0.0219329 0
      vertex -0.0350458 -0.0217262 0.006
      vertex -0.0350458 -0.0217262 0
    endloop
  endfacet
  facet normal -0.99863 -0.0523356 0
    outer loop
      vertex -0.0350458 -0.0217262 0.006
      vertex -0.0350568 -0.0215171 0.006
      vertex -0.0350458 -0.0217262 0
    endloop
  endfacet
  facet normal -0.99863 -0.0523356 0
    outer loop
      vertex -0.0350458 -0.0217262 0
      vertex -0.0350568 -0.0215171 0.006
      vertex -0.0350568 -0.0215171 0
    endloop
  endfacet
  facet normal -0.0373612 -0.999302 0.000524885
    outer loop
      vertex -0.0349589 -0.0138472 0.022458
      vertex -0.035013 -0.0138453 0.0222558
      vertex -0.0349521 -0.0138476 0.0222851
    endloop
  endfacet
  facet normal -0.05234 -0.998629 0
    outer loop
      vertex -0.0350568 -0.0138448 0.01884
      vertex -0.0348477 -0.0138558 0.01884
      vertex -0.0350568 -0.0138448 0.02184
    endloop
  endfacet
  facet normal -0.0321706 -0.999481 0.00140863
    outer loop
      vertex -0.0348477 -0.0138558 0.01884
      vertex -0.0349521 -0.0138476 0.0222851
      vertex -0.0350568 -0.0138448 0.02184
    endloop
  endfacet
  facet normal -0.0328834 -0.999458 0.0015764
    outer loop
      vertex -0.0350568 -0.0138448 0.02184
      vertex -0.0349521 -0.0138476 0.0222851
      vertex -0.0350458 -0.0138449 0.0220491
    endloop
  endfacet
  facet normal -0.0390394 -0.99923 0.00402294
    outer loop
      vertex -0.0349521 -0.0138476 0.0222851
      vertex -0.035013 -0.0138453 0.0222558
      vertex -0.0350458 -0.0138449 0.0220491
    endloop
  endfacet
  facet normal -0.176417 -0.984316 0.000194073
    outer loop
      vertex -0.0346748 -0.0138817 0.0230156
      vertex -0.0347342 -0.013871 0.0229292
      vertex -0.0346409 -0.0138885 0.01884
    endloop
  endfacet
  facet normal -0.148987 -0.988839 0.000838928
    outer loop
      vertex -0.0347342 -0.013871 0.0229292
      vertex -0.0347888 -0.0138629 0.02284
      vertex -0.0346409 -0.0138885 0.01884
    endloop
  endfacet
  facet normal -0.156431 -0.987689 0.000556363
    outer loop
      vertex -0.0346409 -0.0138885 0.01884
      vertex -0.0347888 -0.0138629 0.02284
      vertex -0.0348477 -0.0138558 0.01884
    endloop
  endfacet
  facet normal -0.119264 -0.992863 0
    outer loop
      vertex -0.0347888 -0.0138629 0.02284
      vertex -0.0348477 -0.0138558 0.0227302
      vertex -0.0348477 -0.0138558 0.01884
    endloop
  endfacet
  facet normal -0.0784601 -0.996917 0
    outer loop
      vertex -0.0348477 -0.0138558 0.01884
      vertex -0.0348477 -0.0138558 0.0227302
      vertex -0.0349521 -0.0138476 0.0222851
    endloop
  endfacet
  facet normal -0.112341 -0.993637 0.00800574
    outer loop
      vertex -0.0348477 -0.0138558 0.0227302
      vertex -0.0348838 -0.0138523 0.0226535
      vertex -0.0349521 -0.0138476 0.0222851
    endloop
  endfacet
  facet normal -0.0661346 -0.997811 -0.000607537
    outer loop
      vertex -0.0349521 -0.0138476 0.0222851
      vertex -0.0348838 -0.0138523 0.0226535
      vertex -0.0349589 -0.0138472 0.022458
    endloop
  endfacet
  facet normal -0.258823 -0.965925 0.000630784
    outer loop
      vertex -0.0344387 -0.0139427 0.01884
      vertex -0.034543 -0.0139119 0.0231783
      vertex -0.0346409 -0.0138885 0.01884
    endloop
  endfacet
  facet normal -0.232463 -0.972605 0
    outer loop
      vertex -0.034543 -0.0139119 0.0231783
      vertex -0.0346409 -0.0138885 0.0230608
      vertex -0.0346409 -0.0138885 0.01884
    endloop
  endfacet
  facet normal -0.199453 -0.979907 0
    outer loop
      vertex -0.0346409 -0.0138885 0.01884
      vertex -0.0346409 -0.0138885 0.0230608
      vertex -0.0346748 -0.0138817 0.0230156
    endloop
  endfacet
  facet normal -0.387676 -0.921796 0
    outer loop
      vertex -0.0342433 -0.0140177 0.02345
      vertex -0.0343199 -0.0139855 0.0233907
      vertex -0.0342433 -0.0140177 0.01884
    endloop
  endfacet
  facet normal -0.350336 -0.936624 0.000733354
    outer loop
      vertex -0.0343199 -0.0139855 0.0233907
      vertex -0.0343948 -0.0139576 0.0233265
      vertex -0.0342433 -0.0140177 0.01884
    endloop
  endfacet
  facet normal -0.358365 -0.933581 0.000421447
    outer loop
      vertex -0.0342433 -0.0140177 0.01884
      vertex -0.0343948 -0.0139576 0.0233265
      vertex -0.0344387 -0.0139427 0.01884
    endloop
  endfacet
  facet normal -0.320019 -0.947411 0
    outer loop
      vertex -0.0343948 -0.0139576 0.0233265
      vertex -0.0344387 -0.0139427 0.0232857
      vertex -0.0344387 -0.0139427 0.01884
    endloop
  endfacet
  facet normal -0.283042 -0.959108 0
    outer loop
      vertex -0.0344387 -0.0139427 0.01884
      vertex -0.0344387 -0.0139427 0.0232857
      vertex -0.034543 -0.0139119 0.0231783
    endloop
  endfacet
  facet normal -0.431465 -0.90213 0
    outer loop
      vertex -0.0342433 -0.0140177 0.02345
      vertex -0.0342433 -0.0140177 0.01884
      vertex -0.034145 -0.0140648 0.023518
    endloop
  endfacet
  facet normal -0.453988 -0.891008 0.000585001
    outer loop
      vertex -0.0342433 -0.0140177 0.01884
      vertex -0.0340568 -0.0141128 0.01884
      vertex -0.034145 -0.0140648 0.023518
    endloop
  endfacet
  facet normal -0.478091 -0.87831 0
    outer loop
      vertex -0.034145 -0.0140648 0.023518
      vertex -0.0340568 -0.0141128 0.01884
      vertex -0.0340568 -0.0141128 0.0235721
    endloop
  endfacet
  facet normal -0.522177 -0.852837 0
    outer loop
      vertex -0.0340568 -0.0141128 0.0235721
      vertex -0.0340568 -0.0141128 0.01884
      vertex -0.0339688 -0.0141667 0.02362
    endloop
  endfacet
  facet normal -0.54464 -0.83867 0.000573158
    outer loop
      vertex -0.0340568 -0.0141128 0.01884
      vertex -0.0338812 -0.0142268 0.01884
      vertex -0.0339688 -0.0141667 0.02362
    endloop
  endfacet
  facet normal -0.566085 -0.824347 0
    outer loop
      vertex -0.0339688 -0.0141667 0.02362
      vertex -0.0338812 -0.0142268 0.01884
      vertex -0.0338812 -0.0142268 0.0236622
    endloop
  endfacet
  facet normal -0.610031 -0.792377 0
    outer loop
      vertex -0.0338812 -0.0142268 0.0236622
      vertex -0.0338812 -0.0142268 0.01884
      vertex -0.0337932 -0.0142946 0.0236995
    endloop
  endfacet
  facet normal -0.629321 -0.777145 0.000561706
    outer loop
      vertex -0.0338812 -0.0142268 0.01884
      vertex -0.0337185 -0.0143586 0.01884
      vertex -0.0337932 -0.0142946 0.0236995
    endloop
  endfacet
  facet normal -0.650647 -0.75938 0
    outer loop
      vertex -0.0337932 -0.0142946 0.0236995
      vertex -0.0337185 -0.0143586 0.01884
      vertex -0.0337185 -0.0143586 0.0237274
    endloop
  endfacet
  facet normal -0.680124 -0.733097 0
    outer loop
      vertex -0.0337185 -0.0143586 0.0237274
      vertex -0.0337185 -0.0143586 0.01884
      vertex -0.0336748 -0.0143991 0.0237421
    endloop
  endfacet
  facet normal -0.707107 -0.707107 0.000455543
    outer loop
      vertex -0.0337185 -0.0143586 0.01884
      vertex -0.0335705 -0.0145066 0.01884
      vertex -0.0336748 -0.0143991 0.0237421
    endloop
  endfacet
  facet normal -0.71757 -0.696486 0
    outer loop
      vertex -0.0336748 -0.0143991 0.0237421
      vertex -0.0335705 -0.0145066 0.01884
      vertex -0.0335705 -0.0145066 0.0237729
    endloop
  endfacet
  facet normal -0.768182 -0.640232 0
    outer loop
      vertex -0.0335705 -0.0145066 0.0237729
      vertex -0.0335705 -0.0145066 0.01884
      vertex -0.0334726 -0.014624 0.0237963
    endloop
  endfacet
  facet normal -0.777145 -0.629322 0.000435555
    outer loop
      vertex -0.0335705 -0.0145066 0.01884
      vertex -0.0334387 -0.0146693 0.01884
      vertex -0.0334726 -0.014624 0.0237963
    endloop
  endfacet
  facet normal -0.80061 -0.599186 1.70858e-7
    outer loop
      vertex -0.0334726 -0.014624 0.0237963
      vertex -0.0334387 -0.0146693 0.01884
      vertex -0.0334388 -0.0146692 0.0238032
    endloop
  endfacet
  facet normal -0.824134 -0.566395 -4.95549e-7
    outer loop
      vertex -0.0334388 -0.0146692 0.0238032
      vertex -0.0334387 -0.0146693 0.01884
      vertex -0.0333793 -0.0147557 0.0238138
    endloop
  endfacet
  facet normal -0.838671 -0.544638 0.000550979
    outer loop
      vertex -0.0334387 -0.0146693 0.01884
      vertex -0.0333247 -0.0148448 0.01884
      vertex -0.0333793 -0.0147557 0.0238138
    endloop
  endfacet
  facet normal -0.852655 -0.522475 0
    outer loop
      vertex -0.0333793 -0.0147557 0.0238138
      vertex -0.0333247 -0.0148448 0.01884
      vertex -0.0333247 -0.0148448 0.023822
    endloop
  endfacet
  facet normal -0.881174 -0.472793 0
    outer loop
      vertex -0.0333247 -0.0148448 0.023822
      vertex -0.0333247 -0.0148448 0.01884
      vertex -0.0332658 -0.0149546 0.023829
    endloop
  endfacet
  facet normal -0.891008 -0.453988 0.000529806
    outer loop
      vertex -0.0333247 -0.0148448 0.01884
      vertex -0.0332297 -0.0150314 0.01884
      vertex -0.0332658 -0.0149546 0.023829
    endloop
  endfacet
  facet normal -0.904718 -0.426011 0
    outer loop
      vertex -0.0332658 -0.0149546 0.023829
      vertex -0.0332297 -0.0150314 0.01884
      vertex -0.0332297 -0.0150314 0.0238325
    endloop
  endfacet
  facet normal -0.933578 -0.358375 0
    outer loop
      vertex -0.0332297 -0.0150314 0.01884
      vertex -0.0331546 -0.0152268 0.01884
      vertex -0.0332297 -0.0150314 0.0238325
    endloop
  endfacet
  facet normal -0.933578 -0.358375 0
    outer loop
      vertex -0.0332297 -0.0150314 0.0238325
      vertex -0.0331546 -0.0152268 0.01884
      vertex -0.0331546 -0.0152268 0.0238376
    endloop
  endfacet
  facet normal -0.965928 -0.258812 0
    outer loop
      vertex -0.0331546 -0.0152268 0.01884
      vertex -0.0331005 -0.015429 0.01884
      vertex -0.0331546 -0.0152268 0.0238376
    endloop
  endfacet
  facet normal -0.965928 -0.258812 0
    outer loop
      vertex -0.0331546 -0.0152268 0.0238376
      vertex -0.0331005 -0.015429 0.01884
      vertex -0.0331005 -0.015429 0.0238395
    endloop
  endfacet
  facet normal -0.987688 -0.156436 0
    outer loop
      vertex -0.0331005 -0.015429 0.01884
      vertex -0.0330677 -0.0156358 0.01884
      vertex -0.0331005 -0.015429 0.0238395
    endloop
  endfacet
  facet normal -0.987688 -0.156436 0
    outer loop
      vertex -0.0331005 -0.015429 0.0238395
      vertex -0.0330677 -0.0156358 0.01884
      vertex -0.0330677 -0.0156358 0.02384
    endloop
  endfacet
  facet normal -0.99863 -0.0523351 0
    outer loop
      vertex -0.0330677 -0.0156358 0.01884
      vertex -0.0330568 -0.0158448 0.01884
      vertex -0.0330677 -0.0156358 0.02384
    endloop
  endfacet
  facet normal -0.99863 -0.0523351 0
    outer loop
      vertex -0.0330677 -0.0156358 0.02384
      vertex -0.0330568 -0.0158448 0.01884
      vertex -0.0330568 -0.0158448 0.02384
    endloop
  endfacet
  facet normal -1 0 0
    outer loop
      vertex -0.0330568 -0.0195171 0.02384
      vertex -0.0330568 -0.0158448 0.02384
      vertex -0.0330568 -0.0195171 0.01884
    endloop
  endfacet
  facet normal -1 0 0
    outer loop
      vertex -0.0330568 -0.0158448 0.02384
      vertex -0.0330568 -0.0158448 0.01884
      vertex -0.0330568 -0.0195171 0.01884
    endloop
  endfacet
  facet normal -1 0 0
    outer loop
      vertex -0.0330568 0.0121236 0.02384
      vertex -0.0330568 0.0184829 0.02384
      vertex -0.0330568 0.0121236 0.01884
    endloop
  endfacet
  facet normal -1 0 0
    outer loop
      vertex -0.0330568 0.0184829 0.02384
      vertex -0.0330568 0.0184829 0.01884
      vertex -0.0330568 0.0121236 0.01884
    endloop
  endfacet
  facet normal 0 -1 0
    outer loop
      vertex -0.0266621 -0.0215171 0.02384
      vertex -0.0310568 -0.0215171 0.02384
      vertex -0.0266621 -0.0215171 0.01884
    endloop
  endfacet
  facet normal 0 -1 0
    outer loop
      vertex -0.0310568 -0.0215171 0.02384
      vertex -0.0310568 -0.0215171 0.01884
      vertex -0.0266621 -0.0215171 0.01884
    endloop
  endfacet
  facet normal 0 -1 0
    outer loop
      vertex -0.0330568 -0.0138448 0.006
      vertex -0.0330568 -0.0138448 0.01884
      vertex -0.0331568 -0.0138448 0.006
    endloop
  endfacet
  facet normal 0 -1 0
    outer loop
      vertex -0.0330568 -0.0138448 0.01884
      vertex -0.0350568 -0.0138448 0.01884
      vertex -0.0331568 -0.0138448 0.006
    endloop
  endfacet
  facet normal 0 -1 0
    outer loop
      vertex -0.0331568 -0.0138448 0.006
      vertex -0.0350568 -0.0138448 0.01884
      vertex -0.0350568 -0.0138448 0.006
    endloop
  endfacet
  facet normal 0 0 -1
    outer loop
      vertex -0.0330568 -0.0111933 0.006
      vertex -0.0330568 -0.0138448 0.006
      vertex -0.0331568 -0.0111933 0.006
    endloop
  endfacet
  facet normal 0 0 -1
    outer loop
      vertex -0.0330568 -0.0138448 0.006
      vertex -0.0331568 -0.0138448 0.006
      vertex -0.0331568 -0.0111933 0.006
    endloop
  endfacet
  facet normal 0 1 0
    outer loop
      vertex -0.0350568 0.0101236 0.006
      vertex -0.0350568 0.0101236 0.01884
      vertex -0.0331568 0.0101236 0.006
    endloop
  endfacet
  facet normal 0 1 0
    outer loop
      vertex -0.0350568 0.0101236 0.01884
      vertex -0.0330568 0.0101236 0.01884
      vertex -0.0331568 0.0101236 0.006
    endloop
  endfacet
  facet normal 0 1 0
    outer loop
      vertex -0.0331568 0.0101236 0.006
      vertex -0.0330568 0.0101236 0.01884
      vertex -0.0330568 0.0101236 0.006
    endloop
  endfacet
  facet normal 0 1 0
    outer loop
      vertex 0.0275485 -0.0215171 0.0179551
      vertex 0.0275485 -0.0215171 0.006
      vertex -0.00654834 -0.0215171 0.0179551
    endloop
  endfacet
  facet normal 0 1 0
    outer loop
      vertex 0.0275485 -0.0215171 0.006
      vertex -0.0246621 -0.0215171 0.006
      vertex -0.00654834 -0.0215171 0.0179551
    endloop
  endfacet
  facet normal 0 1 0
    outer loop
      vertex -0.00654834 -0.0215171 0.0179551
      vertex -0.0246621 -0.0215171 0.006
      vertex -0.00654834 -0.0215171 0.01884
    endloop
  endfacet
  facet normal 0 1 0
    outer loop
      vertex -0.0246621 -0.0215171 0.006
      vertex -0.0246621 -0.0215171 0.01884
      vertex -0.00654834 -0.0215171 0.01884
    endloop
  endfacet
  facet normal -1 0 0
    outer loop
      vertex -0.0246621 -0.0235171 0.006
      vertex -0.0246621 -0.0235171 0.01884
      vertex -0.0246621 -0.0216171 0.006
    endloop
  endfacet
  facet normal -1 0 0
    outer loop
      vertex -0.0246621 -0.0235171 0.01884
      vertex -0.0246621 -0.0215171 0.01884
      vertex -0.0246621 -0.0216171 0.006
    endloop
  endfacet
  facet normal -1 0 0
    outer loop
      vertex -0.0246621 -0.0216171 0.006
      vertex -0.0246621 -0.0215171 0.01884
      vertex -0.0246621 -0.0215171 0.006
    endloop
  endfacet
  facet normal 1 0 0
    outer loop
      vertex -0.0331568 0.00766075 0.006
      vertex -0.0331568 0.0076761 0.001
      vertex -0.0331568 0.0101236 0.006
    endloop
  endfacet
  facet normal 1 0 0
    outer loop
      vertex -0.0331568 0.0076761 0.001
      vertex -0.0331568 0.0205829 0.001
      vertex -0.0331568 0.0101236 0.006
    endloop
  endfacet
  facet normal 1 0 0
    outer loop
      vertex -0.0331568 0.0101236 0.006
      vertex -0.0331568 0.0205829 0.001
      vertex -0.0331568 0.0205829 0.006
    endloop
  endfacet
  facet normal 1 0 0
    outer loop
      vertex 0.0359432 0.00767917 0
      vertex 0.0359432 0.0204829 0
      vertex 0.0359432 0.00766075 0.006
    endloop
  endfacet
  facet normal 1 0 0
    outer loop
      vertex 0.0359432 0.0204829 0
      vertex 0.0359432 0.0204829 0.006
      vertex 0.0359432 0.00766075 0.006
    endloop
  endfacet
  facet normal -1 0 0
    outer loop
      vertex 0.0340432 0.0205829 0.006
      vertex 0.0340432 0.0205829 0.001
      vertex 0.0340432 0.00766075 0.006
    endloop
  endfacet
  facet normal -1 0 0
    outer loop
      vertex 0.0340432 0.0205829 0.001
      vertex 0.0340432 0.0076761 0.001
      vertex 0.0340432 0.00766075 0.006
    endloop
  endfacet
  facet normal -0.99863 -0.0523351 0
    outer loop
      vertex -0.0330568 -0.0195171 0.02384
      vertex -0.0330568 -0.0195171 0.01884
      vertex -0.0330458 -0.0197262 0.01884
    endloop
  endfacet
  facet normal -0.99863 -0.0523351 0
    outer loop
      vertex -0.0330568 -0.0195171 0.02384
      vertex -0.0330458 -0.0197262 0.01884
      vertex -0.0330458 -0.0197262 0.02384
    endloop
  endfacet
  facet normal -0.987688 -0.156436 0
    outer loop
      vertex -0.0330458 -0.0197262 0.01884
      vertex -0.033013 -0.0199329 0.01884
      vertex -0.0330458 -0.0197262 0.02384
    endloop
  endfacet
  facet normal -0.987688 -0.156436 0
    outer loop
      vertex -0.0330458 -0.0197262 0.02384
      vertex -0.033013 -0.0199329 0.01884
      vertex -0.033013 -0.0199329 0.02384
    endloop
  endfacet
  facet normal -0.965928 -0.258812 0
    outer loop
      vertex -0.033013 -0.0199329 0.01884
      vertex -0.0329589 -0.0201352 0.01884
      vertex -0.033013 -0.0199329 0.02384
    endloop
  endfacet
  facet normal -0.965928 -0.258812 0
    outer loop
      vertex -0.033013 -0.0199329 0.02384
      vertex -0.0329589 -0.0201352 0.01884
      vertex -0.0329589 -0.0201352 0.02384
    endloop
  endfacet
  facet normal -0.933577 -0.358376 0
    outer loop
      vertex -0.0329589 -0.0201352 0.01884
      vertex -0.0328838 -0.0203306 0.01884
      vertex -0.0329589 -0.0201352 0.02384
    endloop
  endfacet
  facet normal -0.933577 -0.358376 0
    outer loop
      vertex -0.0329589 -0.0201352 0.02384
      vertex -0.0328838 -0.0203306 0.01884
      vertex -0.0328838 -0.0203306 0.02384
    endloop
  endfacet
  facet normal -0.891008 -0.453988 0
    outer loop
      vertex -0.0328838 -0.0203306 0.01884
      vertex -0.0327888 -0.0205171 0.01884
      vertex -0.0328838 -0.0203306 0.02384
    endloop
  endfacet
  facet normal -0.891008 -0.453988 0
    outer loop
      vertex -0.0328838 -0.0203306 0.02384
      vertex -0.0327888 -0.0205171 0.01884
      vertex -0.0327888 -0.0205171 0.02384
    endloop
  endfacet
  facet normal -0.838673 -0.544636 0
    outer loop
      vertex -0.0327888 -0.0205171 0.01884
      vertex -0.0326748 -0.0206927 0.01884
      vertex -0.0327888 -0.0205171 0.02384
    endloop
  endfacet
  facet normal -0.838673 -0.544636 0
    outer loop
      vertex -0.0327888 -0.0205171 0.02384
      vertex -0.0326748 -0.0206927 0.01884
      vertex -0.0326748 -0.0206927 0.02384
    endloop
  endfacet
  facet normal -0.777145 -0.629322 0
    outer loop
      vertex -0.0326748 -0.0206927 0.01884
      vertex -0.032543 -0.0208554 0.01884
      vertex -0.0326748 -0.0206927 0.02384
    endloop
  endfacet
  facet normal -0.777145 -0.629322 0
    outer loop
      vertex -0.0326748 -0.0206927 0.02384
      vertex -0.032543 -0.0208554 0.01884
      vertex -0.032543 -0.0208554 0.02384
    endloop
  endfacet
  facet normal -0.707107 -0.707107 0
    outer loop
      vertex -0.032543 -0.0208554 0.01884
      vertex -0.032395 -0.0210034 0.01884
      vertex -0.032543 -0.0208554 0.02384
    endloop
  endfacet
  facet normal -0.707107 -0.707107 0
    outer loop
      vertex -0.032543 -0.0208554 0.02384
      vertex -0.032395 -0.0210034 0.01884
      vertex -0.032395 -0.0210034 0.02384
    endloop
  endfacet
  facet normal -0.629316 -0.777149 0
    outer loop
      vertex -0.032395 -0.0210034 0.01884
      vertex -0.0322323 -0.0211352 0.01884
      vertex -0.032395 -0.0210034 0.02384
    endloop
  endfacet
  facet normal -0.629316 -0.777149 0
    outer loop
      vertex -0.032395 -0.0210034 0.02384
      vertex -0.0322323 -0.0211352 0.01884
      vertex -0.0322323 -0.0211352 0.02384
    endloop
  endfacet
  facet normal -0.544646 -0.838666 0
    outer loop
      vertex -0.0322323 -0.0211352 0.01884
      vertex -0.0320568 -0.0212492 0.01884
      vertex -0.0322323 -0.0211352 0.02384
    endloop
  endfacet
  facet normal -0.544646 -0.838666 0
    outer loop
      vertex -0.0322323 -0.0211352 0.02384
      vertex -0.0320568 -0.0212492 0.01884
      vertex -0.0320568 -0.0212492 0.02384
    endloop
  endfacet
  facet normal -0.453984 -0.89101 0
    outer loop
      vertex -0.0320568 -0.0212492 0.01884
      vertex -0.0318702 -0.0213442 0.01884
      vertex -0.0320568 -0.0212492 0.02384
    endloop
  endfacet
  facet normal -0.453984 -0.89101 0
    outer loop
      vertex -0.0320568 -0.0212492 0.02384
      vertex -0.0318702 -0.0213442 0.01884
      vertex -0.0318702 -0.0213442 0.02384
    endloop
  endfacet
  facet normal -0.358365 -0.933581 0
    outer loop
      vertex -0.0318702 -0.0213442 0.01884
      vertex -0.0316748 -0.0214192 0.01884
      vertex -0.0318702 -0.0213442 0.02384
    endloop
  endfacet
  facet normal -0.358365 -0.933581 0
    outer loop
      vertex -0.0318702 -0.0213442 0.02384
      vertex -0.0316748 -0.0214192 0.01884
      vertex -0.0316748 -0.0214192 0.02384
    endloop
  endfacet
  facet normal -0.258823 -0.965925 0
    outer loop
      vertex -0.0316748 -0.0214192 0.01884
      vertex -0.0314726 -0.0214734 0.01884
      vertex -0.0316748 -0.0214192 0.02384
    endloop
  endfacet
  facet normal -0.258823 -0.965925 0
    outer loop
      vertex -0.0316748 -0.0214192 0.02384
      vertex -0.0314726 -0.0214734 0.01884
      vertex -0.0314726 -0.0214734 0.02384
    endloop
  endfacet
  facet normal -0.156435 -0.987688 0
    outer loop
      vertex -0.0314726 -0.0214734 0.01884
      vertex -0.0312658 -0.0215062 0.01884
      vertex -0.0314726 -0.0214734 0.02384
    endloop
  endfacet
  facet normal -0.156435 -0.987688 0
    outer loop
      vertex -0.0314726 -0.0214734 0.02384
      vertex -0.0312658 -0.0215062 0.01884
      vertex -0.0312658 -0.0215062 0.02384
    endloop
  endfacet
  facet normal -0.0523356 -0.99863 0
    outer loop
      vertex -0.0312658 -0.0215062 0.01884
      vertex -0.0310568 -0.0215171 0.01884
      vertex -0.0312658 -0.0215062 0.02384
    endloop
  endfacet
  facet normal -0.0523356 -0.99863 0
    outer loop
      vertex -0.0312658 -0.0215062 0.02384
      vertex -0.0310568 -0.0215171 0.01884
      vertex -0.0310568 -0.0215171 0.02384
    endloop
  endfacet
  facet normal 0 0.319956 0.947432
    outer loop
      vertex -0.0251758 0.0211446 0.0237274
      vertex -0.0252163 0.0211009 0.0237421
      vertex -0.00654834 0.0211009 0.0237421
    endloop
  endfacet
  facet normal 5.37825e-5 0.0351859 0.999381
    outer loop
      vertex -0.026044 0.0205808 0.0238376
      vertex -0.0262462 0.0205266 0.0238395
      vertex -0.00654834 0.0204829 0.02384
    endloop
  endfacet
  facet normal 5.90163e-6 0.0136118 0.999907
    outer loop
      vertex -0.0262462 0.0205266 0.0238395
      vertex -0.026453 0.0204938 0.02384
      vertex -0.00654834 0.0204829 0.02384
    endloop
  endfacet
  facet normal 0 0.00289016 0.999996
    outer loop
      vertex -0.00654834 0.0204829 0.02384
      vertex -0.026453 0.0204938 0.02384
      vertex -0.0266621 0.0204829 0.02384
    endloop
  endfacet
  facet normal 8.86015e-5 0.147531 0.989057
    outer loop
      vertex -0.0255729 0.0208055 0.0238138
      vertex -0.0256621 0.0207508 0.023822
      vertex -0.00654834 0.0206919 0.023829
    endloop
  endfacet
  facet normal 0 0.119233 0.992866
    outer loop
      vertex -0.0256621 0.0207508 0.023822
      vertex -0.0257718 0.0206919 0.023829
      vertex -0.00654834 0.0206919 0.023829
    endloop
  endfacet
  facet normal 0 0.052344 0.998629
    outer loop
      vertex -0.00654834 0.0206919 0.023829
      vertex -0.0257718 0.0206919 0.023829
      vertex -0.00654834 0.0204829 0.02384
    endloop
  endfacet
  facet normal 0.000460624 0.0945369 0.995521
    outer loop
      vertex -0.0257718 0.0206919 0.023829
      vertex -0.0258486 0.0206558 0.0238325
      vertex -0.00654834 0.0204829 0.02384
    endloop
  endfacet
  facet normal 0.000214564 0.0671677 0.997742
    outer loop
      vertex -0.00654834 0.0204829 0.02384
      vertex -0.0258486 0.0206558 0.0238325
      vertex -0.026044 0.0205808 0.0238376
    endloop
  endfacet
  facet normal 0 0.25882 0.965925
    outer loop
      vertex -0.00654834 0.0211009 0.0237421
      vertex -0.0252163 0.0211009 0.0237421
      vertex -0.00654834 0.0208987 0.0237963
    endloop
  endfacet
  facet normal 0.000278972 0.28277 0.959188
    outer loop
      vertex -0.0252163 0.0211009 0.0237421
      vertex -0.0253238 0.0209966 0.0237729
      vertex -0.00654834 0.0208987 0.0237963
    endloop
  endfacet
  facet normal 0 0.232468 0.972604
    outer loop
      vertex -0.0253238 0.0209966 0.0237729
      vertex -0.0254412 0.0208987 0.0237963
      vertex -0.00654834 0.0208987 0.0237963
    endloop
  endfacet
  facet normal 0 0.156428 0.987689
    outer loop
      vertex -0.00654834 0.0208987 0.0237963
      vertex -0.0254412 0.0208987 0.0237963
      vertex -0.00654834 0.0206919 0.023829
    endloop
  endfacet
  facet normal 0.000477613 0.198855 0.980029
    outer loop
      vertex -0.0254412 0.0208987 0.0237963
      vertex -0.0254864 0.0208649 0.0238032
      vertex -0.00654834 0.0206919 0.023829
    endloop
  endfacet
  facet normal 0.000260937 0.175788 0.984428
    outer loop
      vertex -0.00654834 0.0206919 0.023829
      vertex -0.0254864 0.0208649 0.0238032
      vertex -0.0255729 0.0208055 0.0238138
    endloop
  endfacet
  facet normal 0 0.453998 0.891002
    outer loop
      vertex -0.00654834 0.0212964 0.0236671
      vertex -0.00654834 0.0214829 0.0235721
      vertex -0.02493 0.0214829 0.0235721
    endloop
  endfacet
  facet normal 0.000309022 0.478008 0.878356
    outer loop
      vertex -0.02493 0.0214829 0.0235721
      vertex -0.0249839 0.0213949 0.02362
      vertex -0.00654834 0.0212964 0.0236671
    endloop
  endfacet
  facet normal 1.77373e-5 0.434245 0.900795
    outer loop
      vertex -0.0249839 0.0213949 0.02362
      vertex -0.025044 0.0213073 0.0236622
      vertex -0.00654834 0.0212964 0.0236671
    endloop
  endfacet
  facet normal -3.59271e-5 0.358365 0.933581
    outer loop
      vertex -0.00654834 0.0212964 0.0236671
      vertex -0.025044 0.0213073 0.0236622
      vertex -0.00654834 0.0211009 0.0237421
    endloop
  endfacet
  facet normal 0.000373201 0.390072 0.920784
    outer loop
      vertex -0.025044 0.0213073 0.0236622
      vertex -0.0251118 0.0212193 0.0236995
      vertex -0.00654834 0.0211009 0.0237421
    endloop
  endfacet
  facet normal 7.77966e-5 0.349561 0.936913
    outer loop
      vertex -0.00654834 0.0211009 0.0237421
      vertex -0.0251118 0.0212193 0.0236995
      vertex -0.0251758 0.0211446 0.0237274
    endloop
  endfacet
  facet normal 9.27532e-7 0.629322 0.777145
    outer loop
      vertex -0.00654834 0.0216585 0.023458
      vertex -0.00654834 0.0218211 0.0233263
      vertex -0.0247748 0.0218209 0.0233265
    endloop
  endfacet
  facet normal 0.00031577 0.650421 0.759573
    outer loop
      vertex -0.0247748 0.0218209 0.0233265
      vertex -0.0248028 0.021746 0.0233907
      vertex -0.00654834 0.0216585 0.023458
    endloop
  endfacet
  facet normal 2.05038e-5 0.612582 0.790407
    outer loop
      vertex -0.0248028 0.021746 0.0233907
      vertex -0.024835 0.0216694 0.02345
      vertex -0.00654834 0.0216585 0.023458
    endloop
  endfacet
  facet normal -4.13646e-5 0.544636 0.838673
    outer loop
      vertex -0.00654834 0.0216585 0.023458
      vertex -0.024835 0.0216694 0.02345
      vertex -0.00654834 0.0214829 0.0235721
    endloop
  endfacet
  facet normal 0.000313809 0.568841 0.822447
    outer loop
      vertex -0.024835 0.0216694 0.02345
      vertex -0.024882 0.0215711 0.023518
      vertex -0.00654834 0.0214829 0.0235721
    endloop
  endfacet
  facet normal 0 0.522229 0.852805
    outer loop
      vertex -0.00654834 0.0214829 0.0235721
      vertex -0.024882 0.0215711 0.023518
      vertex -0.02493 0.0214829 0.0235721
    endloop
  endfacet
  facet normal 0 0.777145 0.629322
    outer loop
      vertex -0.00654834 0.0219692 0.0231783
      vertex -0.00654834 0.0221009 0.0230156
      vertex -0.0246989 0.0221009 0.0230156
    endloop
  endfacet
  facet normal 0.000440404 0.800608 0.599188
    outer loop
      vertex -0.0246989 0.0221009 0.0230156
      vertex -0.0247058 0.0220671 0.0230608
      vertex -0.00654834 0.0219692 0.0231783
    endloop
  endfacet
  facet normal 0 0.768173 0.640242
    outer loop
      vertex -0.0247058 0.0220671 0.0230608
      vertex -0.0247292 0.0219692 0.0231783
      vertex -0.00654834 0.0219692 0.0231783
    endloop
  endfacet
  facet normal 0 0.707107 0.707107
    outer loop
      vertex -0.00654834 0.0219692 0.0231783
      vertex -0.0247292 0.0219692 0.0231783
      vertex -0.00654834 0.0218211 0.0233263
    endloop
  endfacet
  facet normal 0.000171313 0.717549 0.696508
    outer loop
      vertex -0.0247292 0.0219692 0.0231783
      vertex -0.0247599 0.0218648 0.0232857
      vertex -0.00654834 0.0218211 0.0233263
    endloop
  endfacet
  facet normal -3.16025e-7 0.680045 0.733171
    outer loop
      vertex -0.00654834 0.0218211 0.0233263
      vertex -0.0247599 0.0218648 0.0232857
      vertex -0.0247748 0.0218209 0.0233265
    endloop
  endfacet
  facet normal 0.00035966 0.90471 0.426028
    outer loop
      vertex -0.0246695 0.02231 0.0226535
      vertex -0.024673 0.0222738 0.0227302
      vertex -0.00654834 0.0222149 0.02284
    endloop
  endfacet
  facet normal 0 0.881175 0.472789
    outer loop
      vertex -0.024673 0.0222738 0.0227302
      vertex -0.0246801 0.0222149 0.02284
      vertex -0.00654834 0.0222149 0.02284
    endloop
  endfacet
  facet normal 0 0.83867 0.54464
    outer loop
      vertex -0.00654834 0.0222149 0.02284
      vertex -0.0246801 0.0222149 0.02284
      vertex -0.00654834 0.0221009 0.0230156
    endloop
  endfacet
  facet normal 0.000302308 0.852643 0.522494
    outer loop
      vertex -0.0246801 0.0222149 0.02284
      vertex -0.0246882 0.0221603 0.0229292
      vertex -0.00654834 0.0221009 0.0230156
    endloop
  endfacet
  facet normal 0 0.824148 0.566374
    outer loop
      vertex -0.00654834 0.0221009 0.0230156
      vertex -0.0246882 0.0221603 0.0229292
      vertex -0.0246989 0.0221009 0.0230156
    endloop
  endfacet
  facet normal 0 0.891008 0.453988
    outer loop
      vertex -0.00654834 0.0222149 0.02284
      vertex -0.00654834 0.02231 0.0226535
      vertex -0.0246695 0.02231 0.0226535
    endloop
  endfacet
  facet normal 0 0.933578 0.358373
    outer loop
      vertex -0.00654834 0.02231 0.0226535
      vertex -0.00654834 0.022385 0.022458
      vertex -0.0246695 0.02231 0.0226535
    endloop
  endfacet
  facet normal 0 0.933578 0.358373
    outer loop
      vertex -0.0246695 0.02231 0.0226535
      vertex -0.00654834 0.022385 0.022458
      vertex -0.0246645 0.022385 0.022458
    endloop
  endfacet
  facet normal 0 0.965928 0.258812
    outer loop
      vertex -0.00654834 0.022385 0.022458
      vertex -0.00654834 0.0224392 0.0222558
      vertex -0.0246645 0.022385 0.022458
    endloop
  endfacet
  facet normal 0 0.965928 0.258812
    outer loop
      vertex -0.0246645 0.022385 0.022458
      vertex -0.00654834 0.0224392 0.0222558
      vertex -0.0246625 0.0224392 0.0222558
    endloop
  endfacet
  facet normal 0 0.987688 0.156436
    outer loop
      vertex -0.00654834 0.0224392 0.0222558
      vertex -0.00654834 0.0224719 0.0220491
      vertex -0.0246625 0.0224392 0.0222558
    endloop
  endfacet
  facet normal 0 0.987688 0.156436
    outer loop
      vertex -0.0246625 0.0224392 0.0222558
      vertex -0.00654834 0.0224719 0.0220491
      vertex -0.0246621 0.0224719 0.0220491
    endloop
  endfacet
  facet normal 0 0.99863 0.0523356
    outer loop
      vertex -0.00654834 0.0224719 0.0220491
      vertex -0.00654834 0.0224829 0.02184
      vertex -0.0246621 0.0224719 0.0220491
    endloop
  endfacet
  facet normal 0 0.99863 0.0523356
    outer loop
      vertex -0.0246621 0.0224719 0.0220491
      vertex -0.00654834 0.0224829 0.02184
      vertex -0.0246621 0.0224829 0.02184
    endloop
  endfacet
  facet normal 0 -1 0
    outer loop
      vertex 0.0340432 0.0205829 0.001
      vertex 0.0340432 0.0205829 0.006
      vertex 0.0275485 0.0205829 0.006
    endloop
  endfacet
  facet normal 0 -1 0
    outer loop
      vertex 0.0340432 0.0205829 0.001
      vertex 0.0275485 0.0205829 0.006
      vertex -0.0331568 0.0205829 0.001
    endloop
  endfacet
  facet normal 0 -1 0
    outer loop
      vertex 0.0275485 0.0205829 0.006
      vertex -0.0246621 0.0205829 0.006
      vertex -0.0331568 0.0205829 0.001
    endloop
  endfacet
  facet normal 0 -1 0
    outer loop
      vertex -0.0331568 0.0205829 0.001
      vertex -0.0246621 0.0205829 0.006
      vertex -0.0331568 0.0205829 0.006
    endloop
  endfacet
  facet normal 0.0363892 0.999338 0.000264782
    outer loop
      vertex 0.0358454 0.010126 0.022458
      vertex 0.0358995 0.0101241 0.0222558
      vertex 0.0358418 0.0101262 0.0222785
    endloop
  endfacet
  facet normal 0.0507089 0.998713 0
    outer loop
      vertex 0.0359432 0.0101236 0.01884
      vertex 0.0357407 0.0101339 0.01884
      vertex 0.0359432 0.0101236 0.02184
    endloop
  endfacet
  facet normal 0.0310983 0.999515 0.00132694
    outer loop
      vertex 0.0357407 0.0101339 0.01884
      vertex 0.0358418 0.0101262 0.0222785
      vertex 0.0359432 0.0101236 0.02184
    endloop
  endfacet
  facet normal 0.031994 0.999487 0.00153424
    outer loop
      vertex 0.0359432 0.0101236 0.02184
      vertex 0.0358418 0.0101262 0.0222785
      vertex 0.0359323 0.0101236 0.0220491
    endloop
  endfacet
  facet normal 0.0377862 0.999279 0.00381985
    outer loop
      vertex 0.0358418 0.0101262 0.0222785
      vertex 0.0358995 0.0101241 0.0222558
      vertex 0.0359323 0.0101236 0.0220491
    endloop
  endfacet
  facet normal 0.196299 0.980544 0
    outer loop
      vertex 0.0355402 0.0101646 0.01884
      vertex 0.0355402 0.0101646 0.0230441
      vertex 0.0355613 0.0101604 0.0230156
    endloop
  endfacet
  facet normal 0.176306 0.984335 0.000104829
    outer loop
      vertex 0.0355613 0.0101604 0.0230156
      vertex 0.0356207 0.0101498 0.0229292
      vertex 0.0355402 0.0101646 0.01884
    endloop
  endfacet
  facet normal 0.148699 0.988882 0.000664668
    outer loop
      vertex 0.0356207 0.0101498 0.0229292
      vertex 0.0356753 0.0101416 0.02284
      vertex 0.0355402 0.0101646 0.01884
    endloop
  endfacet
  facet normal 0.151605 0.988441 0.000563962
    outer loop
      vertex 0.0355402 0.0101646 0.01884
      vertex 0.0356753 0.0101416 0.02284
      vertex 0.0357407 0.0101339 0.01884
    endloop
  endfacet
  facet normal 0.117646 0.993056 0
    outer loop
      vertex 0.0356753 0.0101416 0.02284
      vertex 0.0357407 0.0101339 0.0227171
      vertex 0.0357407 0.0101339 0.01884
    endloop
  endfacet
  facet normal 0.0760204 0.997106 0
    outer loop
      vertex 0.0357407 0.0101339 0.01884
      vertex 0.0357407 0.0101339 0.0227171
      vertex 0.0358418 0.0101262 0.0222785
    endloop
  endfacet
  facet normal 0.11123 0.993761 0.00818061
    outer loop
      vertex 0.0357407 0.0101339 0.0227171
      vertex 0.0357703 0.0101311 0.0226535
      vertex 0.0358418 0.0101262 0.0222785
    endloop
  endfacet
  facet normal 0.0668438 0.997763 -0.000335318
    outer loop
      vertex 0.0358418 0.0101262 0.0222785
      vertex 0.0357703 0.0101311 0.0226535
      vertex 0.0358454 0.010126 0.022458
    endloop
  endfacet
  facet normal 0.229281 0.97336 0
    outer loop
      vertex 0.0355402 0.0101646 0.0230441
      vertex 0.0355402 0.0101646 0.01884
      vertex 0.0354295 0.0101907 0.0231783
    endloop
  endfacet
  facet normal 0.250936 0.968004 0.00058449
    outer loop
      vertex 0.0355402 0.0101646 0.01884
      vertex 0.0353438 0.0102155 0.01884
      vertex 0.0354295 0.0101907 0.0231783
    endloop
  endfacet
  facet normal 0.278345 0.960481 0
    outer loop
      vertex 0.0354295 0.0101907 0.0231783
      vertex 0.0353438 0.0102155 0.01884
      vertex 0.0353438 0.0102155 0.0232677
    endloop
  endfacet
  facet normal 0.315343 0.948978 0
    outer loop
      vertex 0.0353438 0.0102155 0.0232677
      vertex 0.0353438 0.0102155 0.01884
      vertex 0.0352815 0.0102362 0.0233263
    endloop
  endfacet
  facet normal 0.347699 0.937606 0.000502057
    outer loop
      vertex 0.0353438 0.0102155 0.01884
      vertex 0.0351537 0.0102861 0.01884
      vertex 0.0352815 0.0102362 0.0233263
    endloop
  endfacet
  facet normal 0.363044 0.931772 0
    outer loop
      vertex 0.0352815 0.0102362 0.0233263
      vertex 0.0351537 0.0102861 0.01884
      vertex 0.0351537 0.0102861 0.0234321
    endloop
  endfacet
  facet normal 0.421998 0.906597 0
    outer loop
      vertex 0.0351537 0.0102861 0.0234321
      vertex 0.0351537 0.0102861 0.01884
      vertex 0.0350455 0.0103364 0.0235088
    endloop
  endfacet
  facet normal 0.44087 0.897571 0.000534308
    outer loop
      vertex 0.0351537 0.0102861 0.01884
      vertex 0.0349716 0.0103755 0.01884
      vertex 0.0350455 0.0103364 0.0235088
    endloop
  endfacet
  facet normal 0.467443 0.884023 0
    outer loop
      vertex 0.0350455 0.0103364 0.0235088
      vertex 0.0349716 0.0103755 0.01884
      vertex 0.0349716 0.0103755 0.0235554
    endloop
  endfacet
  facet normal 0.511082 0.859532 0
    outer loop
      vertex 0.0349716 0.0103755 0.0235554
      vertex 0.0349716 0.0103755 0.01884
      vertex 0.0348714 0.0104351 0.0236116
    endloop
  endfacet
  facet normal 0.529517 0.848299 0.000527343
    outer loop
      vertex 0.0349716 0.0103755 0.01884
      vertex 0.0347995 0.0104829 0.01884
      vertex 0.0348714 0.0104351 0.0236116
    endloop
  endfacet
  facet normal 0.554018 0.832505 0
    outer loop
      vertex 0.0348714 0.0104351 0.0236116
      vertex 0.0347995 0.0104829 0.01884
      vertex 0.0347995 0.0104829 0.0236474
    endloop
  endfacet
  facet normal 0 -1 0
    outer loop
      vertex -0.0330568 -0.0235171 0.006
      vertex -0.0330568 -0.0235171 0
      vertex -0.0246621 -0.0235171 0.006
    endloop
  endfacet
  facet normal 0 -1 0
    outer loop
      vertex -0.0330568 -0.0235171 0
      vertex 0.0317044 -0.0235171 0
      vertex -0.0246621 -0.0235171 0.006
    endloop
  endfacet
  facet normal 0 -1 0
    outer loop
      vertex -0.0246621 -0.0235171 0.006
      vertex 0.0317044 -0.0235171 0
      vertex 0.0275485 -0.0235171 0.006
    endloop
  endfacet
  facet normal 0 -1 0
    outer loop
      vertex 0.0317044 -0.0235171 0
      vertex 0.0317044 -0.0235171 0.006
      vertex 0.0275485 -0.0235171 0.006
    endloop
  endfacet
  facet normal 0 -1 0
    outer loop
      vertex 0.0275485 -0.0235171 0.006
      vertex 0.0275485 -0.0235171 0.0179551
      vertex -0.0246621 -0.0235171 0.006
    endloop
  endfacet
  facet normal 0 -1 0
    outer loop
      vertex 0.0275485 -0.0235171 0.0179551
      vertex -0.00654834 -0.0235171 0.0179551
      vertex -0.0246621 -0.0235171 0.006
    endloop
  endfacet
  facet normal 0 -1 0
    outer loop
      vertex -0.0246621 -0.0235171 0.006
      vertex -0.00654834 -0.0235171 0.0179551
      vertex -0.0246621 -0.0235171 0.01884
    endloop
  endfacet
  facet normal 0 -1 0
    outer loop
      vertex -0.00654834 -0.0235171 0.0179551
      vertex -0.00654834 -0.0235171 0.02184
      vertex -0.0246621 -0.0235171 0.01884
    endloop
  endfacet
  facet normal 0 -1 0
    outer loop
      vertex -0.0246621 -0.0235171 0.01884
      vertex -0.00654834 -0.0235171 0.02184
      vertex -0.0246621 -0.0235171 0.02184
    endloop
  endfacet
  facet normal 0 0 -1
    outer loop
      vertex -0.02493 -0.0225171 0.01884
      vertex -0.025044 -0.0223415 0.01884
      vertex -0.0246621 -0.0215171 0.01884
    endloop
  endfacet
  facet normal 0 0 -1
    outer loop
      vertex -0.0246621 0.0204829 0.01884
      vertex -0.00654834 0.0204829 0.01884
      vertex -0.0330568 0.0101236 0.01884
    endloop
  endfacet
  facet normal 0 0 -1
    outer loop
      vertex -0.00654834 0.0204829 0.01884
      vertex -0.00654834 0.0104829 0.01884
      vertex -0.0330568 0.0101236 0.01884
    endloop
  endfacet
  facet normal 0 0 -1
    outer loop
      vertex 0.0351537 0.0102861 0.01884
      vertex 0.0353438 0.0102155 0.01884
      vertex 0.0359432 -0.0115171 0.01884
    endloop
  endfacet
  facet normal 0 0 -1
    outer loop
      vertex 0.0351537 0.0102861 0.01884
      vertex 0.0359432 -0.0115171 0.01884
      vertex 0.0349716 0.0103755 0.01884
    endloop
  endfacet
  facet normal 0 0 -1
    outer loop
      vertex -0.00654834 -0.0215171 0.01884
      vertex -0.0246621 -0.0215171 0.01884
      vertex -0.00654834 -0.0115171 0.01884
    endloop
  endfacet
  facet normal 0 0 -1
    outer loop
      vertex -0.0246621 -0.0215171 0.01884
      vertex -0.0330568 -0.0138448 0.01884
      vertex -0.00654834 -0.0115171 0.01884
    endloop
  endfacet
  facet normal 0 0 -1
    outer loop
      vertex -0.0330568 0.0101236 0.01884
      vertex -0.0335705 0.0107853 0.01884
      vertex -0.0334387 0.010948 0.01884
    endloop
  endfacet
  facet normal 0 0 -1
    outer loop
      vertex -0.0247058 -0.0231013 0.01884
      vertex -0.0246621 -0.0215171 0.01884
      vertex -0.024673 -0.0233081 0.01884
    endloop
  endfacet
  facet normal 0 0 -1
    outer loop
      vertex -0.0246621 -0.0215171 0.01884
      vertex -0.0246621 -0.0235171 0.01884
      vertex -0.024673 -0.0233081 0.01884
    endloop
  endfacet
  facet normal 0 0 -1
    outer loop
      vertex -0.0247058 -0.0231013 0.01884
      vertex -0.0247599 -0.0228991 0.01884
      vertex -0.0246621 -0.0215171 0.01884
    endloop
  endfacet
  facet normal 0 0 -1
    outer loop
      vertex -0.0247599 -0.0228991 0.01884
      vertex -0.024835 -0.0227036 0.01884
      vertex -0.0246621 -0.0215171 0.01884
    endloop
  endfacet
  facet normal 0 0 -1
    outer loop
      vertex -0.0246621 -0.0215171 0.01884
      vertex -0.024835 -0.0227036 0.01884
      vertex -0.02493 -0.0225171 0.01884
    endloop
  endfacet
  facet normal 0 0 -1
    outer loop
      vertex -0.0330677 -0.0156358 0.01884
      vertex -0.0331005 -0.015429 0.01884
      vertex -0.0246621 -0.0215171 0.01884
    endloop
  endfacet
  facet normal 0 0 -1
    outer loop
      vertex -0.0331005 -0.015429 0.01884
      vertex -0.0331546 -0.0152268 0.01884
      vertex -0.0246621 -0.0215171 0.01884
    endloop
  endfacet
  facet normal 0 0 -1
    outer loop
      vertex -0.0246621 -0.0215171 0.01884
      vertex -0.0331546 -0.0152268 0.01884
      vertex -0.0330568 -0.0138448 0.01884
    endloop
  endfacet
  facet normal 0 0 -1
    outer loop
      vertex -0.0331546 -0.0152268 0.01884
      vertex -0.0332297 -0.0150314 0.01884
      vertex -0.0330568 -0.0138448 0.01884
    endloop
  endfacet
  facet normal 0 0 -1
    outer loop
      vertex -0.0330568 -0.0138448 0.01884
      vertex -0.0332297 -0.0150314 0.01884
      vertex -0.0333247 -0.0148448 0.01884
    endloop
  endfacet
  facet normal 0 0 -1
    outer loop
      vertex -0.0333247 -0.0148448 0.01884
      vertex -0.0334387 -0.0146693 0.01884
      vertex -0.0330568 -0.0138448 0.01884
    endloop
  endfacet
  facet normal 0 0 -1
    outer loop
      vertex -0.0334387 -0.0146693 0.01884
      vertex -0.0335705 -0.0145066 0.01884
      vertex -0.0330568 -0.0138448 0.01884
    endloop
  endfacet
  facet normal 0 0 -1
    outer loop
      vertex -0.0330568 -0.0138448 0.01884
      vertex -0.0335705 -0.0145066 0.01884
      vertex -0.0337185 -0.0143586 0.01884
    endloop
  endfacet
  facet normal 0 0 -1
    outer loop
      vertex 0.0353438 0.0102155 0.01884
      vertex 0.0355402 0.0101646 0.01884
      vertex 0.0359432 -0.0115171 0.01884
    endloop
  endfacet
  facet normal 0 0 -1
    outer loop
      vertex 0.0355402 0.0101646 0.01884
      vertex 0.0357407 0.0101339 0.01884
      vertex 0.0359432 -0.0115171 0.01884
    endloop
  endfacet
  facet normal 0 0 -1
    outer loop
      vertex 0.0359432 -0.0115171 0.01884
      vertex 0.0357407 0.0101339 0.01884
      vertex 0.0359432 0.0101236 0.01884
    endloop
  endfacet
  facet normal 0 0 -1
    outer loop
      vertex -0.026044 0.0205808 0.01884
      vertex -0.0258486 0.0206558 0.01884
      vertex -0.0246621 0.0204829 0.01884
    endloop
  endfacet
  facet normal 0 0 -1
    outer loop
      vertex -0.0258486 0.0206558 0.01884
      vertex -0.0256621 0.0207508 0.01884
      vertex -0.0246621 0.0204829 0.01884
    endloop
  endfacet
  facet normal 0 0 -1
    outer loop
      vertex -0.0246621 0.0204829 0.01884
      vertex -0.0256621 0.0207508 0.01884
      vertex -0.0254865 0.0208648 0.01884
    endloop
  endfacet
  facet normal 0 0 -1
    outer loop
      vertex -0.025044 -0.0223415 0.01884
      vertex -0.0251758 -0.0221789 0.01884
      vertex -0.0246621 -0.0215171 0.01884
    endloop
  endfacet
  facet normal 0 0 -1
    outer loop
      vertex -0.0251758 -0.0221789 0.01884
      vertex -0.0253238 -0.0220308 0.01884
      vertex -0.0246621 -0.0215171 0.01884
    endloop
  endfacet
  facet normal 0 0 -1
    outer loop
      vertex -0.0246621 -0.0215171 0.01884
      vertex -0.0253238 -0.0220308 0.01884
      vertex -0.0254865 -0.0218991 0.01884
    endloop
  endfacet
  facet normal 0 0 -1
    outer loop
      vertex -0.0330568 -0.0138448 0.01884
      vertex -0.0342433 -0.0140177 0.01884
      vertex -0.0344387 -0.0139427 0.01884
    endloop
  endfacet
  facet normal 0 0 -1
    outer loop
      vertex -0.0344387 -0.0139427 0.01884
      vertex -0.0346409 -0.0138885 0.01884
      vertex -0.0330568 -0.0138448 0.01884
    endloop
  endfacet
  facet normal 0 0 -1
    outer loop
      vertex -0.0346409 -0.0138885 0.01884
      vertex -0.0348477 -0.0138558 0.01884
      vertex -0.0330568 -0.0138448 0.01884
    endloop
  endfacet
  facet normal 0 0 -1
    outer loop
      vertex -0.0330568 -0.0138448 0.01884
      vertex -0.0348477 -0.0138558 0.01884
      vertex -0.0350568 -0.0138448 0.01884
    endloop
  endfacet
  facet normal 0 0 -1
    outer loop
      vertex 0.0349716 0.0103755 0.01884
      vertex 0.0359432 -0.0115171 0.01884
      vertex 0.0347995 0.0104829 0.01884
    endloop
  endfacet
  facet normal 0 0 -1
    outer loop
      vertex 0.0359432 -0.0115171 0.01884
      vertex -0.00654834 -0.0115171 0.01884
      vertex 0.0347995 0.0104829 0.01884
    endloop
  endfacet
  facet normal 0 0 -1
    outer loop
      vertex 0.0347995 0.0104829 0.01884
      vertex -0.00654834 -0.0115171 0.01884
      vertex -0.00654834 0.0104829 0.01884
    endloop
  endfacet
  facet normal 0 0 -1
    outer loop
      vertex -0.00654834 -0.0115171 0.01884
      vertex -0.0330568 -0.0138448 0.01884
      vertex -0.00654834 0.0104829 0.01884
    endloop
  endfacet
  facet normal 0 0 -1
    outer loop
      vertex -0.00654834 0.0104829 0.01884
      vertex -0.0330568 -0.0138448 0.01884
      vertex -0.0330568 0.0101236 0.01884
    endloop
  endfacet
  facet normal 0 0 -1
    outer loop
      vertex -0.0346409 0.0101673 0.01884
      vertex -0.0330568 0.0101236 0.01884
      vertex -0.0348477 0.0101345 0.01884
    endloop
  endfacet
  facet normal 0 0 -1
    outer loop
      vertex -0.0330568 0.0101236 0.01884
      vertex -0.0350568 0.0101236 0.01884
      vertex -0.0348477 0.0101345 0.01884
    endloop
  endfacet
  facet normal 0 0 -1
    outer loop
      vertex -0.0346409 0.0101673 0.01884
      vertex -0.0344387 0.0102215 0.01884
      vertex -0.0330568 0.0101236 0.01884
    endloop
  endfacet
  facet normal 0 0 -1
    outer loop
      vertex -0.0344387 0.0102215 0.01884
      vertex -0.0342433 0.0102965 0.01884
      vertex -0.0330568 0.0101236 0.01884
    endloop
  endfacet
  facet normal 0 0 -1
    outer loop
      vertex -0.0330568 0.0101236 0.01884
      vertex -0.0342433 0.0102965 0.01884
      vertex -0.0340568 0.0103915 0.01884
    endloop
  endfacet
  facet normal 0 0 -1
    outer loop
      vertex -0.0254865 0.0208648 0.01884
      vertex -0.0253238 0.0209966 0.01884
      vertex -0.0246621 0.0204829 0.01884
    endloop
  endfacet
  facet normal 0 0 -1
    outer loop
      vertex -0.0253238 0.0209966 0.01884
      vertex -0.0251758 0.0211446 0.01884
      vertex -0.0246621 0.0204829 0.01884
    endloop
  endfacet
  facet normal 0 0 -1
    outer loop
      vertex -0.0246621 0.0204829 0.01884
      vertex -0.0251758 0.0211446 0.01884
      vertex -0.025044 0.0213073 0.01884
    endloop
  endfacet
  facet normal 0 0 -1
    outer loop
      vertex -0.025044 0.0213073 0.01884
      vertex -0.02493 0.0214829 0.01884
      vertex -0.0246621 0.0204829 0.01884
    endloop
  endfacet
  facet normal 0 0 -1
    outer loop
      vertex -0.02493 0.0214829 0.01884
      vertex -0.024835 0.0216694 0.01884
      vertex -0.0246621 0.0204829 0.01884
    endloop
  endfacet
  facet normal 0 0 -1
    outer loop
      vertex -0.0246621 0.0204829 0.01884
      vertex -0.024835 0.0216694 0.01884
      vertex -0.0247599 0.0218648 0.01884
    endloop
  endfacet
  facet normal 0 0 -1
    outer loop
      vertex -0.0254865 -0.0218991 0.01884
      vertex -0.0256621 -0.0217851 0.01884
      vertex -0.0246621 -0.0215171 0.01884
    endloop
  endfacet
  facet normal 0 0 -1
    outer loop
      vertex -0.0256621 -0.0217851 0.01884
      vertex -0.0258486 -0.02169 0.01884
      vertex -0.0246621 -0.0215171 0.01884
    endloop
  endfacet
  facet normal 0 0 -1
    outer loop
      vertex -0.0246621 -0.0215171 0.01884
      vertex -0.0258486 -0.02169 0.01884
      vertex -0.0330677 -0.0156358 0.01884
    endloop
  endfacet
  facet normal 0 0 -1
    outer loop
      vertex -0.0258486 -0.02169 0.01884
      vertex -0.026044 -0.021615 0.01884
      vertex -0.0330677 -0.0156358 0.01884
    endloop
  endfacet
  facet normal 0 0 -1
    outer loop
      vertex -0.0330677 -0.0156358 0.01884
      vertex -0.026044 -0.021615 0.01884
      vertex -0.0262462 -0.0215608 0.01884
    endloop
  endfacet
  facet normal 0 0 -1
    outer loop
      vertex -0.0337185 -0.0143586 0.01884
      vertex -0.0338812 -0.0142268 0.01884
      vertex -0.0330568 -0.0138448 0.01884
    endloop
  endfacet
  facet normal 0 0 -1
    outer loop
      vertex -0.0338812 -0.0142268 0.01884
      vertex -0.0340568 -0.0141128 0.01884
      vertex -0.0330568 -0.0138448 0.01884
    endloop
  endfacet
  facet normal 0 0 -1
    outer loop
      vertex -0.0330568 -0.0138448 0.01884
      vertex -0.0340568 -0.0141128 0.01884
      vertex -0.0342433 -0.0140177 0.01884
    endloop
  endfacet
  facet normal 0 0 -1
    outer loop
      vertex -0.0340568 0.0103915 0.01884
      vertex -0.0338812 0.0105056 0.01884
      vertex -0.0330568 0.0101236 0.01884
    endloop
  endfacet
  facet normal 0 0 -1
    outer loop
      vertex -0.0338812 0.0105056 0.01884
      vertex -0.0337185 0.0106373 0.01884
      vertex -0.0330568 0.0101236 0.01884
    endloop
  endfacet
  facet normal 0 0 -1
    outer loop
      vertex -0.0330568 0.0101236 0.01884
      vertex -0.0337185 0.0106373 0.01884
      vertex -0.0335705 0.0107853 0.01884
    endloop
  endfacet
  facet normal 0 0 -1
    outer loop
      vertex -0.0331546 0.0115056 0.01884
      vertex -0.026453 0.0204938 0.01884
      vertex -0.0262462 0.0205266 0.01884
    endloop
  endfacet
  facet normal 0 0 -1
    outer loop
      vertex -0.0262462 0.0205266 0.01884
      vertex -0.026044 0.0205808 0.01884
      vertex -0.0331546 0.0115056 0.01884
    endloop
  endfacet
  facet normal 0 0 -1
    outer loop
      vertex -0.026044 0.0205808 0.01884
      vertex -0.0246621 0.0204829 0.01884
      vertex -0.0331546 0.0115056 0.01884
    endloop
  endfacet
  facet normal 0 0 -1
    outer loop
      vertex -0.0331546 0.0115056 0.01884
      vertex -0.0246621 0.0204829 0.01884
      vertex -0.0332297 0.0113101 0.01884
    endloop
  endfacet
  facet normal 0 0 -1
    outer loop
      vertex -0.0246621 0.0204829 0.01884
      vertex -0.0330568 0.0101236 0.01884
      vertex -0.0332297 0.0113101 0.01884
    endloop
  endfacet
  facet normal 0 0 -1
    outer loop
      vertex -0.0332297 0.0113101 0.01884
      vertex -0.0330568 0.0101236 0.01884
      vertex -0.0333247 0.0111236 0.01884
    endloop
  endfacet
  facet normal 0 0 -1
    outer loop
      vertex -0.0330568 0.0101236 0.01884
      vertex -0.0334387 0.010948 0.01884
      vertex -0.0333247 0.0111236 0.01884
    endloop
  endfacet
  facet normal 0 0 -1
    outer loop
      vertex -0.0247599 0.0218648 0.01884
      vertex -0.0247058 0.0220671 0.01884
      vertex -0.0246621 0.0204829 0.01884
    endloop
  endfacet
  facet normal 0 0 -1
    outer loop
      vertex -0.0247058 0.0220671 0.01884
      vertex -0.024673 0.0222738 0.01884
      vertex -0.0246621 0.0204829 0.01884
    endloop
  endfacet
  facet normal 0 0 -1
    outer loop
      vertex -0.0246621 0.0204829 0.01884
      vertex -0.024673 0.0222738 0.01884
      vertex -0.0246621 0.0224829 0.01884
    endloop
  endfacet
  facet normal 0 0 -1
    outer loop
      vertex -0.0262462 -0.0215608 0.01884
      vertex -0.026453 -0.0215281 0.01884
      vertex -0.0330677 -0.0156358 0.01884
    endloop
  endfacet
  facet normal 0 0 -1
    outer loop
      vertex -0.026453 -0.0215281 0.01884
      vertex -0.0266621 -0.0215171 0.01884
      vertex -0.0330677 -0.0156358 0.01884
    endloop
  endfacet
  facet normal 0 0 -1
    outer loop
      vertex -0.0330677 -0.0156358 0.01884
      vertex -0.0266621 -0.0215171 0.01884
      vertex -0.0330568 -0.0158448 0.01884
    endloop
  endfacet
  facet normal 0 0 -1
    outer loop
      vertex -0.0266621 -0.0215171 0.01884
      vertex -0.0310568 -0.0215171 0.01884
      vertex -0.0330568 -0.0158448 0.01884
    endloop
  endfacet
  facet normal 0 0 -1
    outer loop
      vertex -0.0330458 0.0186919 0.01884
      vertex -0.033013 0.0188987 0.01884
      vertex -0.0310568 0.0204829 0.01884
    endloop
  endfacet
  facet normal 0 0 -1
    outer loop
      vertex -0.0312658 -0.0215062 0.01884
      vertex -0.0328838 -0.0203306 0.01884
      vertex -0.0310568 -0.0215171 0.01884
    endloop
  endfacet
  facet normal 0 0 -1
    outer loop
      vertex -0.0328838 -0.0203306 0.01884
      vertex -0.0329589 -0.0201352 0.01884
      vertex -0.0310568 -0.0215171 0.01884
    endloop
  endfacet
  facet normal 0 0 -1
    outer loop
      vertex -0.0310568 -0.0215171 0.01884
      vertex -0.0329589 -0.0201352 0.01884
      vertex -0.033013 -0.0199329 0.01884
    endloop
  endfacet
  facet normal 0 0 -1
    outer loop
      vertex -0.033013 -0.0199329 0.01884
      vertex -0.0330458 -0.0197262 0.01884
      vertex -0.0310568 -0.0215171 0.01884
    endloop
  endfacet
  facet normal 0 0 -1
    outer loop
      vertex -0.0330458 -0.0197262 0.01884
      vertex -0.0330568 -0.0195171 0.01884
      vertex -0.0310568 -0.0215171 0.01884
    endloop
  endfacet
  facet normal 0 0 -1
    outer loop
      vertex -0.0310568 -0.0215171 0.01884
      vertex -0.0330568 -0.0195171 0.01884
      vertex -0.0330568 -0.0158448 0.01884
    endloop
  endfacet
  facet normal 0 0 -1
    outer loop
      vertex -0.0331546 0.0115056 0.01884
      vertex -0.0331005 0.0117078 0.01884
      vertex -0.026453 0.0204938 0.01884
    endloop
  endfacet
  facet normal 0 0 -1
    outer loop
      vertex -0.0331005 0.0117078 0.01884
      vertex -0.0330677 0.0119145 0.01884
      vertex -0.026453 0.0204938 0.01884
    endloop
  endfacet
  facet normal 0 0 -1
    outer loop
      vertex -0.026453 0.0204938 0.01884
      vertex -0.0330677 0.0119145 0.01884
      vertex -0.0266621 0.0204829 0.01884
    endloop
  endfacet
  facet normal 0 0 -1
    outer loop
      vertex -0.0330677 0.0119145 0.01884
      vertex -0.0330568 0.0121236 0.01884
      vertex -0.0266621 0.0204829 0.01884
    endloop
  endfacet
  facet normal 0 0 -1
    outer loop
      vertex -0.0266621 0.0204829 0.01884
      vertex -0.0330568 0.0121236 0.01884
      vertex -0.0310568 0.0204829 0.01884
    endloop
  endfacet
  facet normal 0 0 -1
    outer loop
      vertex -0.0330568 0.0121236 0.01884
      vertex -0.0330568 0.0184829 0.01884
      vertex -0.0310568 0.0204829 0.01884
    endloop
  endfacet
  facet normal 0 0 -1
    outer loop
      vertex -0.0310568 0.0204829 0.01884
      vertex -0.0330568 0.0184829 0.01884
      vertex -0.0330458 0.0186919 0.01884
    endloop
  endfacet
  facet normal 0 0 -1
    outer loop
      vertex -0.033013 0.0188987 0.01884
      vertex -0.0329589 0.0191009 0.01884
      vertex -0.0310568 0.0204829 0.01884
    endloop
  endfacet
  facet normal 0 0 -1
    outer loop
      vertex -0.0329589 0.0191009 0.01884
      vertex -0.0328838 0.0192964 0.01884
      vertex -0.0310568 0.0204829 0.01884
    endloop
  endfacet
  facet normal 0 0 -1
    outer loop
      vertex -0.0310568 0.0204829 0.01884
      vertex -0.0328838 0.0192964 0.01884
      vertex -0.0312658 0.0204719 0.01884
    endloop
  endfacet
  facet normal 0 0 -1
    outer loop
      vertex -0.0312658 -0.0215062 0.01884
      vertex -0.0314726 -0.0214734 0.01884
      vertex -0.0328838 -0.0203306 0.01884
    endloop
  endfacet
  facet normal 0 0 -1
    outer loop
      vertex -0.0314726 -0.0214734 0.01884
      vertex -0.0316748 -0.0214192 0.01884
      vertex -0.0328838 -0.0203306 0.01884
    endloop
  endfacet
  facet normal 0 0 -1
    outer loop
      vertex -0.0328838 -0.0203306 0.01884
      vertex -0.0316748 -0.0214192 0.01884
      vertex -0.0318702 -0.0213442 0.01884
    endloop
  endfacet
  facet normal 0 0 -1
    outer loop
      vertex -0.0318702 0.02031 0.01884
      vertex -0.0316748 0.020385 0.01884
      vertex -0.0328838 0.0192964 0.01884
    endloop
  endfacet
  facet normal 0 0 -1
    outer loop
      vertex -0.0316748 0.020385 0.01884
      vertex -0.0314726 0.0204392 0.01884
      vertex -0.0328838 0.0192964 0.01884
    endloop
  endfacet
  facet normal 0 0 -1
    outer loop
      vertex -0.0328838 0.0192964 0.01884
      vertex -0.0314726 0.0204392 0.01884
      vertex -0.0312658 0.0204719 0.01884
    endloop
  endfacet
  facet normal 0 0 -1
    outer loop
      vertex -0.0326748 -0.0206927 0.01884
      vertex -0.0322323 -0.0211352 0.01884
      vertex -0.032543 -0.0208554 0.01884
    endloop
  endfacet
  facet normal 0 0 -1
    outer loop
      vertex -0.0322323 -0.0211352 0.01884
      vertex -0.032395 -0.0210034 0.01884
      vertex -0.032543 -0.0208554 0.01884
    endloop
  endfacet
  facet normal 0 0 -1
    outer loop
      vertex -0.0318702 -0.0213442 0.01884
      vertex -0.0320568 -0.0212492 0.01884
      vertex -0.0328838 -0.0203306 0.01884
    endloop
  endfacet
  facet normal 0 0 -1
    outer loop
      vertex -0.0320568 -0.0212492 0.01884
      vertex -0.0322323 -0.0211352 0.01884
      vertex -0.0328838 -0.0203306 0.01884
    endloop
  endfacet
  facet normal 0 0 -1
    outer loop
      vertex -0.0328838 -0.0203306 0.01884
      vertex -0.0322323 -0.0211352 0.01884
      vertex -0.0327888 -0.0205171 0.01884
    endloop
  endfacet
  facet normal 0 0 -1
    outer loop
      vertex -0.0322323 -0.0211352 0.01884
      vertex -0.0326748 -0.0206927 0.01884
      vertex -0.0327888 -0.0205171 0.01884
    endloop
  endfacet
  facet normal 0 0 -1
    outer loop
      vertex -0.0327888 0.0194829 0.01884
      vertex -0.0322323 0.0201009 0.01884
      vertex -0.0328838 0.0192964 0.01884
    endloop
  endfacet
  facet normal 0 0 -1
    outer loop
      vertex -0.0322323 0.0201009 0.01884
      vertex -0.0320568 0.0202149 0.01884
      vertex -0.0328838 0.0192964 0.01884
    endloop
  endfacet
  facet normal 0 0 -1
    outer loop
      vertex -0.0328838 0.0192964 0.01884
      vertex -0.0320568 0.0202149 0.01884
      vertex -0.0318702 0.02031 0.01884
    endloop
  endfacet
  facet normal 0 0 -1
    outer loop
      vertex -0.0327888 0.0194829 0.01884
      vertex -0.0326748 0.0196585 0.01884
      vertex -0.0322323 0.0201009 0.01884
    endloop
  endfacet
  facet normal 0 0 -1
    outer loop
      vertex -0.0326748 0.0196585 0.01884
      vertex -0.032543 0.0198211 0.01884
      vertex -0.0322323 0.0201009 0.01884
    endloop
  endfacet
  facet normal 0 0 -1
    outer loop
      vertex -0.0322323 0.0201009 0.01884
      vertex -0.032543 0.0198211 0.01884
      vertex -0.032395 0.0199692 0.01884
    endloop
  endfacet
  facet normal 0 0 1
    outer loop
      vertex -0.00654834 -0.0115171 0.02384
      vertex 0.0339432 -0.0115171 0.02384
      vertex 0.0339432 0.0104829 0.02384
    endloop
  endfacet
  facet normal 0 0 1
    outer loop
      vertex -0.00654834 0.0104829 0.02384
      vertex -0.00654834 0.0204829 0.02384
      vertex -0.0330568 -0.0158448 0.02384
    endloop
  endfacet
  facet normal 0 0 1
    outer loop
      vertex -0.00654834 0.0204829 0.02384
      vertex -0.0266621 0.0204829 0.02384
      vertex -0.0330568 -0.0158448 0.02384
    endloop
  endfacet
  facet normal 0 0 1
    outer loop
      vertex 0.0339432 0.0104829 0.02384
      vertex -0.00654834 0.0104829 0.02384
      vertex -0.00654834 -0.0115171 0.02384
    endloop
  endfacet
  facet normal 0 0 1
    outer loop
      vertex -0.00654834 0.0104829 0.02384
      vertex -0.0266621 -0.0215171 0.02384
      vertex -0.00654834 -0.0115171 0.02384
    endloop
  endfacet
  facet normal 0 0 1
    outer loop
      vertex -0.00654834 -0.0115171 0.02384
      vertex -0.0266621 -0.0215171 0.02384
      vertex -0.00654834 -0.0215171 0.02384
    endloop
  endfacet
  facet normal 0 0 1
    outer loop
      vertex -0.00654834 0.0104829 0.02384
      vertex -0.0330568 -0.0158448 0.02384
      vertex -0.0266621 -0.0215171 0.02384
    endloop
  endfacet
  facet normal 0 0 1
    outer loop
      vertex -0.0330568 -0.0158448 0.02384
      vertex -0.0330568 -0.0195171 0.02384
      vertex -0.0266621 -0.0215171 0.02384
    endloop
  endfacet
  facet normal 0 0 1
    outer loop
      vertex -0.0266621 -0.0215171 0.02384
      vertex -0.0330568 -0.0195171 0.02384
      vertex -0.0310568 -0.0215171 0.02384
    endloop
  endfacet
  facet normal 0 0 1
    outer loop
      vertex -0.0330568 -0.0195171 0.02384
      vertex -0.0330458 -0.0197262 0.02384
      vertex -0.0310568 -0.0215171 0.02384
    endloop
  endfacet
  facet normal 0 0 1
    outer loop
      vertex -0.0310568 -0.0215171 0.02384
      vertex -0.0330458 -0.0197262 0.02384
      vertex -0.033013 -0.0199329 0.02384
    endloop
  endfacet
  facet normal 0 0 1
    outer loop
      vertex -0.033013 -0.0199329 0.02384
      vertex -0.0329589 -0.0201352 0.02384
      vertex -0.0310568 -0.0215171 0.02384
    endloop
  endfacet
  facet normal 0 0 1
    outer loop
      vertex -0.0329589 -0.0201352 0.02384
      vertex -0.0328838 -0.0203306 0.02384
      vertex -0.0310568 -0.0215171 0.02384
    endloop
  endfacet
  facet normal 0 0 1
    outer loop
      vertex -0.0310568 -0.0215171 0.02384
      vertex -0.0328838 -0.0203306 0.02384
      vertex -0.0312658 -0.0215062 0.02384
    endloop
  endfacet
  facet normal 0 0 1
    outer loop
      vertex -0.0312658 0.0204719 0.02384
      vertex -0.0328838 0.0192964 0.02384
      vertex -0.0310568 0.0204829 0.02384
    endloop
  endfacet
  facet normal 0 0 1
    outer loop
      vertex -0.0328838 0.0192964 0.02384
      vertex -0.0329589 0.0191009 0.02384
      vertex -0.0310568 0.0204829 0.02384
    endloop
  endfacet
  facet normal 0 0 1
    outer loop
      vertex -0.0310568 0.0204829 0.02384
      vertex -0.0329589 0.0191009 0.02384
      vertex -0.033013 0.0188987 0.02384
    endloop
  endfacet
  facet normal 0 0 1
    outer loop
      vertex -0.033013 0.0188987 0.02384
      vertex -0.0330458 0.0186919 0.02384
      vertex -0.0310568 0.0204829 0.02384
    endloop
  endfacet
  facet normal 0 0 1
    outer loop
      vertex -0.0330458 0.0186919 0.02384
      vertex -0.0330568 0.0184829 0.02384
      vertex -0.0310568 0.0204829 0.02384
    endloop
  endfacet
  facet normal 0 0 1
    outer loop
      vertex -0.0310568 0.0204829 0.02384
      vertex -0.0330568 0.0184829 0.02384
      vertex -0.0266621 0.0204829 0.02384
    endloop
  endfacet
  facet normal 0 0 1
    outer loop
      vertex -0.0330568 0.0184829 0.02384
      vertex -0.0330568 0.0121236 0.02384
      vertex -0.0266621 0.0204829 0.02384
    endloop
  endfacet
  facet normal 0 0 1
    outer loop
      vertex -0.0266621 0.0204829 0.02384
      vertex -0.0330568 0.0121236 0.02384
      vertex -0.0330568 -0.0158448 0.02384
    endloop
  endfacet
  facet normal 0 0 1
    outer loop
      vertex -0.0318702 -0.0213442 0.02384
      vertex -0.0316748 -0.0214192 0.02384
      vertex -0.0328838 -0.0203306 0.02384
    endloop
  endfacet
  facet normal 0 0 1
    outer loop
      vertex -0.0316748 -0.0214192 0.02384
      vertex -0.0314726 -0.0214734 0.02384
      vertex -0.0328838 -0.0203306 0.02384
    endloop
  endfacet
  facet normal 0 0 1
    outer loop
      vertex -0.0328838 -0.0203306 0.02384
      vertex -0.0314726 -0.0214734 0.02384
      vertex -0.0312658 -0.0215062 0.02384
    endloop
  endfacet
  facet normal 0 0 1
    outer loop
      vertex -0.0312658 0.0204719 0.02384
      vertex -0.0314726 0.0204392 0.02384
      vertex -0.0328838 0.0192964 0.02384
    endloop
  endfacet
  facet normal 0 0 1
    outer loop
      vertex -0.0314726 0.0204392 0.02384
      vertex -0.0316748 0.020385 0.02384
      vertex -0.0328838 0.0192964 0.02384
    endloop
  endfacet
  facet normal 0 0 1
    outer loop
      vertex -0.0328838 0.0192964 0.02384
      vertex -0.0316748 0.020385 0.02384
      vertex -0.0318702 0.02031 0.02384
    endloop
  endfacet
  facet normal 0 0 1
    outer loop
      vertex -0.0327888 -0.0205171 0.02384
      vertex -0.0322323 -0.0211352 0.02384
      vertex -0.0328838 -0.0203306 0.02384
    endloop
  endfacet
  facet normal 0 0 1
    outer loop
      vertex -0.0322323 -0.0211352 0.02384
      vertex -0.0320568 -0.0212492 0.02384
      vertex -0.0328838 -0.0203306 0.02384
    endloop
  endfacet
  facet normal 0 0 1
    outer loop
      vertex -0.0328838 -0.0203306 0.02384
      vertex -0.0320568 -0.0212492 0.02384
      vertex -0.0318702 -0.0213442 0.02384
    endloop
  endfacet
  facet normal 0 0 1
    outer loop
      vertex -0.0327888 -0.0205171 0.02384
      vertex -0.0326748 -0.0206927 0.02384
      vertex -0.0322323 -0.0211352 0.02384
    endloop
  endfacet
  facet normal 0 0 1
    outer loop
      vertex -0.0326748 -0.0206927 0.02384
      vertex -0.032543 -0.0208554 0.02384
      vertex -0.0322323 -0.0211352 0.02384
    endloop
  endfacet
  facet normal 0 0 1
    outer loop
      vertex -0.0322323 -0.0211352 0.02384
      vertex -0.032543 -0.0208554 0.02384
      vertex -0.032395 -0.0210034 0.02384
    endloop
  endfacet
  facet normal 0 0 1
    outer loop
      vertex -0.0326748 0.0196585 0.02384
      vertex -0.0322323 0.0201009 0.02384
      vertex -0.032543 0.0198211 0.02384
    endloop
  endfacet
  facet normal 0 0 1
    outer loop
      vertex -0.0322323 0.0201009 0.02384
      vertex -0.032395 0.0199692 0.02384
      vertex -0.032543 0.0198211 0.02384
    endloop
  endfacet
  facet normal 0 0 1
    outer loop
      vertex -0.0318702 0.02031 0.02384
      vertex -0.0320568 0.0202149 0.02384
      vertex -0.0328838 0.0192964 0.02384
    endloop
  endfacet
  facet normal 0 0 1
    outer loop
      vertex -0.0320568 0.0202149 0.02384
      vertex -0.0322323 0.0201009 0.02384
      vertex -0.0328838 0.0192964 0.02384
    endloop
  endfacet
  facet normal 0 0 1
    outer loop
      vertex -0.0328838 0.0192964 0.02384
      vertex -0.0322323 0.0201009 0.02384
      vertex -0.0327888 0.0194829 0.02384
    endloop
  endfacet
  facet normal 0 0 1
    outer loop
      vertex -0.0322323 0.0201009 0.02384
      vertex -0.0326748 0.0196585 0.02384
      vertex -0.0327888 0.0194829 0.02384
    endloop
  endfacet
  facet normal 0 -1 0
    outer loop
      vertex 0.0339432 -0.0115171 0.02384
      vertex -0.00654834 -0.0115171 0.02384
      vertex -0.00654834 -0.0115171 0.01884
    endloop
  endfacet
  facet normal 0 -1 0
    outer loop
      vertex -0.00654834 -0.0115171 0.01884
      vertex 0.0359432 -0.0115171 0.01884
      vertex 0.0359432 -0.0115171 0.02184
    endloop
  endfacet
  facet normal 0 -1 0
    outer loop
      vertex -0.00654834 -0.0115171 0.01884
      vertex 0.0359432 -0.0115171 0.02184
      vertex 0.0339432 -0.0115171 0.02384
    endloop
  endfacet
  facet normal 0 -1 0
    outer loop
      vertex 0.0359432 -0.0115171 0.02184
      vertex 0.0359323 -0.0115171 0.0220491
      vertex 0.0339432 -0.0115171 0.02384
    endloop
  endfacet
  facet normal 0 -1 0
    outer loop
      vertex 0.0339432 -0.0115171 0.02384
      vertex 0.0359323 -0.0115171 0.0220491
      vertex 0.0358995 -0.0115171 0.0222558
    endloop
  endfacet
  facet normal 0 -1 0
    outer loop
      vertex 0.0358995 -0.0115171 0.0222558
      vertex 0.0358454 -0.0115171 0.022458
      vertex 0.0339432 -0.0115171 0.02384
    endloop
  endfacet
  facet normal 0 -1 0
    outer loop
      vertex 0.0358454 -0.0115171 0.022458
      vertex 0.0357703 -0.0115171 0.0226535
      vertex 0.0339432 -0.0115171 0.02384
    endloop
  endfacet
  facet normal 0 -1 0
    outer loop
      vertex 0.0339432 -0.0115171 0.02384
      vertex 0.0357703 -0.0115171 0.0226535
      vertex 0.0341523 -0.0115171 0.023829
    endloop
  endfacet
  facet normal 0 -1 0
    outer loop
      vertex 0.0347567 -0.0115171 0.0236671
      vertex 0.0345613 -0.0115171 0.0237421
      vertex 0.0357703 -0.0115171 0.0226535
    endloop
  endfacet
  facet normal 0 -1 0
    outer loop
      vertex 0.0345613 -0.0115171 0.0237421
      vertex 0.0343591 -0.0115171 0.0237963
      vertex 0.0357703 -0.0115171 0.0226535
    endloop
  endfacet
  facet normal 0 -1 0
    outer loop
      vertex 0.0357703 -0.0115171 0.0226535
      vertex 0.0343591 -0.0115171 0.0237963
      vertex 0.0341523 -0.0115171 0.023829
    endloop
  endfacet
  facet normal 0 -1 0
    outer loop
      vertex 0.0356753 -0.0115171 0.02284
      vertex 0.0351188 -0.0115171 0.023458
      vertex 0.0357703 -0.0115171 0.0226535
    endloop
  endfacet
  facet normal 0 -1 0
    outer loop
      vertex 0.0351188 -0.0115171 0.023458
      vertex 0.0349432 -0.0115171 0.0235721
      vertex 0.0357703 -0.0115171 0.0226535
    endloop
  endfacet
  facet normal 0 -1 0
    outer loop
      vertex 0.0357703 -0.0115171 0.0226535
      vertex 0.0349432 -0.0115171 0.0235721
      vertex 0.0347567 -0.0115171 0.0236671
    endloop
  endfacet
  facet normal 0 -1 0
    outer loop
      vertex 0.0356753 -0.0115171 0.02284
      vertex 0.0355613 -0.0115171 0.0230156
      vertex 0.0351188 -0.0115171 0.023458
    endloop
  endfacet
  facet normal 0 -1 0
    outer loop
      vertex 0.0355613 -0.0115171 0.0230156
      vertex 0.0354295 -0.0115171 0.0231783
      vertex 0.0351188 -0.0115171 0.023458
    endloop
  endfacet
  facet normal 0 -1 0
    outer loop
      vertex 0.0351188 -0.0115171 0.023458
      vertex 0.0354295 -0.0115171 0.0231783
      vertex 0.0352815 -0.0115171 0.0233263
    endloop
  endfacet
  facet normal 0 1 0
    outer loop
      vertex -0.0266621 0.0204829 0.01884
      vertex -0.0310568 0.0204829 0.01884
      vertex -0.0266621 0.0204829 0.02384
    endloop
  endfacet
  facet normal 0 1 0
    outer loop
      vertex -0.0310568 0.0204829 0.01884
      vertex -0.0310568 0.0204829 0.02384
      vertex -0.0266621 0.0204829 0.02384
    endloop
  endfacet
  facet normal -1 0 0
    outer loop
      vertex -0.0350568 0.00759041 0.0129662
      vertex -0.0350568 0.00750479 0.0131569
      vertex -0.0350568 0.0101236 0.01884
    endloop
  endfacet
  facet normal -1 0 0
    outer loop
      vertex -0.0350568 -0.0103212 0.0135967
      vertex -0.0350568 -0.0105255 0.0135526
      vertex -0.0350568 -0.0138448 0.02184
    endloop
  endfacet
  facet normal -1 0 0
    outer loop
      vertex -0.0350568 0.00759041 0.0129662
      vertex -0.0350568 0.0101236 0.01884
      vertex -0.0350568 0.0076345 0.0127618
    endloop
  endfacet
  facet normal -1 0 0
    outer loop
      vertex -0.0350568 -0.0111284 0.0130064
      vertex -0.0350568 -0.0138448 0.01884
      vertex -0.0350568 -0.0110244 0.0131878
    endloop
  endfacet
  facet normal -1 0 0
    outer loop
      vertex -0.0350568 -0.0138448 0.01884
      vertex -0.0350568 -0.010885 0.0133436
      vertex -0.0350568 -0.0110244 0.0131878
    endloop
  endfacet
  facet normal -1 0 0
    outer loop
      vertex -0.0350568 0.00704424 0.013569
      vertex -0.0350568 0.0101236 0.02184
      vertex -0.0350568 0.00722561 0.0134651
    endloop
  endfacet
  facet normal -1 0 0
    outer loop
      vertex -0.0350568 0.0101236 0.02184
      vertex -0.0350568 0.0101236 0.01884
      vertex -0.0350568 0.00722561 0.0134651
    endloop
  endfacet
  facet normal -1 0 0
    outer loop
      vertex -0.0350568 0.00722561 0.0134651
      vertex -0.0350568 0.0101236 0.01884
      vertex -0.0350568 0.00738139 0.0133257
    endloop
  endfacet
  facet normal -1 0 0
    outer loop
      vertex -0.0350568 0.0101236 0.01884
      vertex -0.0350568 0.00750479 0.0131569
      vertex -0.0350568 0.00738139 0.0133257
    endloop
  endfacet
  facet normal -1 0 0
    outer loop
      vertex -0.0350568 -0.0138448 0.02184
      vertex -0.0350568 -0.0105255 0.0135526
      vertex -0.0350568 -0.0138448 0.01884
    endloop
  endfacet
  facet normal -1 0 0
    outer loop
      vertex -0.0350568 -0.0105255 0.0135526
      vertex -0.0350568 -0.0107163 0.013467
      vertex -0.0350568 -0.0138448 0.01884
    endloop
  endfacet
  facet normal -1 0 0
    outer loop
      vertex -0.0350568 -0.0138448 0.01884
      vertex -0.0350568 -0.0107163 0.013467
      vertex -0.0350568 -0.010885 0.0133436
    endloop
  endfacet
  facet normal -1 0 0
    outer loop
      vertex -0.0350568 -0.0215171 0
      vertex -0.0350568 -0.0215171 0.006
      vertex -0.0350568 -0.0111749 0
    endloop
  endfacet
  facet normal -1 0 0
    outer loop
      vertex -0.0350568 -0.0215171 0.006
      vertex -0.0350568 -0.0138448 0.006
      vertex -0.0350568 -0.0111749 0
    endloop
  endfacet
  facet normal -1 0 0
    outer loop
      vertex -0.0350568 -0.0111749 0
      vertex -0.0350568 -0.0138448 0.006
      vertex -0.0350568 -0.0112136 0.0125994
    endloop
  endfacet
  facet normal -1 0 0
    outer loop
      vertex -0.0350568 -0.0138448 0.006
      vertex -0.0350568 -0.0138448 0.01884
      vertex -0.0350568 -0.0112136 0.0125994
    endloop
  endfacet
  facet normal -1 0 0
    outer loop
      vertex -0.0350568 -0.0112136 0.0125994
      vertex -0.0350568 -0.0138448 0.01884
      vertex -0.0350568 -0.0111924 0.0128074
    endloop
  endfacet
  facet normal -1 0 0
    outer loop
      vertex -0.0350568 -0.0138448 0.01884
      vertex -0.0350568 -0.0111284 0.0130064
      vertex -0.0350568 -0.0111924 0.0128074
    endloop
  endfacet
  facet normal -1 0 0
    outer loop
      vertex -0.0350568 0.018244 0.006
      vertex -0.0350568 0.018244 0
      vertex -0.0350568 0.0101236 0.006
    endloop
  endfacet
  facet normal -1 0 0
    outer loop
      vertex -0.0350568 0.018244 0
      vertex -0.0350568 0.00767917 0
      vertex -0.0350568 0.0101236 0.006
    endloop
  endfacet
  facet normal -1 0 0
    outer loop
      vertex -0.0350568 0.0101236 0.006
      vertex -0.0350568 0.00767917 0
      vertex -0.0350568 0.0101236 0.01884
    endloop
  endfacet
  facet normal -1 0 0
    outer loop
      vertex -0.0350568 0.00767917 0
      vertex -0.0350568 0.0076403 0.0126573
      vertex -0.0350568 0.0101236 0.01884
    endloop
  endfacet
  facet normal -1 0 0
    outer loop
      vertex -0.0350568 0.0101236 0.01884
      vertex -0.0350568 0.0076403 0.0126573
      vertex -0.0350568 0.0076345 0.0127618
    endloop
  endfacet
  facet normal -1 0 0
    outer loop
      vertex -0.0350568 0.00704424 0.013569
      vertex -0.0350568 0.00684522 0.013633
      vertex -0.0350568 0.0101236 0.02184
    endloop
  endfacet
  facet normal -1 0 0
    outer loop
      vertex -0.0350568 0.00684522 0.013633
      vertex -0.0350568 0.00663724 0.0136542
      vertex -0.0350568 0.0101236 0.02184
    endloop
  endfacet
  facet normal -1 0 0
    outer loop
      vertex -0.0350568 0.0101236 0.02184
      vertex -0.0350568 0.00663724 0.0136542
      vertex -0.0350568 -0.0138448 0.02184
    endloop
  endfacet
  facet normal -1 0 0
    outer loop
      vertex -0.0350568 0.00663724 0.0136542
      vertex -0.0350568 -0.0102167 0.0136025
      vertex -0.0350568 -0.0138448 0.02184
    endloop
  endfacet
  facet normal -1 0 0
    outer loop
      vertex -0.0350568 -0.0138448 0.02184
      vertex -0.0350568 -0.0102167 0.0136025
      vertex -0.0350568 -0.0103212 0.0135967
    endloop
  endfacet
  facet normal 0.416907 -0.0533316 0.907383
    outer loop
      vertex 0.0348714 0.0104351 0.0236116
      vertex 0.0347995 0.0104829 0.0236474
      vertex 0.0347567 0.0104829 0.0236671
    endloop
  endfacet
  facet normal 0.489179 -0.0003504 0.872183
    outer loop
      vertex 0.0348714 0.0104351 0.0236116
      vertex 0.0347567 -0.0115171 0.0236671
      vertex 0.0349716 0.0103755 0.0235554
    endloop
  endfacet
  facet normal 0.453998 9.09534e-5 0.891002
    outer loop
      vertex 0.0347567 -0.0115171 0.0236671
      vertex 0.0349432 -0.0115171 0.0235721
      vertex 0.0349716 0.0103755 0.0235554
    endloop
  endfacet
  facet normal 0.53278 -4.52098e-5 0.846254
    outer loop
      vertex 0.0349716 0.0103755 0.0235554
      vertex 0.0349432 -0.0115171 0.0235721
      vertex 0.0350455 0.0103364 0.0235088
    endloop
  endfacet
  facet normal 0.578382 -0.000346916 0.815766
    outer loop
      vertex 0.0349432 -0.0115171 0.0235721
      vertex 0.0351537 0.0102861 0.0234321
      vertex 0.0350455 0.0103364 0.0235088
    endloop
  endfacet
  facet normal 0.544632 0.000125822 0.838675
    outer loop
      vertex 0.0349432 -0.0115171 0.0235721
      vertex 0.0351188 -0.0115171 0.023458
      vertex 0.0351537 0.0102861 0.0234321
    endloop
  endfacet
  facet normal 0.629322 -8.26234e-5 0.777145
    outer loop
      vertex 0.0351188 -0.0115171 0.023458
      vertex 0.0352815 -0.0115171 0.0233263
      vertex 0.0351537 0.0102861 0.0234321
    endloop
  endfacet
  facet normal 0.63772 0 0.770269
    outer loop
      vertex 0.0351537 0.0102861 0.0234321
      vertex 0.0352815 -0.0115171 0.0233263
      vertex 0.0352815 0.0102362 0.0233263
    endloop
  endfacet
  facet normal 0.777154 0 0.629311
    outer loop
      vertex 0.0354295 -0.0115171 0.0231783
      vertex 0.0355613 -0.0115171 0.0230156
      vertex 0.0355613 0.0101604 0.0230156
    endloop
  endfacet
  facet normal 0.803799 -0.000420181 0.594901
    outer loop
      vertex 0.0355613 0.0101604 0.0230156
      vertex 0.0355402 0.0101646 0.0230441
      vertex 0.0354295 -0.0115171 0.0231783
    endloop
  endfacet
  facet normal 0.771534 0 0.636188
    outer loop
      vertex 0.0355402 0.0101646 0.0230441
      vertex 0.0354295 0.0101907 0.0231783
      vertex 0.0354295 -0.0115171 0.0231783
    endloop
  endfacet
  facet normal 0.707107 0 0.707107
    outer loop
      vertex 0.0354295 -0.0115171 0.0231783
      vertex 0.0354295 0.0101907 0.0231783
      vertex 0.0352815 -0.0115171 0.0233263
    endloop
  endfacet
  facet normal 0.722029 -0.000205709 0.691863
    outer loop
      vertex 0.0354295 0.0101907 0.0231783
      vertex 0.0353438 0.0102155 0.0232677
      vertex 0.0352815 -0.0115171 0.0233263
    endloop
  endfacet
  facet normal 0.684885 0 0.728651
    outer loop
      vertex 0.0352815 -0.0115171 0.0233263
      vertex 0.0353438 0.0102155 0.0232677
      vertex 0.0352815 0.0102362 0.0233263
    endloop
  endfacet
  facet normal 0.906257 -0.000336307 0.422726
    outer loop
      vertex 0.0357703 0.0101311 0.0226535
      vertex 0.0357407 0.0101339 0.0227171
      vertex 0.0356753 -0.0115171 0.02284
    endloop
  endfacet
  facet normal 0.88291 0 0.469542
    outer loop
      vertex 0.0357407 0.0101339 0.0227171
      vertex 0.0356753 0.0101416 0.02284
      vertex 0.0356753 -0.0115171 0.02284
    endloop
  endfacet
  facet normal 0.838662 0 0.544652
    outer loop
      vertex 0.0356753 -0.0115171 0.02284
      vertex 0.0356753 0.0101416 0.02284
      vertex 0.0355613 -0.0115171 0.0230156
    endloop
  endfacet
  facet normal 0.852637 -0.000253116 0.522503
    outer loop
      vertex 0.0356753 0.0101416 0.02284
      vertex 0.0356207 0.0101498 0.0229292
      vertex 0.0355613 -0.0115171 0.0230156
    endloop
  endfacet
  facet normal 0.82414 0 0.566386
    outer loop
      vertex 0.0355613 -0.0115171 0.0230156
      vertex 0.0356207 0.0101498 0.0229292
      vertex 0.0355613 0.0101604 0.0230156
    endloop
  endfacet
  facet normal 0.891008 0 0.453988
    outer loop
      vertex 0.0356753 -0.0115171 0.02284
      vertex 0.0357703 -0.0115171 0.0226535
      vertex 0.0357703 0.0101311 0.0226535
    endloop
  endfacet
  facet normal 0.933584 0 0.358358
    outer loop
      vertex 0.0357703 -0.0115171 0.0226535
      vertex 0.0358454 -0.0115171 0.022458
      vertex 0.0357703 0.0101311 0.0226535
    endloop
  endfacet
  facet normal 0.933584 0 0.358358
    outer loop
      vertex 0.0357703 0.0101311 0.0226535
      vertex 0.0358454 -0.0115171 0.022458
      vertex 0.0358454 0.010126 0.022458
    endloop
  endfacet
  facet normal 0.965923 0 0.258829
    outer loop
      vertex 0.0358454 -0.0115171 0.022458
      vertex 0.0358995 -0.0115171 0.0222558
      vertex 0.0358454 0.010126 0.022458
    endloop
  endfacet
  facet normal 0.965923 0 0.258829
    outer loop
      vertex 0.0358454 0.010126 0.022458
      vertex 0.0358995 -0.0115171 0.0222558
      vertex 0.0358995 0.0101241 0.0222558
    endloop
  endfacet
  facet normal 0.987688 0 0.156436
    outer loop
      vertex 0.0358995 -0.0115171 0.0222558
      vertex 0.0359323 -0.0115171 0.0220491
      vertex 0.0358995 0.0101241 0.0222558
    endloop
  endfacet
  facet normal 0.987688 0 0.156436
    outer loop
      vertex 0.0358995 0.0101241 0.0222558
      vertex 0.0359323 -0.0115171 0.0220491
      vertex 0.0359323 0.0101236 0.0220491
    endloop
  endfacet
  facet normal 0.99863 0 0.0523356
    outer loop
      vertex 0.0359323 -0.0115171 0.0220491
      vertex 0.0359432 -0.0115171 0.02184
      vertex 0.0359323 0.0101236 0.0220491
    endloop
  endfacet
  facet normal 0.99863 0 0.0523356
    outer loop
      vertex 0.0359323 0.0101236 0.0220491
      vertex 0.0359432 -0.0115171 0.02184
      vertex 0.0359432 0.0101236 0.02184
    endloop
  endfacet
  facet normal 0.435634 0 0.900124
    outer loop
      vertex 0.0348714 0.0104351 0.0236116
      vertex 0.0347567 0.0104829 0.0236671
      vertex 0.0347567 -0.0115171 0.0236671
    endloop
  endfacet
  facet normal 0.358365 0 0.933581
    outer loop
      vertex 0.0347567 0.0104829 0.0236671
      vertex 0.0345613 0.0104829 0.0237421
      vertex 0.0347567 -0.0115171 0.0236671
    endloop
  endfacet
  facet normal 0.358365 0 0.933581
    outer loop
      vertex 0.0347567 -0.0115171 0.0236671
      vertex 0.0345613 0.0104829 0.0237421
      vertex 0.0345613 -0.0115171 0.0237421
    endloop
  endfacet
  facet normal 0.258818 0 0.965926
    outer loop
      vertex 0.0345613 0.0104829 0.0237421
      vertex 0.0343591 0.0104829 0.0237963
      vertex 0.0345613 -0.0115171 0.0237421
    endloop
  endfacet
  facet normal 0.258818 0 0.965926
    outer loop
      vertex 0.0345613 -0.0115171 0.0237421
      vertex 0.0343591 0.0104829 0.0237963
      vertex 0.0343591 -0.0115171 0.0237963
    endloop
  endfacet
  facet normal 0.156429 0 0.987689
    outer loop
      vertex 0.0343591 0.0104829 0.0237963
      vertex 0.0341523 0.0104829 0.023829
      vertex 0.0343591 -0.0115171 0.0237963
    endloop
  endfacet
  facet normal 0.156429 0 0.987689
    outer loop
      vertex 0.0343591 -0.0115171 0.0237963
      vertex 0.0341523 0.0104829 0.023829
      vertex 0.0341523 -0.0115171 0.023829
    endloop
  endfacet
  facet normal 0.0523445 0 0.998629
    outer loop
      vertex 0.0341523 0.0104829 0.023829
      vertex 0.0339432 0.0104829 0.02384
      vertex 0.0341523 -0.0115171 0.023829
    endloop
  endfacet
  facet normal 0.0523445 0 0.998629
    outer loop
      vertex 0.0341523 -0.0115171 0.023829
      vertex 0.0339432 0.0104829 0.02384
      vertex 0.0339432 -0.0115171 0.02384
    endloop
  endfacet
  facet normal 1 0 0
    outer loop
      vertex 0.0359432 0.0101236 0.01884
      vertex 0.0359432 0.0101236 0.02184
      vertex 0.0359432 -0.0115171 0.01884
    endloop
  endfacet
  facet normal 1 0 0
    outer loop
      vertex 0.0359432 0.0101236 0.02184
      vertex 0.0359432 -0.0115171 0.02184
      vertex 0.0359432 -0.0115171 0.01884
    endloop
  endfacet
  facet normal 1 0 0
    outer loop
      vertex -0.0330568 -0.0111924 0.0128074
      vertex -0.0330568 -0.0111284 0.0130064
      vertex -0.0330568 -0.0138448 0.01884
    endloop
  endfacet
  facet normal 1 0 0
    outer loop
      vertex -0.0330568 -0.0111284 0.0130064
      vertex -0.0330568 -0.0110244 0.0131878
      vertex -0.0330568 -0.0138448 0.01884
    endloop
  endfacet
  facet normal 1 0 0
    outer loop
      vertex -0.0330568 -0.0110244 0.0131878
      vertex -0.0330568 -0.010885 0.0133436
      vertex -0.0330568 -0.0138448 0.01884
    endloop
  endfacet
  facet normal 1 0 0
    outer loop
      vertex -0.0330568 -0.010885 0.0133436
      vertex -0.0330568 -0.0107163 0.013467
      vertex -0.0330568 -0.0138448 0.01884
    endloop
  endfacet
  facet normal 1 0 0
    outer loop
      vertex -0.0330568 -0.0138448 0.01884
      vertex -0.0330568 -0.0107163 0.013467
      vertex -0.0330568 -0.0105255 0.0135526
    endloop
  endfacet
  facet normal 1 0 0
    outer loop
      vertex -0.0330568 0.00738139 0.0133257
      vertex -0.0330568 0.00750479 0.0131569
      vertex -0.0330568 0.0101236 0.01884
    endloop
  endfacet
  facet normal 1 0 0
    outer loop
      vertex -0.0330568 0.00750479 0.0131569
      vertex -0.0330568 0.00759041 0.0129662
      vertex -0.0330568 0.0101236 0.01884
    endloop
  endfacet
  facet normal 1 0 0
    outer loop
      vertex -0.0330568 -0.0138448 0.006
      vertex -0.0330568 -0.0111933 0.006
      vertex -0.0330568 -0.0138448 0.01884
    endloop
  endfacet
  facet normal 1 0 0
    outer loop
      vertex -0.0330568 -0.0111933 0.006
      vertex -0.0330568 -0.0112136 0.0125994
      vertex -0.0330568 -0.0138448 0.01884
    endloop
  endfacet
  facet normal 1 0 0
    outer loop
      vertex -0.0330568 -0.0138448 0.01884
      vertex -0.0330568 -0.0112136 0.0125994
      vertex -0.0330568 -0.0111924 0.0128074
    endloop
  endfacet
  facet normal 1 0 0
    outer loop
      vertex -0.0330568 0.00684522 0.013633
      vertex -0.0330568 0.00704424 0.013569
      vertex -0.0330568 0.0101236 0.01884
    endloop
  endfacet
  facet normal 1 0 0
    outer loop
      vertex -0.0330568 0.00704424 0.013569
      vertex -0.0330568 0.00722561 0.0134651
      vertex -0.0330568 0.0101236 0.01884
    endloop
  endfacet
  facet normal 1 0 0
    outer loop
      vertex -0.0330568 0.0101236 0.01884
      vertex -0.0330568 0.00722561 0.0134651
      vertex -0.0330568 0.00738139 0.0133257
    endloop
  endfacet
  facet normal 1 0 0
    outer loop
      vertex -0.0330568 0.00766075 0.006
      vertex -0.0330568 0.0101236 0.006
      vertex -0.0330568 0.0076403 0.0126573
    endloop
  endfacet
  facet normal 1 0 0
    outer loop
      vertex -0.0330568 0.0101236 0.006
      vertex -0.0330568 0.0101236 0.01884
      vertex -0.0330568 0.0076403 0.0126573
    endloop
  endfacet
  facet normal 1 0 0
    outer loop
      vertex -0.0330568 0.0076403 0.0126573
      vertex -0.0330568 0.0101236 0.01884
      vertex -0.0330568 0.0076345 0.0127618
    endloop
  endfacet
  facet normal 1 0 0
    outer loop
      vertex -0.0330568 0.0101236 0.01884
      vertex -0.0330568 0.00759041 0.0129662
      vertex -0.0330568 0.0076345 0.0127618
    endloop
  endfacet
  facet normal 1 0 0
    outer loop
      vertex -0.0330568 -0.0105255 0.0135526
      vertex -0.0330568 -0.0103212 0.0135967
      vertex -0.0330568 -0.0138448 0.01884
    endloop
  endfacet
  facet normal 1 0 0
    outer loop
      vertex -0.0330568 -0.0103212 0.0135967
      vertex -0.0330568 -0.0102167 0.0136025
      vertex -0.0330568 -0.0138448 0.01884
    endloop
  endfacet
  facet normal 1 0 0
    outer loop
      vertex -0.0330568 -0.0138448 0.01884
      vertex -0.0330568 -0.0102167 0.0136025
      vertex -0.0330568 0.0101236 0.01884
    endloop
  endfacet
  facet normal 1 0 0
    outer loop
      vertex -0.0330568 -0.0102167 0.0136025
      vertex -0.0330568 0.00663724 0.0136542
      vertex -0.0330568 0.0101236 0.01884
    endloop
  endfacet
  facet normal 1 0 0
    outer loop
      vertex -0.0330568 0.0101236 0.01884
      vertex -0.0330568 0.00663724 0.0136542
      vertex -0.0330568 0.00684522 0.013633
    endloop
  endfacet
  facet normal -0.880418 -0.474199 0
    outer loop
      vertex 0.0335132 -0.0246637 0.006
      vertex 0.0335132 -0.0246637 0
      vertex 0.0336487 -0.0249153 0
    endloop
  endfacet
  facet normal -0.880418 -0.474199 0
    outer loop
      vertex 0.0335132 -0.0246637 0.006
      vertex 0.0336487 -0.0249153 0
      vertex 0.0336487 -0.0249153 0.006
    endloop
  endfacet
  facet normal -0.825071 -0.565029 0
    outer loop
      vertex 0.0336487 -0.0249153 0
      vertex 0.0338101 -0.0251511 0
      vertex 0.0336487 -0.0249153 0.006
    endloop
  endfacet
  facet normal -0.825071 -0.565029 0
    outer loop
      vertex 0.0336487 -0.0249153 0.006
      vertex 0.0338101 -0.0251511 0
      vertex 0.0338101 -0.0251511 0.006
    endloop
  endfacet
  facet normal -0.760394 -0.649462 0
    outer loop
      vertex 0.0338101 -0.0251511 0
      vertex 0.0339958 -0.0253684 0
      vertex 0.0338101 -0.0251511 0.006
    endloop
  endfacet
  facet normal -0.760394 -0.649462 0
    outer loop
      vertex 0.0338101 -0.0251511 0.006
      vertex 0.0339958 -0.0253684 0
      vertex 0.0339958 -0.0253684 0.006
    endloop
  endfacet
  facet normal -0.687123 -0.726542 0
    outer loop
      vertex 0.0339958 -0.0253684 0
      vertex 0.0342034 -0.0255648 0
      vertex 0.0339958 -0.0253684 0.006
    endloop
  endfacet
  facet normal -0.687123 -0.726542 0
    outer loop
      vertex 0.0339958 -0.0253684 0.006
      vertex 0.0342034 -0.0255648 0
      vertex 0.0342034 -0.0255648 0.006
    endloop
  endfacet
  facet normal -0.606064 -0.795416 0
    outer loop
      vertex 0.0342034 -0.0255648 0
      vertex 0.0344307 -0.025738 0
      vertex 0.0342034 -0.0255648 0.006
    endloop
  endfacet
  facet normal -0.606064 -0.795416 0
    outer loop
      vertex 0.0342034 -0.0255648 0.006
      vertex 0.0344307 -0.025738 0
      vertex 0.0344307 -0.025738 0.006
    endloop
  endfacet
  facet normal -0.518159 -0.855284 0
    outer loop
      vertex 0.0344307 -0.025738 0
      vertex 0.0346751 -0.0258861 0
      vertex 0.0344307 -0.025738 0.006
    endloop
  endfacet
  facet normal -0.518159 -0.855284 0
    outer loop
      vertex 0.0344307 -0.025738 0.006
      vertex 0.0346751 -0.0258861 0
      vertex 0.0346751 -0.0258861 0.006
    endloop
  endfacet
  facet normal -0.424399 -0.905475 0
    outer loop
      vertex 0.0346751 -0.0258861 0
      vertex 0.0349339 -0.0260073 0
      vertex 0.0346751 -0.0258861 0.006
    endloop
  endfacet
  facet normal -0.424399 -0.905475 0
    outer loop
      vertex 0.0346751 -0.0258861 0.006
      vertex 0.0349339 -0.0260073 0
      vertex 0.0349339 -0.0260073 0.006
    endloop
  endfacet
  facet normal -0.325826 -0.94543 0
    outer loop
      vertex 0.0349339 -0.0260073 0
      vertex 0.0352041 -0.0261005 0
      vertex 0.0349339 -0.0260073 0.006
    endloop
  endfacet
  facet normal -0.325826 -0.94543 0
    outer loop
      vertex 0.0349339 -0.0260073 0.006
      vertex 0.0352041 -0.0261005 0
      vertex 0.0352041 -0.0261005 0.006
    endloop
  endfacet
  facet normal -0.223568 -0.974688 0
    outer loop
      vertex 0.0352041 -0.0261005 0
      vertex 0.0354826 -0.0261644 0
      vertex 0.0352041 -0.0261005 0.006
    endloop
  endfacet
  facet normal -0.223568 -0.974688 0
    outer loop
      vertex 0.0352041 -0.0261005 0.006
      vertex 0.0354826 -0.0261644 0
      vertex 0.0354826 -0.0261644 0.006
    endloop
  endfacet
  facet normal -0.118785 -0.99292 0
    outer loop
      vertex 0.0354826 -0.0261644 0
      vertex 0.0357664 -0.0261983 0
      vertex 0.0354826 -0.0261644 0.006
    endloop
  endfacet
  facet normal -0.118785 -0.99292 0
    outer loop
      vertex 0.0354826 -0.0261644 0.006
      vertex 0.0357664 -0.0261983 0
      vertex 0.0357664 -0.0261983 0.006
    endloop
  endfacet
  facet normal -0.0126574 -0.99992 0
    outer loop
      vertex 0.0357664 -0.0261983 0
      vertex 0.0360522 -0.0262019 0
      vertex 0.0357664 -0.0261983 0.006
    endloop
  endfacet
  facet normal -0.0126574 -0.99992 0
    outer loop
      vertex 0.0357664 -0.0261983 0.006
      vertex 0.0360522 -0.0262019 0
      vertex 0.0360522 -0.0262019 0.006
    endloop
  endfacet
  facet normal 0.0936064 -0.995609 0
    outer loop
      vertex 0.0360522 -0.0262019 0
      vertex 0.0363367 -0.0261752 0
      vertex 0.0360522 -0.0262019 0.006
    endloop
  endfacet
  facet normal 0.0936064 -0.995609 0
    outer loop
      vertex 0.0360522 -0.0262019 0.006
      vertex 0.0363367 -0.0261752 0
      vertex 0.0363367 -0.0261752 0.006
    endloop
  endfacet
  facet normal 0.198821 -0.980036 0
    outer loop
      vertex 0.0363367 -0.0261752 0
      vertex 0.0366168 -0.0261183 0
      vertex 0.0363367 -0.0261752 0.006
    endloop
  endfacet
  facet normal 0.198821 -0.980036 0
    outer loop
      vertex 0.0363367 -0.0261752 0.006
      vertex 0.0366168 -0.0261183 0
      vertex 0.0366168 -0.0261183 0.006
    endloop
  endfacet
  facet normal 0.301784 -0.953376 0
    outer loop
      vertex 0.0366168 -0.0261183 0
      vertex 0.0368892 -0.0260321 0
      vertex 0.0366168 -0.0261183 0.006
    endloop
  endfacet
  facet normal 0.301784 -0.953376 0
    outer loop
      vertex 0.0366168 -0.0261183 0.006
      vertex 0.0368892 -0.0260321 0
      vertex 0.0368892 -0.0260321 0.006
    endloop
  endfacet
  facet normal 0.401329 -0.915934 0
    outer loop
      vertex 0.0368892 -0.0260321 0
      vertex 0.037151 -0.0259174 0
      vertex 0.0368892 -0.0260321 0.006
    endloop
  endfacet
  facet normal 0.401329 -0.915934 0
    outer loop
      vertex 0.0368892 -0.0260321 0.006
      vertex 0.037151 -0.0259174 0
      vertex 0.037151 -0.0259174 0.006
    endloop
  endfacet
  facet normal 0.49634 -0.868128 0
    outer loop
      vertex 0.037151 -0.0259174 0
      vertex 0.0373991 -0.0257756 0
      vertex 0.037151 -0.0259174 0.006
    endloop
  endfacet
  facet normal 0.49634 -0.868128 0
    outer loop
      vertex 0.037151 -0.0259174 0.006
      vertex 0.0373991 -0.0257756 0
      vertex 0.0373991 -0.0257756 0.006
    endloop
  endfacet
  facet normal 0.585738 -0.8105 0
    outer loop
      vertex 0.0373991 -0.0257756 0
      vertex 0.0376307 -0.0256082 0
      vertex 0.0373991 -0.0257756 0.006
    endloop
  endfacet
  facet normal 0.585738 -0.8105 0
    outer loop
      vertex 0.0373991 -0.0257756 0.006
      vertex 0.0376307 -0.0256082 0
      vertex 0.0376307 -0.0256082 0.006
    endloop
  endfacet
  facet normal 0.668506 -0.743707 0
    outer loop
      vertex 0.0376307 -0.0256082 0
      vertex 0.0378432 -0.0254171 0
      vertex 0.0376307 -0.0256082 0.006
    endloop
  endfacet
  facet normal 0.668506 -0.743707 0
    outer loop
      vertex 0.0376307 -0.0256082 0.006
      vertex 0.0378432 -0.0254171 0
      vertex 0.0378432 -0.0254171 0.006
    endloop
  endfacet
  facet normal 0.743707 -0.668506 0
    outer loop
      vertex 0.0378432 -0.0254171 0
      vertex 0.0380343 -0.0252046 0
      vertex 0.0378432 -0.0254171 0.006
    endloop
  endfacet
  facet normal 0.743707 -0.668506 0
    outer loop
      vertex 0.0378432 -0.0254171 0.006
      vertex 0.0380343 -0.0252046 0
      vertex 0.0380343 -0.0252046 0.006
    endloop
  endfacet
  facet normal 0.810506 -0.585731 0
    outer loop
      vertex 0.0380343 -0.0252046 0
      vertex 0.0382017 -0.024973 0
      vertex 0.0380343 -0.0252046 0.006
    endloop
  endfacet
  facet normal 0.810506 -0.585731 0
    outer loop
      vertex 0.0380343 -0.0252046 0.006
      vertex 0.0382017 -0.024973 0
      vertex 0.0382017 -0.024973 0.006
    endloop
  endfacet
  facet normal 0.868124 -0.496348 0
    outer loop
      vertex 0.0382017 -0.024973 0
      vertex 0.0383435 -0.0247249 0
      vertex 0.0382017 -0.024973 0.006
    endloop
  endfacet
  facet normal 0.868124 -0.496348 0
    outer loop
      vertex 0.0382017 -0.024973 0.006
      vertex 0.0383435 -0.0247249 0
      vertex 0.0383435 -0.0247249 0.006
    endloop
  endfacet
  facet normal 0.915933 -0.401331 0
    outer loop
      vertex 0.0383435 -0.0247249 0
      vertex 0.0384582 -0.0244631 0
      vertex 0.0383435 -0.0247249 0.006
    endloop
  endfacet
  facet normal 0.915933 -0.401331 0
    outer loop
      vertex 0.0383435 -0.0247249 0.006
      vertex 0.0384582 -0.0244631 0
      vertex 0.0384582 -0.0244631 0.006
    endloop
  endfacet
  facet normal 0.953377 -0.301783 0
    outer loop
      vertex 0.0384582 -0.0244631 0
      vertex 0.0385445 -0.0241906 0
      vertex 0.0384582 -0.0244631 0.006
    endloop
  endfacet
  facet normal 0.953377 -0.301783 0
    outer loop
      vertex 0.0384582 -0.0244631 0.006
      vertex 0.0385445 -0.0241906 0
      vertex 0.0385445 -0.0241906 0.006
    endloop
  endfacet
  facet normal 0.980037 -0.198815 0
    outer loop
      vertex 0.0385445 -0.0241906 0
      vertex 0.0386013 -0.0239106 0
      vertex 0.0385445 -0.0241906 0.006
    endloop
  endfacet
  facet normal 0.980037 -0.198815 0
    outer loop
      vertex 0.0385445 -0.0241906 0.006
      vertex 0.0386013 -0.0239106 0
      vertex 0.0386013 -0.0239106 0.006
    endloop
  endfacet
  facet normal 0.995608 -0.0936199 0
    outer loop
      vertex 0.0386013 -0.0239106 0
      vertex 0.038628 -0.023626 0
      vertex 0.0386013 -0.0239106 0.006
    endloop
  endfacet
  facet normal 0.995608 -0.0936199 0
    outer loop
      vertex 0.0386013 -0.0239106 0.006
      vertex 0.038628 -0.023626 0
      vertex 0.038628 -0.023626 0.006
    endloop
  endfacet
  facet normal 0.99992 0.0126703 0
    outer loop
      vertex 0.038628 -0.023626 0
      vertex 0.0386244 -0.0233403 0
      vertex 0.038628 -0.023626 0.006
    endloop
  endfacet
  facet normal 0.99992 0.0126703 0
    outer loop
      vertex 0.038628 -0.023626 0.006
      vertex 0.0386244 -0.0233403 0
      vertex 0.0386244 -0.0233403 0.006
    endloop
  endfacet
  facet normal 0.992921 0.118778 0
    outer loop
      vertex 0.0386244 -0.0233403 0
      vertex 0.0385905 -0.0230565 0
      vertex 0.0386244 -0.0233403 0.006
    endloop
  endfacet
  facet normal 0.992921 0.118778 0
    outer loop
      vertex 0.0386244 -0.0233403 0.006
      vertex 0.0385905 -0.0230565 0
      vertex 0.0385905 -0.0230565 0.006
    endloop
  endfacet
  facet normal 0.974688 0.22357 0
    outer loop
      vertex 0.0385905 -0.0230565 0
      vertex 0.0385266 -0.022778 0
      vertex 0.0385905 -0.0230565 0.006
    endloop
  endfacet
  facet normal 0.974688 0.22357 0
    outer loop
      vertex 0.0385905 -0.0230565 0.006
      vertex 0.0385266 -0.022778 0
      vertex 0.0385266 -0.022778 0.006
    endloop
  endfacet
  facet normal 0.945428 0.325832 0
    outer loop
      vertex 0.0385266 -0.022778 0
      vertex 0.0384335 -0.0225078 0
      vertex 0.0385266 -0.022778 0.006
    endloop
  endfacet
  facet normal 0.945428 0.325832 0
    outer loop
      vertex 0.0385266 -0.022778 0.006
      vertex 0.0384335 -0.0225078 0
      vertex 0.0384335 -0.0225078 0.006
    endloop
  endfacet
  facet normal 0.905479 0.424391 0
    outer loop
      vertex 0.0384335 -0.0225078 0
      vertex 0.0383122 -0.022249 0
      vertex 0.0384335 -0.0225078 0.006
    endloop
  endfacet
  facet normal 0.905479 0.424391 0
    outer loop
      vertex 0.0384335 -0.0225078 0.006
      vertex 0.0383122 -0.022249 0
      vertex 0.0383122 -0.022249 0.006
    endloop
  endfacet
  facet normal 0.855285 0.518157 0
    outer loop
      vertex 0.0383122 -0.022249 0
      vertex 0.0381641 -0.0220046 0
      vertex 0.0383122 -0.022249 0.006
    endloop
  endfacet
  facet normal 0.855285 0.518157 0
    outer loop
      vertex 0.0383122 -0.022249 0.006
      vertex 0.0381641 -0.0220046 0
      vertex 0.0381641 -0.0220046 0.006
    endloop
  endfacet
  facet normal 0.795407 0.606076 0
    outer loop
      vertex 0.0381641 -0.0220046 0
      vertex 0.0379909 -0.0217773 0
      vertex 0.0381641 -0.0220046 0.006
    endloop
  endfacet
  facet normal 0.795407 0.606076 0
    outer loop
      vertex 0.0381641 -0.0220046 0.006
      vertex 0.0379909 -0.0217773 0
      vertex 0.0379909 -0.0217773 0.006
    endloop
  endfacet
  facet normal 0.726551 0.687112 0
    outer loop
      vertex 0.0379909 -0.0217773 0
      vertex 0.0377945 -0.0215696 0
      vertex 0.0379909 -0.0217773 0.006
    endloop
  endfacet
  facet normal 0.726551 0.687112 0
    outer loop
      vertex 0.0379909 -0.0217773 0.006
      vertex 0.0377945 -0.0215696 0
      vertex 0.0377945 -0.0215696 0.006
    endloop
  endfacet
  facet normal 0.649456 0.760399 0
    outer loop
      vertex 0.0377945 -0.0215696 0
      vertex 0.0375772 -0.021384 0
      vertex 0.0377945 -0.0215696 0.006
    endloop
  endfacet
  facet normal 0.649456 0.760399 0
    outer loop
      vertex 0.0377945 -0.0215696 0.006
      vertex 0.0375772 -0.021384 0
      vertex 0.0375772 -0.021384 0.006
    endloop
  endfacet
  facet normal 0.565025 0.825074 0
    outer loop
      vertex 0.0375772 -0.021384 0
      vertex 0.0373414 -0.0212225 0
      vertex 0.0375772 -0.021384 0.006
    endloop
  endfacet
  facet normal 0.565025 0.825074 0
    outer loop
      vertex 0.0375772 -0.021384 0.006
      vertex 0.0373414 -0.0212225 0
      vertex 0.0373414 -0.0212225 0.006
    endloop
  endfacet
  facet normal 0.474209 0.880412 0
    outer loop
      vertex 0.0373414 -0.0212225 0
      vertex 0.0370898 -0.021087 0
      vertex 0.0373414 -0.0212225 0.006
    endloop
  endfacet
  facet normal 0.474209 0.880412 0
    outer loop
      vertex 0.0373414 -0.0212225 0.006
      vertex 0.0370898 -0.021087 0
      vertex 0.0370898 -0.021087 0.006
    endloop
  endfacet
  facet normal 0 0.999995 0.00307074
    outer loop
      vertex 0.0340432 -0.011178 0.001
      vertex 0.0340432 -0.0111933 0.006
      vertex 0.0359432 -0.0111933 0.006
    endloop
  endfacet
  facet normal 8.17572e-8 0.999995 0.00307071
    outer loop
      vertex 0.0359432 -0.0111933 0.006
      vertex 0.0359432 -0.0111749 0
      vertex 0.0340432 -0.011178 0.001
    endloop
  endfacet
  facet normal 0 0.999995 0.00307056
    outer loop
      vertex 0.0359432 -0.0111749 0
      vertex 0.0350432 -0.0111749 0
      vertex 0.0340432 -0.011178 0.001
    endloop
  endfacet
  facet normal 3.47468e-6 0.999995 0.00307403
    outer loop
      vertex 0.0340432 -0.011178 0.001
      vertex 0.0350432 -0.0111749 0
      vertex 0.0340487 -0.0111777 0.000895472
    endloop
  endfacet
  facet normal 1.7808e-6 0.999995 0.00307215
    outer loop
      vertex 0.0350432 -0.0111749 0
      vertex 0.0340651 -0.0111773 0.000792088
      vertex 0.0340487 -0.0111777 0.000895472
    endloop
  endfacet
  facet normal 4.93396e-6 0.999995 0.00307817
    outer loop
      vertex 0.0341772 -0.0111765 0.0005
      vertex 0.0341297 -0.0111767 0.000593263
      vertex 0.0350432 -0.0111749 0
    endloop
  endfacet
  facet normal -1.51275e-6 0.999995 0.00306824
    outer loop
      vertex 0.0341297 -0.0111767 0.000593263
      vertex 0.0340922 -0.011177 0.000690983
      vertex 0.0350432 -0.0111749 0
    endloop
  endfacet
  facet normal -2.65245e-6 0.999995 0.00306667
    outer loop
      vertex 0.0350432 -0.0111749 0
      vertex 0.0340922 -0.011177 0.000690983
      vertex 0.0340651 -0.0111773 0.000792088
    endloop
  endfacet
  facet normal -5.30237e-7 0.999995 0.00306971
    outer loop
      vertex 0.0343741 -0.0111757 0.000256855
      vertex 0.0343001 -0.0111759 0.000330869
      vertex 0.0350432 -0.0111749 0
    endloop
  endfacet
  facet normal -1.80158e-6 0.999995 0.00306686
    outer loop
      vertex 0.0343001 -0.0111759 0.000330869
      vertex 0.0342342 -0.0111762 0.000412215
      vertex 0.0350432 -0.0111749 0
    endloop
  endfacet
  facet normal -3.33412e-6 0.999995 0.00306385
    outer loop
      vertex 0.0350432 -0.0111749 0
      vertex 0.0342342 -0.0111762 0.000412215
      vertex 0.0341772 -0.0111765 0.0005
    endloop
  endfacet
  facet normal -4.65488e-6 0.999995 0.00304822
    outer loop
      vertex 0.0346365 -0.0111752 8.64545e-5
      vertex 0.0345432 -0.0111753 0.000133975
      vertex 0.0350432 -0.0111749 0
    endloop
  endfacet
  facet normal 2.58738e-6 0.999995 0.00307525
    outer loop
      vertex 0.0345432 -0.0111753 0.000133975
      vertex 0.0344555 -0.0111755 0.000190983
      vertex 0.0350432 -0.0111749 0
    endloop
  endfacet
  facet normal 8.06216e-6 0.999995 0.0030921
    outer loop
      vertex 0.0350432 -0.0111749 0
      vertex 0.0344555 -0.0111755 0.000190983
      vertex 0.0343741 -0.0111757 0.000256855
    endloop
  endfacet
  facet normal 8.78536e-7 0.999995 0.0030769
    outer loop
      vertex 0.0349387 -0.0111749 5.4781e-6
      vertex 0.0348353 -0.011175 2.18524e-5
      vertex 0.0350432 -0.0111749 0
    endloop
  endfacet
  facet normal -1.5492e-6 0.999995 0.0030538
    outer loop
      vertex 0.0348353 -0.011175 2.18524e-5
      vertex 0.0347342 -0.0111751 4.89435e-5
      vertex 0.0350432 -0.0111749 0
    endloop
  endfacet
  facet normal 4.06397e-6 0.999995 0.00308924
    outer loop
      vertex 0.0350432 -0.0111749 0
      vertex 0.0347342 -0.0111751 4.89435e-5
      vertex 0.0346365 -0.0111752 8.64545e-5
    endloop
  endfacet
  facet normal 0 0 -1
    outer loop
      vertex 0.0350432 0.0215829 0
      vertex 0.0355613 0.0216585 0
      vertex 0.0356753 0.0214829 0
    endloop
  endfacet
  facet normal 0 0 -1
    outer loop
      vertex 0.0356753 0.0214829 0
      vertex 0.0357703 0.0212964 0
      vertex 0.0350432 0.0215829 0
    endloop
  endfacet
  facet normal 0 0 -1
    outer loop
      vertex 0.0357703 0.0212964 0
      vertex 0.0358454 0.0211009 0
      vertex 0.0350432 0.0215829 0
    endloop
  endfacet
  facet normal 0 0 -1
    outer loop
      vertex 0.0350432 0.0215829 0
      vertex 0.0358454 0.0211009 0
      vertex 0.0358995 0.0208987 0
    endloop
  endfacet
  facet normal 0 0 -1
    outer loop
      vertex 0.0359432 0.00767917 0
      vertex 0.0350432 0.00767917 0
      vertex 0.0359432 0.0204829 0
    endloop
  endfacet
  facet normal 0 0 -1
    outer loop
      vertex 0.0350432 0.00767917 0
      vertex 0.0350432 0.0215829 0
      vertex 0.0359432 0.0204829 0
    endloop
  endfacet
  facet normal 0 0 -1
    outer loop
      vertex 0.0359432 0.0204829 0
      vertex 0.0350432 0.0215829 0
      vertex 0.0359323 0.0206919 0
    endloop
  endfacet
  facet normal 0 0 -1
    outer loop
      vertex 0.0350432 0.0215829 0
      vertex 0.0358995 0.0208987 0
      vertex 0.0359323 0.0206919 0
    endloop
  endfacet
  facet normal 0 0 -1
    outer loop
      vertex -0.0337339 0.0215829 0
      vertex -0.0336858 0.021658 0
      vertex 0.0350432 0.0215829 0
    endloop
  endfacet
  facet normal 0 0 -1
    outer loop
      vertex -0.0336858 0.021658 0
      vertex -0.0336046 0.0218111 0
      vertex 0.0350432 0.0215829 0
    endloop
  endfacet
  facet normal 0 0 -1
    outer loop
      vertex 0.0350432 0.0215829 0
      vertex -0.0336046 0.0218111 0
      vertex -0.0335405 0.021972 0
    endloop
  endfacet
  facet normal 0 0 -1
    outer loop
      vertex -0.0344645 0.0209965 0
      vertex -0.0343073 0.0210693 0
      vertex -0.0341568 0.00767917 0
    endloop
  endfacet
  facet normal 0 0 -1
    outer loop
      vertex -0.0343073 0.0210693 0
      vertex -0.0341589 0.0211586 0
      vertex -0.0341568 0.00767917 0
    endloop
  endfacet
  facet normal 0 0 -1
    outer loop
      vertex -0.0341568 0.00767917 0
      vertex -0.0341589 0.0211586 0
      vertex -0.0341568 0.02116 0
    endloop
  endfacet
  facet normal 0 0 -1
    outer loop
      vertex -0.0308179 0.0224829 0
      vertex 0.0339432 0.0224829 0
      vertex 0.0350432 0.0215829 0
    endloop
  endfacet
  facet normal 0 0 -1
    outer loop
      vertex -0.0314245 0.0225771 0
      vertex -0.0312259 0.0225249 0
      vertex -0.0334568 0.0224829 0
    endloop
  endfacet
  facet normal 0 0 -1
    outer loop
      vertex -0.0335405 0.0229938 0
      vertex -0.0324145 0.0232784 0
      vertex -0.0334942 0.0228268 0
    endloop
  endfacet
  facet normal 0 0 -1
    outer loop
      vertex -0.0324145 0.0232784 0
      vertex -0.0322826 0.023121 0
      vertex -0.0334942 0.0228268 0
    endloop
  endfacet
  facet normal 0 0 -1
    outer loop
      vertex -0.0334942 0.0228268 0
      vertex -0.0322826 0.023121 0
      vertex -0.0334661 0.0226559 0
    endloop
  endfacet
  facet normal 0 0 -1
    outer loop
      vertex -0.0349701 0.0208852 0
      vertex -0.0347979 0.020904 0
      vertex -0.0341568 0.00767917 0
    endloop
  endfacet
  facet normal 0 0 -1
    outer loop
      vertex -0.0347979 0.020904 0
      vertex -0.0346287 0.0209412 0
      vertex -0.0341568 0.00767917 0
    endloop
  endfacet
  facet normal 0 0 -1
    outer loop
      vertex -0.0341568 0.00767917 0
      vertex -0.0346287 0.0209412 0
      vertex -0.0344645 0.0209965 0
    endloop
  endfacet
  facet normal 0 0 -1
    outer loop
      vertex -0.0314245 0.0225771 0
      vertex -0.0334568 0.0224829 0
      vertex -0.0316167 0.0226493 0
    endloop
  endfacet
  facet normal 0 0 -1
    outer loop
      vertex -0.0335405 0.021972 0
      vertex -0.0334942 0.0221389 0
      vertex 0.0350432 0.0215829 0
    endloop
  endfacet
  facet normal 0 0 -1
    outer loop
      vertex -0.0334942 0.0221389 0
      vertex -0.0334661 0.0223099 0
      vertex 0.0350432 0.0215829 0
    endloop
  endfacet
  facet normal 0 0 -1
    outer loop
      vertex 0.0350432 0.0215829 0
      vertex -0.0334661 0.0223099 0
      vertex -0.0308179 0.0224829 0
    endloop
  endfacet
  facet normal 0 0 -1
    outer loop
      vertex -0.0334661 0.0223099 0
      vertex -0.0334568 0.0224829 0
      vertex -0.0308179 0.0224829 0
    endloop
  endfacet
  facet normal 0 0 -1
    outer loop
      vertex -0.0308179 0.0224829 0
      vertex -0.0334568 0.0224829 0
      vertex -0.031023 0.0224934 0
    endloop
  endfacet
  facet normal 0 0 -1
    outer loop
      vertex -0.0334568 0.0224829 0
      vertex -0.0312259 0.0225249 0
      vertex -0.031023 0.0224934 0
    endloop
  endfacet
  facet normal 0 0 -1
    outer loop
      vertex -0.0362183 0.0213826 0
      vertex -0.0360926 0.0212634 0
      vertex -0.0366907 0.0203498 0
    endloop
  endfacet
  facet normal 0 0 -1
    outer loop
      vertex -0.0366907 0.0203498 0
      vertex -0.0360926 0.0212634 0
      vertex -0.0364549 0.0201883 0
    endloop
  endfacet
  facet normal 0 0 -1
    outer loop
      vertex -0.0360926 0.0212634 0
      vertex -0.0359547 0.0211586 0
      vertex -0.0364549 0.0201883 0
    endloop
  endfacet
  facet normal 0 0 -1
    outer loop
      vertex -0.0364549 0.0201883 0
      vertex -0.0359547 0.0211586 0
      vertex -0.0362033 0.0200528 0
    endloop
  endfacet
  facet normal 0 0 -1
    outer loop
      vertex -0.0359547 0.0211586 0
      vertex -0.0358062 0.0210693 0
      vertex -0.0362033 0.0200528 0
    endloop
  endfacet
  facet normal 0 0 -1
    outer loop
      vertex -0.0362033 0.0200528 0
      vertex -0.0358062 0.0210693 0
      vertex -0.0360224 0.0199557 0
    endloop
  endfacet
  facet normal 0 0 -1
    outer loop
      vertex -0.0358062 0.0210693 0
      vertex -0.035649 0.0209965 0
      vertex -0.0360224 0.0199557 0
    endloop
  endfacet
  facet normal 0 0 -1
    outer loop
      vertex -0.0360224 0.0199557 0
      vertex -0.035649 0.0209965 0
      vertex -0.0358523 0.0198406 0
    endloop
  endfacet
  facet normal 0 0 -1
    outer loop
      vertex -0.035649 0.0209965 0
      vertex -0.0354848 0.0209412 0
      vertex -0.0358523 0.0198406 0
    endloop
  endfacet
  facet normal 0 0 -1
    outer loop
      vertex -0.0358523 0.0198406 0
      vertex -0.0354848 0.0209412 0
      vertex -0.0356949 0.0197087 0
    endloop
  endfacet
  facet normal 0 0 -1
    outer loop
      vertex -0.0354848 0.0209412 0
      vertex -0.0353156 0.020904 0
      vertex -0.0356949 0.0197087 0
    endloop
  endfacet
  facet normal 0 0 -1
    outer loop
      vertex -0.0356949 0.0197087 0
      vertex -0.0353156 0.020904 0
      vertex -0.0355519 0.0195614 0
    endloop
  endfacet
  facet normal 0 0 -1
    outer loop
      vertex -0.0322826 0.023121 0
      vertex -0.0321352 0.022978 0
      vertex -0.0334661 0.0226559 0
    endloop
  endfacet
  facet normal 0 0 -1
    outer loop
      vertex -0.0321352 0.022978 0
      vertex -0.031974 0.0228509 0
      vertex -0.0334661 0.0226559 0
    endloop
  endfacet
  facet normal 0 0 -1
    outer loop
      vertex -0.0334661 0.0226559 0
      vertex -0.031974 0.0228509 0
      vertex -0.0334568 0.0224829 0
    endloop
  endfacet
  facet normal 0 0 -1
    outer loop
      vertex -0.031974 0.0228509 0
      vertex -0.0318005 0.0227409 0
      vertex -0.0334568 0.0224829 0
    endloop
  endfacet
  facet normal 0 0 -1
    outer loop
      vertex -0.0334568 0.0224829 0
      vertex -0.0318005 0.0227409 0
      vertex -0.0316167 0.0226493 0
    endloop
  endfacet
  facet normal 0 0 -1
    outer loop
      vertex 0.0339432 0.0224829 0
      vertex 0.0341523 0.0224719 0
      vertex 0.0350432 0.0215829 0
    endloop
  endfacet
  facet normal 0 0 -1
    outer loop
      vertex 0.0341523 0.0224719 0
      vertex 0.0343591 0.0224392 0
      vertex 0.0350432 0.0215829 0
    endloop
  endfacet
  facet normal 0 0 -1
    outer loop
      vertex 0.0350432 0.0215829 0
      vertex 0.0343591 0.0224392 0
      vertex 0.0345613 0.022385 0
    endloop
  endfacet
  facet normal 0 0 -1
    outer loop
      vertex -0.0355519 0.0195614 0
      vertex -0.0353156 0.020904 0
      vertex -0.0354247 0.0194001 0
    endloop
  endfacet
  facet normal 0 0 -1
    outer loop
      vertex -0.0353156 0.020904 0
      vertex -0.0351434 0.0208852 0
      vertex -0.0354247 0.0194001 0
    endloop
  endfacet
  facet normal 0 0 -1
    outer loop
      vertex -0.0354247 0.0194001 0
      vertex -0.0351434 0.0208852 0
      vertex -0.0353148 0.0192267 0
    endloop
  endfacet
  facet normal 0 0 -1
    outer loop
      vertex 0.0345613 0.022385 0
      vertex 0.0347567 0.02231 0
      vertex 0.0350432 0.0215829 0
    endloop
  endfacet
  facet normal 0 0 -1
    outer loop
      vertex 0.0347567 0.02231 0
      vertex 0.0349432 0.0222149 0
      vertex 0.0350432 0.0215829 0
    endloop
  endfacet
  facet normal 0 0 -1
    outer loop
      vertex 0.0350432 0.0215829 0
      vertex 0.0349432 0.0222149 0
      vertex 0.0351188 0.0221009 0
    endloop
  endfacet
  facet normal 0 0 -1
    outer loop
      vertex 0.0351188 0.0221009 0
      vertex 0.0352815 0.0219692 0
      vertex 0.0350432 0.0215829 0
    endloop
  endfacet
  facet normal 0 0 -1
    outer loop
      vertex 0.0352815 0.0219692 0
      vertex 0.0354295 0.0218211 0
      vertex 0.0350432 0.0215829 0
    endloop
  endfacet
  facet normal 0 0 -1
    outer loop
      vertex 0.0350432 0.0215829 0
      vertex 0.0354295 0.0218211 0
      vertex 0.0355613 0.0216585 0
    endloop
  endfacet
  facet normal 0 0 -1
    outer loop
      vertex -0.0366907 0.0203498 0
      vertex -0.036908 0.0205354 0
      vertex -0.0362183 0.0213826 0
    endloop
  endfacet
  facet normal 0 0 -1
    outer loop
      vertex -0.036908 0.0205354 0
      vertex -0.0371044 0.020743 0
      vertex -0.0362183 0.0213826 0
    endloop
  endfacet
  facet normal 0 0 -1
    outer loop
      vertex -0.0362183 0.0213826 0
      vertex -0.0371044 0.020743 0
      vertex -0.0363305 0.0215146 0
    endloop
  endfacet
  facet normal 0 0 -1
    outer loop
      vertex -0.0371044 0.020743 0
      vertex -0.0372776 0.0209703 0
      vertex -0.0363305 0.0215146 0
    endloop
  endfacet
  facet normal 0 0 -1
    outer loop
      vertex -0.0363305 0.0215146 0
      vertex -0.0372776 0.0209703 0
      vertex -0.0364277 0.021658 0
    endloop
  endfacet
  facet normal 0 0 -1
    outer loop
      vertex -0.0372776 0.0209703 0
      vertex -0.0374257 0.0212148 0
      vertex -0.0364277 0.021658 0
    endloop
  endfacet
  facet normal 0 0 -1
    outer loop
      vertex -0.0364277 0.021658 0
      vertex -0.0374257 0.0212148 0
      vertex -0.0365089 0.0218111 0
    endloop
  endfacet
  facet normal 0 0 -1
    outer loop
      vertex -0.0374257 0.0212148 0
      vertex -0.037547 0.0214735 0
      vertex -0.0365089 0.0218111 0
    endloop
  endfacet
  facet normal 0 0 -1
    outer loop
      vertex -0.0365089 0.0218111 0
      vertex -0.037547 0.0214735 0
      vertex -0.036573 0.021972 0
    endloop
  endfacet
  facet normal 0 0 -1
    outer loop
      vertex -0.037547 0.0214735 0
      vertex -0.0376401 0.0217437 0
      vertex -0.036573 0.021972 0
    endloop
  endfacet
  facet normal 0 0 -1
    outer loop
      vertex -0.036573 0.021972 0
      vertex -0.0376401 0.0217437 0
      vertex -0.0366193 0.0221389 0
    endloop
  endfacet
  facet normal 0 0 -1
    outer loop
      vertex -0.0376401 0.0217437 0
      vertex -0.037704 0.0220223 0
      vertex -0.0366193 0.0221389 0
    endloop
  endfacet
  facet normal 0 0 -1
    outer loop
      vertex -0.0366193 0.0221389 0
      vertex -0.037704 0.0220223 0
      vertex -0.0366474 0.0223099 0
    endloop
  endfacet
  facet normal 0 0 -1
    outer loop
      vertex -0.037704 0.0220223 0
      vertex -0.0377379 0.022306 0
      vertex -0.0366474 0.0223099 0
    endloop
  endfacet
  facet normal 0 0 -1
    outer loop
      vertex -0.0366474 0.0223099 0
      vertex -0.0377379 0.022306 0
      vertex -0.0366568 0.0224829 0
    endloop
  endfacet
  facet normal 0 0 -1
    outer loop
      vertex -0.0377379 0.022306 0
      vertex -0.0377416 0.0225918 0
      vertex -0.0366568 0.0224829 0
    endloop
  endfacet
  facet normal 0 0 -1
    outer loop
      vertex -0.0366568 0.0224829 0
      vertex -0.0377416 0.0225918 0
      vertex -0.0366474 0.0226559 0
    endloop
  endfacet
  facet normal 0 0 -1
    outer loop
      vertex -0.0377416 0.0225918 0
      vertex -0.0377148 0.0228763 0
      vertex -0.0366474 0.0226559 0
    endloop
  endfacet
  facet normal 0 0 -1
    outer loop
      vertex -0.0366474 0.0226559 0
      vertex -0.0377148 0.0228763 0
      vertex -0.0366193 0.0228268 0
    endloop
  endfacet
  facet normal 0 0 -1
    outer loop
      vertex -0.0377148 0.0228763 0
      vertex -0.037658 0.0231564 0
      vertex -0.0366193 0.0228268 0
    endloop
  endfacet
  facet normal 0 0 -1
    outer loop
      vertex -0.0366193 0.0228268 0
      vertex -0.037658 0.0231564 0
      vertex -0.036573 0.0229938 0
    endloop
  endfacet
  facet normal 0 0 -1
    outer loop
      vertex -0.037658 0.0231564 0
      vertex -0.0375717 0.0234289 0
      vertex -0.036573 0.0229938 0
    endloop
  endfacet
  facet normal 0 0 -1
    outer loop
      vertex -0.036573 0.0229938 0
      vertex -0.0375717 0.0234289 0
      vertex -0.0365089 0.0231547 0
    endloop
  endfacet
  facet normal 0 0 -1
    outer loop
      vertex -0.0375717 0.0234289 0
      vertex -0.037457 0.0236906 0
      vertex -0.0365089 0.0231547 0
    endloop
  endfacet
  facet normal 0 0 -1
    outer loop
      vertex -0.0365089 0.0231547 0
      vertex -0.037457 0.0236906 0
      vertex -0.0364277 0.0233078 0
    endloop
  endfacet
  facet normal 0 0 -1
    outer loop
      vertex -0.037457 0.0236906 0
      vertex -0.0373152 0.0239387 0
      vertex -0.0364277 0.0233078 0
    endloop
  endfacet
  facet normal 0 0 -1
    outer loop
      vertex -0.0364277 0.0233078 0
      vertex -0.0373152 0.0239387 0
      vertex -0.0363305 0.0234512 0
    endloop
  endfacet
  facet normal 0 0 -1
    outer loop
      vertex -0.0373152 0.0239387 0
      vertex -0.0371478 0.0241703 0
      vertex -0.0363305 0.0234512 0
    endloop
  endfacet
  facet normal 0 0 -1
    outer loop
      vertex -0.0363305 0.0234512 0
      vertex -0.0371478 0.0241703 0
      vertex -0.0362183 0.0235832 0
    endloop
  endfacet
  facet normal 0 0 -1
    outer loop
      vertex -0.0371478 0.0241703 0
      vertex -0.0369568 0.0243829 0
      vertex -0.0362183 0.0235832 0
    endloop
  endfacet
  facet normal 0 0 -1
    outer loop
      vertex -0.0362183 0.0235832 0
      vertex -0.0369568 0.0243829 0
      vertex -0.0360926 0.0237023 0
    endloop
  endfacet
  facet normal 0 0 -1
    outer loop
      vertex -0.0369568 0.0243829 0
      vertex -0.0367442 0.0245739 0
      vertex -0.0360926 0.0237023 0
    endloop
  endfacet
  facet normal 0 0 -1
    outer loop
      vertex -0.0360926 0.0237023 0
      vertex -0.0367442 0.0245739 0
      vertex -0.0359547 0.0238072 0
    endloop
  endfacet
  facet normal 0 0 -1
    outer loop
      vertex -0.0367442 0.0245739 0
      vertex -0.0365126 0.0247413 0
      vertex -0.0359547 0.0238072 0
    endloop
  endfacet
  facet normal 0 0 -1
    outer loop
      vertex -0.0359547 0.0238072 0
      vertex -0.0365126 0.0247413 0
      vertex -0.0358062 0.0238965 0
    endloop
  endfacet
  facet normal 0 0 -1
    outer loop
      vertex -0.0365126 0.0247413 0
      vertex -0.0362645 0.0248832 0
      vertex -0.0358062 0.0238965 0
    endloop
  endfacet
  facet normal 0 0 -1
    outer loop
      vertex -0.0358062 0.0238965 0
      vertex -0.0362645 0.0248832 0
      vertex -0.035649 0.0239692 0
    endloop
  endfacet
  facet normal 0 0 -1
    outer loop
      vertex -0.0362645 0.0248832 0
      vertex -0.0360027 0.0249979 0
      vertex -0.035649 0.0239692 0
    endloop
  endfacet
  facet normal 0 0 -1
    outer loop
      vertex -0.035649 0.0239692 0
      vertex -0.0360027 0.0249979 0
      vertex -0.0354848 0.0240246 0
    endloop
  endfacet
  facet normal 0 0 -1
    outer loop
      vertex -0.0360027 0.0249979 0
      vertex -0.0357303 0.0250841 0
      vertex -0.0354848 0.0240246 0
    endloop
  endfacet
  facet normal 0 0 -1
    outer loop
      vertex -0.0354848 0.0240246 0
      vertex -0.0357303 0.0250841 0
      vertex -0.0353156 0.0240618 0
    endloop
  endfacet
  facet normal 0 0 -1
    outer loop
      vertex -0.0357303 0.0250841 0
      vertex -0.0354502 0.0251409 0
      vertex -0.0353156 0.0240618 0
    endloop
  endfacet
  facet normal 0 0 -1
    outer loop
      vertex -0.0353156 0.0240618 0
      vertex -0.0354502 0.0251409 0
      vertex -0.0351434 0.0240805 0
    endloop
  endfacet
  facet normal 0 0 -1
    outer loop
      vertex -0.0354502 0.0251409 0
      vertex -0.0351657 0.0251677 0
      vertex -0.0351434 0.0240805 0
    endloop
  endfacet
  facet normal 0 0 -1
    outer loop
      vertex -0.0351434 0.0240805 0
      vertex -0.0351657 0.0251677 0
      vertex -0.0349701 0.0240805 0
    endloop
  endfacet
  facet normal 0 0 -1
    outer loop
      vertex -0.0351657 0.0251677 0
      vertex -0.0348799 0.0251641 0
      vertex -0.0349701 0.0240805 0
    endloop
  endfacet
  facet normal 0 0 -1
    outer loop
      vertex -0.0349701 0.0240805 0
      vertex -0.0348799 0.0251641 0
      vertex -0.0347979 0.0240618 0
    endloop
  endfacet
  facet normal 0 0 -1
    outer loop
      vertex -0.0348799 0.0251641 0
      vertex -0.0345961 0.0251301 0
      vertex -0.0347979 0.0240618 0
    endloop
  endfacet
  facet normal 0 0 -1
    outer loop
      vertex -0.0347979 0.0240618 0
      vertex -0.0345961 0.0251301 0
      vertex -0.0346287 0.0240246 0
    endloop
  endfacet
  facet normal 0 0 -1
    outer loop
      vertex -0.0345961 0.0251301 0
      vertex -0.0343176 0.0250662 0
      vertex -0.0346287 0.0240246 0
    endloop
  endfacet
  facet normal 0 0 -1
    outer loop
      vertex -0.0346287 0.0240246 0
      vertex -0.0343176 0.0250662 0
      vertex -0.0344645 0.0239692 0
    endloop
  endfacet
  facet normal 0 0 -1
    outer loop
      vertex -0.0343176 0.0250662 0
      vertex -0.0340474 0.0249731 0
      vertex -0.0344645 0.0239692 0
    endloop
  endfacet
  facet normal 0 0 -1
    outer loop
      vertex -0.0344645 0.0239692 0
      vertex -0.0340474 0.0249731 0
      vertex -0.0343073 0.0238965 0
    endloop
  endfacet
  facet normal 0 0 -1
    outer loop
      vertex -0.0340474 0.0249731 0
      vertex -0.0337886 0.0248518 0
      vertex -0.0343073 0.0238965 0
    endloop
  endfacet
  facet normal 0 0 -1
    outer loop
      vertex -0.0343073 0.0238965 0
      vertex -0.0337886 0.0248518 0
      vertex -0.0341589 0.0238072 0
    endloop
  endfacet
  facet normal 0 0 -1
    outer loop
      vertex -0.0337886 0.0248518 0
      vertex -0.0335442 0.0247037 0
      vertex -0.0341589 0.0238072 0
    endloop
  endfacet
  facet normal 0 0 -1
    outer loop
      vertex -0.0341589 0.0238072 0
      vertex -0.0335442 0.0247037 0
      vertex -0.0340209 0.0237023 0
    endloop
  endfacet
  facet normal 0 0 -1
    outer loop
      vertex -0.0335442 0.0247037 0
      vertex -0.0333169 0.0245305 0
      vertex -0.0340209 0.0237023 0
    endloop
  endfacet
  facet normal 0 0 -1
    outer loop
      vertex -0.0340209 0.0237023 0
      vertex -0.0333169 0.0245305 0
      vertex -0.0338952 0.0235832 0
    endloop
  endfacet
  facet normal 0 0 -1
    outer loop
      vertex -0.0333169 0.0245305 0
      vertex -0.0331093 0.0243342 0
      vertex -0.0338952 0.0235832 0
    endloop
  endfacet
  facet normal 0 0 -1
    outer loop
      vertex -0.0338952 0.0235832 0
      vertex -0.0331093 0.0243342 0
      vertex -0.033783 0.0234512 0
    endloop
  endfacet
  facet normal 0 0 -1
    outer loop
      vertex -0.0331093 0.0243342 0
      vertex -0.0329237 0.0241169 0
      vertex -0.033783 0.0234512 0
    endloop
  endfacet
  facet normal 0 0 -1
    outer loop
      vertex -0.033783 0.0234512 0
      vertex -0.0329237 0.0241169 0
      vertex -0.0336858 0.0233078 0
    endloop
  endfacet
  facet normal 0 0 -1
    outer loop
      vertex -0.0329237 0.0241169 0
      vertex -0.0327622 0.0238811 0
      vertex -0.0336858 0.0233078 0
    endloop
  endfacet
  facet normal 0 0 -1
    outer loop
      vertex -0.0336858 0.0233078 0
      vertex -0.0327622 0.0238811 0
      vertex -0.0336046 0.0231547 0
    endloop
  endfacet
  facet normal 0 0 -1
    outer loop
      vertex -0.0327622 0.0238811 0
      vertex -0.0326267 0.0236295 0
      vertex -0.0336046 0.0231547 0
    endloop
  endfacet
  facet normal 0 0 -1
    outer loop
      vertex -0.0336046 0.0231547 0
      vertex -0.0326267 0.0236295 0
      vertex -0.0335405 0.0229938 0
    endloop
  endfacet
  facet normal 0 0 -1
    outer loop
      vertex -0.0326267 0.0236295 0
      vertex -0.0325296 0.0234485 0
      vertex -0.0335405 0.0229938 0
    endloop
  endfacet
  facet normal 0 0 -1
    outer loop
      vertex -0.0335405 0.0229938 0
      vertex -0.0325296 0.0234485 0
      vertex -0.0324145 0.0232784 0
    endloop
  endfacet
  facet normal 0 0 -1
    outer loop
      vertex -0.0350673 0.0184491 0
      vertex -0.0350988 0.018652 0
      vertex -0.0349701 0.0208852 0
    endloop
  endfacet
  facet normal 0 0 -1
    outer loop
      vertex -0.0350988 0.018652 0
      vertex -0.035151 0.0188506 0
      vertex -0.0349701 0.0208852 0
    endloop
  endfacet
  facet normal 0 0 -1
    outer loop
      vertex -0.0349701 0.0208852 0
      vertex -0.035151 0.0188506 0
      vertex -0.0351434 0.0208852 0
    endloop
  endfacet
  facet normal 0 0 -1
    outer loop
      vertex -0.035151 0.0188506 0
      vertex -0.0352232 0.0190429 0
      vertex -0.0351434 0.0208852 0
    endloop
  endfacet
  facet normal 0 0 -1
    outer loop
      vertex -0.0351434 0.0208852 0
      vertex -0.0352232 0.0190429 0
      vertex -0.0353148 0.0192267 0
    endloop
  endfacet
  facet normal 0 0 -1
    outer loop
      vertex -0.0350673 0.0184491 0
      vertex -0.0349701 0.0208852 0
      vertex -0.0350568 0.018244 0
    endloop
  endfacet
  facet normal 0 0 -1
    outer loop
      vertex -0.0349701 0.0208852 0
      vertex -0.0341568 0.00767917 0
      vertex -0.0350568 0.018244 0
    endloop
  endfacet
  facet normal 0 0 -1
    outer loop
      vertex -0.0350568 0.018244 0
      vertex -0.0341568 0.00767917 0
      vertex -0.0350568 0.00767917 0
    endloop
  endfacet
  facet normal 0.605172 -0.796095 -0.000372565
    outer loop
      vertex 0.03499 -0.0222321 1.41641e-6
      vertex 0.0350453 -0.0221928 0.006
      vertex 0.0349074 -0.0222977 0.006
    endloop
  endfacet
  facet normal 0.687699 -0.725996 -0.000294312
    outer loop
      vertex 0.0347817 -0.0224168 0.006
      vertex 0.0348119 -0.0223857 2.71344e-5
      vertex 0.0349074 -0.0222977 0.006
    endloop
  endfacet
  facet normal 0.677816 -0.735232 0
    outer loop
      vertex 0.0348119 -0.0223857 2.71344e-5
      vertex 0.0349074 -0.0222977 9.2662e-6
      vertex 0.0349074 -0.0222977 0.006
    endloop
  endfacet
  facet normal 0.621901 -0.783096 0
    outer loop
      vertex 0.0349074 -0.0222977 0.006
      vertex 0.0349074 -0.0222977 9.2662e-6
      vertex 0.03499 -0.0222321 1.41641e-6
    endloop
  endfacet
  facet normal 0.76216 -0.647388 -0.000305125
    outer loop
      vertex 0.0346695 -0.0225488 0.006
      vertex 0.0346979 -0.0225126 5.4781e-6
      vertex 0.0347817 -0.0224168 0.006
    endloop
  endfacet
  facet normal 0.752776 -0.658277 0
    outer loop
      vertex 0.0346979 -0.0225126 5.4781e-6
      vertex 0.0347817 -0.0224168 2.02693e-5
      vertex 0.0347817 -0.0224168 0.006
    endloop
  endfacet
  facet normal 0.716585 -0.697499 0
    outer loop
      vertex 0.0347817 -0.0224168 0.006
      vertex 0.0347817 -0.0224168 2.02693e-5
      vertex 0.0348119 -0.0223857 2.71344e-5
    endloop
  endfacet
  facet normal 0.827688 -0.561189 -0.000390517
    outer loop
      vertex 0.0345723 -0.0226922 0.006
      vertex 0.0346204 -0.0226171 0
      vertex 0.0346695 -0.0225488 0.006
    endloop
  endfacet
  facet normal 0.811734 -0.584027 0
    outer loop
      vertex 0.0346204 -0.0226171 0
      vertex 0.0346695 -0.0225488 2.33372e-6
      vertex 0.0346695 -0.0225488 0.006
    endloop
  endfacet
  facet normal 0.787276 -0.616601 0
    outer loop
      vertex 0.0346695 -0.0225488 0.006
      vertex 0.0346695 -0.0225488 2.33372e-6
      vertex 0.0346979 -0.0225126 5.4781e-6
    endloop
  endfacet
  facet normal 0.579255 -0.815146 -9.00195e-6
    outer loop
      vertex 0.03499 -0.0222321 1.41641e-6
      vertex 0.0350432 -0.0221942 0
      vertex 0.0350453 -0.0221928 0.006
    endloop
  endfacet
  facet normal 0.561788 -0.827281 0
    outer loop
      vertex 0.0350432 -0.0221942 0
      vertex 0.0350453 -0.0221928 0
      vertex 0.0350453 -0.0221928 0.006
    endloop
  endfacet
  facet normal 0.51555 -0.85686 0
    outer loop
      vertex 0.0350453 -0.0221928 0.006
      vertex 0.0350453 -0.0221928 0
      vertex 0.0351938 -0.0221035 0.006
    endloop
  endfacet
  facet normal 0.51555 -0.85686 0
    outer loop
      vertex 0.0350453 -0.0221928 0
      vertex 0.0351938 -0.0221035 0
      vertex 0.0351938 -0.0221035 0.006
    endloop
  endfacet
  facet normal 0.419888 -0.907576 0
    outer loop
      vertex 0.0351938 -0.0221035 0.006
      vertex 0.0351938 -0.0221035 0
      vertex 0.035351 -0.0220308 0.006
    endloop
  endfacet
  facet normal 0.419888 -0.907576 0
    outer loop
      vertex 0.0351938 -0.0221035 0
      vertex 0.035351 -0.0220308 0
      vertex 0.035351 -0.0220308 0.006
    endloop
  endfacet
  facet normal 0.319303 -0.947653 0
    outer loop
      vertex 0.035351 -0.0220308 0.006
      vertex 0.035351 -0.0220308 0
      vertex 0.0355152 -0.0219754 0.006
    endloop
  endfacet
  facet normal 0.319303 -0.947653 0
    outer loop
      vertex 0.035351 -0.0220308 0
      vertex 0.0355152 -0.0219754 0
      vertex 0.0355152 -0.0219754 0.006
    endloop
  endfacet
  facet normal 0.214975 -0.976619 0
    outer loop
      vertex 0.0355152 -0.0219754 0.006
      vertex 0.0355152 -0.0219754 0
      vertex 0.0356844 -0.0219382 0.006
    endloop
  endfacet
  facet normal 0.214975 -0.976619 0
    outer loop
      vertex 0.0355152 -0.0219754 0
      vertex 0.0356844 -0.0219382 0
      vertex 0.0356844 -0.0219382 0.006
    endloop
  endfacet
  facet normal 0.108118 -0.994138 0
    outer loop
      vertex 0.0356844 -0.0219382 0.006
      vertex 0.0356844 -0.0219382 0
      vertex 0.0358566 -0.0219195 0.006
    endloop
  endfacet
  facet normal 0.108118 -0.994138 0
    outer loop
      vertex 0.0356844 -0.0219382 0
      vertex 0.0358566 -0.0219195 0
      vertex 0.0358566 -0.0219195 0.006
    endloop
  endfacet
  facet normal 0 -1 0
    outer loop
      vertex 0.0358566 -0.0219195 0.006
      vertex 0.0358566 -0.0219195 0
      vertex 0.0360299 -0.0219195 0.006
    endloop
  endfacet
  facet normal 0 -1 0
    outer loop
      vertex 0.0358566 -0.0219195 0
      vertex 0.0360299 -0.0219195 0
      vertex 0.0360299 -0.0219195 0.006
    endloop
  endfacet
  facet normal -0.108116 -0.994138 0
    outer loop
      vertex 0.0360299 -0.0219195 0.006
      vertex 0.0360299 -0.0219195 0
      vertex 0.0362021 -0.0219382 0.006
    endloop
  endfacet
  facet normal -0.108116 -0.994138 0
    outer loop
      vertex 0.0360299 -0.0219195 0
      vertex 0.0362021 -0.0219382 0
      vertex 0.0362021 -0.0219382 0.006
    endloop
  endfacet
  facet normal -0.21498 -0.976618 0
    outer loop
      vertex 0.0362021 -0.0219382 0.006
      vertex 0.0362021 -0.0219382 0
      vertex 0.0363713 -0.0219754 0.006
    endloop
  endfacet
  facet normal -0.21498 -0.976618 0
    outer loop
      vertex 0.0362021 -0.0219382 0
      vertex 0.0363713 -0.0219754 0
      vertex 0.0363713 -0.0219754 0.006
    endloop
  endfacet
  facet normal -0.319297 -0.947655 0
    outer loop
      vertex 0.0363713 -0.0219754 0.006
      vertex 0.0363713 -0.0219754 0
      vertex 0.0365355 -0.0220308 0.006
    endloop
  endfacet
  facet normal -0.319297 -0.947655 0
    outer loop
      vertex 0.0363713 -0.0219754 0
      vertex 0.0365355 -0.0220308 0
      vertex 0.0365355 -0.0220308 0.006
    endloop
  endfacet
  facet normal -0.419888 -0.907576 0
    outer loop
      vertex 0.0365355 -0.0220308 0.006
      vertex 0.0365355 -0.0220308 0
      vertex 0.0366927 -0.0221035 0.006
    endloop
  endfacet
  facet normal -0.419888 -0.907576 0
    outer loop
      vertex 0.0365355 -0.0220308 0
      vertex 0.0366927 -0.0221035 0
      vertex 0.0366927 -0.0221035 0.006
    endloop
  endfacet
  facet normal -0.51555 -0.85686 0
    outer loop
      vertex 0.0366927 -0.0221035 0.006
      vertex 0.0366927 -0.0221035 0
      vertex 0.0368411 -0.0221928 0.006
    endloop
  endfacet
  facet normal -0.51555 -0.85686 0
    outer loop
      vertex 0.0366927 -0.0221035 0
      vertex 0.0368411 -0.0221928 0
      vertex 0.0368411 -0.0221928 0.006
    endloop
  endfacet
  facet normal -0.605182 -0.796087 0
    outer loop
      vertex 0.0368411 -0.0221928 0.006
      vertex 0.0368411 -0.0221928 0
      vertex 0.0369791 -0.0222977 0.006
    endloop
  endfacet
  facet normal -0.605182 -0.796087 0
    outer loop
      vertex 0.0368411 -0.0221928 0
      vertex 0.0369791 -0.0222977 0
      vertex 0.0369791 -0.0222977 0.006
    endloop
  endfacet
  facet normal -0.687699 -0.725996 0
    outer loop
      vertex 0.0369791 -0.0222977 0.006
      vertex 0.0369791 -0.0222977 0
      vertex 0.0371048 -0.0224168 0.006
    endloop
  endfacet
  facet normal -0.687699 -0.725996 0
    outer loop
      vertex 0.0369791 -0.0222977 0
      vertex 0.0371048 -0.0224168 0
      vertex 0.0371048 -0.0224168 0.006
    endloop
  endfacet
  facet normal -0.76216 -0.647388 0
    outer loop
      vertex 0.0371048 -0.0224168 0.006
      vertex 0.0371048 -0.0224168 0
      vertex 0.037217 -0.0225488 0.006
    endloop
  endfacet
  facet normal -0.76216 -0.647388 0
    outer loop
      vertex 0.0371048 -0.0224168 0
      vertex 0.037217 -0.0225488 0
      vertex 0.037217 -0.0225488 0.006
    endloop
  endfacet
  facet normal -0.827688 -0.561189 0
    outer loop
      vertex 0.037217 -0.0225488 0.006
      vertex 0.037217 -0.0225488 0
      vertex 0.0373142 -0.0226922 0.006
    endloop
  endfacet
  facet normal -0.827688 -0.561189 0
    outer loop
      vertex 0.037217 -0.0225488 0
      vertex 0.0373142 -0.0226922 0
      vertex 0.0373142 -0.0226922 0.006
    endloop
  endfacet
  facet normal -0.883516 -0.4684 0
    outer loop
      vertex 0.0373142 -0.0226922 0.006
      vertex 0.0373142 -0.0226922 0
      vertex 0.0373954 -0.0228453 0.006
    endloop
  endfacet
  facet normal -0.883516 -0.4684 0
    outer loop
      vertex 0.0373142 -0.0226922 0
      vertex 0.0373954 -0.0228453 0
      vertex 0.0373954 -0.0228453 0.006
    endloop
  endfacet
  facet normal -0.928971 -0.370152 0
    outer loop
      vertex 0.0373954 -0.0228453 0.006
      vertex 0.0373954 -0.0228453 0
      vertex 0.0374595 -0.0230062 0.006
    endloop
  endfacet
  facet normal -0.928971 -0.370152 0
    outer loop
      vertex 0.0373954 -0.0228453 0
      vertex 0.0374595 -0.0230062 0
      vertex 0.0374595 -0.0230062 0.006
    endloop
  endfacet
  facet normal -0.963552 -0.26752 0
    outer loop
      vertex 0.0374595 -0.0230062 0.006
      vertex 0.0374595 -0.0230062 0
      vertex 0.0375058 -0.0231732 0.006
    endloop
  endfacet
  facet normal -0.963552 -0.26752 0
    outer loop
      vertex 0.0374595 -0.0230062 0
      vertex 0.0375058 -0.0231732 0
      vertex 0.0375058 -0.0231732 0.006
    endloop
  endfacet
  facet normal -0.986825 -0.16179 0
    outer loop
      vertex 0.0375058 -0.0231732 0.006
      vertex 0.0375058 -0.0231732 0
      vertex 0.0375339 -0.0233441 0.006
    endloop
  endfacet
  facet normal -0.986825 -0.16179 0
    outer loop
      vertex 0.0375058 -0.0231732 0
      vertex 0.0375339 -0.0233441 0
      vertex 0.0375339 -0.0233441 0.006
    endloop
  endfacet
  facet normal -0.998534 -0.054123 0
    outer loop
      vertex 0.0375339 -0.0233441 0.006
      vertex 0.0375339 -0.0233441 0
      vertex 0.0375432 -0.0235171 0.006
    endloop
  endfacet
  facet normal -0.998534 -0.054123 0
    outer loop
      vertex 0.0375339 -0.0233441 0
      vertex 0.0375432 -0.0235171 0
      vertex 0.0375432 -0.0235171 0.006
    endloop
  endfacet
  facet normal -0.998534 0.0541236 0
    outer loop
      vertex 0.0375432 -0.0235171 0.006
      vertex 0.0375432 -0.0235171 0
      vertex 0.0375339 -0.0236901 0.006
    endloop
  endfacet
  facet normal -0.998534 0.0541236 0
    outer loop
      vertex 0.0375432 -0.0235171 0
      vertex 0.0375339 -0.0236901 0
      vertex 0.0375339 -0.0236901 0.006
    endloop
  endfacet
  facet normal -0.986825 0.161788 0
    outer loop
      vertex 0.0375339 -0.0236901 0.006
      vertex 0.0375339 -0.0236901 0
      vertex 0.0375058 -0.0238611 0.006
    endloop
  endfacet
  facet normal -0.986825 0.161788 0
    outer loop
      vertex 0.0375339 -0.0236901 0
      vertex 0.0375058 -0.0238611 0
      vertex 0.0375058 -0.0238611 0.006
    endloop
  endfacet
  facet normal -0.963552 0.26752 0
    outer loop
      vertex 0.0375058 -0.0238611 0.006
      vertex 0.0375058 -0.0238611 0
      vertex 0.0374595 -0.024028 0.006
    endloop
  endfacet
  facet normal -0.963552 0.26752 0
    outer loop
      vertex 0.0375058 -0.0238611 0
      vertex 0.0374595 -0.024028 0
      vertex 0.0374595 -0.024028 0.006
    endloop
  endfacet
  facet normal -0.928971 0.370152 0
    outer loop
      vertex 0.0374595 -0.024028 0.006
      vertex 0.0374595 -0.024028 0
      vertex 0.0373954 -0.0241889 0.006
    endloop
  endfacet
  facet normal -0.928971 0.370152 0
    outer loop
      vertex 0.0374595 -0.024028 0
      vertex 0.0373954 -0.0241889 0
      vertex 0.0373954 -0.0241889 0.006
    endloop
  endfacet
  facet normal -0.883514 0.468405 0
    outer loop
      vertex 0.0373954 -0.0241889 0.006
      vertex 0.0373954 -0.0241889 0
      vertex 0.0373142 -0.024342 0.006
    endloop
  endfacet
  facet normal -0.883514 0.468405 0
    outer loop
      vertex 0.0373954 -0.0241889 0
      vertex 0.0373142 -0.024342 0
      vertex 0.0373142 -0.024342 0.006
    endloop
  endfacet
  facet normal -0.827688 0.561189 0
    outer loop
      vertex 0.0373142 -0.024342 0.006
      vertex 0.0373142 -0.024342 0
      vertex 0.037217 -0.0244854 0.006
    endloop
  endfacet
  facet normal -0.827688 0.561189 0
    outer loop
      vertex 0.0373142 -0.024342 0
      vertex 0.037217 -0.0244854 0
      vertex 0.037217 -0.0244854 0.006
    endloop
  endfacet
  facet normal -0.76216 0.647388 0
    outer loop
      vertex 0.037217 -0.0244854 0.006
      vertex 0.037217 -0.0244854 0
      vertex 0.0371048 -0.0246174 0.006
    endloop
  endfacet
  facet normal -0.76216 0.647388 0
    outer loop
      vertex 0.037217 -0.0244854 0
      vertex 0.0371048 -0.0246174 0
      vertex 0.0371048 -0.0246174 0.006
    endloop
  endfacet
  facet normal -0.687704 0.725991 0
    outer loop
      vertex 0.0371048 -0.0246174 0.006
      vertex 0.0371048 -0.0246174 0
      vertex 0.0369791 -0.0247366 0.006
    endloop
  endfacet
  facet normal -0.687704 0.725991 0
    outer loop
      vertex 0.0371048 -0.0246174 0
      vertex 0.0369791 -0.0247366 0
      vertex 0.0369791 -0.0247366 0.006
    endloop
  endfacet
  facet normal -0.605176 0.796092 0
    outer loop
      vertex 0.0369791 -0.0247366 0.006
      vertex 0.0369791 -0.0247366 0
      vertex 0.0368411 -0.0248414 0.006
    endloop
  endfacet
  facet normal -0.605176 0.796092 0
    outer loop
      vertex 0.0369791 -0.0247366 0
      vertex 0.0368411 -0.0248414 0
      vertex 0.0368411 -0.0248414 0.006
    endloop
  endfacet
  facet normal -0.515558 0.856855 0
    outer loop
      vertex 0.0368411 -0.0248414 0.006
      vertex 0.0368411 -0.0248414 0
      vertex 0.0366927 -0.0249307 0.006
    endloop
  endfacet
  facet normal -0.515558 0.856855 0
    outer loop
      vertex 0.0368411 -0.0248414 0
      vertex 0.0366927 -0.0249307 0
      vertex 0.0366927 -0.0249307 0.006
    endloop
  endfacet
  facet normal -0.419888 0.907576 0
    outer loop
      vertex 0.0366927 -0.0249307 0.006
      vertex 0.0366927 -0.0249307 0
      vertex 0.0365355 -0.0250035 0.006
    endloop
  endfacet
  facet normal -0.419888 0.907576 0
    outer loop
      vertex 0.0366927 -0.0249307 0
      vertex 0.0365355 -0.0250035 0
      vertex 0.0365355 -0.0250035 0.006
    endloop
  endfacet
  facet normal -0.319297 0.947655 0
    outer loop
      vertex 0.0365355 -0.0250035 0.006
      vertex 0.0365355 -0.0250035 0
      vertex 0.0363713 -0.0250588 0.006
    endloop
  endfacet
  facet normal -0.319297 0.947655 0
    outer loop
      vertex 0.0365355 -0.0250035 0
      vertex 0.0363713 -0.0250588 0
      vertex 0.0363713 -0.0250588 0.006
    endloop
  endfacet
  facet normal -0.21497 0.976621 0
    outer loop
      vertex 0.0363713 -0.0250588 0.006
      vertex 0.0363713 -0.0250588 0
      vertex 0.0362021 -0.025096 0.006
    endloop
  endfacet
  facet normal -0.21497 0.976621 0
    outer loop
      vertex 0.0363713 -0.0250588 0
      vertex 0.0362021 -0.025096 0
      vertex 0.0362021 -0.025096 0.006
    endloop
  endfacet
  facet normal -0.108116 0.994138 0
    outer loop
      vertex 0.0362021 -0.025096 0.006
      vertex 0.0362021 -0.025096 0
      vertex 0.0360299 -0.0251148 0.006
    endloop
  endfacet
  facet normal -0.108116 0.994138 0
    outer loop
      vertex 0.0362021 -0.025096 0
      vertex 0.0360299 -0.0251148 0
      vertex 0.0360299 -0.0251148 0.006
    endloop
  endfacet
  facet normal 0 1 0
    outer loop
      vertex 0.0360299 -0.0251148 0.006
      vertex 0.0360299 -0.0251148 0
      vertex 0.0358566 -0.0251148 0.006
    endloop
  endfacet
  facet normal 0 1 0
    outer loop
      vertex 0.0360299 -0.0251148 0
      vertex 0.0358566 -0.0251148 0
      vertex 0.0358566 -0.0251148 0.006
    endloop
  endfacet
  facet normal 0.108118 0.994138 0
    outer loop
      vertex 0.0358566 -0.0251148 0.006
      vertex 0.0358566 -0.0251148 0
      vertex 0.0356844 -0.025096 0.006
    endloop
  endfacet
  facet normal 0.108118 0.994138 0
    outer loop
      vertex 0.0358566 -0.0251148 0
      vertex 0.0356844 -0.025096 0
      vertex 0.0356844 -0.025096 0.006
    endloop
  endfacet
  facet normal 0.214965 0.976622 0
    outer loop
      vertex 0.0356844 -0.025096 0.006
      vertex 0.0356844 -0.025096 0
      vertex 0.0355152 -0.0250588 0.006
    endloop
  endfacet
  facet normal 0.214965 0.976622 0
    outer loop
      vertex 0.0356844 -0.025096 0
      vertex 0.0355152 -0.0250588 0
      vertex 0.0355152 -0.0250588 0.006
    endloop
  endfacet
  facet normal 0.319303 0.947653 0
    outer loop
      vertex 0.0355152 -0.0250588 0.006
      vertex 0.0355152 -0.0250588 0
      vertex 0.035351 -0.0250035 0.006
    endloop
  endfacet
  facet normal 0.319303 0.947653 0
    outer loop
      vertex 0.0355152 -0.0250588 0
      vertex 0.035351 -0.0250035 0
      vertex 0.035351 -0.0250035 0.006
    endloop
  endfacet
  facet normal 0.419888 0.907576 0
    outer loop
      vertex 0.035351 -0.0250035 0.006
      vertex 0.035351 -0.0250035 0
      vertex 0.0351938 -0.0249307 0.006
    endloop
  endfacet
  facet normal 0.419888 0.907576 0
    outer loop
      vertex 0.035351 -0.0250035 0
      vertex 0.0351938 -0.0249307 0
      vertex 0.0351938 -0.0249307 0.006
    endloop
  endfacet
  facet normal 0.515558 0.856855 0
    outer loop
      vertex 0.0351938 -0.0249307 0.006
      vertex 0.0351938 -0.0249307 0
      vertex 0.0350453 -0.0248414 0.006
    endloop
  endfacet
  facet normal 0.515558 0.856855 0
    outer loop
      vertex 0.0351938 -0.0249307 0
      vertex 0.0350453 -0.0248414 0
      vertex 0.0350453 -0.0248414 0.006
    endloop
  endfacet
  facet normal 0.605165 0.7961 0
    outer loop
      vertex 0.0350453 -0.0248414 0.006
      vertex 0.0350453 -0.0248414 0
      vertex 0.0349074 -0.0247366 0.006
    endloop
  endfacet
  facet normal 0.605165 0.7961 0
    outer loop
      vertex 0.0350453 -0.0248414 0
      vertex 0.0349074 -0.0247366 0
      vertex 0.0349074 -0.0247366 0.006
    endloop
  endfacet
  facet normal 0.687704 0.725991 0
    outer loop
      vertex 0.0349074 -0.0247366 0.006
      vertex 0.0349074 -0.0247366 0
      vertex 0.0347817 -0.0246174 0.006
    endloop
  endfacet
  facet normal 0.687704 0.725991 0
    outer loop
      vertex 0.0349074 -0.0247366 0
      vertex 0.0347817 -0.0246174 0
      vertex 0.0347817 -0.0246174 0.006
    endloop
  endfacet
  facet normal 0.76216 0.647388 0
    outer loop
      vertex 0.0347817 -0.0246174 0.006
      vertex 0.0347817 -0.0246174 0
      vertex 0.0346695 -0.0244854 0.006
    endloop
  endfacet
  facet normal 0.76216 0.647388 0
    outer loop
      vertex 0.0347817 -0.0246174 0
      vertex 0.0346695 -0.0244854 0
      vertex 0.0346695 -0.0244854 0.006
    endloop
  endfacet
  facet normal 0.827688 0.561189 0
    outer loop
      vertex 0.0346695 -0.0244854 0.006
      vertex 0.0346695 -0.0244854 0
      vertex 0.0345723 -0.024342 0.006
    endloop
  endfacet
  facet normal 0.827688 0.561189 0
    outer loop
      vertex 0.0346695 -0.0244854 0
      vertex 0.0345723 -0.024342 0
      vertex 0.0345723 -0.024342 0.006
    endloop
  endfacet
  facet normal 0.883514 0.468405 0
    outer loop
      vertex 0.0345723 -0.024342 0.006
      vertex 0.0345723 -0.024342 0
      vertex 0.0344911 -0.0241889 0.006
    endloop
  endfacet
  facet normal 0.883514 0.468405 0
    outer loop
      vertex 0.0345723 -0.024342 0
      vertex 0.0344911 -0.0241889 0
      vertex 0.0344911 -0.0241889 0.006
    endloop
  endfacet
  facet normal 0.928979 0.370134 0
    outer loop
      vertex 0.0344911 -0.0241889 0.006
      vertex 0.0344911 -0.0241889 0
      vertex 0.034427 -0.024028 0.006
    endloop
  endfacet
  facet normal 0.928979 0.370134 0
    outer loop
      vertex 0.0344911 -0.0241889 0
      vertex 0.034427 -0.024028 0
      vertex 0.034427 -0.024028 0.006
    endloop
  endfacet
  facet normal 0.963547 0.26754 0
    outer loop
      vertex 0.034427 -0.024028 0.006
      vertex 0.034427 -0.024028 0
      vertex 0.0343807 -0.0238611 0.006
    endloop
  endfacet
  facet normal 0.963547 0.26754 0
    outer loop
      vertex 0.034427 -0.024028 0
      vertex 0.0343807 -0.0238611 0
      vertex 0.0343807 -0.0238611 0.006
    endloop
  endfacet
  facet normal 0.986829 0.161767 0
    outer loop
      vertex 0.0343807 -0.0238611 0.006
      vertex 0.0343807 -0.0238611 0
      vertex 0.0343526 -0.0236901 0.006
    endloop
  endfacet
  facet normal 0.986829 0.161767 0
    outer loop
      vertex 0.0343807 -0.0238611 0
      vertex 0.0343526 -0.0236901 0
      vertex 0.0343526 -0.0236901 0.006
    endloop
  endfacet
  facet normal 0.998533 0.054145 0
    outer loop
      vertex 0.0343526 -0.0236901 0.006
      vertex 0.0343526 -0.0236901 0
      vertex 0.0343432 -0.0235171 0.006
    endloop
  endfacet
  facet normal 0.998533 0.054145 0
    outer loop
      vertex 0.0343526 -0.0236901 0
      vertex 0.0343432 -0.0235171 0
      vertex 0.0343432 -0.0235171 0.006
    endloop
  endfacet
  facet normal 0.998533 -0.0541445 0
    outer loop
      vertex 0.0343432 -0.0235171 0.006
      vertex 0.0343432 -0.0235171 0
      vertex 0.0343526 -0.0233441 0.006
    endloop
  endfacet
  facet normal 0.998533 -0.0541445 0
    outer loop
      vertex 0.0343432 -0.0235171 0
      vertex 0.0343526 -0.0233441 0
      vertex 0.0343526 -0.0233441 0.006
    endloop
  endfacet
  facet normal 0.986829 -0.161769 0
    outer loop
      vertex 0.0343526 -0.0233441 0.006
      vertex 0.0343526 -0.0233441 0
      vertex 0.0343807 -0.0231732 0.006
    endloop
  endfacet
  facet normal 0.986829 -0.161769 0
    outer loop
      vertex 0.0343526 -0.0233441 0
      vertex 0.0343807 -0.0231732 0
      vertex 0.0343807 -0.0231732 0.006
    endloop
  endfacet
  facet normal 0.963547 -0.26754 0
    outer loop
      vertex 0.0343807 -0.0231732 0.006
      vertex 0.0343807 -0.0231732 0
      vertex 0.034427 -0.0230062 0.006
    endloop
  endfacet
  facet normal 0.963547 -0.26754 0
    outer loop
      vertex 0.0343807 -0.0231732 0
      vertex 0.034427 -0.0230062 0
      vertex 0.034427 -0.0230062 0.006
    endloop
  endfacet
  facet normal 0.928979 -0.370134 0
    outer loop
      vertex 0.034427 -0.0230062 0.006
      vertex 0.034427 -0.0230062 0
      vertex 0.0344911 -0.0228453 0.006
    endloop
  endfacet
  facet normal 0.928979 -0.370134 0
    outer loop
      vertex 0.034427 -0.0230062 0
      vertex 0.0344911 -0.0228453 0
      vertex 0.0344911 -0.0228453 0.006
    endloop
  endfacet
  facet normal 0.883516 -0.4684 0
    outer loop
      vertex 0.0344911 -0.0228453 0.006
      vertex 0.0344911 -0.0228453 0
      vertex 0.0345723 -0.0226922 0.006
    endloop
  endfacet
  facet normal 0.883516 -0.4684 0
    outer loop
      vertex 0.0344911 -0.0228453 0
      vertex 0.0345723 -0.0226922 0
      vertex 0.0345723 -0.0226922 0.006
    endloop
  endfacet
  facet normal 0.842145 -0.539252 0
    outer loop
      vertex 0.0345723 -0.0226922 0.006
      vertex 0.0345723 -0.0226922 0
      vertex 0.0346204 -0.0226171 0
    endloop
  endfacet
  facet normal -0.99863 0.0523356 0
    outer loop
      vertex -0.0330568 0.0184829 0.01884
      vertex -0.0330568 0.0184829 0.02384
      vertex -0.0330458 0.0186919 0.02384
    endloop
  endfacet
  facet normal -0.99863 0.0523356 0
    outer loop
      vertex -0.0330568 0.0184829 0.01884
      vertex -0.0330458 0.0186919 0.02384
      vertex -0.0330458 0.0186919 0.01884
    endloop
  endfacet
  facet normal -0.987688 0.156436 0
    outer loop
      vertex -0.0330458 0.0186919 0.02384
      vertex -0.033013 0.0188987 0.02384
      vertex -0.0330458 0.0186919 0.01884
    endloop
  endfacet
  facet normal -0.987688 0.156436 0
    outer loop
      vertex -0.0330458 0.0186919 0.01884
      vertex -0.033013 0.0188987 0.02384
      vertex -0.033013 0.0188987 0.01884
    endloop
  endfacet
  facet normal -0.965928 0.258812 0
    outer loop
      vertex -0.033013 0.0188987 0.02384
      vertex -0.0329589 0.0191009 0.02384
      vertex -0.033013 0.0188987 0.01884
    endloop
  endfacet
  facet normal -0.965928 0.258812 0
    outer loop
      vertex -0.033013 0.0188987 0.01884
      vertex -0.0329589 0.0191009 0.02384
      vertex -0.0329589 0.0191009 0.01884
    endloop
  endfacet
  facet normal -0.933578 0.358373 0
    outer loop
      vertex -0.0329589 0.0191009 0.02384
      vertex -0.0328838 0.0192964 0.02384
      vertex -0.0329589 0.0191009 0.01884
    endloop
  endfacet
  facet normal -0.933578 0.358373 0
    outer loop
      vertex -0.0329589 0.0191009 0.01884
      vertex -0.0328838 0.0192964 0.02384
      vertex -0.0328838 0.0192964 0.01884
    endloop
  endfacet
  facet normal -0.891006 0.453991 0
    outer loop
      vertex -0.0328838 0.0192964 0.02384
      vertex -0.0327888 0.0194829 0.02384
      vertex -0.0328838 0.0192964 0.01884
    endloop
  endfacet
  facet normal -0.891006 0.453991 0
    outer loop
      vertex -0.0328838 0.0192964 0.01884
      vertex -0.0327888 0.0194829 0.02384
      vertex -0.0327888 0.0194829 0.01884
    endloop
  endfacet
  facet normal -0.838673 0.544636 0
    outer loop
      vertex -0.0327888 0.0194829 0.02384
      vertex -0.0326748 0.0196585 0.02384
      vertex -0.0327888 0.0194829 0.01884
    endloop
  endfacet
  facet normal -0.838673 0.544636 0
    outer loop
      vertex -0.0327888 0.0194829 0.01884
      vertex -0.0326748 0.0196585 0.02384
      vertex -0.0326748 0.0196585 0.01884
    endloop
  endfacet
  facet normal -0.777145 0.629322 0
    outer loop
      vertex -0.0326748 0.0196585 0.02384
      vertex -0.032543 0.0198211 0.02384
      vertex -0.0326748 0.0196585 0.01884
    endloop
  endfacet
  facet normal -0.777145 0.629322 0
    outer loop
      vertex -0.0326748 0.0196585 0.01884
      vertex -0.032543 0.0198211 0.02384
      vertex -0.032543 0.0198211 0.01884
    endloop
  endfacet
  facet normal -0.707107 0.707107 0
    outer loop
      vertex -0.032543 0.0198211 0.02384
      vertex -0.032395 0.0199692 0.02384
      vertex -0.032543 0.0198211 0.01884
    endloop
  endfacet
  facet normal -0.707107 0.707107 0
    outer loop
      vertex -0.032543 0.0198211 0.01884
      vertex -0.032395 0.0199692 0.02384
      vertex -0.032395 0.0199692 0.01884
    endloop
  endfacet
  facet normal -0.629322 0.777145 0
    outer loop
      vertex -0.032395 0.0199692 0.02384
      vertex -0.0322323 0.0201009 0.02384
      vertex -0.032395 0.0199692 0.01884
    endloop
  endfacet
  facet normal -0.629322 0.777145 0
    outer loop
      vertex -0.032395 0.0199692 0.01884
      vertex -0.0322323 0.0201009 0.02384
      vertex -0.0322323 0.0201009 0.01884
    endloop
  endfacet
  facet normal -0.54464 0.83867 0
    outer loop
      vertex -0.0322323 0.0201009 0.02384
      vertex -0.0320568 0.0202149 0.02384
      vertex -0.0322323 0.0201009 0.01884
    endloop
  endfacet
  facet normal -0.54464 0.83867 0
    outer loop
      vertex -0.0322323 0.0201009 0.01884
      vertex -0.0320568 0.0202149 0.02384
      vertex -0.0320568 0.0202149 0.01884
    endloop
  endfacet
  facet normal -0.453991 0.891006 0
    outer loop
      vertex -0.0320568 0.0202149 0.02384
      vertex -0.0318702 0.02031 0.02384
      vertex -0.0320568 0.0202149 0.01884
    endloop
  endfacet
  facet normal -0.453991 0.891006 0
    outer loop
      vertex -0.0320568 0.0202149 0.01884
      vertex -0.0318702 0.02031 0.02384
      vertex -0.0318702 0.02031 0.01884
    endloop
  endfacet
  facet normal -0.358365 0.933581 0
    outer loop
      vertex -0.0318702 0.02031 0.02384
      vertex -0.0316748 0.020385 0.02384
      vertex -0.0318702 0.02031 0.01884
    endloop
  endfacet
  facet normal -0.358365 0.933581 0
    outer loop
      vertex -0.0318702 0.02031 0.01884
      vertex -0.0316748 0.020385 0.02384
      vertex -0.0316748 0.020385 0.01884
    endloop
  endfacet
  facet normal -0.258823 0.965925 0
    outer loop
      vertex -0.0316748 0.020385 0.02384
      vertex -0.0314726 0.0204392 0.02384
      vertex -0.0316748 0.020385 0.01884
    endloop
  endfacet
  facet normal -0.258823 0.965925 0
    outer loop
      vertex -0.0316748 0.020385 0.01884
      vertex -0.0314726 0.0204392 0.02384
      vertex -0.0314726 0.0204392 0.01884
    endloop
  endfacet
  facet normal -0.156426 0.98769 0
    outer loop
      vertex -0.0314726 0.0204392 0.02384
      vertex -0.0312658 0.0204719 0.02384
      vertex -0.0314726 0.0204392 0.01884
    endloop
  endfacet
  facet normal -0.156426 0.98769 0
    outer loop
      vertex -0.0314726 0.0204392 0.01884
      vertex -0.0312658 0.0204719 0.02384
      vertex -0.0312658 0.0204719 0.01884
    endloop
  endfacet
  facet normal -0.0523356 0.99863 0
    outer loop
      vertex -0.0312658 0.0204719 0.02384
      vertex -0.0310568 0.0204829 0.02384
      vertex -0.0312658 0.0204719 0.01884
    endloop
  endfacet
  facet normal -0.0523356 0.99863 0
    outer loop
      vertex -0.0312658 0.0204719 0.01884
      vertex -0.0310568 0.0204829 0.02384
      vertex -0.0310568 0.0204829 0.01884
    endloop
  endfacet
  facet normal 0 1 0
    outer loop
      vertex 0.0339432 0.0224829 0.006
      vertex 0.0339432 0.0224829 0
      vertex 0.0275485 0.0224829 0.006
    endloop
  endfacet
  facet normal 0 1 0
    outer loop
      vertex 0.0339432 0.0224829 0
      vertex -0.0308179 0.0224829 0
      vertex 0.0275485 0.0224829 0.006
    endloop
  endfacet
  facet normal 0 1 0
    outer loop
      vertex 0.0275485 0.0224829 0.006
      vertex -0.0308179 0.0224829 0
      vertex 0.0275485 0.0224829 0.0179551
    endloop
  endfacet
  facet normal 0 1 0
    outer loop
      vertex -0.0308179 0.0224829 0
      vertex -0.00654834 0.0224829 0.0179551
      vertex 0.0275485 0.0224829 0.0179551
    endloop
  endfacet
  facet normal 0 1 0
    outer loop
      vertex -0.0246621 0.0224829 0.02184
      vertex -0.00654834 0.0224829 0.02184
      vertex -0.0246621 0.0224829 0.01884
    endloop
  endfacet
  facet normal 0 1 0
    outer loop
      vertex -0.00654834 0.0224829 0.02184
      vertex -0.00654834 0.0224829 0.0179551
      vertex -0.0246621 0.0224829 0.01884
    endloop
  endfacet
  facet normal 0 1 0
    outer loop
      vertex -0.0246621 0.0224829 0.01884
      vertex -0.00654834 0.0224829 0.0179551
      vertex -0.0246621 0.0224829 0.006
    endloop
  endfacet
  facet normal 0 1 0
    outer loop
      vertex -0.00654834 0.0224829 0.0179551
      vertex -0.0308179 0.0224829 0
      vertex -0.0246621 0.0224829 0.006
    endloop
  endfacet
  facet normal 0 1 0
    outer loop
      vertex -0.0246621 0.0224829 0.006
      vertex -0.0308179 0.0224829 0
      vertex -0.0308179 0.0224829 0.006
    endloop
  endfacet
  facet normal 0 0.999995 0.00307094
    outer loop
      vertex -0.0330568 -0.0112136 0.0125994
      vertex -0.0330568 -0.0111933 0.006
      vertex -0.0350568 -0.0112136 0.0125994
    endloop
  endfacet
  facet normal 0 0.999995 0.00307094
    outer loop
      vertex -0.0330568 -0.0111933 0.006
      vertex -0.0331568 -0.0111933 0.006
      vertex -0.0350568 -0.0112136 0.0125994
    endloop
  endfacet
  facet normal -3.75165e-7 0.999995 0.00307083
    outer loop
      vertex -0.0350568 -0.0112136 0.0125994
      vertex -0.0331568 -0.0111933 0.006
      vertex -0.0350568 -0.0111749 0
    endloop
  endfacet
  facet normal -9.81088e-8 0.999995 0.00307074
    outer loop
      vertex -0.0331568 -0.0111933 0.006
      vertex -0.0331568 -0.011178 0.001
      vertex -0.0350568 -0.0111749 0
    endloop
  endfacet
  facet normal 0 0.999995 0.00307056
    outer loop
      vertex -0.0350568 -0.0111749 0
      vertex -0.0331568 -0.011178 0.001
      vertex -0.0341568 -0.0111749 0
    endloop
  endfacet
  facet normal -3.47456e-6 0.999995 0.00307403
    outer loop
      vertex -0.0331568 -0.011178 0.001
      vertex -0.0331622 -0.0111777 0.000895472
      vertex -0.0341568 -0.0111749 0
    endloop
  endfacet
  facet normal -1.7808e-6 0.999995 0.00307215
    outer loop
      vertex -0.0341568 -0.0111749 0
      vertex -0.0331622 -0.0111777 0.000895472
      vertex -0.0331786 -0.0111773 0.000792088
    endloop
  endfacet
  facet normal 2.65255e-6 0.999995 0.00306667
    outer loop
      vertex -0.0331786 -0.0111773 0.000792088
      vertex -0.0332057 -0.011177 0.000690983
      vertex -0.0341568 -0.0111749 0
    endloop
  endfacet
  facet normal 1.5127e-6 0.999995 0.00306824
    outer loop
      vertex -0.0332057 -0.011177 0.000690983
      vertex -0.0332432 -0.0111767 0.000593263
      vertex -0.0341568 -0.0111749 0
    endloop
  endfacet
  facet normal -4.93396e-6 0.999995 0.00307817
    outer loop
      vertex -0.0341568 -0.0111749 0
      vertex -0.0332432 -0.0111767 0.000593263
      vertex -0.0332907 -0.0111765 0.0005
    endloop
  endfacet
  facet normal 3.33412e-6 0.999995 0.00306385
    outer loop
      vertex -0.0332907 -0.0111765 0.0005
      vertex -0.0333477 -0.0111762 0.000412215
      vertex -0.0341568 -0.0111749 0
    endloop
  endfacet
  facet normal 1.80165e-6 0.999995 0.00306686
    outer loop
      vertex -0.0333477 -0.0111762 0.000412215
      vertex -0.0334136 -0.0111759 0.000330869
      vertex -0.0341568 -0.0111749 0
    endloop
  endfacet
  facet normal 5.30241e-7 0.999995 0.00306971
    outer loop
      vertex -0.0341568 -0.0111749 0
      vertex -0.0334136 -0.0111759 0.000330869
      vertex -0.0334876 -0.0111757 0.000256855
    endloop
  endfacet
  facet normal -8.06225e-6 0.999995 0.0030921
    outer loop
      vertex -0.0334876 -0.0111757 0.000256855
      vertex -0.033569 -0.0111755 0.000190983
      vertex -0.0341568 -0.0111749 0
    endloop
  endfacet
  facet normal -2.5873e-6 0.999995 0.00307525
    outer loop
      vertex -0.033569 -0.0111755 0.000190983
      vertex -0.0336568 -0.0111753 0.000133975
      vertex -0.0341568 -0.0111749 0
    endloop
  endfacet
  facet normal 4.65488e-6 0.999995 0.00304822
    outer loop
      vertex -0.0341568 -0.0111749 0
      vertex -0.0336568 -0.0111753 0.000133975
      vertex -0.03375 -0.0111752 8.64545e-5
    endloop
  endfacet
  facet normal -4.06397e-6 0.999995 0.00308924
    outer loop
      vertex -0.03375 -0.0111752 8.64545e-5
      vertex -0.0338477 -0.0111751 4.89435e-5
      vertex -0.0341568 -0.0111749 0
    endloop
  endfacet
  facet normal 1.5492e-6 0.999995 0.0030538
    outer loop
      vertex -0.0338477 -0.0111751 4.89435e-5
      vertex -0.0339488 -0.011175 2.18524e-5
      vertex -0.0341568 -0.0111749 0
    endloop
  endfacet
  facet normal -8.78536e-7 0.999995 0.0030769
    outer loop
      vertex -0.0341568 -0.0111749 0
      vertex -0.0339488 -0.011175 2.18524e-5
      vertex -0.0340522 -0.0111749 5.4781e-6
    endloop
  endfacet
  facet normal 1 0 0
    outer loop
      vertex 0.0359432 -0.0192782 0.006
      vertex 0.0359432 -0.0192782 0
      vertex 0.0359432 -0.0111933 0.006
    endloop
  endfacet
  facet normal 1 0 0
    outer loop
      vertex 0.0359432 -0.0192782 0
      vertex 0.0359432 -0.0111749 0
      vertex 0.0359432 -0.0111933 0.006
    endloop
  endfacet
  facet normal -0.0523362 0 -0.99863
    outer loop
      vertex 0.0350432 0.0215829 0
      vertex 0.0350432 0.00767917 0
      vertex 0.0349387 0.00767916 5.4781e-6
    endloop
  endfacet
  facet normal -0.998629 0 -0.0523531
    outer loop
      vertex 0.0340432 0.0076761 0.001
      vertex 0.0340432 0.0205829 0.001
      vertex 0.0340487 0.00767642 0.000895472
    endloop
  endfacet
  facet normal -0.998629 0 -0.0523531
    outer loop
      vertex 0.0340432 0.0205829 0.001
      vertex 0.0340487 0.0205884 0.000895472
      vertex 0.0340487 0.00767642 0.000895472
    endloop
  endfacet
  facet normal -0.987691 0 -0.156419
    outer loop
      vertex 0.0340487 0.00767642 0.000895472
      vertex 0.0340487 0.0205884 0.000895472
      vertex 0.0340651 0.00767674 0.000792088
    endloop
  endfacet
  facet normal -0.987691 0 -0.156419
    outer loop
      vertex 0.0340487 0.0205884 0.000895472
      vertex 0.0340651 0.0206047 0.000792088
      vertex 0.0340651 0.00767674 0.000792088
    endloop
  endfacet
  facet normal -0.965928 0 -0.258812
    outer loop
      vertex 0.0340651 0.00767674 0.000792088
      vertex 0.0340651 0.0206047 0.000792088
      vertex 0.0340922 0.00767705 0.000690983
    endloop
  endfacet
  facet normal -0.965928 0 -0.258812
    outer loop
      vertex 0.0340651 0.0206047 0.000792088
      vertex 0.0340922 0.0206318 0.000690983
      vertex 0.0340922 0.00767705 0.000690983
    endloop
  endfacet
  facet normal -0.933572 0 -0.35839
    outer loop
      vertex 0.0340922 0.00767705 0.000690983
      vertex 0.0340922 0.0206318 0.000690983
      vertex 0.0341297 0.00767735 0.000593263
    endloop
  endfacet
  facet normal -0.933572 0 -0.35839
    outer loop
      vertex 0.0340922 0.0206318 0.000690983
      vertex 0.0341297 0.0206693 0.000593263
      vertex 0.0341297 0.00767735 0.000593263
    endloop
  endfacet
  facet normal -0.891007 0 -0.453989
    outer loop
      vertex 0.0341297 0.00767735 0.000593263
      vertex 0.0341297 0.0206693 0.000593263
      vertex 0.0341772 0.00767764 0.0005
    endloop
  endfacet
  facet normal -0.891007 0 -0.453989
    outer loop
      vertex 0.0341297 0.0206693 0.000593263
      vertex 0.0341772 0.0207169 0.0005
      vertex 0.0341772 0.00767764 0.0005
    endloop
  endfacet
  facet normal -0.838672 0 -0.544637
    outer loop
      vertex 0.0341772 0.00767764 0.0005
      vertex 0.0341772 0.0207169 0.0005
      vertex 0.0342342 0.00767791 0.000412215
    endloop
  endfacet
  facet normal -0.838672 0 -0.544637
    outer loop
      vertex 0.0341772 0.0207169 0.0005
      vertex 0.0342342 0.0207739 0.000412215
      vertex 0.0342342 0.00767791 0.000412215
    endloop
  endfacet
  facet normal -0.777153 0 -0.629311
    outer loop
      vertex 0.0342342 0.00767791 0.000412215
      vertex 0.0342342 0.0207739 0.000412215
      vertex 0.0343001 0.00767816 0.000330869
    endloop
  endfacet
  facet normal -0.777153 0 -0.629311
    outer loop
      vertex 0.0342342 0.0207739 0.000412215
      vertex 0.0343001 0.0208397 0.000330869
      vertex 0.0343001 0.00767816 0.000330869
    endloop
  endfacet
  facet normal -0.707107 0 -0.707106
    outer loop
      vertex 0.0343001 0.00767816 0.000330869
      vertex 0.0343001 0.0208397 0.000330869
      vertex 0.0343741 0.00767838 0.000256855
    endloop
  endfacet
  facet normal -0.707107 0 -0.707106
    outer loop
      vertex 0.0343001 0.0208397 0.000330869
      vertex 0.0343741 0.0209137 0.000256855
      vertex 0.0343741 0.00767838 0.000256855
    endloop
  endfacet
  facet normal -0.62932 0 -0.777146
    outer loop
      vertex 0.0343741 0.00767838 0.000256855
      vertex 0.0343741 0.0209137 0.000256855
      vertex 0.0344555 0.00767859 0.000190983
    endloop
  endfacet
  facet normal -0.62932 0 -0.777146
    outer loop
      vertex 0.0343741 0.0209137 0.000256855
      vertex 0.0344555 0.0209951 0.000190983
      vertex 0.0344555 0.00767859 0.000190983
    endloop
  endfacet
  facet normal -0.544634 0 -0.838674
    outer loop
      vertex 0.0344555 0.00767859 0.000190983
      vertex 0.0344555 0.0209951 0.000190983
      vertex 0.0345432 0.00767876 0.000133975
    endloop
  endfacet
  facet normal -0.544634 0 -0.838674
    outer loop
      vertex 0.0344555 0.0209951 0.000190983
      vertex 0.0345432 0.0210829 0.000133975
      vertex 0.0345432 0.00767876 0.000133975
    endloop
  endfacet
  facet normal -0.453993 0 -0.891005
    outer loop
      vertex 0.0345432 0.00767876 0.000133975
      vertex 0.0345432 0.0210829 0.000133975
      vertex 0.0346365 0.00767891 8.64545e-5
    endloop
  endfacet
  facet normal -0.453993 0 -0.891005
    outer loop
      vertex 0.0345432 0.0210829 0.000133975
      vertex 0.0346365 0.0211761 8.64545e-5
      vertex 0.0346365 0.00767891 8.64545e-5
    endloop
  endfacet
  facet normal -0.358361 0 -0.933583
    outer loop
      vertex 0.0346365 0.00767891 8.64545e-5
      vertex 0.0346365 0.0211761 8.64545e-5
      vertex 0.0347342 0.00767902 4.89435e-5
    endloop
  endfacet
  facet normal -0.358361 0 -0.933583
    outer loop
      vertex 0.0346365 0.0211761 8.64545e-5
      vertex 0.0347342 0.0212739 4.89435e-5
      vertex 0.0347342 0.00767902 4.89435e-5
    endloop
  endfacet
  facet normal -0.258821 0 -0.965925
    outer loop
      vertex 0.0347342 0.00767902 4.89435e-5
      vertex 0.0347342 0.0212739 4.89435e-5
      vertex 0.0348353 0.0076791 2.18524e-5
    endloop
  endfacet
  facet normal -0.258821 0 -0.965925
    outer loop
      vertex 0.0347342 0.0212739 4.89435e-5
      vertex 0.0348353 0.021375 2.18524e-5
      vertex 0.0348353 0.0076791 2.18524e-5
    endloop
  endfacet
  facet normal -0.156433 0 -0.987689
    outer loop
      vertex 0.0348353 0.0076791 2.18524e-5
      vertex 0.0348353 0.021375 2.18524e-5
      vertex 0.0349387 0.00767916 5.4781e-6
    endloop
  endfacet
  facet normal -0.156433 0 -0.987689
    outer loop
      vertex 0.0348353 0.021375 2.18524e-5
      vertex 0.0349387 0.0214784 5.4781e-6
      vertex 0.0349387 0.00767916 5.4781e-6
    endloop
  endfacet
  facet normal -0.0523362 0 -0.99863
    outer loop
      vertex 0.0349387 0.00767916 5.4781e-6
      vertex 0.0349387 0.0214784 5.4781e-6
      vertex 0.0350432 0.0215829 0
    endloop
  endfacet
  facet normal 0.0513386 0.998681 0
    outer loop
      vertex -0.0308179 0.0224829 0.006
      vertex -0.0308179 0.0224829 0
      vertex -0.031023 0.0224934 0.006
    endloop
  endfacet
  facet normal 0.0513386 0.998681 0
    outer loop
      vertex -0.0308179 0.0224829 0
      vertex -0.031023 0.0224934 0
      vertex -0.031023 0.0224934 0.006
    endloop
  endfacet
  facet normal 0.153481 0.988152 0
    outer loop
      vertex -0.031023 0.0224934 0.006
      vertex -0.031023 0.0224934 0
      vertex -0.0312259 0.0225249 0.006
    endloop
  endfacet
  facet normal 0.153481 0.988152 0
    outer loop
      vertex -0.031023 0.0224934 0
      vertex -0.0312259 0.0225249 0
      vertex -0.0312259 0.0225249 0.006
    endloop
  endfacet
  facet normal 0.25399 0.967207 0
    outer loop
      vertex -0.0312259 0.0225249 0.006
      vertex -0.0312259 0.0225249 0
      vertex -0.0314245 0.0225771 0.006
    endloop
  endfacet
  facet normal 0.25399 0.967207 0
    outer loop
      vertex -0.0312259 0.0225249 0
      vertex -0.0314245 0.0225771 0
      vertex -0.0314245 0.0225771 0.006
    endloop
  endfacet
  facet normal 0.351831 0.936064 0
    outer loop
      vertex -0.0314245 0.0225771 0.006
      vertex -0.0314245 0.0225771 0
      vertex -0.0316167 0.0226493 0.006
    endloop
  endfacet
  facet normal 0.351831 0.936064 0
    outer loop
      vertex -0.0314245 0.0225771 0
      vertex -0.0316167 0.0226493 0
      vertex -0.0316167 0.0226493 0.006
    endloop
  endfacet
  facet normal 0.445958 0.895054 0
    outer loop
      vertex -0.0316167 0.0226493 0.006
      vertex -0.0316167 0.0226493 0
      vertex -0.0318005 0.0227409 0.006
    endloop
  endfacet
  facet normal 0.445958 0.895054 0
    outer loop
      vertex -0.0316167 0.0226493 0
      vertex -0.0318005 0.0227409 0
      vertex -0.0318005 0.0227409 0.006
    endloop
  endfacet
  facet normal 0.535392 0.844604 0
    outer loop
      vertex -0.0318005 0.0227409 0.006
      vertex -0.0318005 0.0227409 0
      vertex -0.031974 0.0228509 0.006
    endloop
  endfacet
  facet normal 0.535392 0.844604 0
    outer loop
      vertex -0.0318005 0.0227409 0
      vertex -0.031974 0.0228509 0
      vertex -0.031974 0.0228509 0.006
    endloop
  endfacet
  facet normal 0.619184 0.785246 0
    outer loop
      vertex -0.031974 0.0228509 0.006
      vertex -0.031974 0.0228509 0
      vertex -0.0321352 0.022978 0.006
    endloop
  endfacet
  facet normal 0.619184 0.785246 0
    outer loop
      vertex -0.031974 0.0228509 0
      vertex -0.0321352 0.022978 0
      vertex -0.0321352 0.022978 0.006
    endloop
  endfacet
  facet normal 0.696424 0.717631 0
    outer loop
      vertex -0.0321352 0.022978 0.006
      vertex -0.0321352 0.022978 0
      vertex -0.0322826 0.023121 0.006
    endloop
  endfacet
  facet normal 0.696424 0.717631 0
    outer loop
      vertex -0.0321352 0.022978 0
      vertex -0.0322826 0.023121 0
      vertex -0.0322826 0.023121 0.006
    endloop
  endfacet
  facet normal 0.766351 0.642422 0
    outer loop
      vertex -0.0322826 0.023121 0.006
      vertex -0.0322826 0.023121 0
      vertex -0.0324145 0.0232784 0.006
    endloop
  endfacet
  facet normal 0.766351 0.642422 0
    outer loop
      vertex -0.0322826 0.023121 0
      vertex -0.0324145 0.0232784 0
      vertex -0.0324145 0.0232784 0.006
    endloop
  endfacet
  facet normal 0.828182 0.56046 0
    outer loop
      vertex -0.0324145 0.0232784 0.006
      vertex -0.0324145 0.0232784 0
      vertex -0.0325296 0.0234485 0.006
    endloop
  endfacet
  facet normal 0.828182 0.56046 0
    outer loop
      vertex -0.0324145 0.0232784 0
      vertex -0.0325296 0.0234485 0
      vertex -0.0325296 0.0234485 0.006
    endloop
  endfacet
  facet normal 0.881293 0.47257 0
    outer loop
      vertex -0.0325296 0.0234485 0.006
      vertex -0.0325296 0.0234485 0
      vertex -0.0326267 0.0236295 0.006
    endloop
  endfacet
  facet normal 0.881293 0.47257 0
    outer loop
      vertex -0.0325296 0.0234485 0
      vertex -0.0326267 0.0236295 0
      vertex -0.0326267 0.0236295 0.006
    endloop
  endfacet
  facet normal 0 -1 0
    outer loop
      vertex -0.00654834 0.0204829 0.01884
      vertex -0.0246621 0.0204829 0.01884
      vertex -0.00654834 0.0204829 0.0179551
    endloop
  endfacet
  facet normal 0 -1 0
    outer loop
      vertex -0.0246621 0.0204829 0.01884
      vertex -0.0246621 0.0204829 0.006
      vertex -0.00654834 0.0204829 0.0179551
    endloop
  endfacet
  facet normal 0 -1 0
    outer loop
      vertex -0.00654834 0.0204829 0.0179551
      vertex -0.0246621 0.0204829 0.006
      vertex 0.0275485 0.0204829 0.0179551
    endloop
  endfacet
  facet normal 0 -1 0
    outer loop
      vertex -0.0246621 0.0204829 0.006
      vertex 0.0275485 0.0204829 0.006
      vertex 0.0275485 0.0204829 0.0179551
    endloop
  endfacet
  facet normal 0 1 0
    outer loop
      vertex -0.0331568 -0.0216171 0.001
      vertex -0.0331568 -0.0216171 0.006
      vertex -0.0246621 -0.0216171 0.006
    endloop
  endfacet
  facet normal 0 1 0
    outer loop
      vertex -0.0331568 -0.0216171 0.001
      vertex -0.0246621 -0.0216171 0.006
      vertex 0.0340432 -0.0216171 0.001
    endloop
  endfacet
  facet normal 0 1 0
    outer loop
      vertex -0.0246621 -0.0216171 0.006
      vertex 0.0275485 -0.0216171 0.006
      vertex 0.0340432 -0.0216171 0.001
    endloop
  endfacet
  facet normal 0 1 0
    outer loop
      vertex 0.0340432 -0.0216171 0.001
      vertex 0.0275485 -0.0216171 0.006
      vertex 0.0340432 -0.0216171 0.006
    endloop
  endfacet
  facet normal -0.472573 -0.881291 0
    outer loop
      vertex -0.0362033 0.0200528 0.006
      vertex -0.0362033 0.0200528 0
      vertex -0.0360224 0.0199557 0.006
    endloop
  endfacet
  facet normal -0.472573 -0.881291 0
    outer loop
      vertex -0.0362033 0.0200528 0
      vertex -0.0360224 0.0199557 0
      vertex -0.0360224 0.0199557 0.006
    endloop
  endfacet
  facet normal -0.56046 -0.828182 0
    outer loop
      vertex -0.0360224 0.0199557 0.006
      vertex -0.0360224 0.0199557 0
      vertex -0.0358523 0.0198406 0.006
    endloop
  endfacet
  facet normal -0.56046 -0.828182 0
    outer loop
      vertex -0.0360224 0.0199557 0
      vertex -0.0358523 0.0198406 0
      vertex -0.0358523 0.0198406 0.006
    endloop
  endfacet
  facet normal -0.642426 -0.766347 0
    outer loop
      vertex -0.0358523 0.0198406 0.006
      vertex -0.0358523 0.0198406 0
      vertex -0.0356949 0.0197087 0.006
    endloop
  endfacet
  facet normal -0.642426 -0.766347 0
    outer loop
      vertex -0.0358523 0.0198406 0
      vertex -0.0356949 0.0197087 0
      vertex -0.0356949 0.0197087 0.006
    endloop
  endfacet
  facet normal -0.717626 -0.696429 0
    outer loop
      vertex -0.0356949 0.0197087 0.006
      vertex -0.0356949 0.0197087 0
      vertex -0.0355519 0.0195614 0.006
    endloop
  endfacet
  facet normal -0.717626 -0.696429 0
    outer loop
      vertex -0.0356949 0.0197087 0
      vertex -0.0355519 0.0195614 0
      vertex -0.0355519 0.0195614 0.006
    endloop
  endfacet
  facet normal -0.785249 -0.61918 0
    outer loop
      vertex -0.0355519 0.0195614 0.006
      vertex -0.0355519 0.0195614 0
      vertex -0.0354247 0.0194001 0.006
    endloop
  endfacet
  facet normal -0.785249 -0.61918 0
    outer loop
      vertex -0.0355519 0.0195614 0
      vertex -0.0354247 0.0194001 0
      vertex -0.0354247 0.0194001 0.006
    endloop
  endfacet
  facet normal -0.844604 -0.535392 0
    outer loop
      vertex -0.0354247 0.0194001 0.006
      vertex -0.0354247 0.0194001 0
      vertex -0.0353148 0.0192267 0.006
    endloop
  endfacet
  facet normal -0.844604 -0.535392 0
    outer loop
      vertex -0.0354247 0.0194001 0
      vertex -0.0353148 0.0192267 0
      vertex -0.0353148 0.0192267 0.006
    endloop
  endfacet
  facet normal -0.895054 -0.445958 0
    outer loop
      vertex -0.0353148 0.0192267 0.006
      vertex -0.0353148 0.0192267 0
      vertex -0.0352232 0.0190429 0.006
    endloop
  endfacet
  facet normal -0.895054 -0.445958 0
    outer loop
      vertex -0.0353148 0.0192267 0
      vertex -0.0352232 0.0190429 0
      vertex -0.0352232 0.0190429 0.006
    endloop
  endfacet
  facet normal -0.936061 -0.351839 0
    outer loop
      vertex -0.0352232 0.0190429 0.006
      vertex -0.0352232 0.0190429 0
      vertex -0.035151 0.0188506 0.006
    endloop
  endfacet
  facet normal -0.936061 -0.351839 0
    outer loop
      vertex -0.0352232 0.0190429 0
      vertex -0.035151 0.0188506 0
      vertex -0.035151 0.0188506 0.006
    endloop
  endfacet
  facet normal -0.967207 -0.25399 0
    outer loop
      vertex -0.035151 0.0188506 0.006
      vertex -0.035151 0.0188506 0
      vertex -0.0350988 0.018652 0.006
    endloop
  endfacet
  facet normal -0.967207 -0.25399 0
    outer loop
      vertex -0.035151 0.0188506 0
      vertex -0.0350988 0.018652 0
      vertex -0.0350988 0.018652 0.006
    endloop
  endfacet
  facet normal -0.988153 -0.153472 0
    outer loop
      vertex -0.0350988 0.018652 0.006
      vertex -0.0350988 0.018652 0
      vertex -0.0350673 0.0184491 0.006
    endloop
  endfacet
  facet normal -0.988153 -0.153472 0
    outer loop
      vertex -0.0350988 0.018652 0
      vertex -0.0350673 0.0184491 0
      vertex -0.0350673 0.0184491 0.006
    endloop
  endfacet
  facet normal -0.998681 -0.0513386 0
    outer loop
      vertex -0.0350673 0.0184491 0.006
      vertex -0.0350673 0.0184491 0
      vertex -0.0350568 0.018244 0.006
    endloop
  endfacet
  facet normal -0.998681 -0.0513386 0
    outer loop
      vertex -0.0350673 0.0184491 0
      vertex -0.0350568 0.018244 0
      vertex -0.0350568 0.018244 0.006
    endloop
  endfacet
  facet normal -0.999229 -0.0390559 0.00402556
    outer loop
      vertex -0.0246621 -0.0235062 0.0220491
      vertex -0.0246625 -0.0234734 0.0222558
      vertex -0.0246648 -0.0234124 0.0222851
    endloop
  endfacet
  facet normal -0.920686 -0.390304 -5.43888e-5
    outer loop
      vertex -0.0248026 -0.0227807 0.0233903
      vertex -0.0248399 -0.0226927 0.023458
      vertex -0.024835 -0.0227036 0.01884
    endloop
  endfacet
  facet normal -0.0523351 -0.99863 0
    outer loop
      vertex -0.0266621 -0.0215171 0.02384
      vertex -0.0266621 -0.0215171 0.01884
      vertex -0.026453 -0.0215281 0.01884
    endloop
  endfacet
  facet normal -0.0523351 -0.99863 0
    outer loop
      vertex -0.0266621 -0.0215171 0.02384
      vertex -0.026453 -0.0215281 0.01884
      vertex -0.026453 -0.0215281 0.02384
    endloop
  endfacet
  facet normal -0.156436 -0.987688 0
    outer loop
      vertex -0.026453 -0.0215281 0.01884
      vertex -0.0262462 -0.0215608 0.01884
      vertex -0.026453 -0.0215281 0.02384
    endloop
  endfacet
  facet normal -0.156436 -0.987688 0
    outer loop
      vertex -0.026453 -0.0215281 0.02384
      vertex -0.0262462 -0.0215608 0.01884
      vertex -0.0262462 -0.0215608 0.0238395
    endloop
  endfacet
  facet normal -0.25882 -0.965925 0
    outer loop
      vertex -0.0262462 -0.0215608 0.01884
      vertex -0.026044 -0.021615 0.01884
      vertex -0.0262462 -0.0215608 0.0238395
    endloop
  endfacet
  facet normal -0.25882 -0.965925 0
    outer loop
      vertex -0.0262462 -0.0215608 0.0238395
      vertex -0.026044 -0.021615 0.01884
      vertex -0.026044 -0.021615 0.0238376
    endloop
  endfacet
  facet normal -0.358368 -0.93358 0
    outer loop
      vertex -0.026044 -0.021615 0.01884
      vertex -0.0258486 -0.02169 0.01884
      vertex -0.026044 -0.021615 0.0238376
    endloop
  endfacet
  facet normal -0.358368 -0.93358 0
    outer loop
      vertex -0.026044 -0.021615 0.0238376
      vertex -0.0258486 -0.02169 0.01884
      vertex -0.0258486 -0.02169 0.0238325
    endloop
  endfacet
  facet normal -0.426006 -0.90472 0
    outer loop
      vertex -0.0258486 -0.02169 0.0238325
      vertex -0.0258486 -0.02169 0.01884
      vertex -0.0257718 -0.0217262 0.023829
    endloop
  endfacet
  facet normal -0.453988 -0.891008 0.000529891
    outer loop
      vertex -0.0258486 -0.02169 0.01884
      vertex -0.0256621 -0.0217851 0.01884
      vertex -0.0257718 -0.0217262 0.023829
    endloop
  endfacet
  facet normal -0.472796 -0.881172 0
    outer loop
      vertex -0.0257718 -0.0217262 0.023829
      vertex -0.0256621 -0.0217851 0.01884
      vertex -0.0256621 -0.0217851 0.023822
    endloop
  endfacet
  facet normal -0.522474 -0.852656 0
    outer loop
      vertex -0.0256621 -0.0217851 0.023822
      vertex -0.0256621 -0.0217851 0.01884
      vertex -0.0255729 -0.0218397 0.0238138
    endloop
  endfacet
  facet normal -0.544636 -0.838673 0.000550866
    outer loop
      vertex -0.0256621 -0.0217851 0.01884
      vertex -0.0254865 -0.0218991 0.01884
      vertex -0.0255729 -0.0218397 0.0238138
    endloop
  endfacet
  facet normal -0.566366 -0.824154 0
    outer loop
      vertex -0.0255729 -0.0218397 0.0238138
      vertex -0.0254865 -0.0218991 0.01884
      vertex -0.0254865 -0.0218991 0.0238032
    endloop
  endfacet
  facet normal -0.599161 -0.800628 0
    outer loop
      vertex -0.0254865 -0.0218991 0.0238032
      vertex -0.0254865 -0.0218991 0.01884
      vertex -0.0254412 -0.0219329 0.0237963
    endloop
  endfacet
  facet normal -0.629322 -0.777145 0.000435729
    outer loop
      vertex -0.0254865 -0.0218991 0.01884
      vertex -0.0253238 -0.0220308 0.01884
      vertex -0.0254412 -0.0219329 0.0237963
    endloop
  endfacet
  facet normal -0.640236 -0.768178 0
    outer loop
      vertex -0.0254412 -0.0219329 0.0237963
      vertex -0.0253238 -0.0220308 0.01884
      vertex -0.0253238 -0.0220308 0.0237729
    endloop
  endfacet
  facet normal -0.696489 -0.717567 0
    outer loop
      vertex -0.0253238 -0.0220308 0.0237729
      vertex -0.0253238 -0.0220308 0.01884
      vertex -0.0252163 -0.0221352 0.0237421
    endloop
  endfacet
  facet normal -0.707107 -0.707107 0.000455409
    outer loop
      vertex -0.0253238 -0.0220308 0.01884
      vertex -0.0251758 -0.0221789 0.01884
      vertex -0.0252163 -0.0221352 0.0237421
    endloop
  endfacet
  facet normal -0.733155 -0.680061 -1.18012e-6
    outer loop
      vertex -0.0252163 -0.0221352 0.0237421
      vertex -0.0251758 -0.0221789 0.01884
      vertex -0.0251755 -0.0221791 0.0237273
    endloop
  endfacet
  facet normal -0.759524 -0.650479 1.55794e-6
    outer loop
      vertex -0.0251755 -0.0221791 0.0237273
      vertex -0.0251758 -0.0221789 0.01884
      vertex -0.0251114 -0.022254 0.0236993
    endloop
  endfacet
  facet normal -0.777145 -0.629321 0.000562169
    outer loop
      vertex -0.0251758 -0.0221789 0.01884
      vertex -0.025044 -0.0223415 0.01884
      vertex -0.0251114 -0.022254 0.0236993
    endloop
  endfacet
  facet normal -0.790387 -0.612608 7.74617e-5
    outer loop
      vertex -0.0251114 -0.022254 0.0236993
      vertex -0.025044 -0.0223415 0.01884
      vertex -0.025052 -0.0223306 0.0236671
    endloop
  endfacet
  facet normal -0.822394 -0.568918 -7.48706e-5
    outer loop
      vertex -0.025052 -0.0223306 0.0236671
      vertex -0.025044 -0.0223415 0.01884
      vertex -0.024984 -0.0224289 0.0236201
    endloop
  endfacet
  facet normal -0.838673 -0.544636 0.000573044
    outer loop
      vertex -0.025044 -0.0223415 0.01884
      vertex -0.02493 -0.0225171 0.01884
      vertex -0.024984 -0.0224289 0.0236201
    endloop
  endfacet
  facet normal -0.852797 -0.522242 0
    outer loop
      vertex -0.024984 -0.0224289 0.0236201
      vertex -0.02493 -0.0225171 0.01884
      vertex -0.02493 -0.0225171 0.0235721
    endloop
  endfacet
  facet normal -0.891008 -0.453988 0.000128301
    outer loop
      vertex -0.024835 -0.0227036 0.01884
      vertex -0.0248399 -0.0226927 0.023458
      vertex -0.02493 -0.0225171 0.01884
    endloop
  endfacet
  facet normal -0.900521 -0.434812 0.00104297
    outer loop
      vertex -0.0248399 -0.0226927 0.023458
      vertex -0.0248821 -0.0226051 0.0235182
      vertex -0.02493 -0.0225171 0.01884
    endloop
  endfacet
  facet normal -0.878276 -0.478154 0
    outer loop
      vertex -0.02493 -0.0225171 0.01884
      vertex -0.0248821 -0.0226051 0.0235182
      vertex -0.02493 -0.0225171 0.0235721
    endloop
  endfacet
  facet normal -0.965925 -0.25882 0
    outer loop
      vertex -0.0247599 -0.0228991 0.01884
      vertex -0.0247058 -0.0231013 0.01884
      vertex -0.0247058 -0.0231013 0.0230608
    endloop
  endfacet
  facet normal -0.97226 -0.233901 0.00127513
    outer loop
      vertex -0.0247058 -0.0231013 0.0230608
      vertex -0.0247292 -0.0230034 0.0231783
      vertex -0.0247599 -0.0228991 0.01884
    endloop
  endfacet
  facet normal -0.959107 -0.283045 0
    outer loop
      vertex -0.0247292 -0.0230034 0.0231783
      vertex -0.0247599 -0.0228991 0.0232857
      vertex -0.0247599 -0.0228991 0.01884
    endloop
  endfacet
  facet normal -0.93358 -0.358368 0
    outer loop
      vertex -0.0247599 -0.0228991 0.01884
      vertex -0.0247599 -0.0228991 0.0232857
      vertex -0.024835 -0.0227036 0.01884
    endloop
  endfacet
  facet normal -0.94691 -0.321493 0.00184604
    outer loop
      vertex -0.0247599 -0.0228991 0.0232857
      vertex -0.0247747 -0.0228554 0.0233263
      vertex -0.024835 -0.0227036 0.01884
    endloop
  endfacet
  facet normal -0.936691 -0.350155 0.000739352
    outer loop
      vertex -0.024835 -0.0227036 0.01884
      vertex -0.0247747 -0.0228554 0.0233263
      vertex -0.0248026 -0.0227807 0.0233903
    endloop
  endfacet
  facet normal -0.988841 -0.148975 0.000839614
    outer loop
      vertex -0.0246801 -0.0232492 0.02284
      vertex -0.0246882 -0.0231945 0.0229292
      vertex -0.0247058 -0.0231013 0.01884
    endloop
  endfacet
  facet normal -0.984308 -0.176459 0.00019357
    outer loop
      vertex -0.0246882 -0.0231945 0.0229292
      vertex -0.0246989 -0.0231351 0.0230156
      vertex -0.0247058 -0.0231013 0.01884
    endloop
  endfacet
  facet normal -0.979904 -0.199468 0
    outer loop
      vertex -0.0247058 -0.0231013 0.01884
      vertex -0.0246989 -0.0231351 0.0230156
      vertex -0.0247058 -0.0231013 0.0230608
    endloop
  endfacet
  facet normal -0.99863 -0.0523351 0
    outer loop
      vertex -0.024673 -0.0233081 0.01884
      vertex -0.0246621 -0.0235171 0.01884
      vertex -0.0246621 -0.0235171 0.02184
    endloop
  endfacet
  facet normal -0.999301 -0.0373763 0.000524691
    outer loop
      vertex -0.0246625 -0.0234734 0.0222558
      vertex -0.0246645 -0.0234192 0.022458
      vertex -0.0246648 -0.0234124 0.0222851
    endloop
  endfacet
  facet normal -0.997811 -0.0661266 -0.000606508
    outer loop
      vertex -0.0246645 -0.0234192 0.022458
      vertex -0.0246695 -0.0233442 0.0226535
      vertex -0.0246648 -0.0234124 0.0222851
    endloop
  endfacet
  facet normal -0.993638 -0.11234 0.00800812
    outer loop
      vertex -0.0246648 -0.0234124 0.0222851
      vertex -0.0246695 -0.0233442 0.0226535
      vertex -0.024673 -0.0233081 0.0227302
    endloop
  endfacet
  facet normal -0.992449 -0.122641 0.00183632
    outer loop
      vertex -0.0246801 -0.0232492 0.02284
      vertex -0.0247058 -0.0231013 0.01884
      vertex -0.024673 -0.0233081 0.0227302
    endloop
  endfacet
  facet normal -0.987688 -0.156436 0
    outer loop
      vertex -0.0247058 -0.0231013 0.01884
      vertex -0.024673 -0.0233081 0.01884
      vertex -0.024673 -0.0233081 0.0227302
    endloop
  endfacet
  facet normal -0.996918 -0.0784499 0
    outer loop
      vertex -0.024673 -0.0233081 0.0227302
      vertex -0.024673 -0.0233081 0.01884
      vertex -0.0246648 -0.0234124 0.0222851
    endloop
  endfacet
  facet normal -0.999481 -0.0321695 0.00140837
    outer loop
      vertex -0.024673 -0.0233081 0.01884
      vertex -0.0246621 -0.0235171 0.02184
      vertex -0.0246648 -0.0234124 0.0222851
    endloop
  endfacet
  facet normal -0.999457 -0.0329078 0.00158213
    outer loop
      vertex -0.0246648 -0.0234124 0.0222851
      vertex -0.0246621 -0.0235171 0.02184
      vertex -0.0246621 -0.0235062 0.0220491
    endloop
  endfacet
  facet normal 1 0 0
    outer loop
      vertex 0.0275485 0.0224829 0.006
      vertex 0.0275485 0.0224829 0.0179551
      vertex 0.0275485 0.0205829 0.006
    endloop
  endfacet
  facet normal 1 0 0
    outer loop
      vertex 0.0275485 0.0224829 0.0179551
      vertex 0.0275485 0.0204829 0.0179551
      vertex 0.0275485 0.0205829 0.006
    endloop
  endfacet
  facet normal 1 0 0
    outer loop
      vertex 0.0275485 0.0205829 0.006
      vertex 0.0275485 0.0204829 0.0179551
      vertex 0.0275485 0.0204829 0.006
    endloop
  endfacet
  facet normal 0 0 -1
    outer loop
      vertex -0.0331568 0.0101236 0.006
      vertex -0.0330568 0.0101236 0.006
      vertex -0.0331568 0.00766075 0.006
    endloop
  endfacet
  facet normal 0 0 -1
    outer loop
      vertex -0.0330568 0.0101236 0.006
      vertex -0.0330568 0.00766075 0.006
      vertex -0.0331568 0.00766075 0.006
    endloop
  endfacet
  facet normal 0.987691 0 -0.156419
    outer loop
      vertex -0.0331786 0.00767674 0.000792088
      vertex -0.0331786 0.0206047 0.000792088
      vertex -0.0331622 0.0205884 0.000895472
    endloop
  endfacet
  facet normal 0.99863 0 -0.0523176
    outer loop
      vertex -0.0331568 0.0205829 0.001
      vertex -0.0331568 0.0076761 0.001
      vertex -0.0331622 0.0205884 0.000895472
    endloop
  endfacet
  facet normal 0.99863 0 -0.0523176
    outer loop
      vertex -0.0331568 0.0076761 0.001
      vertex -0.0331622 0.00767642 0.000895472
      vertex -0.0331622 0.0205884 0.000895472
    endloop
  endfacet
  facet normal 0.987691 0 -0.156419
    outer loop
      vertex -0.0331622 0.0205884 0.000895472
      vertex -0.0331622 0.00767642 0.000895472
      vertex -0.0331786 0.00767674 0.000792088
    endloop
  endfacet
  facet normal 0.933584 0 -0.358359
    outer loop
      vertex -0.0332432 0.00767735 0.000593263
      vertex -0.0332432 0.0206693 0.000593263
      vertex -0.0332057 0.0206318 0.000690983
    endloop
  endfacet
  facet normal 0.965919 0 -0.258845
    outer loop
      vertex -0.0331786 0.0206047 0.000792088
      vertex -0.0331786 0.00767674 0.000792088
      vertex -0.0332057 0.0206318 0.000690983
    endloop
  endfacet
  facet normal 0.965919 0 -0.258845
    outer loop
      vertex -0.0331786 0.00767674 0.000792088
      vertex -0.0332057 0.00767705 0.000690983
      vertex -0.0332057 0.0206318 0.000690983
    endloop
  endfacet
  facet normal 0.933584 0 -0.358359
    outer loop
      vertex -0.0332057 0.0206318 0.000690983
      vertex -0.0332057 0.00767705 0.000690983
      vertex -0.0332432 0.00767735 0.000593263
    endloop
  endfacet
  facet normal 0.838672 0 -0.544637
    outer loop
      vertex -0.0333477 0.00767791 0.000412215
      vertex -0.0333477 0.0207739 0.000412215
      vertex -0.0332907 0.0207169 0.0005
    endloop
  endfacet
  facet normal 0.891007 0 -0.453989
    outer loop
      vertex -0.0332432 0.0206693 0.000593263
      vertex -0.0332432 0.00767735 0.000593263
      vertex -0.0332907 0.0207169 0.0005
    endloop
  endfacet
  facet normal 0.891007 0 -0.453989
    outer loop
      vertex -0.0332432 0.00767735 0.000593263
      vertex -0.0332907 0.00767764 0.0005
      vertex -0.0332907 0.0207169 0.0005
    endloop
  endfacet
  facet normal 0.838672 0 -0.544637
    outer loop
      vertex -0.0332907 0.0207169 0.0005
      vertex -0.0332907 0.00767764 0.0005
      vertex -0.0333477 0.00767791 0.000412215
    endloop
  endfacet
  facet normal 0.707107 0 -0.707106
    outer loop
      vertex -0.0334876 0.00767838 0.000256855
      vertex -0.0334876 0.0209137 0.000256855
      vertex -0.0334136 0.0208397 0.000330869
    endloop
  endfacet
  facet normal 0.777136 0 -0.629333
    outer loop
      vertex -0.0333477 0.0207739 0.000412215
      vertex -0.0333477 0.00767791 0.000412215
      vertex -0.0334136 0.0208397 0.000330869
    endloop
  endfacet
  facet normal 0.777136 0 -0.629333
    outer loop
      vertex -0.0333477 0.00767791 0.000412215
      vertex -0.0334136 0.00767816 0.000330869
      vertex -0.0334136 0.0208397 0.000330869
    endloop
  endfacet
  facet normal 0.707107 0 -0.707106
    outer loop
      vertex -0.0334136 0.0208397 0.000330869
      vertex -0.0334136 0.00767816 0.000330869
      vertex -0.0334876 0.00767838 0.000256855
    endloop
  endfacet
  facet normal 0.54465 0 -0.838663
    outer loop
      vertex -0.0336568 0.00767876 0.000133975
      vertex -0.0336568 0.0210829 0.000133975
      vertex -0.033569 0.0209951 0.000190983
    endloop
  endfacet
  facet normal 0.62932 0 -0.777146
    outer loop
      vertex -0.0334876 0.0209137 0.000256855
      vertex -0.0334876 0.00767838 0.000256855
      vertex -0.033569 0.0209951 0.000190983
    endloop
  endfacet
  facet normal 0.62932 0 -0.777146
    outer loop
      vertex -0.0334876 0.00767838 0.000256855
      vertex -0.033569 0.00767859 0.000190983
      vertex -0.033569 0.0209951 0.000190983
    endloop
  endfacet
  facet normal 0.54465 0 -0.838663
    outer loop
      vertex -0.033569 0.0209951 0.000190983
      vertex -0.033569 0.00767859 0.000190983
      vertex -0.0336568 0.00767876 0.000133975
    endloop
  endfacet
  facet normal 0.453993 0 -0.891005
    outer loop
      vertex -0.0336568 0.0210829 0.000133975
      vertex -0.0336568 0.00767876 0.000133975
      vertex -0.03375 0.0211761 8.64545e-5
    endloop
  endfacet
  facet normal 0.453993 0 -0.891005
    outer loop
      vertex -0.0336568 0.00767876 0.000133975
      vertex -0.03375 0.00767891 8.64545e-5
      vertex -0.03375 0.0211761 8.64545e-5
    endloop
  endfacet
  facet normal 0.358361 0 -0.933583
    outer loop
      vertex -0.03375 0.0211761 8.64545e-5
      vertex -0.03375 0.00767891 8.64545e-5
      vertex -0.0338477 0.00767902 4.89435e-5
    endloop
  endfacet
  facet normal 0.0523362 0 -0.99863
    outer loop
      vertex -0.0340522 0.00767916 5.4781e-6
      vertex -0.0341568 0.00767917 0
      vertex -0.0341568 0.02116 0
    endloop
  endfacet
  facet normal 0.0267538 -0.000198773 -0.999642
    outer loop
      vertex -0.0341568 0.02116 0
      vertex -0.0341036 0.0211978 1.41641e-6
      vertex -0.0340522 0.00767916 5.4781e-6
    endloop
  endfacet
  facet normal 0.0945467 5.98401e-5 -0.99552
    outer loop
      vertex -0.0341036 0.0211978 1.41641e-6
      vertex -0.0340209 0.0212634 9.2662e-6
      vertex -0.0340522 0.00767916 5.4781e-6
    endloop
  endfacet
  facet normal 0.156433 -8.48867e-5 -0.987689
    outer loop
      vertex -0.0340522 0.00767916 5.4781e-6
      vertex -0.0340209 0.0212634 9.2662e-6
      vertex -0.0339488 0.0076791 2.18524e-5
    endloop
  endfacet
  facet normal 0.183753 6.44756e-5 -0.982973
    outer loop
      vertex -0.0340209 0.0212634 9.2662e-6
      vertex -0.0339254 0.0213515 2.71344e-5
      vertex -0.0339488 0.0076791 2.18524e-5
    endloop
  endfacet
  facet normal 0.258821 -7.09075e-5 -0.965925
    outer loop
      vertex -0.0339488 0.0076791 2.18524e-5
      vertex -0.0339254 0.0213515 2.71344e-5
      vertex -0.0338477 0.00767902 4.89435e-5
    endloop
  endfacet
  facet normal 0.270414 0 -0.962744
    outer loop
      vertex -0.0339254 0.0213515 2.71344e-5
      vertex -0.0338477 0.0212739 4.89435e-5
      vertex -0.0338477 0.00767902 4.89435e-5
    endloop
  endfacet
  facet normal 0.358361 0 -0.933583
    outer loop
      vertex -0.0338477 0.00767902 4.89435e-5
      vertex -0.0338477 0.0212739 4.89435e-5
      vertex -0.03375 0.0211761 8.64545e-5
    endloop
  endfacet
  facet normal 0 0 1
    outer loop
      vertex -0.0331568 -0.0216171 0.006
      vertex -0.0331568 -0.0138448 0.006
      vertex -0.0350568 -0.0138448 0.006
    endloop
  endfacet
  facet normal 0 0 1
    outer loop
      vertex -0.0246621 -0.0235171 0.006
      vertex -0.0246621 -0.0216171 0.006
      vertex -0.0330568 -0.0235171 0.006
    endloop
  endfacet
  facet normal 0 0 1
    outer loop
      vertex -0.0246621 -0.0216171 0.006
      vertex -0.0331568 -0.0216171 0.006
      vertex -0.0330568 -0.0235171 0.006
    endloop
  endfacet
  facet normal 0 0 1
    outer loop
      vertex -0.0330568 -0.0235171 0.006
      vertex -0.0331568 -0.0216171 0.006
      vertex -0.0332658 -0.0235062 0.006
    endloop
  endfacet
  facet normal 0 0 1
    outer loop
      vertex -0.0347888 -0.0225171 0.006
      vertex -0.0346748 -0.0226927 0.006
      vertex -0.0331568 -0.0216171 0.006
    endloop
  endfacet
  facet normal 0 0 1
    outer loop
      vertex -0.0346748 -0.0226927 0.006
      vertex -0.034543 -0.0228554 0.006
      vertex -0.0331568 -0.0216171 0.006
    endloop
  endfacet
  facet normal 0 0 1
    outer loop
      vertex -0.0331568 -0.0216171 0.006
      vertex -0.034543 -0.0228554 0.006
      vertex -0.034395 -0.0230034 0.006
    endloop
  endfacet
  facet normal 0 0 1
    outer loop
      vertex -0.034395 -0.0230034 0.006
      vertex -0.0342323 -0.0231352 0.006
      vertex -0.0331568 -0.0216171 0.006
    endloop
  endfacet
  facet normal 0 0 1
    outer loop
      vertex -0.0342323 -0.0231352 0.006
      vertex -0.0340568 -0.0232492 0.006
      vertex -0.0331568 -0.0216171 0.006
    endloop
  endfacet
  facet normal 0 0 1
    outer loop
      vertex -0.0331568 -0.0216171 0.006
      vertex -0.0340568 -0.0232492 0.006
      vertex -0.0338702 -0.0233442 0.006
    endloop
  endfacet
  facet normal 0 0 1
    outer loop
      vertex -0.0338702 -0.0233442 0.006
      vertex -0.0336748 -0.0234192 0.006
      vertex -0.0331568 -0.0216171 0.006
    endloop
  endfacet
  facet normal 0 0 1
    outer loop
      vertex -0.0336748 -0.0234192 0.006
      vertex -0.0334726 -0.0234734 0.006
      vertex -0.0331568 -0.0216171 0.006
    endloop
  endfacet
  facet normal 0 0 1
    outer loop
      vertex -0.0331568 -0.0216171 0.006
      vertex -0.0334726 -0.0234734 0.006
      vertex -0.0332658 -0.0235062 0.006
    endloop
  endfacet
  facet normal 0 0 1
    outer loop
      vertex -0.0350568 -0.0138448 0.006
      vertex -0.0350568 -0.0215171 0.006
      vertex -0.0331568 -0.0216171 0.006
    endloop
  endfacet
  facet normal 0 0 1
    outer loop
      vertex -0.0350568 -0.0215171 0.006
      vertex -0.0350458 -0.0217262 0.006
      vertex -0.0331568 -0.0216171 0.006
    endloop
  endfacet
  facet normal 0 0 1
    outer loop
      vertex -0.0331568 -0.0216171 0.006
      vertex -0.0350458 -0.0217262 0.006
      vertex -0.035013 -0.0219329 0.006
    endloop
  endfacet
  facet normal 0 0 1
    outer loop
      vertex -0.035013 -0.0219329 0.006
      vertex -0.0349589 -0.0221352 0.006
      vertex -0.0331568 -0.0216171 0.006
    endloop
  endfacet
  facet normal 0 0 1
    outer loop
      vertex -0.0349589 -0.0221352 0.006
      vertex -0.0348838 -0.0223306 0.006
      vertex -0.0331568 -0.0216171 0.006
    endloop
  endfacet
  facet normal 0 0 1
    outer loop
      vertex -0.0331568 -0.0216171 0.006
      vertex -0.0348838 -0.0223306 0.006
      vertex -0.0347888 -0.0225171 0.006
    endloop
  endfacet
  facet normal -0.605176 0.796092 -0.000372615
    outer loop
      vertex -0.0341036 0.0211978 1.41641e-6
      vertex -0.0341589 0.0211586 0.006
      vertex -0.0340209 0.0212634 0.006
    endloop
  endfacet
  facet normal -0.687694 0.726001 -0.000294589
    outer loop
      vertex -0.0338952 0.0213826 0.006
      vertex -0.0339254 0.0213515 2.71344e-5
      vertex -0.0340209 0.0212634 0.006
    endloop
  endfacet
  facet normal -0.677801 0.735245 0
    outer loop
      vertex -0.0339254 0.0213515 2.71344e-5
      vertex -0.0340209 0.0212634 9.2662e-6
      vertex -0.0340209 0.0212634 0.006
    endloop
  endfacet
  facet normal -0.621907 0.783091 0
    outer loop
      vertex -0.0340209 0.0212634 0.006
      vertex -0.0340209 0.0212634 9.2662e-6
      vertex -0.0341036 0.0211978 1.41641e-6
    endloop
  endfacet
  facet normal -0.762171 0.647376 -0.000305674
    outer loop
      vertex -0.033783 0.0215146 0.006
      vertex -0.0338114 0.0214784 5.4781e-6
      vertex -0.0338952 0.0213826 0.006
    endloop
  endfacet
  facet normal -0.75277 0.658284 0
    outer loop
      vertex -0.0338114 0.0214784 5.4781e-6
      vertex -0.0338952 0.0213826 2.02693e-5
      vertex -0.0338952 0.0213826 0.006
    endloop
  endfacet
  facet normal -0.716606 0.697478 0
    outer loop
      vertex -0.0338952 0.0213826 0.006
      vertex -0.0338952 0.0213826 2.02693e-5
      vertex -0.0339254 0.0213515 2.71344e-5
    endloop
  endfacet
  facet normal -0.827688 0.561189 -0.000391205
    outer loop
      vertex -0.0336858 0.021658 0.006
      vertex -0.0337339 0.0215829 0
      vertex -0.033783 0.0215146 0.006
    endloop
  endfacet
  facet normal -0.811706 0.584067 0
    outer loop
      vertex -0.0337339 0.0215829 0
      vertex -0.033783 0.0215146 2.33372e-6
      vertex -0.033783 0.0215146 0.006
    endloop
  endfacet
  facet normal -0.787331 0.616531 0
    outer loop
      vertex -0.033783 0.0215146 0.006
      vertex -0.033783 0.0215146 2.33372e-6
      vertex -0.0338114 0.0214784 5.4781e-6
    endloop
  endfacet
  facet normal -0.579255 0.815146 -9.00195e-6
    outer loop
      vertex -0.0341036 0.0211978 1.41641e-6
      vertex -0.0341568 0.02116 0
      vertex -0.0341589 0.0211586 0.006
    endloop
  endfacet
  facet normal -0.561788 0.827281 0
    outer loop
      vertex -0.0341568 0.02116 0
      vertex -0.0341589 0.0211586 0
      vertex -0.0341589 0.0211586 0.006
    endloop
  endfacet
  facet normal -0.515558 0.856855 0
    outer loop
      vertex -0.0341589 0.0211586 0.006
      vertex -0.0341589 0.0211586 0
      vertex -0.0343073 0.0210693 0.006
    endloop
  endfacet
  facet normal -0.515558 0.856855 0
    outer loop
      vertex -0.0341589 0.0211586 0
      vertex -0.0343073 0.0210693 0
      vertex -0.0343073 0.0210693 0.006
    endloop
  endfacet
  facet normal -0.419888 0.907576 0
    outer loop
      vertex -0.0343073 0.0210693 0.006
      vertex -0.0343073 0.0210693 0
      vertex -0.0344645 0.0209965 0.006
    endloop
  endfacet
  facet normal -0.419888 0.907576 0
    outer loop
      vertex -0.0343073 0.0210693 0
      vertex -0.0344645 0.0209965 0
      vertex -0.0344645 0.0209965 0.006
    endloop
  endfacet
  facet normal -0.319303 0.947653 0
    outer loop
      vertex -0.0344645 0.0209965 0.006
      vertex -0.0344645 0.0209965 0
      vertex -0.0346287 0.0209412 0.006
    endloop
  endfacet
  facet normal -0.319303 0.947653 0
    outer loop
      vertex -0.0344645 0.0209965 0
      vertex -0.0346287 0.0209412 0
      vertex -0.0346287 0.0209412 0.006
    endloop
  endfacet
  facet normal -0.214965 0.976622 0
    outer loop
      vertex -0.0346287 0.0209412 0.006
      vertex -0.0346287 0.0209412 0
      vertex -0.0347979 0.020904 0.006
    endloop
  endfacet
  facet normal -0.214965 0.976622 0
    outer loop
      vertex -0.0346287 0.0209412 0
      vertex -0.0347979 0.020904 0
      vertex -0.0347979 0.020904 0.006
    endloop
  endfacet
  facet normal -0.108118 0.994138 0
    outer loop
      vertex -0.0347979 0.020904 0.006
      vertex -0.0347979 0.020904 0
      vertex -0.0349701 0.0208852 0.006
    endloop
  endfacet
  facet normal -0.108118 0.994138 0
    outer loop
      vertex -0.0347979 0.020904 0
      vertex -0.0349701 0.0208852 0
      vertex -0.0349701 0.0208852 0.006
    endloop
  endfacet
  facet normal 0 1 0
    outer loop
      vertex -0.0349701 0.0208852 0.006
      vertex -0.0349701 0.0208852 0
      vertex -0.0351434 0.0208852 0.006
    endloop
  endfacet
  facet normal 0 1 0
    outer loop
      vertex -0.0349701 0.0208852 0
      vertex -0.0351434 0.0208852 0
      vertex -0.0351434 0.0208852 0.006
    endloop
  endfacet
  facet normal 0.108116 0.994138 0
    outer loop
      vertex -0.0351434 0.0208852 0.006
      vertex -0.0351434 0.0208852 0
      vertex -0.0353156 0.020904 0.006
    endloop
  endfacet
  facet normal 0.108116 0.994138 0
    outer loop
      vertex -0.0351434 0.0208852 0
      vertex -0.0353156 0.020904 0
      vertex -0.0353156 0.020904 0.006
    endloop
  endfacet
  facet normal 0.21497 0.976621 0
    outer loop
      vertex -0.0353156 0.020904 0.006
      vertex -0.0353156 0.020904 0
      vertex -0.0354848 0.0209412 0.006
    endloop
  endfacet
  facet normal 0.21497 0.976621 0
    outer loop
      vertex -0.0353156 0.020904 0
      vertex -0.0354848 0.0209412 0
      vertex -0.0354848 0.0209412 0.006
    endloop
  endfacet
  facet normal 0.319297 0.947655 0
    outer loop
      vertex -0.0354848 0.0209412 0.006
      vertex -0.0354848 0.0209412 0
      vertex -0.035649 0.0209965 0.006
    endloop
  endfacet
  facet normal 0.319297 0.947655 0
    outer loop
      vertex -0.0354848 0.0209412 0
      vertex -0.035649 0.0209965 0
      vertex -0.035649 0.0209965 0.006
    endloop
  endfacet
  facet normal 0.419888 0.907576 0
    outer loop
      vertex -0.035649 0.0209965 0.006
      vertex -0.035649 0.0209965 0
      vertex -0.0358062 0.0210693 0.006
    endloop
  endfacet
  facet normal 0.419888 0.907576 0
    outer loop
      vertex -0.035649 0.0209965 0
      vertex -0.0358062 0.0210693 0
      vertex -0.0358062 0.0210693 0.006
    endloop
  endfacet
  facet normal 0.515558 0.856855 0
    outer loop
      vertex -0.0358062 0.0210693 0.006
      vertex -0.0358062 0.0210693 0
      vertex -0.0359547 0.0211586 0.006
    endloop
  endfacet
  facet normal 0.515558 0.856855 0
    outer loop
      vertex -0.0358062 0.0210693 0
      vertex -0.0359547 0.0211586 0
      vertex -0.0359547 0.0211586 0.006
    endloop
  endfacet
  facet normal 0.605176 0.796092 0
    outer loop
      vertex -0.0359547 0.0211586 0.006
      vertex -0.0359547 0.0211586 0
      vertex -0.0360926 0.0212634 0.006
    endloop
  endfacet
  facet normal 0.605176 0.796092 0
    outer loop
      vertex -0.0359547 0.0211586 0
      vertex -0.0360926 0.0212634 0
      vertex -0.0360926 0.0212634 0.006
    endloop
  endfacet
  facet normal 0.687694 0.726001 0
    outer loop
      vertex -0.0360926 0.0212634 0.006
      vertex -0.0360926 0.0212634 0
      vertex -0.0362183 0.0213826 0.006
    endloop
  endfacet
  facet normal 0.687694 0.726001 0
    outer loop
      vertex -0.0360926 0.0212634 0
      vertex -0.0362183 0.0213826 0
      vertex -0.0362183 0.0213826 0.006
    endloop
  endfacet
  facet normal 0.762171 0.647376 0
    outer loop
      vertex -0.0362183 0.0213826 0.006
      vertex -0.0362183 0.0213826 0
      vertex -0.0363305 0.0215146 0.006
    endloop
  endfacet
  facet normal 0.762171 0.647376 0
    outer loop
      vertex -0.0362183 0.0213826 0
      vertex -0.0363305 0.0215146 0
      vertex -0.0363305 0.0215146 0.006
    endloop
  endfacet
  facet normal 0.827688 0.561189 0
    outer loop
      vertex -0.0363305 0.0215146 0.006
      vertex -0.0363305 0.0215146 0
      vertex -0.0364277 0.021658 0.006
    endloop
  endfacet
  facet normal 0.827688 0.561189 0
    outer loop
      vertex -0.0363305 0.0215146 0
      vertex -0.0364277 0.021658 0
      vertex -0.0364277 0.021658 0.006
    endloop
  endfacet
  facet normal 0.883505 0.468422 0
    outer loop
      vertex -0.0364277 0.021658 0.006
      vertex -0.0364277 0.021658 0
      vertex -0.0365089 0.0218111 0.006
    endloop
  endfacet
  facet normal 0.883505 0.468422 0
    outer loop
      vertex -0.0364277 0.021658 0
      vertex -0.0365089 0.0218111 0
      vertex -0.0365089 0.0218111 0.006
    endloop
  endfacet
  facet normal 0.928979 0.370134 0
    outer loop
      vertex -0.0365089 0.0218111 0.006
      vertex -0.0365089 0.0218111 0
      vertex -0.036573 0.021972 0.006
    endloop
  endfacet
  facet normal 0.928979 0.370134 0
    outer loop
      vertex -0.0365089 0.0218111 0
      vertex -0.036573 0.021972 0
      vertex -0.036573 0.021972 0.006
    endloop
  endfacet
  facet normal 0.963552 0.26752 0
    outer loop
      vertex -0.036573 0.021972 0.006
      vertex -0.036573 0.021972 0
      vertex -0.0366193 0.0221389 0.006
    endloop
  endfacet
  facet normal 0.963552 0.26752 0
    outer loop
      vertex -0.036573 0.021972 0
      vertex -0.0366193 0.0221389 0
      vertex -0.0366193 0.0221389 0.006
    endloop
  endfacet
  facet normal 0.986825 0.161788 0
    outer loop
      vertex -0.0366193 0.0221389 0.006
      vertex -0.0366193 0.0221389 0
      vertex -0.0366474 0.0223099 0.006
    endloop
  endfacet
  facet normal 0.986825 0.161788 0
    outer loop
      vertex -0.0366193 0.0221389 0
      vertex -0.0366474 0.0223099 0
      vertex -0.0366474 0.0223099 0.006
    endloop
  endfacet
  facet normal 0.998533 0.054145 0
    outer loop
      vertex -0.0366474 0.0223099 0.006
      vertex -0.0366474 0.0223099 0
      vertex -0.0366568 0.0224829 0.006
    endloop
  endfacet
  facet normal 0.998533 0.054145 0
    outer loop
      vertex -0.0366474 0.0223099 0
      vertex -0.0366568 0.0224829 0
      vertex -0.0366568 0.0224829 0.006
    endloop
  endfacet
  facet normal 0.998533 -0.0541445 0
    outer loop
      vertex -0.0366568 0.0224829 0.006
      vertex -0.0366568 0.0224829 0
      vertex -0.0366474 0.0226559 0.006
    endloop
  endfacet
  facet normal 0.998533 -0.0541445 0
    outer loop
      vertex -0.0366568 0.0224829 0
      vertex -0.0366474 0.0226559 0
      vertex -0.0366474 0.0226559 0.006
    endloop
  endfacet
  facet normal 0.986825 -0.16179 0
    outer loop
      vertex -0.0366474 0.0226559 0.006
      vertex -0.0366474 0.0226559 0
      vertex -0.0366193 0.0228268 0.006
    endloop
  endfacet
  facet normal 0.986825 -0.16179 0
    outer loop
      vertex -0.0366474 0.0226559 0
      vertex -0.0366193 0.0228268 0
      vertex -0.0366193 0.0228268 0.006
    endloop
  endfacet
  facet normal 0.963552 -0.26752 0
    outer loop
      vertex -0.0366193 0.0228268 0.006
      vertex -0.0366193 0.0228268 0
      vertex -0.036573 0.0229938 0.006
    endloop
  endfacet
  facet normal 0.963552 -0.26752 0
    outer loop
      vertex -0.0366193 0.0228268 0
      vertex -0.036573 0.0229938 0
      vertex -0.036573 0.0229938 0.006
    endloop
  endfacet
  facet normal 0.928979 -0.370134 0
    outer loop
      vertex -0.036573 0.0229938 0.006
      vertex -0.036573 0.0229938 0
      vertex -0.0365089 0.0231547 0.006
    endloop
  endfacet
  facet normal 0.928979 -0.370134 0
    outer loop
      vertex -0.036573 0.0229938 0
      vertex -0.0365089 0.0231547 0
      vertex -0.0365089 0.0231547 0.006
    endloop
  endfacet
  facet normal 0.883507 -0.468417 0
    outer loop
      vertex -0.0365089 0.0231547 0.006
      vertex -0.0365089 0.0231547 0
      vertex -0.0364277 0.0233078 0.006
    endloop
  endfacet
  facet normal 0.883507 -0.468417 0
    outer loop
      vertex -0.0365089 0.0231547 0
      vertex -0.0364277 0.0233078 0
      vertex -0.0364277 0.0233078 0.006
    endloop
  endfacet
  facet normal 0.827688 -0.561189 0
    outer loop
      vertex -0.0364277 0.0233078 0.006
      vertex -0.0364277 0.0233078 0
      vertex -0.0363305 0.0234512 0.006
    endloop
  endfacet
  facet normal 0.827688 -0.561189 0
    outer loop
      vertex -0.0364277 0.0233078 0
      vertex -0.0363305 0.0234512 0
      vertex -0.0363305 0.0234512 0.006
    endloop
  endfacet
  facet normal 0.762171 -0.647376 0
    outer loop
      vertex -0.0363305 0.0234512 0.006
      vertex -0.0363305 0.0234512 0
      vertex -0.0362183 0.0235832 0.006
    endloop
  endfacet
  facet normal 0.762171 -0.647376 0
    outer loop
      vertex -0.0363305 0.0234512 0
      vertex -0.0362183 0.0235832 0
      vertex -0.0362183 0.0235832 0.006
    endloop
  endfacet
  facet normal 0.687688 -0.726006 0
    outer loop
      vertex -0.0362183 0.0235832 0.006
      vertex -0.0362183 0.0235832 0
      vertex -0.0360926 0.0237023 0.006
    endloop
  endfacet
  facet normal 0.687688 -0.726006 0
    outer loop
      vertex -0.0362183 0.0235832 0
      vertex -0.0360926 0.0237023 0
      vertex -0.0360926 0.0237023 0.006
    endloop
  endfacet
  facet normal 0.605182 -0.796087 0
    outer loop
      vertex -0.0360926 0.0237023 0.006
      vertex -0.0360926 0.0237023 0
      vertex -0.0359547 0.0238072 0.006
    endloop
  endfacet
  facet normal 0.605182 -0.796087 0
    outer loop
      vertex -0.0360926 0.0237023 0
      vertex -0.0359547 0.0238072 0
      vertex -0.0359547 0.0238072 0.006
    endloop
  endfacet
  facet normal 0.51555 -0.85686 0
    outer loop
      vertex -0.0359547 0.0238072 0.006
      vertex -0.0359547 0.0238072 0
      vertex -0.0358062 0.0238965 0.006
    endloop
  endfacet
  facet normal 0.51555 -0.85686 0
    outer loop
      vertex -0.0359547 0.0238072 0
      vertex -0.0358062 0.0238965 0
      vertex -0.0358062 0.0238965 0.006
    endloop
  endfacet
  facet normal 0.419888 -0.907576 0
    outer loop
      vertex -0.0358062 0.0238965 0.006
      vertex -0.0358062 0.0238965 0
      vertex -0.035649 0.0239692 0.006
    endloop
  endfacet
  facet normal 0.419888 -0.907576 0
    outer loop
      vertex -0.0358062 0.0238965 0
      vertex -0.035649 0.0239692 0
      vertex -0.035649 0.0239692 0.006
    endloop
  endfacet
  facet normal 0.319297 -0.947655 0
    outer loop
      vertex -0.035649 0.0239692 0.006
      vertex -0.035649 0.0239692 0
      vertex -0.0354848 0.0240246 0.006
    endloop
  endfacet
  facet normal 0.319297 -0.947655 0
    outer loop
      vertex -0.035649 0.0239692 0
      vertex -0.0354848 0.0240246 0
      vertex -0.0354848 0.0240246 0.006
    endloop
  endfacet
  facet normal 0.21498 -0.976618 0
    outer loop
      vertex -0.0354848 0.0240246 0.006
      vertex -0.0354848 0.0240246 0
      vertex -0.0353156 0.0240618 0.006
    endloop
  endfacet
  facet normal 0.21498 -0.976618 0
    outer loop
      vertex -0.0354848 0.0240246 0
      vertex -0.0353156 0.0240618 0
      vertex -0.0353156 0.0240618 0.006
    endloop
  endfacet
  facet normal 0.108116 -0.994138 0
    outer loop
      vertex -0.0353156 0.0240618 0.006
      vertex -0.0353156 0.0240618 0
      vertex -0.0351434 0.0240805 0.006
    endloop
  endfacet
  facet normal 0.108116 -0.994138 0
    outer loop
      vertex -0.0353156 0.0240618 0
      vertex -0.0351434 0.0240805 0
      vertex -0.0351434 0.0240805 0.006
    endloop
  endfacet
  facet normal 0 -1 0
    outer loop
      vertex -0.0351434 0.0240805 0.006
      vertex -0.0351434 0.0240805 0
      vertex -0.0349701 0.0240805 0.006
    endloop
  endfacet
  facet normal 0 -1 0
    outer loop
      vertex -0.0351434 0.0240805 0
      vertex -0.0349701 0.0240805 0
      vertex -0.0349701 0.0240805 0.006
    endloop
  endfacet
  facet normal -0.108118 -0.994138 0
    outer loop
      vertex -0.0349701 0.0240805 0.006
      vertex -0.0349701 0.0240805 0
      vertex -0.0347979 0.0240618 0.006
    endloop
  endfacet
  facet normal -0.108118 -0.994138 0
    outer loop
      vertex -0.0349701 0.0240805 0
      vertex -0.0347979 0.0240618 0
      vertex -0.0347979 0.0240618 0.006
    endloop
  endfacet
  facet normal -0.214975 -0.976619 0
    outer loop
      vertex -0.0347979 0.0240618 0.006
      vertex -0.0347979 0.0240618 0
      vertex -0.0346287 0.0240246 0.006
    endloop
  endfacet
  facet normal -0.214975 -0.976619 0
    outer loop
      vertex -0.0347979 0.0240618 0
      vertex -0.0346287 0.0240246 0
      vertex -0.0346287 0.0240246 0.006
    endloop
  endfacet
  facet normal -0.319303 -0.947653 0
    outer loop
      vertex -0.0346287 0.0240246 0.006
      vertex -0.0346287 0.0240246 0
      vertex -0.0344645 0.0239692 0.006
    endloop
  endfacet
  facet normal -0.319303 -0.947653 0
    outer loop
      vertex -0.0346287 0.0240246 0
      vertex -0.0344645 0.0239692 0
      vertex -0.0344645 0.0239692 0.006
    endloop
  endfacet
  facet normal -0.419888 -0.907576 0
    outer loop
      vertex -0.0344645 0.0239692 0.006
      vertex -0.0344645 0.0239692 0
      vertex -0.0343073 0.0238965 0.006
    endloop
  endfacet
  facet normal -0.419888 -0.907576 0
    outer loop
      vertex -0.0344645 0.0239692 0
      vertex -0.0343073 0.0238965 0
      vertex -0.0343073 0.0238965 0.006
    endloop
  endfacet
  facet normal -0.51555 -0.85686 0
    outer loop
      vertex -0.0343073 0.0238965 0.006
      vertex -0.0343073 0.0238965 0
      vertex -0.0341589 0.0238072 0.006
    endloop
  endfacet
  facet normal -0.51555 -0.85686 0
    outer loop
      vertex -0.0343073 0.0238965 0
      vertex -0.0341589 0.0238072 0
      vertex -0.0341589 0.0238072 0.006
    endloop
  endfacet
  facet normal -0.605182 -0.796087 0
    outer loop
      vertex -0.0341589 0.0238072 0.006
      vertex -0.0341589 0.0238072 0
      vertex -0.0340209 0.0237023 0.006
    endloop
  endfacet
  facet normal -0.605182 -0.796087 0
    outer loop
      vertex -0.0341589 0.0238072 0
      vertex -0.0340209 0.0237023 0
      vertex -0.0340209 0.0237023 0.006
    endloop
  endfacet
  facet normal -0.687688 -0.726006 0
    outer loop
      vertex -0.0340209 0.0237023 0.006
      vertex -0.0340209 0.0237023 0
      vertex -0.0338952 0.0235832 0.006
    endloop
  endfacet
  facet normal -0.687688 -0.726006 0
    outer loop
      vertex -0.0340209 0.0237023 0
      vertex -0.0338952 0.0235832 0
      vertex -0.0338952 0.0235832 0.006
    endloop
  endfacet
  facet normal -0.762171 -0.647376 0
    outer loop
      vertex -0.0338952 0.0235832 0.006
      vertex -0.0338952 0.0235832 0
      vertex -0.033783 0.0234512 0.006
    endloop
  endfacet
  facet normal -0.762171 -0.647376 0
    outer loop
      vertex -0.0338952 0.0235832 0
      vertex -0.033783 0.0234512 0
      vertex -0.033783 0.0234512 0.006
    endloop
  endfacet
  facet normal -0.827688 -0.561189 0
    outer loop
      vertex -0.033783 0.0234512 0.006
      vertex -0.033783 0.0234512 0
      vertex -0.0336858 0.0233078 0.006
    endloop
  endfacet
  facet normal -0.827688 -0.561189 0
    outer loop
      vertex -0.033783 0.0234512 0
      vertex -0.0336858 0.0233078 0
      vertex -0.0336858 0.0233078 0.006
    endloop
  endfacet
  facet normal -0.883507 -0.468417 0
    outer loop
      vertex -0.0336858 0.0233078 0.006
      vertex -0.0336858 0.0233078 0
      vertex -0.0336046 0.0231547 0.006
    endloop
  endfacet
  facet normal -0.883507 -0.468417 0
    outer loop
      vertex -0.0336858 0.0233078 0
      vertex -0.0336046 0.0231547 0
      vertex -0.0336046 0.0231547 0.006
    endloop
  endfacet
  facet normal -0.928979 -0.370134 0
    outer loop
      vertex -0.0336046 0.0231547 0.006
      vertex -0.0336046 0.0231547 0
      vertex -0.0335405 0.0229938 0.006
    endloop
  endfacet
  facet normal -0.928979 -0.370134 0
    outer loop
      vertex -0.0336046 0.0231547 0
      vertex -0.0335405 0.0229938 0
      vertex -0.0335405 0.0229938 0.006
    endloop
  endfacet
  facet normal -0.963552 -0.26752 0
    outer loop
      vertex -0.0335405 0.0229938 0.006
      vertex -0.0335405 0.0229938 0
      vertex -0.0334942 0.0228268 0.006
    endloop
  endfacet
  facet normal -0.963552 -0.26752 0
    outer loop
      vertex -0.0335405 0.0229938 0
      vertex -0.0334942 0.0228268 0
      vertex -0.0334942 0.0228268 0.006
    endloop
  endfacet
  facet normal -0.986825 -0.16179 0
    outer loop
      vertex -0.0334942 0.0228268 0.006
      vertex -0.0334942 0.0228268 0
      vertex -0.0334661 0.0226559 0.006
    endloop
  endfacet
  facet normal -0.986825 -0.16179 0
    outer loop
      vertex -0.0334942 0.0228268 0
      vertex -0.0334661 0.0226559 0
      vertex -0.0334661 0.0226559 0.006
    endloop
  endfacet
  facet normal -0.998533 -0.0541445 0
    outer loop
      vertex -0.0334661 0.0226559 0.006
      vertex -0.0334661 0.0226559 0
      vertex -0.0334568 0.0224829 0.006
    endloop
  endfacet
  facet normal -0.998533 -0.0541445 0
    outer loop
      vertex -0.0334661 0.0226559 0
      vertex -0.0334568 0.0224829 0
      vertex -0.0334568 0.0224829 0.006
    endloop
  endfacet
  facet normal -0.998533 0.054145 0
    outer loop
      vertex -0.0334568 0.0224829 0.006
      vertex -0.0334568 0.0224829 0
      vertex -0.0334661 0.0223099 0.006
    endloop
  endfacet
  facet normal -0.998533 0.054145 0
    outer loop
      vertex -0.0334568 0.0224829 0
      vertex -0.0334661 0.0223099 0
      vertex -0.0334661 0.0223099 0.006
    endloop
  endfacet
  facet normal -0.986825 0.161788 0
    outer loop
      vertex -0.0334661 0.0223099 0.006
      vertex -0.0334661 0.0223099 0
      vertex -0.0334942 0.0221389 0.006
    endloop
  endfacet
  facet normal -0.986825 0.161788 0
    outer loop
      vertex -0.0334661 0.0223099 0
      vertex -0.0334942 0.0221389 0
      vertex -0.0334942 0.0221389 0.006
    endloop
  endfacet
  facet normal -0.963552 0.26752 0
    outer loop
      vertex -0.0334942 0.0221389 0.006
      vertex -0.0334942 0.0221389 0
      vertex -0.0335405 0.021972 0.006
    endloop
  endfacet
  facet normal -0.963552 0.26752 0
    outer loop
      vertex -0.0334942 0.0221389 0
      vertex -0.0335405 0.021972 0
      vertex -0.0335405 0.021972 0.006
    endloop
  endfacet
  facet normal -0.928979 0.370134 0
    outer loop
      vertex -0.0335405 0.021972 0.006
      vertex -0.0335405 0.021972 0
      vertex -0.0336046 0.0218111 0.006
    endloop
  endfacet
  facet normal -0.928979 0.370134 0
    outer loop
      vertex -0.0335405 0.021972 0
      vertex -0.0336046 0.0218111 0
      vertex -0.0336046 0.0218111 0.006
    endloop
  endfacet
  facet normal -0.883505 0.468422 0
    outer loop
      vertex -0.0336046 0.0218111 0.006
      vertex -0.0336046 0.0218111 0
      vertex -0.0336858 0.021658 0.006
    endloop
  endfacet
  facet normal -0.883505 0.468422 0
    outer loop
      vertex -0.0336046 0.0218111 0
      vertex -0.0336858 0.021658 0
      vertex -0.0336858 0.021658 0.006
    endloop
  endfacet
  facet normal -0.84217 0.539213 0
    outer loop
      vertex -0.0336858 0.021658 0.006
      vertex -0.0336858 0.021658 0
      vertex -0.0337339 0.0215829 0
    endloop
  endfacet
  facet normal 0 0 -1
    outer loop
      vertex -0.034395 -0.0230034 0
      vertex -0.034543 -0.0228554 0
      vertex -0.0341568 -0.0226171 0
    endloop
  endfacet
  facet normal 0 0 -1
    outer loop
      vertex -0.034543 -0.0228554 0
      vertex -0.0346748 -0.0226927 0
      vertex -0.0341568 -0.0226171 0
    endloop
  endfacet
  facet normal 0 0 -1
    outer loop
      vertex -0.0341568 -0.0226171 0
      vertex -0.0346748 -0.0226927 0
      vertex -0.0347888 -0.0225171 0
    endloop
  endfacet
  facet normal 0 0 -1
    outer loop
      vertex 0.0343526 -0.0233441 0
      vertex -0.0341568 -0.0226171 0
      vertex 0.0343807 -0.0231732 0
    endloop
  endfacet
  facet normal 0 0 -1
    outer loop
      vertex -0.0341568 -0.0226171 0
      vertex 0.034427 -0.0230062 0
      vertex 0.0343807 -0.0231732 0
    endloop
  endfacet
  facet normal 0 0 -1
    outer loop
      vertex 0.0343526 -0.0233441 0
      vertex 0.0343432 -0.0235171 0
      vertex 0.0317044 -0.0235171 0
    endloop
  endfacet
  facet normal 0 0 -1
    outer loop
      vertex 0.0317044 -0.0235171 0
      vertex 0.0343432 -0.0235171 0
      vertex 0.0319095 -0.0235277 0
    endloop
  endfacet
  facet normal 0 0 -1
    outer loop
      vertex -0.0347888 -0.0225171 0
      vertex -0.0348838 -0.0223306 0
      vertex -0.0341568 -0.0226171 0
    endloop
  endfacet
  facet normal 0 0 -1
    outer loop
      vertex -0.0348838 -0.0223306 0
      vertex -0.0349589 -0.0221352 0
      vertex -0.0341568 -0.0226171 0
    endloop
  endfacet
  facet normal 0 0 -1
    outer loop
      vertex -0.0341568 -0.0226171 0
      vertex -0.0349589 -0.0221352 0
      vertex -0.035013 -0.0219329 0
    endloop
  endfacet
  facet normal 0 0 -1
    outer loop
      vertex -0.0350568 -0.0111749 0
      vertex -0.0341568 -0.0111749 0
      vertex -0.0350568 -0.0215171 0
    endloop
  endfacet
  facet normal 0 0 -1
    outer loop
      vertex -0.0341568 -0.0111749 0
      vertex -0.0341568 -0.0226171 0
      vertex -0.0350568 -0.0215171 0
    endloop
  endfacet
  facet normal 0 0 -1
    outer loop
      vertex -0.0350568 -0.0215171 0
      vertex -0.0341568 -0.0226171 0
      vertex -0.0350458 -0.0217262 0
    endloop
  endfacet
  facet normal 0 0 -1
    outer loop
      vertex -0.0341568 -0.0226171 0
      vertex -0.035013 -0.0219329 0
      vertex -0.0350458 -0.0217262 0
    endloop
  endfacet
  facet normal 0 0 -1
    outer loop
      vertex 0.0346204 -0.0226171 0
      vertex 0.0345723 -0.0226922 0
      vertex -0.0341568 -0.0226171 0
    endloop
  endfacet
  facet normal 0 0 -1
    outer loop
      vertex 0.0345723 -0.0226922 0
      vertex 0.0344911 -0.0228453 0
      vertex -0.0341568 -0.0226171 0
    endloop
  endfacet
  facet normal 0 0 -1
    outer loop
      vertex -0.0341568 -0.0226171 0
      vertex 0.0344911 -0.0228453 0
      vertex 0.034427 -0.0230062 0
    endloop
  endfacet
  facet normal 0 0 -1
    outer loop
      vertex 0.034427 -0.024028 0
      vertex 0.033301 -0.0243127 0
      vertex 0.0343807 -0.0238611 0
    endloop
  endfacet
  facet normal 0 0 -1
    outer loop
      vertex 0.033301 -0.0243127 0
      vertex 0.0331691 -0.0241553 0
      vertex 0.0343807 -0.0238611 0
    endloop
  endfacet
  facet normal 0 0 -1
    outer loop
      vertex 0.0343807 -0.0238611 0
      vertex 0.0331691 -0.0241553 0
      vertex 0.0343526 -0.0236901 0
    endloop
  endfacet
  facet normal 0 0 -1
    outer loop
      vertex 0.035351 -0.0220308 0
      vertex 0.0351938 -0.0221035 0
      vertex 0.0350432 -0.0111749 0
    endloop
  endfacet
  facet normal 0 0 -1
    outer loop
      vertex 0.0351938 -0.0221035 0
      vertex 0.0350453 -0.0221928 0
      vertex 0.0350432 -0.0111749 0
    endloop
  endfacet
  facet normal 0 0 -1
    outer loop
      vertex 0.0350432 -0.0111749 0
      vertex 0.0350453 -0.0221928 0
      vertex 0.0350432 -0.0221942 0
    endloop
  endfacet
  facet normal 0 0 -1
    outer loop
      vertex 0.0343526 -0.0233441 0
      vertex 0.0317044 -0.0235171 0
      vertex -0.0341568 -0.0226171 0
    endloop
  endfacet
  facet normal 0 0 -1
    outer loop
      vertex 0.0317044 -0.0235171 0
      vertex -0.0330568 -0.0235171 0
      vertex -0.0341568 -0.0226171 0
    endloop
  endfacet
  facet normal 0 0 -1
    outer loop
      vertex -0.0341568 -0.0226171 0
      vertex -0.0330568 -0.0235171 0
      vertex -0.0332658 -0.0235062 0
    endloop
  endfacet
  facet normal 0 0 -1
    outer loop
      vertex 0.0325032 -0.0236836 0
      vertex 0.032311 -0.0236113 0
      vertex 0.0343432 -0.0235171 0
    endloop
  endfacet
  facet normal 0 0 -1
    outer loop
      vertex 0.032311 -0.0236113 0
      vertex 0.0321124 -0.0235592 0
      vertex 0.0343432 -0.0235171 0
    endloop
  endfacet
  facet normal 0 0 -1
    outer loop
      vertex 0.0343432 -0.0235171 0
      vertex 0.0321124 -0.0235592 0
      vertex 0.0319095 -0.0235277 0
    endloop
  endfacet
  facet normal 0 0 -1
    outer loop
      vertex 0.0331691 -0.0241553 0
      vertex 0.0330217 -0.0240123 0
      vertex 0.0343526 -0.0236901 0
    endloop
  endfacet
  facet normal 0 0 -1
    outer loop
      vertex 0.0330217 -0.0240123 0
      vertex 0.0328605 -0.0238851 0
      vertex 0.0343526 -0.0236901 0
    endloop
  endfacet
  facet normal 0 0 -1
    outer loop
      vertex 0.0343526 -0.0236901 0
      vertex 0.0328605 -0.0238851 0
      vertex 0.0343432 -0.0235171 0
    endloop
  endfacet
  facet normal 0 0 -1
    outer loop
      vertex 0.0328605 -0.0238851 0
      vertex 0.032687 -0.0237752 0
      vertex 0.0343432 -0.0235171 0
    endloop
  endfacet
  facet normal 0 0 -1
    outer loop
      vertex 0.0343432 -0.0235171 0
      vertex 0.032687 -0.0237752 0
      vertex 0.0325032 -0.0236836 0
    endloop
  endfacet
  facet normal 0 0 -1
    outer loop
      vertex -0.0332658 -0.0235062 0
      vertex -0.0334726 -0.0234734 0
      vertex -0.0341568 -0.0226171 0
    endloop
  endfacet
  facet normal 0 0 -1
    outer loop
      vertex -0.0334726 -0.0234734 0
      vertex -0.0336748 -0.0234192 0
      vertex -0.0341568 -0.0226171 0
    endloop
  endfacet
  facet normal 0 0 -1
    outer loop
      vertex -0.0341568 -0.0226171 0
      vertex -0.0336748 -0.0234192 0
      vertex -0.0338702 -0.0233442 0
    endloop
  endfacet
  facet normal 0 0 -1
    outer loop
      vertex -0.0338702 -0.0233442 0
      vertex -0.0340568 -0.0232492 0
      vertex -0.0341568 -0.0226171 0
    endloop
  endfacet
  facet normal 0 0 -1
    outer loop
      vertex -0.0340568 -0.0232492 0
      vertex -0.0342323 -0.0231352 0
      vertex -0.0341568 -0.0226171 0
    endloop
  endfacet
  facet normal 0 0 -1
    outer loop
      vertex -0.0341568 -0.0226171 0
      vertex -0.0342323 -0.0231352 0
      vertex -0.034395 -0.0230034 0
    endloop
  endfacet
  facet normal 0 0 -1
    outer loop
      vertex 0.0358566 -0.0219195 0
      vertex 0.0356844 -0.0219382 0
      vertex 0.0350432 -0.0111749 0
    endloop
  endfacet
  facet normal 0 0 -1
    outer loop
      vertex 0.0356844 -0.0219382 0
      vertex 0.0355152 -0.0219754 0
      vertex 0.0350432 -0.0111749 0
    endloop
  endfacet
  facet normal 0 0 -1
    outer loop
      vertex 0.0350432 -0.0111749 0
      vertex 0.0355152 -0.0219754 0
      vertex 0.035351 -0.0220308 0
    endloop
  endfacet
  facet normal 0 0 -1
    outer loop
      vertex 0.0371048 -0.0224168 0
      vertex 0.0369791 -0.0222977 0
      vertex 0.0375772 -0.021384 0
    endloop
  endfacet
  facet normal 0 0 -1
    outer loop
      vertex 0.0375772 -0.021384 0
      vertex 0.0369791 -0.0222977 0
      vertex 0.0373414 -0.0212225 0
    endloop
  endfacet
  facet normal 0 0 -1
    outer loop
      vertex 0.0369791 -0.0222977 0
      vertex 0.0368411 -0.0221928 0
      vertex 0.0373414 -0.0212225 0
    endloop
  endfacet
  facet normal 0 0 -1
    outer loop
      vertex 0.0373414 -0.0212225 0
      vertex 0.0368411 -0.0221928 0
      vertex 0.0370898 -0.021087 0
    endloop
  endfacet
  facet normal 0 0 -1
    outer loop
      vertex 0.0368411 -0.0221928 0
      vertex 0.0366927 -0.0221035 0
      vertex 0.0370898 -0.021087 0
    endloop
  endfacet
  facet normal 0 0 -1
    outer loop
      vertex 0.0370898 -0.021087 0
      vertex 0.0366927 -0.0221035 0
      vertex 0.0369088 -0.02099 0
    endloop
  endfacet
  facet normal 0 0 -1
    outer loop
      vertex 0.0366927 -0.0221035 0
      vertex 0.0365355 -0.0220308 0
      vertex 0.0369088 -0.02099 0
    endloop
  endfacet
  facet normal 0 0 -1
    outer loop
      vertex 0.0369088 -0.02099 0
      vertex 0.0365355 -0.0220308 0
      vertex 0.0367388 -0.0208749 0
    endloop
  endfacet
  facet normal 0 0 -1
    outer loop
      vertex 0.0365355 -0.0220308 0
      vertex 0.0363713 -0.0219754 0
      vertex 0.0367388 -0.0208749 0
    endloop
  endfacet
  facet normal 0 0 -1
    outer loop
      vertex 0.0367388 -0.0208749 0
      vertex 0.0363713 -0.0219754 0
      vertex 0.0365814 -0.020743 0
    endloop
  endfacet
  facet normal 0 0 -1
    outer loop
      vertex 0.0363713 -0.0219754 0
      vertex 0.0362021 -0.0219382 0
      vertex 0.0365814 -0.020743 0
    endloop
  endfacet
  facet normal 0 0 -1
    outer loop
      vertex 0.0365814 -0.020743 0
      vertex 0.0362021 -0.0219382 0
      vertex 0.0364384 -0.0205956 0
    endloop
  endfacet
  facet normal 0 0 -1
    outer loop
      vertex 0.0375772 -0.021384 0
      vertex 0.0377945 -0.0215696 0
      vertex 0.0371048 -0.0224168 0
    endloop
  endfacet
  facet normal 0 0 -1
    outer loop
      vertex 0.0377945 -0.0215696 0
      vertex 0.0379909 -0.0217773 0
      vertex 0.0371048 -0.0224168 0
    endloop
  endfacet
  facet normal 0 0 -1
    outer loop
      vertex 0.0371048 -0.0224168 0
      vertex 0.0379909 -0.0217773 0
      vertex 0.037217 -0.0225488 0
    endloop
  endfacet
  facet normal 0 0 -1
    outer loop
      vertex 0.0379909 -0.0217773 0
      vertex 0.0381641 -0.0220046 0
      vertex 0.037217 -0.0225488 0
    endloop
  endfacet
  facet normal 0 0 -1
    outer loop
      vertex 0.037217 -0.0225488 0
      vertex 0.0381641 -0.0220046 0
      vertex 0.0373142 -0.0226922 0
    endloop
  endfacet
  facet normal 0 0 -1
    outer loop
      vertex 0.0381641 -0.0220046 0
      vertex 0.0383122 -0.022249 0
      vertex 0.0373142 -0.0226922 0
    endloop
  endfacet
  facet normal 0 0 -1
    outer loop
      vertex 0.0373142 -0.0226922 0
      vertex 0.0383122 -0.022249 0
      vertex 0.0373954 -0.0228453 0
    endloop
  endfacet
  facet normal 0 0 -1
    outer loop
      vertex 0.0383122 -0.022249 0
      vertex 0.0384335 -0.0225078 0
      vertex 0.0373954 -0.0228453 0
    endloop
  endfacet
  facet normal 0 0 -1
    outer loop
      vertex 0.0373954 -0.0228453 0
      vertex 0.0384335 -0.0225078 0
      vertex 0.0374595 -0.0230062 0
    endloop
  endfacet
  facet normal 0 0 -1
    outer loop
      vertex 0.0384335 -0.0225078 0
      vertex 0.0385266 -0.022778 0
      vertex 0.0374595 -0.0230062 0
    endloop
  endfacet
  facet normal 0 0 -1
    outer loop
      vertex 0.0374595 -0.0230062 0
      vertex 0.0385266 -0.022778 0
      vertex 0.0375058 -0.0231732 0
    endloop
  endfacet
  facet normal 0 0 -1
    outer loop
      vertex 0.0385266 -0.022778 0
      vertex 0.0385905 -0.0230565 0
      vertex 0.0375058 -0.0231732 0
    endloop
  endfacet
  facet normal 0 0 -1
    outer loop
      vertex 0.0375058 -0.0231732 0
      vertex 0.0385905 -0.0230565 0
      vertex 0.0375339 -0.0233441 0
    endloop
  endfacet
  facet normal 0 0 -1
    outer loop
      vertex 0.0385905 -0.0230565 0
      vertex 0.0386244 -0.0233403 0
      vertex 0.0375339 -0.0233441 0
    endloop
  endfacet
  facet normal 0 0 -1
    outer loop
      vertex 0.0375339 -0.0233441 0
      vertex 0.0386244 -0.0233403 0
      vertex 0.0375432 -0.0235171 0
    endloop
  endfacet
  facet normal 0 0 -1
    outer loop
      vertex 0.0386244 -0.0233403 0
      vertex 0.038628 -0.023626 0
      vertex 0.0375432 -0.0235171 0
    endloop
  endfacet
  facet normal 0 0 -1
    outer loop
      vertex 0.0375432 -0.0235171 0
      vertex 0.038628 -0.023626 0
      vertex 0.0375339 -0.0236901 0
    endloop
  endfacet
  facet normal 0 0 -1
    outer loop
      vertex 0.038628 -0.023626 0
      vertex 0.0386013 -0.0239106 0
      vertex 0.0375339 -0.0236901 0
    endloop
  endfacet
  facet normal 0 0 -1
    outer loop
      vertex 0.0375339 -0.0236901 0
      vertex 0.0386013 -0.0239106 0
      vertex 0.0375058 -0.0238611 0
    endloop
  endfacet
  facet normal 0 0 -1
    outer loop
      vertex 0.0386013 -0.0239106 0
      vertex 0.0385445 -0.0241906 0
      vertex 0.0375058 -0.0238611 0
    endloop
  endfacet
  facet normal 0 0 -1
    outer loop
      vertex 0.0375058 -0.0238611 0
      vertex 0.0385445 -0.0241906 0
      vertex 0.0374595 -0.024028 0
    endloop
  endfacet
  facet normal 0 0 -1
    outer loop
      vertex 0.0385445 -0.0241906 0
      vertex 0.0384582 -0.0244631 0
      vertex 0.0374595 -0.024028 0
    endloop
  endfacet
  facet normal 0 0 -1
    outer loop
      vertex 0.0374595 -0.024028 0
      vertex 0.0384582 -0.0244631 0
      vertex 0.0373954 -0.0241889 0
    endloop
  endfacet
  facet normal 0 0 -1
    outer loop
      vertex 0.0384582 -0.0244631 0
      vertex 0.0383435 -0.0247249 0
      vertex 0.0373954 -0.0241889 0
    endloop
  endfacet
  facet normal 0 0 -1
    outer loop
      vertex 0.0373954 -0.0241889 0
      vertex 0.0383435 -0.0247249 0
      vertex 0.0373142 -0.024342 0
    endloop
  endfacet
  facet normal 0 0 -1
    outer loop
      vertex 0.0383435 -0.0247249 0
      vertex 0.0382017 -0.024973 0
      vertex 0.0373142 -0.024342 0
    endloop
  endfacet
  facet normal 0 0 -1
    outer loop
      vertex 0.0373142 -0.024342 0
      vertex 0.0382017 -0.024973 0
      vertex 0.037217 -0.0244854 0
    endloop
  endfacet
  facet normal 0 0 -1
    outer loop
      vertex 0.0382017 -0.024973 0
      vertex 0.0380343 -0.0252046 0
      vertex 0.037217 -0.0244854 0
    endloop
  endfacet
  facet normal 0 0 -1
    outer loop
      vertex 0.037217 -0.0244854 0
      vertex 0.0380343 -0.0252046 0
      vertex 0.0371048 -0.0246174 0
    endloop
  endfacet
  facet normal 0 0 -1
    outer loop
      vertex 0.0380343 -0.0252046 0
      vertex 0.0378432 -0.0254171 0
      vertex 0.0371048 -0.0246174 0
    endloop
  endfacet
  facet normal 0 0 -1
    outer loop
      vertex 0.0371048 -0.0246174 0
      vertex 0.0378432 -0.0254171 0
      vertex 0.0369791 -0.0247366 0
    endloop
  endfacet
  facet normal 0 0 -1
    outer loop
      vertex 0.0378432 -0.0254171 0
      vertex 0.0376307 -0.0256082 0
      vertex 0.0369791 -0.0247366 0
    endloop
  endfacet
  facet normal 0 0 -1
    outer loop
      vertex 0.0369791 -0.0247366 0
      vertex 0.0376307 -0.0256082 0
      vertex 0.0368411 -0.0248414 0
    endloop
  endfacet
  facet normal 0 0 -1
    outer loop
      vertex 0.0376307 -0.0256082 0
      vertex 0.0373991 -0.0257756 0
      vertex 0.0368411 -0.0248414 0
    endloop
  endfacet
  facet normal 0 0 -1
    outer loop
      vertex 0.0368411 -0.0248414 0
      vertex 0.0373991 -0.0257756 0
      vertex 0.0366927 -0.0249307 0
    endloop
  endfacet
  facet normal 0 0 -1
    outer loop
      vertex 0.0373991 -0.0257756 0
      vertex 0.037151 -0.0259174 0
      vertex 0.0366927 -0.0249307 0
    endloop
  endfacet
  facet normal 0 0 -1
    outer loop
      vertex 0.0366927 -0.0249307 0
      vertex 0.037151 -0.0259174 0
      vertex 0.0365355 -0.0250035 0
    endloop
  endfacet
  facet normal 0 0 -1
    outer loop
      vertex 0.037151 -0.0259174 0
      vertex 0.0368892 -0.0260321 0
      vertex 0.0365355 -0.0250035 0
    endloop
  endfacet
  facet normal 0 0 -1
    outer loop
      vertex 0.0365355 -0.0250035 0
      vertex 0.0368892 -0.0260321 0
      vertex 0.0363713 -0.0250588 0
    endloop
  endfacet
  facet normal 0 0 -1
    outer loop
      vertex 0.0368892 -0.0260321 0
      vertex 0.0366168 -0.0261183 0
      vertex 0.0363713 -0.0250588 0
    endloop
  endfacet
  facet normal 0 0 -1
    outer loop
      vertex 0.0363713 -0.0250588 0
      vertex 0.0366168 -0.0261183 0
      vertex 0.0362021 -0.025096 0
    endloop
  endfacet
  facet normal 0 0 -1
    outer loop
      vertex 0.0366168 -0.0261183 0
      vertex 0.0363367 -0.0261752 0
      vertex 0.0362021 -0.025096 0
    endloop
  endfacet
  facet normal 0 0 -1
    outer loop
      vertex 0.0362021 -0.025096 0
      vertex 0.0363367 -0.0261752 0
      vertex 0.0360299 -0.0251148 0
    endloop
  endfacet
  facet normal 0 0 -1
    outer loop
      vertex 0.0363367 -0.0261752 0
      vertex 0.0360522 -0.0262019 0
      vertex 0.0360299 -0.0251148 0
    endloop
  endfacet
  facet normal 0 0 -1
    outer loop
      vertex 0.0360299 -0.0251148 0
      vertex 0.0360522 -0.0262019 0
      vertex 0.0358566 -0.0251148 0
    endloop
  endfacet
  facet normal 0 0 -1
    outer loop
      vertex 0.0360522 -0.0262019 0
      vertex 0.0357664 -0.0261983 0
      vertex 0.0358566 -0.0251148 0
    endloop
  endfacet
  facet normal 0 0 -1
    outer loop
      vertex 0.0358566 -0.0251148 0
      vertex 0.0357664 -0.0261983 0
      vertex 0.0356844 -0.025096 0
    endloop
  endfacet
  facet normal 0 0 -1
    outer loop
      vertex 0.0357664 -0.0261983 0
      vertex 0.0354826 -0.0261644 0
      vertex 0.0356844 -0.025096 0
    endloop
  endfacet
  facet normal 0 0 -1
    outer loop
      vertex 0.0356844 -0.025096 0
      vertex 0.0354826 -0.0261644 0
      vertex 0.0355152 -0.0250588 0
    endloop
  endfacet
  facet normal 0 0 -1
    outer loop
      vertex 0.0354826 -0.0261644 0
      vertex 0.0352041 -0.0261005 0
      vertex 0.0355152 -0.0250588 0
    endloop
  endfacet
  facet normal 0 0 -1
    outer loop
      vertex 0.0355152 -0.0250588 0
      vertex 0.0352041 -0.0261005 0
      vertex 0.035351 -0.0250035 0
    endloop
  endfacet
  facet normal 0 0 -1
    outer loop
      vertex 0.0352041 -0.0261005 0
      vertex 0.0349339 -0.0260073 0
      vertex 0.035351 -0.0250035 0
    endloop
  endfacet
  facet normal 0 0 -1
    outer loop
      vertex 0.035351 -0.0250035 0
      vertex 0.0349339 -0.0260073 0
      vertex 0.0351938 -0.0249307 0
    endloop
  endfacet
  facet normal 0 0 -1
    outer loop
      vertex 0.0349339 -0.0260073 0
      vertex 0.0346751 -0.0258861 0
      vertex 0.0351938 -0.0249307 0
    endloop
  endfacet
  facet normal 0 0 -1
    outer loop
      vertex 0.0351938 -0.0249307 0
      vertex 0.0346751 -0.0258861 0
      vertex 0.0350453 -0.0248414 0
    endloop
  endfacet
  facet normal 0 0 -1
    outer loop
      vertex 0.0346751 -0.0258861 0
      vertex 0.0344307 -0.025738 0
      vertex 0.0350453 -0.0248414 0
    endloop
  endfacet
  facet normal 0 0 -1
    outer loop
      vertex 0.0350453 -0.0248414 0
      vertex 0.0344307 -0.025738 0
      vertex 0.0349074 -0.0247366 0
    endloop
  endfacet
  facet normal 0 0 -1
    outer loop
      vertex 0.0344307 -0.025738 0
      vertex 0.0342034 -0.0255648 0
      vertex 0.0349074 -0.0247366 0
    endloop
  endfacet
  facet normal 0 0 -1
    outer loop
      vertex 0.0349074 -0.0247366 0
      vertex 0.0342034 -0.0255648 0
      vertex 0.0347817 -0.0246174 0
    endloop
  endfacet
  facet normal 0 0 -1
    outer loop
      vertex 0.0342034 -0.0255648 0
      vertex 0.0339958 -0.0253684 0
      vertex 0.0347817 -0.0246174 0
    endloop
  endfacet
  facet normal 0 0 -1
    outer loop
      vertex 0.0347817 -0.0246174 0
      vertex 0.0339958 -0.0253684 0
      vertex 0.0346695 -0.0244854 0
    endloop
  endfacet
  facet normal 0 0 -1
    outer loop
      vertex 0.0339958 -0.0253684 0
      vertex 0.0338101 -0.0251511 0
      vertex 0.0346695 -0.0244854 0
    endloop
  endfacet
  facet normal 0 0 -1
    outer loop
      vertex 0.0346695 -0.0244854 0
      vertex 0.0338101 -0.0251511 0
      vertex 0.0345723 -0.024342 0
    endloop
  endfacet
  facet normal 0 0 -1
    outer loop
      vertex 0.0338101 -0.0251511 0
      vertex 0.0336487 -0.0249153 0
      vertex 0.0345723 -0.024342 0
    endloop
  endfacet
  facet normal 0 0 -1
    outer loop
      vertex 0.0345723 -0.024342 0
      vertex 0.0336487 -0.0249153 0
      vertex 0.0344911 -0.0241889 0
    endloop
  endfacet
  facet normal 0 0 -1
    outer loop
      vertex 0.0336487 -0.0249153 0
      vertex 0.0335132 -0.0246637 0
      vertex 0.0344911 -0.0241889 0
    endloop
  endfacet
  facet normal 0 0 -1
    outer loop
      vertex 0.0344911 -0.0241889 0
      vertex 0.0335132 -0.0246637 0
      vertex 0.034427 -0.024028 0
    endloop
  endfacet
  facet normal 0 0 -1
    outer loop
      vertex 0.0335132 -0.0246637 0
      vertex 0.0334161 -0.0244827 0
      vertex 0.034427 -0.024028 0
    endloop
  endfacet
  facet normal 0 0 -1
    outer loop
      vertex 0.034427 -0.024028 0
      vertex 0.0334161 -0.0244827 0
      vertex 0.033301 -0.0243127 0
    endloop
  endfacet
  facet normal 0 0 -1
    outer loop
      vertex 0.0364384 -0.0205956 0
      vertex 0.0362021 -0.0219382 0
      vertex 0.0363112 -0.0204343 0
    endloop
  endfacet
  facet normal 0 0 -1
    outer loop
      vertex 0.0362021 -0.0219382 0
      vertex 0.0360299 -0.0219195 0
      vertex 0.0363112 -0.0204343 0
    endloop
  endfacet
  facet normal 0 0 -1
    outer loop
      vertex 0.0363112 -0.0204343 0
      vertex 0.0360299 -0.0219195 0
      vertex 0.0362013 -0.0202609 0
    endloop
  endfacet
  facet normal 0 0 -1
    outer loop
      vertex 0.0359538 -0.0194833 0
      vertex 0.0359853 -0.0196863 0
      vertex 0.0358566 -0.0219195 0
    endloop
  endfacet
  facet normal 0 0 -1
    outer loop
      vertex 0.0359853 -0.0196863 0
      vertex 0.0360375 -0.0198849 0
      vertex 0.0358566 -0.0219195 0
    endloop
  endfacet
  facet normal 0 0 -1
    outer loop
      vertex 0.0358566 -0.0219195 0
      vertex 0.0360375 -0.0198849 0
      vertex 0.0360299 -0.0219195 0
    endloop
  endfacet
  facet normal 0 0 -1
    outer loop
      vertex 0.0360375 -0.0198849 0
      vertex 0.0361097 -0.0200771 0
      vertex 0.0360299 -0.0219195 0
    endloop
  endfacet
  facet normal 0 0 -1
    outer loop
      vertex 0.0360299 -0.0219195 0
      vertex 0.0361097 -0.0200771 0
      vertex 0.0362013 -0.0202609 0
    endloop
  endfacet
  facet normal 0 0 -1
    outer loop
      vertex 0.0359538 -0.0194833 0
      vertex 0.0358566 -0.0219195 0
      vertex 0.0359432 -0.0192782 0
    endloop
  endfacet
  facet normal 0 0 -1
    outer loop
      vertex 0.0358566 -0.0219195 0
      vertex 0.0350432 -0.0111749 0
      vertex 0.0359432 -0.0192782 0
    endloop
  endfacet
  facet normal 0 0 -1
    outer loop
      vertex 0.0359432 -0.0192782 0
      vertex 0.0350432 -0.0111749 0
      vertex 0.0359432 -0.0111749 0
    endloop
  endfacet
  facet normal 0 0 1
    outer loop
      vertex -0.0308179 0.0224829 0.006
      vertex -0.0334568 0.0224829 0.006
      vertex -0.0334661 0.0223099 0.006
    endloop
  endfacet
  facet normal 0 0 1
    outer loop
      vertex -0.0246621 0.0205829 0.006
      vertex -0.0246621 0.0224829 0.006
      vertex -0.0308179 0.0224829 0.006
    endloop
  endfacet
  facet normal 0 0 1
    outer loop
      vertex -0.0338952 0.0213826 0.006
      vertex -0.0340209 0.0212634 0.006
      vertex -0.0331568 0.0205829 0.006
    endloop
  endfacet
  facet normal 0 0 1
    outer loop
      vertex -0.0340209 0.0212634 0.006
      vertex -0.0341589 0.0211586 0.006
      vertex -0.0331568 0.0205829 0.006
    endloop
  endfacet
  facet normal 0 0 1
    outer loop
      vertex -0.0331568 0.0205829 0.006
      vertex -0.0341589 0.0211586 0.006
      vertex -0.0331568 0.0101236 0.006
    endloop
  endfacet
  facet normal 0 0 1
    outer loop
      vertex -0.0341589 0.0211586 0.006
      vertex -0.0343073 0.0210693 0.006
      vertex -0.0331568 0.0101236 0.006
    endloop
  endfacet
  facet normal 0 0 1
    outer loop
      vertex -0.0331568 0.0101236 0.006
      vertex -0.0343073 0.0210693 0.006
      vertex -0.0344645 0.0209965 0.006
    endloop
  endfacet
  facet normal 0 0 1
    outer loop
      vertex -0.0308179 0.0224829 0.006
      vertex -0.0334661 0.0223099 0.006
      vertex -0.0246621 0.0205829 0.006
    endloop
  endfacet
  facet normal 0 0 1
    outer loop
      vertex -0.0334661 0.0223099 0.006
      vertex -0.0334942 0.0221389 0.006
      vertex -0.0246621 0.0205829 0.006
    endloop
  endfacet
  facet normal 0 0 1
    outer loop
      vertex -0.0246621 0.0205829 0.006
      vertex -0.0334942 0.0221389 0.006
      vertex -0.0335405 0.021972 0.006
    endloop
  endfacet
  facet normal 0 0 1
    outer loop
      vertex -0.0335405 0.021972 0.006
      vertex -0.0336046 0.0218111 0.006
      vertex -0.0246621 0.0205829 0.006
    endloop
  endfacet
  facet normal 0 0 1
    outer loop
      vertex -0.0336046 0.0218111 0.006
      vertex -0.0336858 0.021658 0.006
      vertex -0.0246621 0.0205829 0.006
    endloop
  endfacet
  facet normal 0 0 1
    outer loop
      vertex -0.0246621 0.0205829 0.006
      vertex -0.0336858 0.021658 0.006
      vertex -0.0331568 0.0205829 0.006
    endloop
  endfacet
  facet normal 0 0 1
    outer loop
      vertex -0.0336858 0.021658 0.006
      vertex -0.033783 0.0215146 0.006
      vertex -0.0331568 0.0205829 0.006
    endloop
  endfacet
  facet normal 0 0 1
    outer loop
      vertex -0.0331568 0.0205829 0.006
      vertex -0.033783 0.0215146 0.006
      vertex -0.0338952 0.0213826 0.006
    endloop
  endfacet
  facet normal 0 0 1
    outer loop
      vertex -0.0363305 0.0215146 0.006
      vertex -0.0371044 0.020743 0.006
      vertex -0.0362183 0.0213826 0.006
    endloop
  endfacet
  facet normal 0 0 1
    outer loop
      vertex -0.0371044 0.020743 0.006
      vertex -0.036908 0.0205354 0.006
      vertex -0.0362183 0.0213826 0.006
    endloop
  endfacet
  facet normal 0 0 1
    outer loop
      vertex -0.0362183 0.0213826 0.006
      vertex -0.036908 0.0205354 0.006
      vertex -0.0360926 0.0212634 0.006
    endloop
  endfacet
  facet normal 0 0 1
    outer loop
      vertex -0.036908 0.0205354 0.006
      vertex -0.0366907 0.0203498 0.006
      vertex -0.0360926 0.0212634 0.006
    endloop
  endfacet
  facet normal 0 0 1
    outer loop
      vertex -0.0360926 0.0212634 0.006
      vertex -0.0366907 0.0203498 0.006
      vertex -0.0359547 0.0211586 0.006
    endloop
  endfacet
  facet normal 0 0 1
    outer loop
      vertex -0.0366907 0.0203498 0.006
      vertex -0.0364549 0.0201883 0.006
      vertex -0.0359547 0.0211586 0.006
    endloop
  endfacet
  facet normal 0 0 1
    outer loop
      vertex -0.0359547 0.0211586 0.006
      vertex -0.0364549 0.0201883 0.006
      vertex -0.0358062 0.0210693 0.006
    endloop
  endfacet
  facet normal 0 0 1
    outer loop
      vertex -0.0364549 0.0201883 0.006
      vertex -0.0362033 0.0200528 0.006
      vertex -0.0358062 0.0210693 0.006
    endloop
  endfacet
  facet normal 0 0 1
    outer loop
      vertex -0.0358062 0.0210693 0.006
      vertex -0.0362033 0.0200528 0.006
      vertex -0.035649 0.0209965 0.006
    endloop
  endfacet
  facet normal 0 0 1
    outer loop
      vertex -0.0362033 0.0200528 0.006
      vertex -0.0360224 0.0199557 0.006
      vertex -0.035649 0.0209965 0.006
    endloop
  endfacet
  facet normal 0 0 1
    outer loop
      vertex -0.035649 0.0209965 0.006
      vertex -0.0360224 0.0199557 0.006
      vertex -0.0354848 0.0209412 0.006
    endloop
  endfacet
  facet normal 0 0 1
    outer loop
      vertex -0.0360224 0.0199557 0.006
      vertex -0.0358523 0.0198406 0.006
      vertex -0.0354848 0.0209412 0.006
    endloop
  endfacet
  facet normal 0 0 1
    outer loop
      vertex -0.0354848 0.0209412 0.006
      vertex -0.0358523 0.0198406 0.006
      vertex -0.0353156 0.020904 0.006
    endloop
  endfacet
  facet normal 0 0 1
    outer loop
      vertex -0.0349701 0.0208852 0.006
      vertex -0.0350988 0.018652 0.006
      vertex -0.0350673 0.0184491 0.006
    endloop
  endfacet
  facet normal 0 0 1
    outer loop
      vertex -0.0358523 0.0198406 0.006
      vertex -0.0356949 0.0197087 0.006
      vertex -0.0353156 0.020904 0.006
    endloop
  endfacet
  facet normal 0 0 1
    outer loop
      vertex -0.0356949 0.0197087 0.006
      vertex -0.0355519 0.0195614 0.006
      vertex -0.0353156 0.020904 0.006
    endloop
  endfacet
  facet normal 0 0 1
    outer loop
      vertex -0.0353156 0.020904 0.006
      vertex -0.0355519 0.0195614 0.006
      vertex -0.0351434 0.0208852 0.006
    endloop
  endfacet
  facet normal 0 0 1
    outer loop
      vertex -0.0355519 0.0195614 0.006
      vertex -0.0354247 0.0194001 0.006
      vertex -0.0351434 0.0208852 0.006
    endloop
  endfacet
  facet normal 0 0 1
    outer loop
      vertex -0.0308179 0.0224829 0.006
      vertex -0.031023 0.0224934 0.006
      vertex -0.0334568 0.0224829 0.006
    endloop
  endfacet
  facet normal 0 0 1
    outer loop
      vertex -0.031023 0.0224934 0.006
      vertex -0.0312259 0.0225249 0.006
      vertex -0.0334568 0.0224829 0.006
    endloop
  endfacet
  facet normal 0 0 1
    outer loop
      vertex -0.0334568 0.0224829 0.006
      vertex -0.0312259 0.0225249 0.006
      vertex -0.0314245 0.0225771 0.006
    endloop
  endfacet
  facet normal 0 0 1
    outer loop
      vertex -0.0354247 0.0194001 0.006
      vertex -0.0353148 0.0192267 0.006
      vertex -0.0351434 0.0208852 0.006
    endloop
  endfacet
  facet normal 0 0 1
    outer loop
      vertex -0.0353148 0.0192267 0.006
      vertex -0.0352232 0.0190429 0.006
      vertex -0.0351434 0.0208852 0.006
    endloop
  endfacet
  facet normal 0 0 1
    outer loop
      vertex -0.0351434 0.0208852 0.006
      vertex -0.0352232 0.0190429 0.006
      vertex -0.0349701 0.0208852 0.006
    endloop
  endfacet
  facet normal 0 0 1
    outer loop
      vertex -0.0352232 0.0190429 0.006
      vertex -0.035151 0.0188506 0.006
      vertex -0.0349701 0.0208852 0.006
    endloop
  endfacet
  facet normal 0 0 1
    outer loop
      vertex -0.0349701 0.0208852 0.006
      vertex -0.035151 0.0188506 0.006
      vertex -0.0350988 0.018652 0.006
    endloop
  endfacet
  facet normal 0 0 1
    outer loop
      vertex -0.0344645 0.0209965 0.006
      vertex -0.0346287 0.0209412 0.006
      vertex -0.0331568 0.0101236 0.006
    endloop
  endfacet
  facet normal 0 0 1
    outer loop
      vertex -0.0346287 0.0209412 0.006
      vertex -0.0347979 0.020904 0.006
      vertex -0.0331568 0.0101236 0.006
    endloop
  endfacet
  facet normal 0 0 1
    outer loop
      vertex -0.0331568 0.0101236 0.006
      vertex -0.0347979 0.020904 0.006
      vertex -0.0350568 0.0101236 0.006
    endloop
  endfacet
  facet normal 0 0 1
    outer loop
      vertex -0.0347979 0.020904 0.006
      vertex -0.0349701 0.0208852 0.006
      vertex -0.0350568 0.0101236 0.006
    endloop
  endfacet
  facet normal 0 0 1
    outer loop
      vertex -0.0350568 0.0101236 0.006
      vertex -0.0349701 0.0208852 0.006
      vertex -0.0350568 0.018244 0.006
    endloop
  endfacet
  facet normal 0 0 1
    outer loop
      vertex -0.0349701 0.0208852 0.006
      vertex -0.0350673 0.0184491 0.006
      vertex -0.0350568 0.018244 0.006
    endloop
  endfacet
  facet normal 0 0 1
    outer loop
      vertex -0.0334661 0.0226559 0.006
      vertex -0.0321352 0.022978 0.006
      vertex -0.0334942 0.0228268 0.006
    endloop
  endfacet
  facet normal 0 0 1
    outer loop
      vertex -0.0321352 0.022978 0.006
      vertex -0.0322826 0.023121 0.006
      vertex -0.0334942 0.0228268 0.006
    endloop
  endfacet
  facet normal 0 0 1
    outer loop
      vertex -0.0334942 0.0228268 0.006
      vertex -0.0322826 0.023121 0.006
      vertex -0.0335405 0.0229938 0.006
    endloop
  endfacet
  facet normal 0 0 1
    outer loop
      vertex -0.0314245 0.0225771 0.006
      vertex -0.0316167 0.0226493 0.006
      vertex -0.0334568 0.0224829 0.006
    endloop
  endfacet
  facet normal 0 0 1
    outer loop
      vertex -0.0316167 0.0226493 0.006
      vertex -0.0318005 0.0227409 0.006
      vertex -0.0334568 0.0224829 0.006
    endloop
  endfacet
  facet normal 0 0 1
    outer loop
      vertex -0.0334568 0.0224829 0.006
      vertex -0.0318005 0.0227409 0.006
      vertex -0.0334661 0.0226559 0.006
    endloop
  endfacet
  facet normal 0 0 1
    outer loop
      vertex -0.0318005 0.0227409 0.006
      vertex -0.031974 0.0228509 0.006
      vertex -0.0334661 0.0226559 0.006
    endloop
  endfacet
  facet normal 0 0 1
    outer loop
      vertex -0.0334661 0.0226559 0.006
      vertex -0.031974 0.0228509 0.006
      vertex -0.0321352 0.022978 0.006
    endloop
  endfacet
  facet normal 0 0 1
    outer loop
      vertex -0.0322826 0.023121 0.006
      vertex -0.0324145 0.0232784 0.006
      vertex -0.0335405 0.0229938 0.006
    endloop
  endfacet
  facet normal 0 0 1
    outer loop
      vertex -0.0324145 0.0232784 0.006
      vertex -0.0325296 0.0234485 0.006
      vertex -0.0335405 0.0229938 0.006
    endloop
  endfacet
  facet normal 0 0 1
    outer loop
      vertex -0.0335405 0.0229938 0.006
      vertex -0.0325296 0.0234485 0.006
      vertex -0.0336046 0.0231547 0.006
    endloop
  endfacet
  facet normal 0 0 1
    outer loop
      vertex -0.0325296 0.0234485 0.006
      vertex -0.0326267 0.0236295 0.006
      vertex -0.0336046 0.0231547 0.006
    endloop
  endfacet
  facet normal 0 0 1
    outer loop
      vertex -0.0336046 0.0231547 0.006
      vertex -0.0326267 0.0236295 0.006
      vertex -0.0336858 0.0233078 0.006
    endloop
  endfacet
  facet normal 0 0 1
    outer loop
      vertex -0.0326267 0.0236295 0.006
      vertex -0.0327622 0.0238811 0.006
      vertex -0.0336858 0.0233078 0.006
    endloop
  endfacet
  facet normal 0 0 1
    outer loop
      vertex -0.0336858 0.0233078 0.006
      vertex -0.0327622 0.0238811 0.006
      vertex -0.033783 0.0234512 0.006
    endloop
  endfacet
  facet normal 0 0 1
    outer loop
      vertex -0.0327622 0.0238811 0.006
      vertex -0.0329237 0.0241169 0.006
      vertex -0.033783 0.0234512 0.006
    endloop
  endfacet
  facet normal 0 0 1
    outer loop
      vertex -0.033783 0.0234512 0.006
      vertex -0.0329237 0.0241169 0.006
      vertex -0.0338952 0.0235832 0.006
    endloop
  endfacet
  facet normal 0 0 1
    outer loop
      vertex -0.0329237 0.0241169 0.006
      vertex -0.0331093 0.0243342 0.006
      vertex -0.0338952 0.0235832 0.006
    endloop
  endfacet
  facet normal 0 0 1
    outer loop
      vertex -0.0338952 0.0235832 0.006
      vertex -0.0331093 0.0243342 0.006
      vertex -0.0340209 0.0237023 0.006
    endloop
  endfacet
  facet normal 0 0 1
    outer loop
      vertex -0.0331093 0.0243342 0.006
      vertex -0.0333169 0.0245305 0.006
      vertex -0.0340209 0.0237023 0.006
    endloop
  endfacet
  facet normal 0 0 1
    outer loop
      vertex -0.0340209 0.0237023 0.006
      vertex -0.0333169 0.0245305 0.006
      vertex -0.0341589 0.0238072 0.006
    endloop
  endfacet
  facet normal 0 0 1
    outer loop
      vertex -0.0333169 0.0245305 0.006
      vertex -0.0335442 0.0247037 0.006
      vertex -0.0341589 0.0238072 0.006
    endloop
  endfacet
  facet normal 0 0 1
    outer loop
      vertex -0.0341589 0.0238072 0.006
      vertex -0.0335442 0.0247037 0.006
      vertex -0.0343073 0.0238965 0.006
    endloop
  endfacet
  facet normal 0 0 1
    outer loop
      vertex -0.0335442 0.0247037 0.006
      vertex -0.0337886 0.0248518 0.006
      vertex -0.0343073 0.0238965 0.006
    endloop
  endfacet
  facet normal 0 0 1
    outer loop
      vertex -0.0343073 0.0238965 0.006
      vertex -0.0337886 0.0248518 0.006
      vertex -0.0344645 0.0239692 0.006
    endloop
  endfacet
  facet normal 0 0 1
    outer loop
      vertex -0.0337886 0.0248518 0.006
      vertex -0.0340474 0.0249731 0.006
      vertex -0.0344645 0.0239692 0.006
    endloop
  endfacet
  facet normal 0 0 1
    outer loop
      vertex -0.0344645 0.0239692 0.006
      vertex -0.0340474 0.0249731 0.006
      vertex -0.0346287 0.0240246 0.006
    endloop
  endfacet
  facet normal 0 0 1
    outer loop
      vertex -0.0340474 0.0249731 0.006
      vertex -0.0343176 0.0250662 0.006
      vertex -0.0346287 0.0240246 0.006
    endloop
  endfacet
  facet normal 0 0 1
    outer loop
      vertex -0.0346287 0.0240246 0.006
      vertex -0.0343176 0.0250662 0.006
      vertex -0.0347979 0.0240618 0.006
    endloop
  endfacet
  facet normal 0 0 1
    outer loop
      vertex -0.0343176 0.0250662 0.006
      vertex -0.0345961 0.0251301 0.006
      vertex -0.0347979 0.0240618 0.006
    endloop
  endfacet
  facet normal 0 0 1
    outer loop
      vertex -0.0347979 0.0240618 0.006
      vertex -0.0345961 0.0251301 0.006
      vertex -0.0349701 0.0240805 0.006
    endloop
  endfacet
  facet normal 0 0 1
    outer loop
      vertex -0.0345961 0.0251301 0.006
      vertex -0.0348799 0.0251641 0.006
      vertex -0.0349701 0.0240805 0.006
    endloop
  endfacet
  facet normal 0 0 1
    outer loop
      vertex -0.0349701 0.0240805 0.006
      vertex -0.0348799 0.0251641 0.006
      vertex -0.0351434 0.0240805 0.006
    endloop
  endfacet
  facet normal 0 0 1
    outer loop
      vertex -0.0348799 0.0251641 0.006
      vertex -0.0351657 0.0251677 0.006
      vertex -0.0351434 0.0240805 0.006
    endloop
  endfacet
  facet normal 0 0 1
    outer loop
      vertex -0.0351434 0.0240805 0.006
      vertex -0.0351657 0.0251677 0.006
      vertex -0.0353156 0.0240618 0.006
    endloop
  endfacet
  facet normal 0 0 1
    outer loop
      vertex -0.0351657 0.0251677 0.006
      vertex -0.0354502 0.0251409 0.006
      vertex -0.0353156 0.0240618 0.006
    endloop
  endfacet
  facet normal 0 0 1
    outer loop
      vertex -0.0353156 0.0240618 0.006
      vertex -0.0354502 0.0251409 0.006
      vertex -0.0354848 0.0240246 0.006
    endloop
  endfacet
  facet normal 0 0 1
    outer loop
      vertex -0.0354502 0.0251409 0.006
      vertex -0.0357303 0.0250841 0.006
      vertex -0.0354848 0.0240246 0.006
    endloop
  endfacet
  facet normal 0 0 1
    outer loop
      vertex -0.0354848 0.0240246 0.006
      vertex -0.0357303 0.0250841 0.006
      vertex -0.035649 0.0239692 0.006
    endloop
  endfacet
  facet normal 0 0 1
    outer loop
      vertex -0.0357303 0.0250841 0.006
      vertex -0.0360027 0.0249979 0.006
      vertex -0.035649 0.0239692 0.006
    endloop
  endfacet
  facet normal 0 0 1
    outer loop
      vertex -0.035649 0.0239692 0.006
      vertex -0.0360027 0.0249979 0.006
      vertex -0.0358062 0.0238965 0.006
    endloop
  endfacet
  facet normal 0 0 1
    outer loop
      vertex -0.0360027 0.0249979 0.006
      vertex -0.0362645 0.0248832 0.006
      vertex -0.0358062 0.0238965 0.006
    endloop
  endfacet
  facet normal 0 0 1
    outer loop
      vertex -0.0358062 0.0238965 0.006
      vertex -0.0362645 0.0248832 0.006
      vertex -0.0359547 0.0238072 0.006
    endloop
  endfacet
  facet normal 0 0 1
    outer loop
      vertex -0.0362645 0.0248832 0.006
      vertex -0.0365126 0.0247413 0.006
      vertex -0.0359547 0.0238072 0.006
    endloop
  endfacet
  facet normal 0 0 1
    outer loop
      vertex -0.0359547 0.0238072 0.006
      vertex -0.0365126 0.0247413 0.006
      vertex -0.0360926 0.0237023 0.006
    endloop
  endfacet
  facet normal 0 0 1
    outer loop
      vertex -0.0365126 0.0247413 0.006
      vertex -0.0367442 0.0245739 0.006
      vertex -0.0360926 0.0237023 0.006
    endloop
  endfacet
  facet normal 0 0 1
    outer loop
      vertex -0.0360926 0.0237023 0.006
      vertex -0.0367442 0.0245739 0.006
      vertex -0.0362183 0.0235832 0.006
    endloop
  endfacet
  facet normal 0 0 1
    outer loop
      vertex -0.0367442 0.0245739 0.006
      vertex -0.0369568 0.0243829 0.006
      vertex -0.0362183 0.0235832 0.006
    endloop
  endfacet
  facet normal 0 0 1
    outer loop
      vertex -0.0362183 0.0235832 0.006
      vertex -0.0369568 0.0243829 0.006
      vertex -0.0363305 0.0234512 0.006
    endloop
  endfacet
  facet normal 0 0 1
    outer loop
      vertex -0.0369568 0.0243829 0.006
      vertex -0.0371478 0.0241703 0.006
      vertex -0.0363305 0.0234512 0.006
    endloop
  endfacet
  facet normal 0 0 1
    outer loop
      vertex -0.0363305 0.0234512 0.006
      vertex -0.0371478 0.0241703 0.006
      vertex -0.0364277 0.0233078 0.006
    endloop
  endfacet
  facet normal 0 0 1
    outer loop
      vertex -0.0371478 0.0241703 0.006
      vertex -0.0373152 0.0239387 0.006
      vertex -0.0364277 0.0233078 0.006
    endloop
  endfacet
  facet normal 0 0 1
    outer loop
      vertex -0.0364277 0.0233078 0.006
      vertex -0.0373152 0.0239387 0.006
      vertex -0.0365089 0.0231547 0.006
    endloop
  endfacet
  facet normal 0 0 1
    outer loop
      vertex -0.0373152 0.0239387 0.006
      vertex -0.037457 0.0236906 0.006
      vertex -0.0365089 0.0231547 0.006
    endloop
  endfacet
  facet normal 0 0 1
    outer loop
      vertex -0.0365089 0.0231547 0.006
      vertex -0.037457 0.0236906 0.006
      vertex -0.036573 0.0229938 0.006
    endloop
  endfacet
  facet normal 0 0 1
    outer loop
      vertex -0.037457 0.0236906 0.006
      vertex -0.0375717 0.0234289 0.006
      vertex -0.036573 0.0229938 0.006
    endloop
  endfacet
  facet normal 0 0 1
    outer loop
      vertex -0.036573 0.0229938 0.006
      vertex -0.0375717 0.0234289 0.006
      vertex -0.0366193 0.0228268 0.006
    endloop
  endfacet
  facet normal 0 0 1
    outer loop
      vertex -0.0375717 0.0234289 0.006
      vertex -0.037658 0.0231564 0.006
      vertex -0.0366193 0.0228268 0.006
    endloop
  endfacet
  facet normal 0 0 1
    outer loop
      vertex -0.0366193 0.0228268 0.006
      vertex -0.037658 0.0231564 0.006
      vertex -0.0366474 0.0226559 0.006
    endloop
  endfacet
  facet normal 0 0 1
    outer loop
      vertex -0.037658 0.0231564 0.006
      vertex -0.0377148 0.0228763 0.006
      vertex -0.0366474 0.0226559 0.006
    endloop
  endfacet
  facet normal 0 0 1
    outer loop
      vertex -0.0366474 0.0226559 0.006
      vertex -0.0377148 0.0228763 0.006
      vertex -0.0366568 0.0224829 0.006
    endloop
  endfacet
  facet normal 0 0 1
    outer loop
      vertex -0.0377148 0.0228763 0.006
      vertex -0.0377416 0.0225918 0.006
      vertex -0.0366568 0.0224829 0.006
    endloop
  endfacet
  facet normal 0 0 1
    outer loop
      vertex -0.0366568 0.0224829 0.006
      vertex -0.0377416 0.0225918 0.006
      vertex -0.0366474 0.0223099 0.006
    endloop
  endfacet
  facet normal 0 0 1
    outer loop
      vertex -0.0377416 0.0225918 0.006
      vertex -0.0377379 0.022306 0.006
      vertex -0.0366474 0.0223099 0.006
    endloop
  endfacet
  facet normal 0 0 1
    outer loop
      vertex -0.0366474 0.0223099 0.006
      vertex -0.0377379 0.022306 0.006
      vertex -0.0366193 0.0221389 0.006
    endloop
  endfacet
  facet normal 0 0 1
    outer loop
      vertex -0.0377379 0.022306 0.006
      vertex -0.037704 0.0220223 0.006
      vertex -0.0366193 0.0221389 0.006
    endloop
  endfacet
  facet normal 0 0 1
    outer loop
      vertex -0.0366193 0.0221389 0.006
      vertex -0.037704 0.0220223 0.006
      vertex -0.036573 0.021972 0.006
    endloop
  endfacet
  facet normal 0 0 1
    outer loop
      vertex -0.037704 0.0220223 0.006
      vertex -0.0376401 0.0217437 0.006
      vertex -0.036573 0.021972 0.006
    endloop
  endfacet
  facet normal 0 0 1
    outer loop
      vertex -0.036573 0.021972 0.006
      vertex -0.0376401 0.0217437 0.006
      vertex -0.0365089 0.0218111 0.006
    endloop
  endfacet
  facet normal 0 0 1
    outer loop
      vertex -0.0376401 0.0217437 0.006
      vertex -0.037547 0.0214735 0.006
      vertex -0.0365089 0.0218111 0.006
    endloop
  endfacet
  facet normal 0 0 1
    outer loop
      vertex -0.0365089 0.0218111 0.006
      vertex -0.037547 0.0214735 0.006
      vertex -0.0364277 0.021658 0.006
    endloop
  endfacet
  facet normal 0 0 1
    outer loop
      vertex -0.037547 0.0214735 0.006
      vertex -0.0374257 0.0212148 0.006
      vertex -0.0364277 0.021658 0.006
    endloop
  endfacet
  facet normal 0 0 1
    outer loop
      vertex -0.0364277 0.021658 0.006
      vertex -0.0374257 0.0212148 0.006
      vertex -0.0363305 0.0215146 0.006
    endloop
  endfacet
  facet normal 0 0 1
    outer loop
      vertex -0.0374257 0.0212148 0.006
      vertex -0.0372776 0.0209703 0.006
      vertex -0.0363305 0.0215146 0.006
    endloop
  endfacet
  facet normal 0 0 1
    outer loop
      vertex -0.0363305 0.0215146 0.006
      vertex -0.0372776 0.0209703 0.006
      vertex -0.0371044 0.020743 0.006
    endloop
  endfacet
  facet normal -1 0 0
    outer loop
      vertex 0.0340432 -0.011178 0.001
      vertex 0.0340432 -0.0216171 0.001
      vertex 0.0340432 -0.0111933 0.006
    endloop
  endfacet
  facet normal -1 0 0
    outer loop
      vertex 0.0340432 -0.0216171 0.001
      vertex 0.0340432 -0.0216171 0.006
      vertex 0.0340432 -0.0111933 0.006
    endloop
  endfacet
  facet normal 0 0 1
    outer loop
      vertex 0.0345613 0.022385 0.006
      vertex 0.0343591 0.0224392 0.006
      vertex 0.0340432 0.0205829 0.006
    endloop
  endfacet
  facet normal 0 0 1
    outer loop
      vertex 0.0340432 0.00766075 0.006
      vertex 0.0359432 0.00766075 0.006
      vertex 0.0340432 0.0205829 0.006
    endloop
  endfacet
  facet normal 0 0 1
    outer loop
      vertex 0.0359432 0.00766075 0.006
      vertex 0.0359432 0.0204829 0.006
      vertex 0.0340432 0.0205829 0.006
    endloop
  endfacet
  facet normal 0 0 1
    outer loop
      vertex 0.0275485 0.0224829 0.006
      vertex 0.0275485 0.0205829 0.006
      vertex 0.0339432 0.0224829 0.006
    endloop
  endfacet
  facet normal 0 0 1
    outer loop
      vertex 0.0275485 0.0205829 0.006
      vertex 0.0340432 0.0205829 0.006
      vertex 0.0339432 0.0224829 0.006
    endloop
  endfacet
  facet normal 0 0 1
    outer loop
      vertex 0.0339432 0.0224829 0.006
      vertex 0.0340432 0.0205829 0.006
      vertex 0.0341523 0.0224719 0.006
    endloop
  endfacet
  facet normal 0 0 1
    outer loop
      vertex 0.0340432 0.0205829 0.006
      vertex 0.0343591 0.0224392 0.006
      vertex 0.0341523 0.0224719 0.006
    endloop
  endfacet
  facet normal 0 0 1
    outer loop
      vertex 0.0359432 0.0204829 0.006
      vertex 0.0359323 0.0206919 0.006
      vertex 0.0340432 0.0205829 0.006
    endloop
  endfacet
  facet normal 0 0 1
    outer loop
      vertex 0.0359323 0.0206919 0.006
      vertex 0.0358995 0.0208987 0.006
      vertex 0.0340432 0.0205829 0.006
    endloop
  endfacet
  facet normal 0 0 1
    outer loop
      vertex 0.0340432 0.0205829 0.006
      vertex 0.0358995 0.0208987 0.006
      vertex 0.0358454 0.0211009 0.006
    endloop
  endfacet
  facet normal 0 0 1
    outer loop
      vertex 0.0358454 0.0211009 0.006
      vertex 0.0357703 0.0212964 0.006
      vertex 0.0340432 0.0205829 0.006
    endloop
  endfacet
  facet normal 0 0 1
    outer loop
      vertex 0.0357703 0.0212964 0.006
      vertex 0.0356753 0.0214829 0.006
      vertex 0.0340432 0.0205829 0.006
    endloop
  endfacet
  facet normal 0 0 1
    outer loop
      vertex 0.0340432 0.0205829 0.006
      vertex 0.0356753 0.0214829 0.006
      vertex 0.0355613 0.0216585 0.006
    endloop
  endfacet
  facet normal 0 0 1
    outer loop
      vertex 0.0355613 0.0216585 0.006
      vertex 0.0354295 0.0218211 0.006
      vertex 0.0340432 0.0205829 0.006
    endloop
  endfacet
  facet normal 0 0 1
    outer loop
      vertex 0.0354295 0.0218211 0.006
      vertex 0.0352815 0.0219692 0.006
      vertex 0.0340432 0.0205829 0.006
    endloop
  endfacet
  facet normal 0 0 1
    outer loop
      vertex 0.0340432 0.0205829 0.006
      vertex 0.0352815 0.0219692 0.006
      vertex 0.0351188 0.0221009 0.006
    endloop
  endfacet
  facet normal 0 0 1
    outer loop
      vertex 0.0351188 0.0221009 0.006
      vertex 0.0349432 0.0222149 0.006
      vertex 0.0340432 0.0205829 0.006
    endloop
  endfacet
  facet normal 0 0 1
    outer loop
      vertex 0.0349432 0.0222149 0.006
      vertex 0.0347567 0.02231 0.006
      vertex 0.0340432 0.0205829 0.006
    endloop
  endfacet
  facet normal 0 0 1
    outer loop
      vertex 0.0340432 0.0205829 0.006
      vertex 0.0347567 0.02231 0.006
      vertex 0.0345613 0.022385 0.006
    endloop
  endfacet
  facet normal 0 0 1
    outer loop
      vertex 0.034427 -0.024028 0.006
      vertex 0.0343807 -0.0238611 0.006
      vertex 0.0331691 -0.0241553 0.006
    endloop
  endfacet
  facet normal 0 0 1
    outer loop
      vertex 0.0344911 -0.0228453 0.006
      vertex 0.0345723 -0.0226922 0.006
      vertex 0.0340432 -0.0216171 0.006
    endloop
  endfacet
  facet normal 0 0 1
    outer loop
      vertex 0.0345723 -0.0226922 0.006
      vertex 0.0346695 -0.0225488 0.006
      vertex 0.0340432 -0.0216171 0.006
    endloop
  endfacet
  facet normal 0 0 1
    outer loop
      vertex 0.0340432 -0.0216171 0.006
      vertex 0.0346695 -0.0225488 0.006
      vertex 0.0347817 -0.0224168 0.006
    endloop
  endfacet
  facet normal 0 0 1
    outer loop
      vertex 0.0275485 -0.0216171 0.006
      vertex 0.0275485 -0.0235171 0.006
      vertex 0.0340432 -0.0216171 0.006
    endloop
  endfacet
  facet normal 0 0 1
    outer loop
      vertex 0.0275485 -0.0235171 0.006
      vertex 0.0317044 -0.0235171 0.006
      vertex 0.0340432 -0.0216171 0.006
    endloop
  endfacet
  facet normal 0 0 1
    outer loop
      vertex 0.0340432 -0.0216171 0.006
      vertex 0.0317044 -0.0235171 0.006
      vertex 0.0319095 -0.0235277 0.006
    endloop
  endfacet
  facet normal 0 0 1
    outer loop
      vertex 0.0319095 -0.0235277 0.006
      vertex 0.0321124 -0.0235592 0.006
      vertex 0.0340432 -0.0216171 0.006
    endloop
  endfacet
  facet normal 0 0 1
    outer loop
      vertex 0.0321124 -0.0235592 0.006
      vertex 0.032311 -0.0236113 0.006
      vertex 0.0340432 -0.0216171 0.006
    endloop
  endfacet
  facet normal 0 0 1
    outer loop
      vertex 0.0340432 -0.0216171 0.006
      vertex 0.032311 -0.0236113 0.006
      vertex 0.0325032 -0.0236836 0.006
    endloop
  endfacet
  facet normal 0 0 1
    outer loop
      vertex 0.0325032 -0.0236836 0.006
      vertex 0.032687 -0.0237752 0.006
      vertex 0.0340432 -0.0216171 0.006
    endloop
  endfacet
  facet normal 0 0 1
    outer loop
      vertex 0.032687 -0.0237752 0.006
      vertex 0.0328605 -0.0238851 0.006
      vertex 0.0340432 -0.0216171 0.006
    endloop
  endfacet
  facet normal 0 0 1
    outer loop
      vertex 0.0340432 -0.0216171 0.006
      vertex 0.0328605 -0.0238851 0.006
      vertex 0.0330217 -0.0240123 0.006
    endloop
  endfacet
  facet normal 0 0 1
    outer loop
      vertex 0.0343526 -0.0233441 0.006
      vertex 0.0343807 -0.0231732 0.006
      vertex 0.0340432 -0.0216171 0.006
    endloop
  endfacet
  facet normal 0 0 1
    outer loop
      vertex 0.0343807 -0.0231732 0.006
      vertex 0.034427 -0.0230062 0.006
      vertex 0.0340432 -0.0216171 0.006
    endloop
  endfacet
  facet normal 0 0 1
    outer loop
      vertex 0.0340432 -0.0216171 0.006
      vertex 0.034427 -0.0230062 0.006
      vertex 0.0344911 -0.0228453 0.006
    endloop
  endfacet
  facet normal 0 0 1
    outer loop
      vertex 0.0347817 -0.0224168 0.006
      vertex 0.0349074 -0.0222977 0.006
      vertex 0.0340432 -0.0216171 0.006
    endloop
  endfacet
  facet normal 0 0 1
    outer loop
      vertex 0.0349074 -0.0222977 0.006
      vertex 0.0350453 -0.0221928 0.006
      vertex 0.0340432 -0.0216171 0.006
    endloop
  endfacet
  facet normal 0 0 1
    outer loop
      vertex 0.0340432 -0.0216171 0.006
      vertex 0.0350453 -0.0221928 0.006
      vertex 0.0340432 -0.0111933 0.006
    endloop
  endfacet
  facet normal 0 0 1
    outer loop
      vertex 0.0350453 -0.0221928 0.006
      vertex 0.0351938 -0.0221035 0.006
      vertex 0.0340432 -0.0111933 0.006
    endloop
  endfacet
  facet normal 0 0 1
    outer loop
      vertex 0.0340432 -0.0111933 0.006
      vertex 0.0351938 -0.0221035 0.006
      vertex 0.035351 -0.0220308 0.006
    endloop
  endfacet
  facet normal 0 0 1
    outer loop
      vertex 0.0362013 -0.0202609 0.006
      vertex 0.0361097 -0.0200771 0.006
      vertex 0.0360299 -0.0219195 0.006
    endloop
  endfacet
  facet normal 0 0 1
    outer loop
      vertex 0.0331691 -0.0241553 0.006
      vertex 0.0343807 -0.0238611 0.006
      vertex 0.0330217 -0.0240123 0.006
    endloop
  endfacet
  facet normal 0 0 1
    outer loop
      vertex 0.0343807 -0.0238611 0.006
      vertex 0.0343526 -0.0236901 0.006
      vertex 0.0330217 -0.0240123 0.006
    endloop
  endfacet
  facet normal 0 0 1
    outer loop
      vertex 0.0330217 -0.0240123 0.006
      vertex 0.0343526 -0.0236901 0.006
      vertex 0.0340432 -0.0216171 0.006
    endloop
  endfacet
  facet normal 0 0 1
    outer loop
      vertex 0.0343526 -0.0236901 0.006
      vertex 0.0343432 -0.0235171 0.006
      vertex 0.0340432 -0.0216171 0.006
    endloop
  endfacet
  facet normal 0 0 1
    outer loop
      vertex 0.0340432 -0.0216171 0.006
      vertex 0.0343432 -0.0235171 0.006
      vertex 0.0343526 -0.0233441 0.006
    endloop
  endfacet
  facet normal 0 0 1
    outer loop
      vertex 0.037217 -0.0225488 0.006
      vertex 0.0379909 -0.0217773 0.006
      vertex 0.0371048 -0.0224168 0.006
    endloop
  endfacet
  facet normal 0 0 1
    outer loop
      vertex 0.0379909 -0.0217773 0.006
      vertex 0.0377945 -0.0215696 0.006
      vertex 0.0371048 -0.0224168 0.006
    endloop
  endfacet
  facet normal 0 0 1
    outer loop
      vertex 0.0371048 -0.0224168 0.006
      vertex 0.0377945 -0.0215696 0.006
      vertex 0.0369791 -0.0222977 0.006
    endloop
  endfacet
  facet normal 0 0 1
    outer loop
      vertex 0.0377945 -0.0215696 0.006
      vertex 0.0375772 -0.021384 0.006
      vertex 0.0369791 -0.0222977 0.006
    endloop
  endfacet
  facet normal 0 0 1
    outer loop
      vertex 0.0369791 -0.0222977 0.006
      vertex 0.0375772 -0.021384 0.006
      vertex 0.0368411 -0.0221928 0.006
    endloop
  endfacet
  facet normal 0 0 1
    outer loop
      vertex 0.0375772 -0.021384 0.006
      vertex 0.0373414 -0.0212225 0.006
      vertex 0.0368411 -0.0221928 0.006
    endloop
  endfacet
  facet normal 0 0 1
    outer loop
      vertex 0.0368411 -0.0221928 0.006
      vertex 0.0373414 -0.0212225 0.006
      vertex 0.0366927 -0.0221035 0.006
    endloop
  endfacet
  facet normal 0 0 1
    outer loop
      vertex 0.0373414 -0.0212225 0.006
      vertex 0.0370898 -0.021087 0.006
      vertex 0.0366927 -0.0221035 0.006
    endloop
  endfacet
  facet normal 0 0 1
    outer loop
      vertex 0.0366927 -0.0221035 0.006
      vertex 0.0370898 -0.021087 0.006
      vertex 0.0365355 -0.0220308 0.006
    endloop
  endfacet
  facet normal 0 0 1
    outer loop
      vertex 0.0370898 -0.021087 0.006
      vertex 0.0369088 -0.02099 0.006
      vertex 0.0365355 -0.0220308 0.006
    endloop
  endfacet
  facet normal 0 0 1
    outer loop
      vertex 0.0365355 -0.0220308 0.006
      vertex 0.0369088 -0.02099 0.006
      vertex 0.0363713 -0.0219754 0.006
    endloop
  endfacet
  facet normal 0 0 1
    outer loop
      vertex 0.0369088 -0.02099 0.006
      vertex 0.0367388 -0.0208749 0.006
      vertex 0.0363713 -0.0219754 0.006
    endloop
  endfacet
  facet normal 0 0 1
    outer loop
      vertex 0.0363713 -0.0219754 0.006
      vertex 0.0367388 -0.0208749 0.006
      vertex 0.0362021 -0.0219382 0.006
    endloop
  endfacet
  facet normal 0 0 1
    outer loop
      vertex 0.0358566 -0.0219195 0.006
      vertex 0.0359853 -0.0196863 0.006
      vertex 0.0359538 -0.0194833 0.006
    endloop
  endfacet
  facet normal 0 0 1
    outer loop
      vertex 0.0331691 -0.0241553 0.006
      vertex 0.033301 -0.0243127 0.006
      vertex 0.034427 -0.024028 0.006
    endloop
  endfacet
  facet normal 0 0 1
    outer loop
      vertex 0.033301 -0.0243127 0.006
      vertex 0.0334161 -0.0244827 0.006
      vertex 0.034427 -0.024028 0.006
    endloop
  endfacet
  facet normal 0 0 1
    outer loop
      vertex 0.034427 -0.024028 0.006
      vertex 0.0334161 -0.0244827 0.006
      vertex 0.0344911 -0.0241889 0.006
    endloop
  endfacet
  facet normal 0 0 1
    outer loop
      vertex 0.0334161 -0.0244827 0.006
      vertex 0.0335132 -0.0246637 0.006
      vertex 0.0344911 -0.0241889 0.006
    endloop
  endfacet
  facet normal 0 0 1
    outer loop
      vertex 0.0344911 -0.0241889 0.006
      vertex 0.0335132 -0.0246637 0.006
      vertex 0.0345723 -0.024342 0.006
    endloop
  endfacet
  facet normal 0 0 1
    outer loop
      vertex 0.0335132 -0.0246637 0.006
      vertex 0.0336487 -0.0249153 0.006
      vertex 0.0345723 -0.024342 0.006
    endloop
  endfacet
  facet normal 0 0 1
    outer loop
      vertex 0.0345723 -0.024342 0.006
      vertex 0.0336487 -0.0249153 0.006
      vertex 0.0346695 -0.0244854 0.006
    endloop
  endfacet
  facet normal 0 0 1
    outer loop
      vertex 0.0336487 -0.0249153 0.006
      vertex 0.0338101 -0.0251511 0.006
      vertex 0.0346695 -0.0244854 0.006
    endloop
  endfacet
  facet normal 0 0 1
    outer loop
      vertex 0.0346695 -0.0244854 0.006
      vertex 0.0338101 -0.0251511 0.006
      vertex 0.0347817 -0.0246174 0.006
    endloop
  endfacet
  facet normal 0 0 1
    outer loop
      vertex 0.0338101 -0.0251511 0.006
      vertex 0.0339958 -0.0253684 0.006
      vertex 0.0347817 -0.0246174 0.006
    endloop
  endfacet
  facet normal 0 0 1
    outer loop
      vertex 0.0347817 -0.0246174 0.006
      vertex 0.0339958 -0.0253684 0.006
      vertex 0.0349074 -0.0247366 0.006
    endloop
  endfacet
  facet normal 0 0 1
    outer loop
      vertex 0.0339958 -0.0253684 0.006
      vertex 0.0342034 -0.0255648 0.006
      vertex 0.0349074 -0.0247366 0.006
    endloop
  endfacet
  facet normal 0 0 1
    outer loop
      vertex 0.0349074 -0.0247366 0.006
      vertex 0.0342034 -0.0255648 0.006
      vertex 0.0350453 -0.0248414 0.006
    endloop
  endfacet
  facet normal 0 0 1
    outer loop
      vertex 0.0342034 -0.0255648 0.006
      vertex 0.0344307 -0.025738 0.006
      vertex 0.0350453 -0.0248414 0.006
    endloop
  endfacet
  facet normal 0 0 1
    outer loop
      vertex 0.0350453 -0.0248414 0.006
      vertex 0.0344307 -0.025738 0.006
      vertex 0.0351938 -0.0249307 0.006
    endloop
  endfacet
  facet normal 0 0 1
    outer loop
      vertex 0.0344307 -0.025738 0.006
      vertex 0.0346751 -0.0258861 0.006
      vertex 0.0351938 -0.0249307 0.006
    endloop
  endfacet
  facet normal 0 0 1
    outer loop
      vertex 0.0351938 -0.0249307 0.006
      vertex 0.0346751 -0.0258861 0.006
      vertex 0.035351 -0.0250035 0.006
    endloop
  endfacet
  facet normal 0 0 1
    outer loop
      vertex 0.0346751 -0.0258861 0.006
      vertex 0.0349339 -0.0260073 0.006
      vertex 0.035351 -0.0250035 0.006
    endloop
  endfacet
  facet normal 0 0 1
    outer loop
      vertex 0.035351 -0.0250035 0.006
      vertex 0.0349339 -0.0260073 0.006
      vertex 0.0355152 -0.0250588 0.006
    endloop
  endfacet
  facet normal 0 0 1
    outer loop
      vertex 0.0349339 -0.0260073 0.006
      vertex 0.0352041 -0.0261005 0.006
      vertex 0.0355152 -0.0250588 0.006
    endloop
  endfacet
  facet normal 0 0 1
    outer loop
      vertex 0.0355152 -0.0250588 0.006
      vertex 0.0352041 -0.0261005 0.006
      vertex 0.0356844 -0.025096 0.006
    endloop
  endfacet
  facet normal 0 0 1
    outer loop
      vertex 0.0352041 -0.0261005 0.006
      vertex 0.0354826 -0.0261644 0.006
      vertex 0.0356844 -0.025096 0.006
    endloop
  endfacet
  facet normal 0 0 1
    outer loop
      vertex 0.0356844 -0.025096 0.006
      vertex 0.0354826 -0.0261644 0.006
      vertex 0.0358566 -0.0251148 0.006
    endloop
  endfacet
  facet normal 0 0 1
    outer loop
      vertex 0.0354826 -0.0261644 0.006
      vertex 0.0357664 -0.0261983 0.006
      vertex 0.0358566 -0.0251148 0.006
    endloop
  endfacet
  facet normal 0 0 1
    outer loop
      vertex 0.0358566 -0.0251148 0.006
      vertex 0.0357664 -0.0261983 0.006
      vertex 0.0360299 -0.0251148 0.006
    endloop
  endfacet
  facet normal 0 0 1
    outer loop
      vertex 0.0357664 -0.0261983 0.006
      vertex 0.0360522 -0.0262019 0.006
      vertex 0.0360299 -0.0251148 0.006
    endloop
  endfacet
  facet normal 0 0 1
    outer loop
      vertex 0.0360299 -0.0251148 0.006
      vertex 0.0360522 -0.0262019 0.006
      vertex 0.0362021 -0.025096 0.006
    endloop
  endfacet
  facet normal 0 0 1
    outer loop
      vertex 0.0360522 -0.0262019 0.006
      vertex 0.0363367 -0.0261752 0.006
      vertex 0.0362021 -0.025096 0.006
    endloop
  endfacet
  facet normal 0 0 1
    outer loop
      vertex 0.0362021 -0.025096 0.006
      vertex 0.0363367 -0.0261752 0.006
      vertex 0.0363713 -0.0250588 0.006
    endloop
  endfacet
  facet normal 0 0 1
    outer loop
      vertex 0.0363367 -0.0261752 0.006
      vertex 0.0366168 -0.0261183 0.006
      vertex 0.0363713 -0.0250588 0.006
    endloop
  endfacet
  facet normal 0 0 1
    outer loop
      vertex 0.0363713 -0.0250588 0.006
      vertex 0.0366168 -0.0261183 0.006
      vertex 0.0365355 -0.0250035 0.006
    endloop
  endfacet
  facet normal 0 0 1
    outer loop
      vertex 0.0366168 -0.0261183 0.006
      vertex 0.0368892 -0.0260321 0.006
      vertex 0.0365355 -0.0250035 0.006
    endloop
  endfacet
  facet normal 0 0 1
    outer loop
      vertex 0.0365355 -0.0250035 0.006
      vertex 0.0368892 -0.0260321 0.006
      vertex 0.0366927 -0.0249307 0.006
    endloop
  endfacet
  facet normal 0 0 1
    outer loop
      vertex 0.0368892 -0.0260321 0.006
      vertex 0.037151 -0.0259174 0.006
      vertex 0.0366927 -0.0249307 0.006
    endloop
  endfacet
  facet normal 0 0 1
    outer loop
      vertex 0.0366927 -0.0249307 0.006
      vertex 0.037151 -0.0259174 0.006
      vertex 0.0368411 -0.0248414 0.006
    endloop
  endfacet
  facet normal 0 0 1
    outer loop
      vertex 0.037151 -0.0259174 0.006
      vertex 0.0373991 -0.0257756 0.006
      vertex 0.0368411 -0.0248414 0.006
    endloop
  endfacet
  facet normal 0 0 1
    outer loop
      vertex 0.0368411 -0.0248414 0.006
      vertex 0.0373991 -0.0257756 0.006
      vertex 0.0369791 -0.0247366 0.006
    endloop
  endfacet
  facet normal 0 0 1
    outer loop
      vertex 0.0373991 -0.0257756 0.006
      vertex 0.0376307 -0.0256082 0.006
      vertex 0.0369791 -0.0247366 0.006
    endloop
  endfacet
  facet normal 0 0 1
    outer loop
      vertex 0.0369791 -0.0247366 0.006
      vertex 0.0376307 -0.0256082 0.006
      vertex 0.0371048 -0.0246174 0.006
    endloop
  endfacet
  facet normal 0 0 1
    outer loop
      vertex 0.0376307 -0.0256082 0.006
      vertex 0.0378432 -0.0254171 0.006
      vertex 0.0371048 -0.0246174 0.006
    endloop
  endfacet
  facet normal 0 0 1
    outer loop
      vertex 0.0371048 -0.0246174 0.006
      vertex 0.0378432 -0.0254171 0.006
      vertex 0.037217 -0.0244854 0.006
    endloop
  endfacet
  facet normal 0 0 1
    outer loop
      vertex 0.0378432 -0.0254171 0.006
      vertex 0.0380343 -0.0252046 0.006
      vertex 0.037217 -0.0244854 0.006
    endloop
  endfacet
  facet normal 0 0 1
    outer loop
      vertex 0.037217 -0.0244854 0.006
      vertex 0.0380343 -0.0252046 0.006
      vertex 0.0373142 -0.024342 0.006
    endloop
  endfacet
  facet normal 0 0 1
    outer loop
      vertex 0.0380343 -0.0252046 0.006
      vertex 0.0382017 -0.024973 0.006
      vertex 0.0373142 -0.024342 0.006
    endloop
  endfacet
  facet normal 0 0 1
    outer loop
      vertex 0.0373142 -0.024342 0.006
      vertex 0.0382017 -0.024973 0.006
      vertex 0.0373954 -0.0241889 0.006
    endloop
  endfacet
  facet normal 0 0 1
    outer loop
      vertex 0.0382017 -0.024973 0.006
      vertex 0.0383435 -0.0247249 0.006
      vertex 0.0373954 -0.0241889 0.006
    endloop
  endfacet
  facet normal 0 0 1
    outer loop
      vertex 0.0373954 -0.0241889 0.006
      vertex 0.0383435 -0.0247249 0.006
      vertex 0.0374595 -0.024028 0.006
    endloop
  endfacet
  facet normal 0 0 1
    outer loop
      vertex 0.0383435 -0.0247249 0.006
      vertex 0.0384582 -0.0244631 0.006
      vertex 0.0374595 -0.024028 0.006
    endloop
  endfacet
  facet normal 0 0 1
    outer loop
      vertex 0.0374595 -0.024028 0.006
      vertex 0.0384582 -0.0244631 0.006
      vertex 0.0375058 -0.0238611 0.006
    endloop
  endfacet
  facet normal 0 0 1
    outer loop
      vertex 0.0384582 -0.0244631 0.006
      vertex 0.0385445 -0.0241906 0.006
      vertex 0.0375058 -0.0238611 0.006
    endloop
  endfacet
  facet normal 0 0 1
    outer loop
      vertex 0.0375058 -0.0238611 0.006
      vertex 0.0385445 -0.0241906 0.006
      vertex 0.0375339 -0.0236901 0.006
    endloop
  endfacet
  facet normal 0 0 1
    outer loop
      vertex 0.0385445 -0.0241906 0.006
      vertex 0.0386013 -0.0239106 0.006
      vertex 0.0375339 -0.0236901 0.006
    endloop
  endfacet
  facet normal 0 0 1
    outer loop
      vertex 0.0375339 -0.0236901 0.006
      vertex 0.0386013 -0.0239106 0.006
      vertex 0.0375432 -0.0235171 0.006
    endloop
  endfacet
  facet normal 0 0 1
    outer loop
      vertex 0.0386013 -0.0239106 0.006
      vertex 0.038628 -0.023626 0.006
      vertex 0.0375432 -0.0235171 0.006
    endloop
  endfacet
  facet normal 0 0 1
    outer loop
      vertex 0.0375432 -0.0235171 0.006
      vertex 0.038628 -0.023626 0.006
      vertex 0.0375339 -0.0233441 0.006
    endloop
  endfacet
  facet normal 0 0 1
    outer loop
      vertex 0.038628 -0.023626 0.006
      vertex 0.0386244 -0.0233403 0.006
      vertex 0.0375339 -0.0233441 0.006
    endloop
  endfacet
  facet normal 0 0 1
    outer loop
      vertex 0.0375339 -0.0233441 0.006
      vertex 0.0386244 -0.0233403 0.006
      vertex 0.0375058 -0.0231732 0.006
    endloop
  endfacet
  facet normal 0 0 1
    outer loop
      vertex 0.0386244 -0.0233403 0.006
      vertex 0.0385905 -0.0230565 0.006
      vertex 0.0375058 -0.0231732 0.006
    endloop
  endfacet
  facet normal 0 0 1
    outer loop
      vertex 0.0375058 -0.0231732 0.006
      vertex 0.0385905 -0.0230565 0.006
      vertex 0.0374595 -0.0230062 0.006
    endloop
  endfacet
  facet normal 0 0 1
    outer loop
      vertex 0.0385905 -0.0230565 0.006
      vertex 0.0385266 -0.022778 0.006
      vertex 0.0374595 -0.0230062 0.006
    endloop
  endfacet
  facet normal 0 0 1
    outer loop
      vertex 0.0374595 -0.0230062 0.006
      vertex 0.0385266 -0.022778 0.006
      vertex 0.0373954 -0.0228453 0.006
    endloop
  endfacet
  facet normal 0 0 1
    outer loop
      vertex 0.0385266 -0.022778 0.006
      vertex 0.0384335 -0.0225078 0.006
      vertex 0.0373954 -0.0228453 0.006
    endloop
  endfacet
  facet normal 0 0 1
    outer loop
      vertex 0.0373954 -0.0228453 0.006
      vertex 0.0384335 -0.0225078 0.006
      vertex 0.0373142 -0.0226922 0.006
    endloop
  endfacet
  facet normal 0 0 1
    outer loop
      vertex 0.0384335 -0.0225078 0.006
      vertex 0.0383122 -0.022249 0.006
      vertex 0.0373142 -0.0226922 0.006
    endloop
  endfacet
  facet normal 0 0 1
    outer loop
      vertex 0.0373142 -0.0226922 0.006
      vertex 0.0383122 -0.022249 0.006
      vertex 0.037217 -0.0225488 0.006
    endloop
  endfacet
  facet normal 0 0 1
    outer loop
      vertex 0.0383122 -0.022249 0.006
      vertex 0.0381641 -0.0220046 0.006
      vertex 0.037217 -0.0225488 0.006
    endloop
  endfacet
  facet normal 0 0 1
    outer loop
      vertex 0.037217 -0.0225488 0.006
      vertex 0.0381641 -0.0220046 0.006
      vertex 0.0379909 -0.0217773 0.006
    endloop
  endfacet
  facet normal 0 0 1
    outer loop
      vertex 0.0360299 -0.0219195 0.006
      vertex 0.0361097 -0.0200771 0.006
      vertex 0.0358566 -0.0219195 0.006
    endloop
  endfacet
  facet normal 0 0 1
    outer loop
      vertex 0.0361097 -0.0200771 0.006
      vertex 0.0360375 -0.0198849 0.006
      vertex 0.0358566 -0.0219195 0.006
    endloop
  endfacet
  facet normal 0 0 1
    outer loop
      vertex 0.0358566 -0.0219195 0.006
      vertex 0.0360375 -0.0198849 0.006
      vertex 0.0359853 -0.0196863 0.006
    endloop
  endfacet
  facet normal 0 0 1
    outer loop
      vertex 0.035351 -0.0220308 0.006
      vertex 0.0355152 -0.0219754 0.006
      vertex 0.0340432 -0.0111933 0.006
    endloop
  endfacet
  facet normal 0 0 1
    outer loop
      vertex 0.0355152 -0.0219754 0.006
      vertex 0.0356844 -0.0219382 0.006
      vertex 0.0340432 -0.0111933 0.006
    endloop
  endfacet
  facet normal 0 0 1
    outer loop
      vertex 0.0340432 -0.0111933 0.006
      vertex 0.0356844 -0.0219382 0.006
      vertex 0.0359432 -0.0111933 0.006
    endloop
  endfacet
  facet normal 0 0 1
    outer loop
      vertex 0.0356844 -0.0219382 0.006
      vertex 0.0358566 -0.0219195 0.006
      vertex 0.0359432 -0.0111933 0.006
    endloop
  endfacet
  facet normal 0 0 1
    outer loop
      vertex 0.0359432 -0.0111933 0.006
      vertex 0.0358566 -0.0219195 0.006
      vertex 0.0359432 -0.0192782 0.006
    endloop
  endfacet
  facet normal 0 0 1
    outer loop
      vertex 0.0358566 -0.0219195 0.006
      vertex 0.0359538 -0.0194833 0.006
      vertex 0.0359432 -0.0192782 0.006
    endloop
  endfacet
  facet normal 0 0 1
    outer loop
      vertex 0.0367388 -0.0208749 0.006
      vertex 0.0365814 -0.020743 0.006
      vertex 0.0362021 -0.0219382 0.006
    endloop
  endfacet
  facet normal 0 0 1
    outer loop
      vertex 0.0365814 -0.020743 0.006
      vertex 0.0364384 -0.0205956 0.006
      vertex 0.0362021 -0.0219382 0.006
    endloop
  endfacet
  facet normal 0 0 1
    outer loop
      vertex 0.0362021 -0.0219382 0.006
      vertex 0.0364384 -0.0205956 0.006
      vertex 0.0360299 -0.0219195 0.006
    endloop
  endfacet
  facet normal 0 0 1
    outer loop
      vertex 0.0364384 -0.0205956 0.006
      vertex 0.0363112 -0.0204343 0.006
      vertex 0.0360299 -0.0219195 0.006
    endloop
  endfacet
  facet normal 0 0 1
    outer loop
      vertex 0.0360299 -0.0219195 0.006
      vertex 0.0363112 -0.0204343 0.006
      vertex 0.0362013 -0.0202609 0.006
    endloop
  endfacet
  facet normal 1 0 0
    outer loop
      vertex -0.0331568 -0.0216171 0.006
      vertex -0.0331568 -0.0216171 0.001
      vertex -0.0331568 -0.0138448 0.006
    endloop
  endfacet
  facet normal 1 0 0
    outer loop
      vertex -0.0331568 -0.0216171 0.001
      vertex -0.0331568 -0.011178 0.001
      vertex -0.0331568 -0.0138448 0.006
    endloop
  endfacet
  facet normal 1 0 0
    outer loop
      vertex -0.0331568 -0.0138448 0.006
      vertex -0.0331568 -0.011178 0.001
      vertex -0.0331568 -0.0111933 0.006
    endloop
  endfacet
  facet normal 1 0 0
    outer loop
      vertex -0.00654834 -0.0115171 0.01884
      vertex -0.00654834 -0.0115171 0.02384
      vertex -0.00654834 -0.0215171 0.01884
    endloop
  endfacet
  facet normal 1 0 0
    outer loop
      vertex -0.00654834 -0.0115171 0.02384
      vertex -0.00654834 -0.0215171 0.02384
      vertex -0.00654834 -0.0215171 0.01884
    endloop
  endfacet
  facet normal 1 0 0
    outer loop
      vertex -0.00654834 -0.0234192 0.022458
      vertex -0.00654834 -0.0234734 0.0222558
      vertex -0.00654834 -0.0215171 0.01884
    endloop
  endfacet
  facet normal 1 0 0
    outer loop
      vertex -0.00654834 -0.0235171 0.0179551
      vertex -0.00654834 -0.0215171 0.0179551
      vertex -0.00654834 -0.0235171 0.02184
    endloop
  endfacet
  facet normal 1 0 0
    outer loop
      vertex -0.00654834 -0.0215171 0.0179551
      vertex -0.00654834 -0.0215171 0.01884
      vertex -0.00654834 -0.0235171 0.02184
    endloop
  endfacet
  facet normal 1 0 0
    outer loop
      vertex -0.00654834 -0.0235171 0.02184
      vertex -0.00654834 -0.0215171 0.01884
      vertex -0.00654834 -0.0235062 0.0220491
    endloop
  endfacet
  facet normal 1 0 0
    outer loop
      vertex -0.00654834 -0.0215171 0.01884
      vertex -0.00654834 -0.0234734 0.0222558
      vertex -0.00654834 -0.0235062 0.0220491
    endloop
  endfacet
  facet normal 1 0 0
    outer loop
      vertex -0.00654834 -0.0215171 0.02384
      vertex -0.00654834 -0.0217262 0.023829
      vertex -0.00654834 -0.0215171 0.01884
    endloop
  endfacet
  facet normal 1 0 0
    outer loop
      vertex -0.00654834 -0.0217262 0.023829
      vertex -0.00654834 -0.0219329 0.0237963
      vertex -0.00654834 -0.0215171 0.01884
    endloop
  endfacet
  facet normal 1 0 0
    outer loop
      vertex -0.00654834 -0.0215171 0.01884
      vertex -0.00654834 -0.0219329 0.0237963
      vertex -0.00654834 -0.0221352 0.0237421
    endloop
  endfacet
  facet normal 1 0 0
    outer loop
      vertex -0.00654834 -0.0221352 0.0237421
      vertex -0.00654834 -0.0223306 0.0236671
      vertex -0.00654834 -0.0215171 0.01884
    endloop
  endfacet
  facet normal 1 0 0
    outer loop
      vertex -0.00654834 -0.0223306 0.0236671
      vertex -0.00654834 -0.0225171 0.0235721
      vertex -0.00654834 -0.0215171 0.01884
    endloop
  endfacet
  facet normal 1 0 0
    outer loop
      vertex -0.00654834 -0.0215171 0.01884
      vertex -0.00654834 -0.0225171 0.0235721
      vertex -0.00654834 -0.0226927 0.023458
    endloop
  endfacet
  facet normal 1 0 0
    outer loop
      vertex -0.00654834 -0.0231352 0.0230156
      vertex -0.00654834 -0.0232492 0.02284
      vertex -0.00654834 -0.0215171 0.01884
    endloop
  endfacet
  facet normal 1 0 0
    outer loop
      vertex -0.00654834 -0.0232492 0.02284
      vertex -0.00654834 -0.0233442 0.0226535
      vertex -0.00654834 -0.0215171 0.01884
    endloop
  endfacet
  facet normal 1 0 0
    outer loop
      vertex -0.00654834 -0.0215171 0.01884
      vertex -0.00654834 -0.0233442 0.0226535
      vertex -0.00654834 -0.0234192 0.022458
    endloop
  endfacet
  facet normal 1 0 0
    outer loop
      vertex -0.00654834 -0.0226927 0.023458
      vertex -0.00654834 -0.0228554 0.0233263
      vertex -0.00654834 -0.0215171 0.01884
    endloop
  endfacet
  facet normal 1 0 0
    outer loop
      vertex -0.00654834 -0.0228554 0.0233263
      vertex -0.00654834 -0.0230034 0.0231783
      vertex -0.00654834 -0.0215171 0.01884
    endloop
  endfacet
  facet normal 1 0 0
    outer loop
      vertex -0.00654834 -0.0215171 0.01884
      vertex -0.00654834 -0.0230034 0.0231783
      vertex -0.00654834 -0.0231352 0.0230156
    endloop
  endfacet
  facet normal 0.880416 0.474201 0
    outer loop
      vertex -0.0326267 0.0236295 0.006
      vertex -0.0326267 0.0236295 0
      vertex -0.0327622 0.0238811 0
    endloop
  endfacet
  facet normal 0.880416 0.474201 0
    outer loop
      vertex -0.0326267 0.0236295 0.006
      vertex -0.0327622 0.0238811 0
      vertex -0.0327622 0.0238811 0.006
    endloop
  endfacet
  facet normal 0.825071 0.565029 0
    outer loop
      vertex -0.0327622 0.0238811 0
      vertex -0.0329237 0.0241169 0
      vertex -0.0327622 0.0238811 0.006
    endloop
  endfacet
  facet normal 0.825071 0.565029 0
    outer loop
      vertex -0.0327622 0.0238811 0.006
      vertex -0.0329237 0.0241169 0
      vertex -0.0329237 0.0241169 0.006
    endloop
  endfacet
  facet normal 0.760396 0.649459 0
    outer loop
      vertex -0.0329237 0.0241169 0
      vertex -0.0331093 0.0243342 0
      vertex -0.0329237 0.0241169 0.006
    endloop
  endfacet
  facet normal 0.760396 0.649459 0
    outer loop
      vertex -0.0329237 0.0241169 0.006
      vertex -0.0331093 0.0243342 0
      vertex -0.0331093 0.0243342 0.006
    endloop
  endfacet
  facet normal 0.687116 0.726548 0
    outer loop
      vertex -0.0331093 0.0243342 0
      vertex -0.0333169 0.0245305 0
      vertex -0.0331093 0.0243342 0.006
    endloop
  endfacet
  facet normal 0.687116 0.726548 0
    outer loop
      vertex -0.0331093 0.0243342 0.006
      vertex -0.0333169 0.0245305 0
      vertex -0.0333169 0.0245305 0.006
    endloop
  endfacet
  facet normal 0.606071 0.795411 0
    outer loop
      vertex -0.0333169 0.0245305 0
      vertex -0.0335442 0.0247037 0
      vertex -0.0333169 0.0245305 0.006
    endloop
  endfacet
  facet normal 0.606071 0.795411 0
    outer loop
      vertex -0.0333169 0.0245305 0.006
      vertex -0.0335442 0.0247037 0
      vertex -0.0335442 0.0247037 0.006
    endloop
  endfacet
  facet normal 0.518159 0.855284 0
    outer loop
      vertex -0.0335442 0.0247037 0
      vertex -0.0337886 0.0248518 0
      vertex -0.0335442 0.0247037 0.006
    endloop
  endfacet
  facet normal 0.518159 0.855284 0
    outer loop
      vertex -0.0335442 0.0247037 0.006
      vertex -0.0337886 0.0248518 0
      vertex -0.0337886 0.0248518 0.006
    endloop
  endfacet
  facet normal 0.424393 0.905478 0
    outer loop
      vertex -0.0337886 0.0248518 0
      vertex -0.0340474 0.0249731 0
      vertex -0.0337886 0.0248518 0.006
    endloop
  endfacet
  facet normal 0.424393 0.905478 0
    outer loop
      vertex -0.0337886 0.0248518 0.006
      vertex -0.0340474 0.0249731 0
      vertex -0.0340474 0.0249731 0.006
    endloop
  endfacet
  facet normal 0.325826 0.94543 0
    outer loop
      vertex -0.0340474 0.0249731 0
      vertex -0.0343176 0.0250662 0
      vertex -0.0340474 0.0249731 0.006
    endloop
  endfacet
  facet normal 0.325826 0.94543 0
    outer loop
      vertex -0.0340474 0.0249731 0.006
      vertex -0.0343176 0.0250662 0
      vertex -0.0343176 0.0250662 0.006
    endloop
  endfacet
  facet normal 0.223568 0.974688 0
    outer loop
      vertex -0.0343176 0.0250662 0
      vertex -0.0345961 0.0251301 0
      vertex -0.0343176 0.0250662 0.006
    endloop
  endfacet
  facet normal 0.223568 0.974688 0
    outer loop
      vertex -0.0343176 0.0250662 0.006
      vertex -0.0345961 0.0251301 0
      vertex -0.0345961 0.0251301 0.006
    endloop
  endfacet
  facet normal 0.118792 0.992919 0
    outer loop
      vertex -0.0345961 0.0251301 0
      vertex -0.0348799 0.0251641 0
      vertex -0.0345961 0.0251301 0.006
    endloop
  endfacet
  facet normal 0.118792 0.992919 0
    outer loop
      vertex -0.0345961 0.0251301 0.006
      vertex -0.0348799 0.0251641 0
      vertex -0.0348799 0.0251641 0.006
    endloop
  endfacet
  facet normal 0.0126574 0.99992 0
    outer loop
      vertex -0.0348799 0.0251641 0
      vertex -0.0351657 0.0251677 0
      vertex -0.0348799 0.0251641 0.006
    endloop
  endfacet
  facet normal 0.0126574 0.99992 0
    outer loop
      vertex -0.0348799 0.0251641 0.006
      vertex -0.0351657 0.0251677 0
      vertex -0.0351657 0.0251677 0.006
    endloop
  endfacet
  facet normal -0.0936064 0.995609 0
    outer loop
      vertex -0.0351657 0.0251677 0
      vertex -0.0354502 0.0251409 0
      vertex -0.0351657 0.0251677 0.006
    endloop
  endfacet
  facet normal -0.0936064 0.995609 0
    outer loop
      vertex -0.0351657 0.0251677 0.006
      vertex -0.0354502 0.0251409 0
      vertex -0.0354502 0.0251409 0.006
    endloop
  endfacet
  facet normal -0.198821 0.980036 0
    outer loop
      vertex -0.0354502 0.0251409 0
      vertex -0.0357303 0.0250841 0
      vertex -0.0354502 0.0251409 0.006
    endloop
  endfacet
  facet normal -0.198821 0.980036 0
    outer loop
      vertex -0.0354502 0.0251409 0.006
      vertex -0.0357303 0.0250841 0
      vertex -0.0357303 0.0250841 0.006
    endloop
  endfacet
  facet normal -0.301787 0.953375 0
    outer loop
      vertex -0.0357303 0.0250841 0
      vertex -0.0360027 0.0249979 0
      vertex -0.0357303 0.0250841 0.006
    endloop
  endfacet
  facet normal -0.301787 0.953375 0
    outer loop
      vertex -0.0357303 0.0250841 0.006
      vertex -0.0360027 0.0249979 0
      vertex -0.0360027 0.0249979 0.006
    endloop
  endfacet
  facet normal -0.401334 0.915932 0
    outer loop
      vertex -0.0360027 0.0249979 0
      vertex -0.0362645 0.0248832 0
      vertex -0.0360027 0.0249979 0.006
    endloop
  endfacet
  facet normal -0.401334 0.915932 0
    outer loop
      vertex -0.0360027 0.0249979 0.006
      vertex -0.0362645 0.0248832 0
      vertex -0.0362645 0.0248832 0.006
    endloop
  endfacet
  facet normal -0.49634 0.868128 0
    outer loop
      vertex -0.0362645 0.0248832 0
      vertex -0.0365126 0.0247413 0
      vertex -0.0362645 0.0248832 0.006
    endloop
  endfacet
  facet normal -0.49634 0.868128 0
    outer loop
      vertex -0.0362645 0.0248832 0.006
      vertex -0.0365126 0.0247413 0
      vertex -0.0365126 0.0247413 0.006
    endloop
  endfacet
  facet normal -0.585734 0.810504 0
    outer loop
      vertex -0.0365126 0.0247413 0
      vertex -0.0367442 0.0245739 0
      vertex -0.0365126 0.0247413 0.006
    endloop
  endfacet
  facet normal -0.585734 0.810504 0
    outer loop
      vertex -0.0365126 0.0247413 0.006
      vertex -0.0367442 0.0245739 0
      vertex -0.0367442 0.0245739 0.006
    endloop
  endfacet
  facet normal -0.668506 0.743707 0
    outer loop
      vertex -0.0367442 0.0245739 0
      vertex -0.0369568 0.0243829 0
      vertex -0.0367442 0.0245739 0.006
    endloop
  endfacet
  facet normal -0.668506 0.743707 0
    outer loop
      vertex -0.0367442 0.0245739 0.006
      vertex -0.0369568 0.0243829 0
      vertex -0.0369568 0.0243829 0.006
    endloop
  endfacet
  facet normal -0.74371 0.668503 0
    outer loop
      vertex -0.0369568 0.0243829 0
      vertex -0.0371478 0.0241703 0
      vertex -0.0369568 0.0243829 0.006
    endloop
  endfacet
  facet normal -0.74371 0.668503 0
    outer loop
      vertex -0.0369568 0.0243829 0.006
      vertex -0.0371478 0.0241703 0
      vertex -0.0371478 0.0241703 0.006
    endloop
  endfacet
  facet normal -0.810504 0.585734 0
    outer loop
      vertex -0.0371478 0.0241703 0
      vertex -0.0373152 0.0239387 0
      vertex -0.0371478 0.0241703 0.006
    endloop
  endfacet
  facet normal -0.810504 0.585734 0
    outer loop
      vertex -0.0371478 0.0241703 0.006
      vertex -0.0373152 0.0239387 0
      vertex -0.0373152 0.0239387 0.006
    endloop
  endfacet
  facet normal -0.868125 0.496345 0
    outer loop
      vertex -0.0373152 0.0239387 0
      vertex -0.037457 0.0236906 0
      vertex -0.0373152 0.0239387 0.006
    endloop
  endfacet
  facet normal -0.868125 0.496345 0
    outer loop
      vertex -0.0373152 0.0239387 0.006
      vertex -0.037457 0.0236906 0
      vertex -0.037457 0.0236906 0.006
    endloop
  endfacet
  facet normal -0.915932 0.401334 0
    outer loop
      vertex -0.037457 0.0236906 0
      vertex -0.0375717 0.0234289 0
      vertex -0.037457 0.0236906 0.006
    endloop
  endfacet
  facet normal -0.915932 0.401334 0
    outer loop
      vertex -0.037457 0.0236906 0.006
      vertex -0.0375717 0.0234289 0
      vertex -0.0375717 0.0234289 0.006
    endloop
  endfacet
  facet normal -0.953377 0.301781 0
    outer loop
      vertex -0.0375717 0.0234289 0
      vertex -0.037658 0.0231564 0
      vertex -0.0375717 0.0234289 0.006
    endloop
  endfacet
  facet normal -0.953377 0.301781 0
    outer loop
      vertex -0.0375717 0.0234289 0.006
      vertex -0.037658 0.0231564 0
      vertex -0.037658 0.0231564 0.006
    endloop
  endfacet
  facet normal -0.980034 0.198828 0
    outer loop
      vertex -0.037658 0.0231564 0
      vertex -0.0377148 0.0228763 0
      vertex -0.037658 0.0231564 0.006
    endloop
  endfacet
  facet normal -0.980034 0.198828 0
    outer loop
      vertex -0.037658 0.0231564 0.006
      vertex -0.0377148 0.0228763 0
      vertex -0.0377148 0.0228763 0.006
    endloop
  endfacet
  facet normal -0.995609 0.093607 0
    outer loop
      vertex -0.0377148 0.0228763 0
      vertex -0.0377416 0.0225918 0
      vertex -0.0377148 0.0228763 0.006
    endloop
  endfacet
  facet normal -0.995609 0.093607 0
    outer loop
      vertex -0.0377148 0.0228763 0.006
      vertex -0.0377416 0.0225918 0
      vertex -0.0377416 0.0225918 0.006
    endloop
  endfacet
  facet normal -0.99992 -0.0126574 0
    outer loop
      vertex -0.0377416 0.0225918 0
      vertex -0.0377379 0.022306 0
      vertex -0.0377416 0.0225918 0.006
    endloop
  endfacet
  facet normal -0.99992 -0.0126574 0
    outer loop
      vertex -0.0377416 0.0225918 0.006
      vertex -0.0377379 0.022306 0
      vertex -0.0377379 0.022306 0.006
    endloop
  endfacet
  facet normal -0.992919 -0.118791 0
    outer loop
      vertex -0.0377379 0.022306 0
      vertex -0.037704 0.0220223 0
      vertex -0.0377379 0.022306 0.006
    endloop
  endfacet
  facet normal -0.992919 -0.118791 0
    outer loop
      vertex -0.0377379 0.022306 0.006
      vertex -0.037704 0.0220223 0
      vertex -0.037704 0.0220223 0.006
    endloop
  endfacet
  facet normal -0.974688 -0.22357 0
    outer loop
      vertex -0.037704 0.0220223 0
      vertex -0.0376401 0.0217437 0
      vertex -0.037704 0.0220223 0.006
    endloop
  endfacet
  facet normal -0.974688 -0.22357 0
    outer loop
      vertex -0.037704 0.0220223 0.006
      vertex -0.0376401 0.0217437 0
      vertex -0.0376401 0.0217437 0.006
    endloop
  endfacet
  facet normal -0.945429 -0.32583 0
    outer loop
      vertex -0.0376401 0.0217437 0
      vertex -0.037547 0.0214735 0
      vertex -0.0376401 0.0217437 0.006
    endloop
  endfacet
  facet normal -0.945429 -0.32583 0
    outer loop
      vertex -0.0376401 0.0217437 0.006
      vertex -0.037547 0.0214735 0
      vertex -0.037547 0.0214735 0.006
    endloop
  endfacet
  facet normal -0.905478 -0.424393 0
    outer loop
      vertex -0.037547 0.0214735 0
      vertex -0.0374257 0.0212148 0
      vertex -0.037547 0.0214735 0.006
    endloop
  endfacet
  facet normal -0.905478 -0.424393 0
    outer loop
      vertex -0.037547 0.0214735 0.006
      vertex -0.0374257 0.0212148 0
      vertex -0.0374257 0.0212148 0.006
    endloop
  endfacet
  facet normal -0.855285 -0.518157 0
    outer loop
      vertex -0.0374257 0.0212148 0
      vertex -0.0372776 0.0209703 0
      vertex -0.0374257 0.0212148 0.006
    endloop
  endfacet
  facet normal -0.855285 -0.518157 0
    outer loop
      vertex -0.0374257 0.0212148 0.006
      vertex -0.0372776 0.0209703 0
      vertex -0.0372776 0.0209703 0.006
    endloop
  endfacet
  facet normal -0.795416 -0.606064 0
    outer loop
      vertex -0.0372776 0.0209703 0
      vertex -0.0371044 0.020743 0
      vertex -0.0372776 0.0209703 0.006
    endloop
  endfacet
  facet normal -0.795416 -0.606064 0
    outer loop
      vertex -0.0372776 0.0209703 0.006
      vertex -0.0371044 0.020743 0
      vertex -0.0371044 0.020743 0.006
    endloop
  endfacet
  facet normal -0.726545 -0.687119 0
    outer loop
      vertex -0.0371044 0.020743 0
      vertex -0.036908 0.0205354 0
      vertex -0.0371044 0.020743 0.006
    endloop
  endfacet
  facet normal -0.726545 -0.687119 0
    outer loop
      vertex -0.0371044 0.020743 0.006
      vertex -0.036908 0.0205354 0
      vertex -0.036908 0.0205354 0.006
    endloop
  endfacet
  facet normal -0.649452 -0.760402 0
    outer loop
      vertex -0.036908 0.0205354 0
      vertex -0.0366907 0.0203498 0
      vertex -0.036908 0.0205354 0.006
    endloop
  endfacet
  facet normal -0.649452 -0.760402 0
    outer loop
      vertex -0.036908 0.0205354 0.006
      vertex -0.0366907 0.0203498 0
      vertex -0.0366907 0.0203498 0.006
    endloop
  endfacet
  facet normal -0.565029 -0.825071 0
    outer loop
      vertex -0.0366907 0.0203498 0
      vertex -0.0364549 0.0201883 0
      vertex -0.0366907 0.0203498 0.006
    endloop
  endfacet
  facet normal -0.565029 -0.825071 0
    outer loop
      vertex -0.0366907 0.0203498 0.006
      vertex -0.0364549 0.0201883 0
      vertex -0.0364549 0.0201883 0.006
    endloop
  endfacet
  facet normal -0.474204 -0.880415 0
    outer loop
      vertex -0.0364549 0.0201883 0
      vertex -0.0362033 0.0200528 0
      vertex -0.0364549 0.0201883 0.006
    endloop
  endfacet
  facet normal -0.474204 -0.880415 0
    outer loop
      vertex -0.0364549 0.0201883 0.006
      vertex -0.0362033 0.0200528 0
      vertex -0.0362033 0.0200528 0.006
    endloop
  endfacet
  facet normal 0 -0.99863 0.0523356
    outer loop
      vertex -0.0246621 -0.0235171 0.02184
      vertex -0.00654834 -0.0235171 0.02184
      vertex -0.00654834 -0.0235062 0.0220491
    endloop
  endfacet
  facet normal 0 -0.99863 0.0523356
    outer loop
      vertex -0.0246621 -0.0235171 0.02184
      vertex -0.00654834 -0.0235062 0.0220491
      vertex -0.0246621 -0.0235062 0.0220491
    endloop
  endfacet
  facet normal 0 -0.987688 0.156436
    outer loop
      vertex -0.00654834 -0.0235062 0.0220491
      vertex -0.00654834 -0.0234734 0.0222558
      vertex -0.0246621 -0.0235062 0.0220491
    endloop
  endfacet
  facet normal 0 -0.987688 0.156436
    outer loop
      vertex -0.0246621 -0.0235062 0.0220491
      vertex -0.00654834 -0.0234734 0.0222558
      vertex -0.0246625 -0.0234734 0.0222558
    endloop
  endfacet
  facet normal 0 -0.965925 0.25882
    outer loop
      vertex -0.00654834 -0.0234734 0.0222558
      vertex -0.00654834 -0.0234192 0.022458
      vertex -0.0246625 -0.0234734 0.0222558
    endloop
  endfacet
  facet normal 0 -0.965925 0.25882
    outer loop
      vertex -0.0246625 -0.0234734 0.0222558
      vertex -0.00654834 -0.0234192 0.022458
      vertex -0.0246645 -0.0234192 0.022458
    endloop
  endfacet
  facet normal 0 -0.933581 0.358365
    outer loop
      vertex -0.00654834 -0.0234192 0.022458
      vertex -0.00654834 -0.0233442 0.0226535
      vertex -0.0246645 -0.0234192 0.022458
    endloop
  endfacet
  facet normal 0 -0.933581 0.358365
    outer loop
      vertex -0.0246645 -0.0234192 0.022458
      vertex -0.00654834 -0.0233442 0.0226535
      vertex -0.0246695 -0.0233442 0.0226535
    endloop
  endfacet
  facet normal 0 -0.904708 0.426033
    outer loop
      vertex -0.0246695 -0.0233442 0.0226535
      vertex -0.00654834 -0.0233442 0.0226535
      vertex -0.024673 -0.0233081 0.0227302
    endloop
  endfacet
  facet normal 0.000145721 -0.891008 0.453988
    outer loop
      vertex -0.00654834 -0.0233442 0.0226535
      vertex -0.00654834 -0.0232492 0.02284
      vertex -0.024673 -0.0233081 0.0227302
    endloop
  endfacet
  facet normal 0 -0.881182 0.472778
    outer loop
      vertex -0.024673 -0.0233081 0.0227302
      vertex -0.00654834 -0.0232492 0.02284
      vertex -0.0246801 -0.0232492 0.02284
    endloop
  endfacet
  facet normal 0 -0.852655 0.522475
    outer loop
      vertex -0.0246801 -0.0232492 0.02284
      vertex -0.00654834 -0.0232492 0.02284
      vertex -0.0246882 -0.0231945 0.0229292
    endloop
  endfacet
  facet normal 0.000151131 -0.838666 0.544646
    outer loop
      vertex -0.00654834 -0.0232492 0.02284
      vertex -0.00654834 -0.0231352 0.0230156
      vertex -0.0246882 -0.0231945 0.0229292
    endloop
  endfacet
  facet normal -2.18692e-8 -0.824134 0.566395
    outer loop
      vertex -0.0246882 -0.0231945 0.0229292
      vertex -0.00654834 -0.0231352 0.0230156
      vertex -0.0246989 -0.0231351 0.0230156
    endloop
  endfacet
  facet normal 1.59625e-7 -0.80061 0.599186
    outer loop
      vertex -0.0246989 -0.0231351 0.0230156
      vertex -0.00654834 -0.0231352 0.0230156
      vertex -0.0247058 -0.0231013 0.0230608
    endloop
  endfacet
  facet normal 0.000118981 -0.777149 0.629316
    outer loop
      vertex -0.00654834 -0.0231352 0.0230156
      vertex -0.00654834 -0.0230034 0.0231783
      vertex -0.0247058 -0.0231013 0.0230608
    endloop
  endfacet
  facet normal 0 -0.768179 0.640235
    outer loop
      vertex -0.0247058 -0.0231013 0.0230608
      vertex -0.00654834 -0.0230034 0.0231783
      vertex -0.0247292 -0.0230034 0.0231783
    endloop
  endfacet
  facet normal 0.000149606 -0.629326 0.777141
    outer loop
      vertex -0.00654834 -0.0226927 0.023458
      vertex -0.0248026 -0.0227807 0.0233903
      vertex -0.00654834 -0.0228554 0.0233263
    endloop
  endfacet
  facet normal 0 -0.650662 0.759368
    outer loop
      vertex -0.0248026 -0.0227807 0.0233903
      vertex -0.0247747 -0.0228554 0.0233263
      vertex -0.00654834 -0.0228554 0.0233263
    endloop
  endfacet
  facet normal 0 -0.707102 0.707111
    outer loop
      vertex -0.00654834 -0.0228554 0.0233263
      vertex -0.0247747 -0.0228554 0.0233263
      vertex -0.00654834 -0.0230034 0.0231783
    endloop
  endfacet
  facet normal 0.000431519 -0.680037 0.733178
    outer loop
      vertex -0.0247747 -0.0228554 0.0233263
      vertex -0.0247599 -0.0228991 0.0232857
      vertex -0.00654834 -0.0230034 0.0231783
    endloop
  endfacet
  facet normal 0 -0.717567 0.696489
    outer loop
      vertex -0.00654834 -0.0230034 0.0231783
      vertex -0.0247599 -0.0228991 0.0232857
      vertex -0.0247292 -0.0230034 0.0231783
    endloop
  endfacet
  facet normal 0.000149461 -0.544636 0.838673
    outer loop
      vertex -0.00654834 -0.0225171 0.0235721
      vertex -0.0248821 -0.0226051 0.0235182
      vertex -0.00654834 -0.0226927 0.023458
    endloop
  endfacet
  facet normal 0 -0.566085 0.824347
    outer loop
      vertex -0.0248821 -0.0226051 0.0235182
      vertex -0.0248399 -0.0226927 0.023458
      vertex -0.00654834 -0.0226927 0.023458
    endloop
  endfacet
  facet normal 0 -0.610026 0.792381
    outer loop
      vertex -0.00654834 -0.0226927 0.023458
      vertex -0.0248399 -0.0226927 0.023458
      vertex -0.0248026 -0.0227807 0.0233903
    endloop
  endfacet
  facet normal 0.000148489 -0.453995 0.891004
    outer loop
      vertex -0.00654834 -0.0223306 0.0236671
      vertex -0.024984 -0.0224289 0.0236201
      vertex -0.00654834 -0.0225171 0.0235721
    endloop
  endfacet
  facet normal 0 -0.478105 0.878303
    outer loop
      vertex -0.024984 -0.0224289 0.0236201
      vertex -0.02493 -0.0225171 0.0235721
      vertex -0.00654834 -0.0225171 0.0235721
    endloop
  endfacet
  facet normal 0 -0.522169 0.852842
    outer loop
      vertex -0.00654834 -0.0225171 0.0235721
      vertex -0.02493 -0.0225171 0.0235721
      vertex -0.0248821 -0.0226051 0.0235182
    endloop
  endfacet
  facet normal 0 -0.320007 0.947415
    outer loop
      vertex -0.0252163 -0.0221352 0.0237421
      vertex -0.0251755 -0.0221791 0.0237273
      vertex -0.00654834 -0.0221352 0.0237421
    endloop
  endfacet
  facet normal 7.85915e-5 -0.349741 0.936846
    outer loop
      vertex -0.0251755 -0.0221791 0.0237273
      vertex -0.0251114 -0.022254 0.0236993
      vertex -0.00654834 -0.0221352 0.0237421
    endloop
  endfacet
  facet normal 0.000141339 -0.358365 0.933581
    outer loop
      vertex -0.00654834 -0.0221352 0.0237421
      vertex -0.0251114 -0.022254 0.0236993
      vertex -0.00654834 -0.0223306 0.0236671
    endloop
  endfacet
  facet normal 0 -0.387668 0.921799
    outer loop
      vertex -0.0251114 -0.022254 0.0236993
      vertex -0.025052 -0.0223306 0.0236671
      vertex -0.00654834 -0.0223306 0.0236671
    endloop
  endfacet
  facet normal 0 -0.431465 0.90213
    outer loop
      vertex -0.00654834 -0.0223306 0.0236671
      vertex -0.025052 -0.0223306 0.0236671
      vertex -0.024984 -0.0224289 0.0236201
    endloop
  endfacet
  facet normal 0 -0.283034 0.95911
    outer loop
      vertex -0.0252163 -0.0221352 0.0237421
      vertex -0.00654834 -0.0221352 0.0237421
      vertex -0.0253238 -0.0220308 0.0237729
    endloop
  endfacet
  facet normal 0.000145714 -0.25882 0.965925
    outer loop
      vertex -0.00654834 -0.0221352 0.0237421
      vertex -0.00654834 -0.0219329 0.0237963
      vertex -0.0253238 -0.0220308 0.0237729
    endloop
  endfacet
  facet normal 0 -0.232468 0.972604
    outer loop
      vertex -0.0253238 -0.0220308 0.0237729
      vertex -0.00654834 -0.0219329 0.0237963
      vertex -0.0254412 -0.0219329 0.0237963
    endloop
  endfacet
  facet normal 0 -0.156428 0.987689
    outer loop
      vertex -0.00654834 -0.0217262 0.023829
      vertex -0.0257718 -0.0217262 0.023829
      vertex -0.00654834 -0.0219329 0.0237963
    endloop
  endfacet
  facet normal 0.000417284 -0.118466 0.992958
    outer loop
      vertex -0.0257718 -0.0217262 0.023829
      vertex -0.0256621 -0.0217851 0.023822
      vertex -0.00654834 -0.0219329 0.0237963
    endloop
  endfacet
  facet normal 0.000188556 -0.147358 0.989083
    outer loop
      vertex -0.0256621 -0.0217851 0.023822
      vertex -0.0255729 -0.0218397 0.0238138
      vertex -0.00654834 -0.0219329 0.0237963
    endloop
  endfacet
  facet normal 4.3418e-5 -0.176087 0.984375
    outer loop
      vertex -0.0255729 -0.0218397 0.0238138
      vertex -0.0254865 -0.0218991 0.0238032
      vertex -0.00654834 -0.0219329 0.0237963
    endloop
  endfacet
  facet normal 0 -0.199464 0.979905
    outer loop
      vertex -0.00654834 -0.0219329 0.0237963
      vertex -0.0254865 -0.0218991 0.0238032
      vertex -0.0254412 -0.0219329 0.0237963
    endloop
  endfacet
  facet normal 0 -0.00289016 0.999996
    outer loop
      vertex -0.00654834 -0.0215171 0.02384
      vertex -0.0266621 -0.0215171 0.02384
      vertex -0.026453 -0.0215281 0.02384
    endloop
  endfacet
  facet normal 5.90163e-6 -0.0136118 0.999907
    outer loop
      vertex -0.026453 -0.0215281 0.02384
      vertex -0.0262462 -0.0215608 0.0238395
      vertex -0.00654834 -0.0215171 0.02384
    endloop
  endfacet
  facet normal 5.37825e-5 -0.0351859 0.999381
    outer loop
      vertex -0.0262462 -0.0215608 0.0238395
      vertex -0.026044 -0.021615 0.0238376
      vertex -0.00654834 -0.0215171 0.02384
    endloop
  endfacet
  facet normal 0.000140028 -0.0523445 0.998629
    outer loop
      vertex -0.00654834 -0.0215171 0.02384
      vertex -0.026044 -0.021615 0.0238376
      vertex -0.00654834 -0.0217262 0.023829
    endloop
  endfacet
  facet normal 5.27075e-5 -0.0675874 0.997713
    outer loop
      vertex -0.026044 -0.021615 0.0238376
      vertex -0.0258486 -0.02169 0.0238325
      vertex -0.00654834 -0.0217262 0.023829
    endloop
  endfacet
  facet normal 0 -0.0955111 0.995428
    outer loop
      vertex -0.00654834 -0.0217262 0.023829
      vertex -0.0258486 -0.02169 0.0238325
      vertex -0.0257718 -0.0217262 0.023829
    endloop
  endfacet
  facet normal 0 0 -1
    outer loop
      vertex 0.0275485 0.0204829 0.006
      vertex -0.0246621 0.0204829 0.006
      vertex 0.0275485 0.0205829 0.006
    endloop
  endfacet
  facet normal 0 0 -1
    outer loop
      vertex -0.0246621 0.0204829 0.006
      vertex -0.0246621 0.0205829 0.006
      vertex 0.0275485 0.0205829 0.006
    endloop
  endfacet
  facet normal -1 0 0
    outer loop
      vertex -0.0246621 0.0204829 0.006
      vertex -0.0246621 0.0204829 0.01884
      vertex -0.0246621 0.0205829 0.006
    endloop
  endfacet
  facet normal -1 0 0
    outer loop
      vertex -0.0246621 0.0204829 0.01884
      vertex -0.0246621 0.0224829 0.01884
      vertex -0.0246621 0.0205829 0.006
    endloop
  endfacet
  facet normal -1 0 0
    outer loop
      vertex -0.0246621 0.0205829 0.006
      vertex -0.0246621 0.0224829 0.01884
      vertex -0.0246621 0.0224829 0.006
    endloop
  endfacet
  facet normal 1 0 0
    outer loop
      vertex 0.0275485 -0.0215171 0.006
      vertex 0.0275485 -0.0215171 0.0179551
      vertex 0.0275485 -0.0216171 0.006
    endloop
  endfacet
  facet normal 1 0 0
    outer loop
      vertex 0.0275485 -0.0215171 0.0179551
      vertex 0.0275485 -0.0235171 0.0179551
      vertex 0.0275485 -0.0216171 0.006
    endloop
  endfacet
  facet normal 1 0 0
    outer loop
      vertex 0.0275485 -0.0216171 0.006
      vertex 0.0275485 -0.0235171 0.0179551
      vertex 0.0275485 -0.0235171 0.006
    endloop
  endfacet
  facet normal 0 0 -1
    outer loop
      vertex -0.0246621 -0.0215171 0.006
      vertex 0.0275485 -0.0215171 0.006
      vertex -0.0246621 -0.0216171 0.006
    endloop
  endfacet
  facet normal 0 0 -1
    outer loop
      vertex 0.0275485 -0.0215171 0.006
      vertex 0.0275485 -0.0216171 0.006
      vertex -0.0246621 -0.0216171 0.006
    endloop
  endfacet
endsolid Mesh
